date,price,close,high,low,open,volume,ticker,day
2010-01-04,4.185325622558594,5.340000152587891,5.429999828338623,5.329999923706055,5.420000076293945,117113000,601618.SS,0
2010-01-05,4.177487373352051,5.329999923706055,5.369999885559082,5.25,5.349999904632568,98067400,601618.SS,1
2010-01-06,4.14613676071167,5.289999961853027,5.349999904632568,5.28000020980835,5.309999942779541,72972900,601618.SS,2
2010-01-07,4.122624397277832,5.260000228881836,5.349999904632568,5.25,5.289999961853027,89619700,601618.SS,3
2010-01-08,4.122624397277832,5.260000228881836,5.269999980926514,5.210000038146973,5.260000228881836,66198800,601618.SS,4
2010-01-11,4.138299942016602,5.28000020980835,5.420000076293945,5.260000228881836,5.369999885559082,99606500,601618.SS,0
2010-01-12,4.185325622558594,5.340000152587891,5.360000133514404,5.25,5.260000228881836,86590200,601618.SS,1
2010-01-13,4.106947898864746,5.239999771118164,5.309999942779541,5.21999979019165,5.289999961853027,106988500,601618.SS,2
2010-01-14,4.130461692810059,5.269999980926514,5.300000190734863,5.210000038146973,5.25,81578600,601618.SS,3
2010-01-15,4.14613676071167,5.289999961853027,5.309999942779541,5.230000019073486,5.260000228881836,80387300,601618.SS,4
2010-01-18,4.122624397277832,5.260000228881836,5.28000020980835,5.230000019073486,5.269999980926514,71540400,601618.SS,0
2010-01-19,4.106947898864746,5.239999771118164,5.289999961853027,5.21999979019165,5.269999980926514,64322400,601618.SS,1
2010-01-20,4.020733833312988,5.130000114440918,5.25,5.119999885559082,5.239999771118164,124031800,601618.SS,2
2010-01-21,4.020733833312988,5.130000114440918,5.159999847412109,5.110000133514404,5.139999866485596,83894300,601618.SS,3
2010-01-22,3.958033561706543,5.050000190734863,5.119999885559082,5.0,5.099999904632568,113543700,601618.SS,4
2010-01-25,3.9345197677612305,5.019999980926514,5.039999961853027,5.0,5.019999980926514,49731200,601618.SS,0
2010-01-26,3.82479190826416,4.880000114440918,5.03000020980835,4.860000133514404,5.019999980926514,77971100,601618.SS,1
2010-01-27,3.8169538974761963,4.869999885559082,4.929999828338623,4.849999904632568,4.880000114440918,52194300,601618.SS,2
2010-01-28,3.8718180656433105,4.940000057220459,4.960000038146973,4.860000133514404,4.869999885559082,64871000,601618.SS,3
2010-01-29,3.8404672145843506,4.900000095367432,5.0,4.889999866485596,4.909999847412109,51137200,601618.SS,4
2010-02-01,3.8326292037963867,4.889999866485596,4.920000076293945,4.829999923706055,4.900000095367432,49502000,601618.SS,0
2010-02-02,3.8169538974761963,4.869999885559082,4.940000057220459,4.849999904632568,4.909999847412109,36496316,601618.SS,1
2010-02-03,3.856142520904541,4.920000076293945,4.920000076293945,4.78000020980835,4.880000114440918,52821700,601618.SS,2
2010-02-04,3.8874928951263428,4.960000038146973,5.03000020980835,4.860000133514404,4.889999866485596,72699300,601618.SS,3
2010-02-05,3.8169538974761963,4.869999885559082,4.909999847412109,4.840000152587891,4.880000114440918,47077200,601618.SS,4
2010-02-08,3.82479190826416,4.880000114440918,4.900000095367432,4.860000133514404,4.869999885559082,21054500,601618.SS,0
2010-02-09,3.82479190826416,4.880000114440918,4.909999847412109,4.860000133514404,4.880000114440918,21472700,601618.SS,1
2010-02-10,3.8483047485351562,4.909999847412109,4.920000076293945,4.880000114440918,4.909999847412109,20868100,601618.SS,2
2010-02-11,3.856142520904541,4.920000076293945,4.960000038146973,4.900000095367432,4.909999847412109,28242600,601618.SS,3
2010-02-12,3.8874928951263428,4.960000038146973,4.989999771118164,4.920000076293945,4.940000057220459,40479000,601618.SS,4
2010-02-22,3.8639795780181885,4.929999828338623,4.989999771118164,4.929999828338623,4.980000019073486,28141900,601618.SS,0
2010-02-23,3.8326292037963867,4.889999866485596,4.920000076293945,4.820000171661377,4.920000076293945,34530900,601618.SS,1
2010-02-24,3.8796558380126953,4.949999809265137,4.949999809265137,4.829999923706055,4.869999885559082,45127900,601618.SS,2
2010-02-25,3.911006212234497,4.989999771118164,5.019999980926514,4.929999828338623,4.949999809265137,65977700,601618.SS,3
2010-02-26,3.8874928951263428,4.960000038146973,5.0,4.949999809265137,5.0,44975300,601618.SS,4
2010-03-01,3.9345197677612305,5.019999980926514,5.050000190734863,4.960000038146973,4.989999771118164,81537400,601618.SS,0
2010-03-02,3.911006212234497,4.989999771118164,5.039999961853027,4.96999979019165,5.019999980926514,39316500,601618.SS,1
2010-03-03,3.9266819953918457,5.010000228881836,5.019999980926514,4.960000038146973,4.989999771118164,50830000,601618.SS,2
2010-03-04,3.8169538974761963,4.869999885559082,5.019999980926514,4.860000133514404,5.010000228881836,65402000,601618.SS,3
2010-03-05,3.8404672145843506,4.900000095367432,4.909999847412109,4.849999904632568,4.880000114440918,40904400,601618.SS,4
2010-03-08,3.8326292037963867,4.889999866485596,4.909999847412109,4.869999885559082,4.889999866485596,42676900,601618.SS,0
2010-03-09,3.8404672145843506,4.900000095367432,4.929999828338623,4.849999904632568,4.880000114440918,38712600,601618.SS,1
2010-03-10,3.8169538974761963,4.869999885559082,4.909999847412109,4.860000133514404,4.900000095367432,29470700,601618.SS,2
2010-03-11,3.82479190826416,4.880000114440918,4.900000095367432,4.849999904632568,4.880000114440918,26698900,601618.SS,3
2010-03-12,3.8091161251068115,4.860000133514404,4.909999847412109,4.849999904632568,4.880000114440918,35583700,601618.SS,4
2010-03-15,3.7542531490325928,4.789999961853027,4.860000133514404,4.769999980926514,4.849999904632568,44266100,601618.SS,0
2010-03-16,3.7542531490325928,4.789999961853027,4.789999961853027,4.789999961853027,4.789999961853027,0,601618.SS,1
2010-03-17,3.8091161251068115,4.860000133514404,4.860000133514404,4.800000190734863,4.809999942779541,34939000,601618.SS,2
2010-03-18,3.8012781143188477,4.849999904632568,4.880000114440918,4.829999923706055,4.860000133514404,26437300,601618.SS,3
2010-03-19,3.8718180656433105,4.940000057220459,4.940000057220459,4.820000171661377,4.849999904632568,67971100,601618.SS,4
2010-03-22,3.8483047485351562,4.909999847412109,4.949999809265137,4.889999866485596,4.909999847412109,38699800,601618.SS,0
2010-03-23,3.8091161251068115,4.860000133514404,4.909999847412109,4.849999904632568,4.900000095367432,30897500,601618.SS,1
2010-03-24,3.8169538974761963,4.869999885559082,4.920000076293945,4.860000133514404,4.860000133514404,26127400,601618.SS,2
2010-03-25,3.769927501678467,4.809999942779541,4.869999885559082,4.800000190734863,4.860000133514404,31042600,601618.SS,3
2010-03-26,3.8012781143188477,4.849999904632568,4.869999885559082,4.789999961853027,4.820000171661377,31375400,601618.SS,4
2010-03-29,4.083435535430908,5.210000038146973,5.340000152587891,4.869999885559082,4.880000114440918,515914300,601618.SS,0
2010-03-30,4.028571128845215,5.139999866485596,5.210000038146973,5.090000152587891,5.099999904632568,211503500,601618.SS,1
2010-03-31,3.997220754623413,5.099999904632568,5.170000076293945,5.050000190734863,5.150000095367432,97237200,601618.SS,2
2010-04-01,4.059921741485596,5.179999828338623,5.25,5.090000152587891,5.099999904632568,138471400,601618.SS,3
2010-04-02,4.067760467529297,5.190000057220459,5.199999809265137,5.139999866485596,5.199999809265137,79383200,601618.SS,4
2010-04-06,4.028571128845215,5.139999866485596,5.199999809265137,5.110000133514404,5.190000057220459,68416200,601618.SS,1
2010-04-07,4.0364089012146,5.150000095367432,5.179999828338623,5.079999923706055,5.139999866485596,48794900,601618.SS,2
2010-04-08,3.9658701419830322,5.059999942779541,5.159999847412109,5.039999961853027,5.130000114440918,64335100,601618.SS,3
2010-04-09,3.973708152770996,5.070000171661377,5.099999904632568,5.039999961853027,5.059999942779541,56583600,601618.SS,4
2010-04-12,3.942356824874878,5.03000020980835,5.090000152587891,5.0,5.090000152587891,69890100,601618.SS,0
2010-04-13,4.012896537780762,5.119999885559082,5.159999847412109,5.019999980926514,5.03000020980835,100199500,601618.SS,1
2010-04-14,3.997220754623413,5.099999904632568,5.139999866485596,5.059999942779541,5.130000114440918,40718100,601618.SS,2
2010-04-15,3.958033561706543,5.050000190734863,5.110000133514404,5.0,5.099999904632568,63538800,601618.SS,3
2010-04-16,3.9031686782836914,4.980000019073486,5.059999942779541,4.96999979019165,5.050000190734863,54863500,601618.SS,4
2010-04-19,3.7307395935058594,4.760000228881836,4.949999809265137,4.760000228881836,4.949999809265137,92067200,601618.SS,0
2010-04-20,3.746415376663208,4.78000020980835,4.800000190734863,4.710000038146973,4.78000020980835,54645300,601618.SS,1
2010-04-21,3.7777652740478516,4.820000171661377,4.820000171661377,4.730000019073486,4.78000020980835,45717400,601618.SS,2
2010-04-22,3.699388265609741,4.71999979019165,4.809999942779541,4.710000038146973,4.800000190734863,50358200,601618.SS,3
2010-04-23,3.7307395935058594,4.760000228881836,4.800000190734863,4.699999809265137,4.699999809265137,38966000,601618.SS,4
2010-04-26,3.707226276397705,4.730000019073486,4.769999980926514,4.710000038146973,4.75,30687900,601618.SS,0
2010-04-27,3.597499132156372,4.590000152587891,4.730000019073486,4.53000020980835,4.71999979019165,57567900,601618.SS,1
2010-04-28,3.589660882949829,4.579999923706055,4.599999904632568,4.519999980926514,4.550000190734863,21342900,601618.SS,2
2010-04-29,3.542634963989258,4.519999980926514,4.610000133514404,4.510000228881836,4.590000152587891,36419600,601618.SS,3
2010-04-30,3.573986291885376,4.559999942779541,4.570000171661377,4.449999809265137,4.5,40112300,601618.SS,4
2010-05-04,3.503445625305176,4.46999979019165,4.53000020980835,4.460000038146973,4.5,28753300,601618.SS,1
2010-05-05,3.5818233489990234,4.570000171661377,4.570000171661377,4.369999885559082,4.449999809265137,58225400,601618.SS,2
2010-05-06,3.448582887649536,4.400000095367432,4.53000020980835,4.380000114440918,4.519999980926514,33382500,601618.SS,3
2010-05-07,3.4093942642211914,4.349999904632568,4.440000057220459,4.320000171661377,4.349999904632568,40440600,601618.SS,4
2010-05-10,3.4407451152801514,4.389999866485596,4.409999847412109,4.320000171661377,4.360000133514404,38046800,601618.SS,0
2010-05-11,3.4015567302703857,4.340000152587891,4.489999771118164,4.329999923706055,4.449999809265137,45782400,601618.SS,1
2010-05-12,3.432907819747925,4.380000114440918,4.420000076293945,4.289999961853027,4.320000171661377,38136900,601618.SS,2
2010-05-13,3.448582887649536,4.400000095367432,4.420000076293945,4.329999923706055,4.369999885559082,33730600,601618.SS,3
2010-05-14,3.417231798171997,4.360000133514404,4.389999866485596,4.329999923706055,4.369999885559082,28858200,601618.SS,4
2010-05-17,3.1977765560150146,4.079999923706055,4.320000171661377,4.070000171661377,4.300000190734863,58792500,601618.SS,0
2010-05-18,3.221290111541748,4.110000133514404,4.150000095367432,3.990000009536743,4.079999923706055,70775600,601618.SS,1
2010-05-19,3.1507503986358643,4.019999980926514,4.099999904632568,4.0,4.070000171661377,43398600,601618.SS,2
2010-05-20,3.1115622520446777,3.9700000286102295,4.059999942779541,3.950000047683716,4.0,39405200,601618.SS,3
2010-05-21,3.127237558364868,3.990000009536743,4.010000228881836,3.859999895095825,3.890000104904175,50140000,601618.SS,4
2010-05-24,3.2056148052215576,4.090000152587891,4.110000133514404,3.9800000190734863,4.0,68628800,601618.SS,0
2010-05-25,3.127237558364868,3.990000009536743,4.059999942779541,3.9700000286102295,4.059999942779541,46729500,601618.SS,1
2010-05-26,3.1350748538970947,4.0,4.039999961853027,3.9800000190734863,3.990000009536743,28512500,601618.SS,2
2010-05-27,3.2839913368225098,4.190000057220459,4.349999904632568,3.9200000762939453,3.990000009536743,134554300,601618.SS,3
2010-05-28,3.244802951812744,4.139999866485596,4.190000057220459,4.110000133514404,4.179999828338623,65829000,601618.SS,4
2010-05-31,3.158588409423828,4.03000020980835,4.179999828338623,4.019999980926514,4.110000133514404,44353400,601618.SS,0
2010-06-01,3.1507503986358643,4.019999980926514,4.039999961853027,3.9600000381469727,4.010000228881836,39418500,601618.SS,1
2010-06-02,3.1429131031036377,4.010000228881836,4.03000020980835,3.930000066757202,3.9800000190734863,32877500,601618.SS,2
2010-06-03,3.1429131031036377,4.010000228881836,4.110000133514404,3.9700000286102295,4.010000228881836,51667300,601618.SS,3
2010-06-04,3.1507503986358643,4.019999980926514,4.03000020980835,3.9600000381469727,3.9800000190734863,25517500,601618.SS,4
2010-06-07,3.127237558364868,3.990000009536743,4.050000190734863,3.9200000762939453,3.950000047683716,26139300,601618.SS,0
2010-06-08,3.1350748538970947,4.0,4.039999961853027,3.9600000381469727,3.9700000286102295,27247900,601618.SS,1
2010-06-09,3.1977765560150146,4.079999923706055,4.110000133514404,3.950000047683716,4.010000228881836,56401300,601618.SS,2
2010-06-10,3.166425943374634,4.039999961853027,4.070000171661377,4.03000020980835,4.050000190734863,28220000,601618.SS,3
2010-06-11,3.2056148052215576,4.090000152587891,4.139999866485596,4.050000190734863,4.050000190734863,41660200,601618.SS,4
2010-06-15,3.2056148052215576,4.090000152587891,4.090000152587891,4.090000152587891,4.090000152587891,0,601618.SS,1
2010-06-17,3.1821014881134033,4.059999942779541,4.130000114440918,4.050000190734863,4.130000114440918,22619500,601618.SS,3
2010-06-18,3.127237558364868,3.990000009536743,4.070000171661377,3.9700000286102295,4.059999942779541,27915000,601618.SS,4
2010-06-21,3.221290111541748,4.110000133514404,4.150000095367432,3.9700000286102295,4.0,43826500,601618.SS,0
2010-06-22,3.1977765560150146,4.079999923706055,4.130000114440918,4.059999942779541,4.079999923706055,34125400,601618.SS,1
2010-06-23,3.166425943374634,4.039999961853027,4.099999904632568,4.010000228881836,4.070000171661377,24874100,601618.SS,2
2010-06-24,3.158588409423828,4.03000020980835,4.059999942779541,4.0,4.039999961853027,21527300,601618.SS,3
2010-06-25,3.1350748538970947,4.0,4.050000190734863,3.9700000286102295,4.0,23334600,601618.SS,4
2010-06-28,3.166425943374634,4.039999961853027,4.050000190734863,3.9800000190734863,4.010000228881836,23561700,601618.SS,0
2010-06-29,3.166425943374634,4.039999961853027,4.039999961853027,4.039999961853027,4.039999961853027,0,601618.SS,1
2010-06-30,3.1350748538970947,4.0,4.019999980926514,3.880000114440918,3.9000000953674316,62439500,601618.SS,2
2010-07-01,3.1429131031036377,4.010000228881836,4.070000171661377,3.9700000286102295,3.9700000286102295,35970700,601618.SS,3
2010-07-02,3.213451862335205,4.099999904632568,4.110000133514404,3.990000009536743,4.010000228881836,62390200,601618.SS,4
2010-07-05,3.1977765560150146,4.079999923706055,4.110000133514404,4.010000228881836,4.059999942779541,38424500,601618.SS,0
2010-07-06,3.2056148052215576,4.090000152587891,4.119999885559082,4.050000190734863,4.059999942779541,37494300,601618.SS,1
2010-07-07,3.1899397373199463,4.070000171661377,4.099999904632568,4.039999961853027,4.079999923706055,25608200,601618.SS,2
2010-07-08,3.158588409423828,4.03000020980835,4.090000152587891,4.019999980926514,4.090000152587891,27038500,601618.SS,3
2010-07-09,3.221290111541748,4.110000133514404,4.119999885559082,4.010000228881836,4.03000020980835,52734200,601618.SS,4
2010-07-12,3.244802951812744,4.139999866485596,4.159999847412109,4.079999923706055,4.110000133514404,42307200,601618.SS,0
2010-07-13,3.1899397373199463,4.070000171661377,4.110000133514404,4.059999942779541,4.099999904632568,28598200,601618.SS,1
2010-07-14,3.221290111541748,4.110000133514404,4.150000095367432,4.070000171661377,4.079999923706055,36756000,601618.SS,2
2010-07-15,3.1742637157440186,4.050000190734863,4.130000114440918,4.050000190734863,4.090000152587891,29875300,601618.SS,3
2010-07-16,3.166425943374634,4.039999961853027,4.059999942779541,4.010000228881836,4.050000190734863,21660200,601618.SS,4
2010-07-19,3.2056148052215576,4.090000152587891,4.099999904632568,4.0,4.010000228881836,27413800,601618.SS,0
2010-07-20,3.2604780197143555,4.159999847412109,4.190000057220459,4.079999923706055,4.090000152587891,66714800,601618.SS,1
2010-07-21,3.2683157920837402,4.170000076293945,4.239999771118164,4.150000095367432,4.190000057220459,60554800,601618.SS,2
2010-07-22,3.2839913368225098,4.190000057220459,4.199999809265137,4.139999866485596,4.159999847412109,37959200,601618.SS,3
2010-07-23,3.2839913368225098,4.190000057220459,4.230000019073486,4.150000095367432,4.190000057220459,43313400,601618.SS,4
2010-07-26,3.2996666431427,4.210000038146973,4.230000019073486,4.170000076293945,4.199999809265137,47113500,601618.SS,0
2010-07-27,3.2683157920837402,4.170000076293945,4.199999809265137,4.159999847412109,4.190000057220459,31441700,601618.SS,1
2010-07-28,3.3310177326202393,4.25,4.260000228881836,4.159999847412109,4.170000076293945,65660000,601618.SS,2
2010-07-29,3.338855266571045,4.260000228881836,4.300000190734863,4.230000019073486,4.239999771118164,55797600,601618.SS,3
2010-07-30,3.3153417110443115,4.230000019073486,4.260000228881836,4.199999809265137,4.25,33826810,601618.SS,4
2010-08-02,3.3545310497283936,4.28000020980835,4.28000020980835,4.21999979019165,4.21999979019165,42166302,601618.SS,0
2010-08-03,3.2839913368225098,4.190000057220459,4.289999961853027,4.190000057220459,4.28000020980835,52974120,601618.SS,1
2010-08-04,3.2996666431427,4.210000038146973,4.239999771118164,4.170000076293945,4.190000057220459,40393007,601618.SS,2
2010-08-05,3.3231797218322754,4.239999771118164,4.320000171661377,4.179999828338623,4.21999979019165,86120188,601618.SS,3
2010-08-06,3.3466925621032715,4.269999980926514,4.28000020980835,4.199999809265137,4.210000038146973,47239105,601618.SS,4
2010-08-09,3.3545310497283936,4.28000020980835,4.320000171661377,4.25,4.260000228881836,42872969,601618.SS,0
2010-08-10,3.25264048576355,4.150000095367432,4.28000020980835,4.139999866485596,4.28000020980835,49498106,601618.SS,1
2010-08-11,3.2604780197143555,4.159999847412109,4.199999809265137,4.139999866485596,4.139999866485596,29231104,601618.SS,2
2010-08-12,3.2056148052215576,4.090000152587891,4.150000095367432,4.079999923706055,4.119999885559082,34371824,601618.SS,3
2010-08-13,3.2369654178619385,4.130000114440918,4.139999866485596,4.090000152587891,4.090000152587891,25022050,601618.SS,4
2010-08-16,3.2918286323547363,4.199999809265137,4.21999979019165,4.110000133514404,4.130000114440918,45918339,601618.SS,0
2010-08-17,3.2839913368225098,4.190000057220459,4.21999979019165,4.150000095367432,4.210000038146973,33086840,601618.SS,1
2010-08-18,3.2683157920837402,4.170000076293945,4.21999979019165,4.159999847412109,4.199999809265137,26850791,601618.SS,2
2010-08-19,3.3075037002563477,4.21999979019165,4.239999771118164,4.150000095367432,4.170000076293945,53208442,601618.SS,3
2010-08-20,3.25264048576355,4.150000095367432,4.210000038146973,4.130000114440918,4.199999809265137,40559582,601618.SS,4
2010-08-23,3.2369654178619385,4.130000114440918,4.170000076293945,4.119999885559082,4.130000114440918,26724810,601618.SS,0
2010-08-24,3.25264048576355,4.150000095367432,4.170000076293945,4.090000152587891,4.130000114440918,32763620,601618.SS,1
2010-08-25,3.158588409423828,4.03000020980835,4.130000114440918,4.03000020980835,4.119999885559082,38366087,601618.SS,2
2010-08-26,3.166425943374634,4.039999961853027,4.070000171661377,4.0,4.050000190734863,27466147,601618.SS,3
2010-08-27,3.158588409423828,4.03000020980835,4.039999961853027,4.0,4.03000020980835,19986411,601618.SS,4
2010-08-30,3.1899397373199463,4.070000171661377,4.070000171661377,4.03000020980835,4.050000190734863,31250265,601618.SS,0
2010-08-31,3.1507503986358643,4.019999980926514,4.059999942779541,4.010000228881836,4.050000190734863,29843162,601618.SS,1
2010-09-01,3.1193997859954834,3.9800000190734863,4.070000171661377,3.9700000286102295,4.019999980926514,36450263,601618.SS,2
2010-09-02,3.1429131031036377,4.010000228881836,4.039999961853027,3.990000009536743,4.010000228881836,30315052,601618.SS,3
2010-09-03,3.127237558364868,3.990000009536743,4.019999980926514,3.9700000286102295,4.010000228881836,29581079,601618.SS,4
2010-09-06,3.2291271686553955,4.119999885559082,4.150000095367432,3.990000009536743,4.0,93193615,601618.SS,0
2010-09-07,3.1977765560150146,4.079999923706055,4.119999885559082,4.050000190734863,4.099999904632568,46402478,601618.SS,1
2010-09-08,3.1977765560150146,4.079999923706055,4.110000133514404,4.039999961853027,4.070000171661377,37724080,601618.SS,2
2010-09-09,3.1429131031036377,4.010000228881836,4.079999923706055,4.0,4.070000171661377,43169818,601618.SS,3
2010-09-10,3.1350748538970947,4.0,4.03000020980835,3.9800000190734863,4.019999980926514,27873867,601618.SS,4
2010-09-13,3.1429131031036377,4.010000228881836,4.039999961853027,3.9800000190734863,4.010000228881836,25713328,601618.SS,0
2010-09-14,3.127237558364868,3.990000009536743,4.03000020980835,3.990000009536743,4.010000228881836,24429176,601618.SS,1
2010-09-15,3.0880491733551025,3.940000057220459,4.0,3.930000066757202,3.990000009536743,31744959,601618.SS,2
2010-09-16,3.0331850051879883,3.869999885559082,3.950000047683716,3.859999895095825,3.930000066757202,40715863,601618.SS,3
2010-09-17,3.0331850051879883,3.869999885559082,3.9000000953674316,3.8499999046325684,3.880000114440918,29576499,601618.SS,4
2010-09-20,3.0331850051879883,3.869999885559082,3.869999885559082,3.869999885559082,3.869999885559082,0,601618.SS,0
2010-09-21,3.095886707305908,3.950000047683716,3.9800000190734863,3.859999895095825,3.890000104904175,42843184,601618.SS,1
2010-09-27,3.095886707305908,3.950000047683716,3.9700000286102295,3.9200000762939453,3.9600000381469727,27163791,601618.SS,0
2010-09-28,3.048860788345337,3.890000104904175,3.9600000381469727,3.880000114440918,3.950000047683716,20543196,601618.SS,1
2010-09-29,3.0880491733551025,3.940000057220459,4.039999961853027,3.890000104904175,3.9000000953674316,45417876,601618.SS,2
2010-09-30,3.158588409423828,4.03000020980835,4.059999942779541,3.9100000858306885,3.9200000762939453,48009946,601618.SS,3
2010-10-08,3.244802951812744,4.139999866485596,4.190000057220459,4.03000020980835,4.050000190734863,106357690,601618.SS,4
2010-10-11,3.3937196731567383,4.329999923706055,4.420000076293945,4.170000076293945,4.179999828338623,199987715,601618.SS,0
2010-10-12,3.4015567302703857,4.340000152587891,4.380000114440918,4.260000228881836,4.28000020980835,111358195,601618.SS,1
2010-10-13,3.448582887649536,4.400000095367432,4.440000057220459,4.260000228881836,4.320000171661377,123178857,601618.SS,2
2010-10-14,3.5504727363586426,4.53000020980835,4.78000020980835,4.510000228881836,4.539999961853027,247943673,601618.SS,3
2010-10-15,3.6053359508514404,4.599999904632568,4.670000076293945,4.460000038146973,4.510000228881836,150500570,601618.SS,4
2010-10-18,3.5583107471466064,4.539999961853027,4.849999904632568,4.519999980926514,4.630000114440918,204460024,601618.SS,0
2010-10-19,3.738576650619507,4.769999980926514,4.829999923706055,4.539999961853027,4.559999942779541,185818729,601618.SS,1
2010-10-20,3.683713436126709,4.699999809265137,4.71999979019165,4.550000190734863,4.650000095367432,149925225,601618.SS,2
2010-10-21,3.6758761405944824,4.690000057220459,4.730000019073486,4.349999904632568,4.679999828338623,187011769,601618.SS,3
2010-10-22,3.5504727363586426,4.53000020980835,4.639999866485596,4.519999980926514,4.610000133514404,79662759,601618.SS,4
2010-10-25,3.573986291885376,4.559999942779541,4.590000152587891,4.46999979019165,4.53000020980835,103329910,601618.SS,0
2010-10-26,3.746415376663208,4.78000020980835,4.980000019073486,4.619999885559082,4.619999885559082,240981422,601618.SS,1
2010-10-27,3.6680374145507812,4.679999828338623,4.829999923706055,4.659999847412109,4.769999980926514,118841909,601618.SS,2
2010-10-28,3.5818233489990234,4.570000171661377,4.679999828338623,4.53000020980835,4.659999847412109,77371495,601618.SS,3
2010-10-29,3.5818233489990234,4.570000171661377,4.679999828338623,4.53000020980835,4.659999847412109,50101329,601618.SS,4
2010-11-01,3.6445252895355225,4.650000095367432,4.659999847412109,4.550000190734863,4.590000152587891,95537943,601618.SS,0
2010-11-02,3.628849744796753,4.630000114440918,4.690000057220459,4.539999961853027,4.650000095367432,120766800,601618.SS,1
2010-11-03,3.6053359508514404,4.599999904632568,4.909999847412109,4.590000152587891,4.75,230069747,601618.SS,2
2010-11-04,3.621011734008789,4.619999885559082,4.639999866485596,4.53000020980835,4.559999942779541,136743369,601618.SS,3
2010-11-05,3.7307395935058594,4.760000228881836,4.769999980926514,4.630000114440918,4.690000057220459,144267908,601618.SS,4
2010-11-08,3.707226276397705,4.730000019073486,4.769999980926514,4.670000076293945,4.75,93242887,601618.SS,0
2010-11-09,3.621011734008789,4.619999885559082,4.730000019073486,4.590000152587891,4.730000019073486,109694286,601618.SS,1
2010-11-10,3.566148281097412,4.550000190734863,4.599999904632568,4.5,4.599999904632568,87632326,601618.SS,2
2010-11-11,3.597499132156372,4.590000152587891,4.659999847412109,4.510000228881836,4.550000190734863,103258975,601618.SS,3
2010-11-12,3.338855266571045,4.260000228881836,4.550000190734863,4.25,4.539999961853027,135628846,601618.SS,4
2010-11-15,3.3310177326202393,4.25,4.329999923706055,4.199999809265137,4.300000190734863,66990097,601618.SS,0
2010-11-16,3.2056148052215576,4.090000152587891,4.289999961853027,4.079999923706055,4.25,67747162,601618.SS,1
2010-11-17,3.166425943374634,4.039999961853027,4.099999904632568,4.019999980926514,4.059999942779541,58198147,601618.SS,2
2010-11-18,3.1821014881134033,4.059999942779541,4.090000152587891,4.0,4.070000171661377,52804543,601618.SS,3
2010-11-19,3.1899397373199463,4.070000171661377,4.079999923706055,3.9700000286102295,4.070000171661377,51495243,601618.SS,4
2010-11-22,3.158588409423828,4.03000020980835,4.070000171661377,4.0,4.03000020980835,42729348,601618.SS,0
2010-11-23,3.1115622520446777,3.9700000286102295,4.03000020980835,3.930000066757202,4.03000020980835,48130248,601618.SS,1
2010-11-24,3.1429131031036377,4.010000228881836,4.039999961853027,3.940000057220459,3.950000047683716,34655477,601618.SS,2
2010-11-25,3.1742637157440186,4.050000190734863,4.059999942779541,3.990000009536743,4.03000020980835,43630009,601618.SS,3
2010-11-26,3.1429131031036377,4.010000228881836,4.039999961853027,3.990000009536743,4.03000020980835,30080295,601618.SS,4
2010-11-29,3.1350748538970947,4.0,4.0,3.9700000286102295,4.0,30823798,601618.SS,0
2010-11-30,3.072373628616333,3.9200000762939453,4.010000228881836,3.859999895095825,3.990000009536743,53225607,601618.SS,1
2010-12-01,3.080211639404297,3.930000066757202,3.950000047683716,3.890000104904175,3.9000000953674316,19740264,601618.SS,2
2010-12-02,3.095886707305908,3.950000047683716,4.0,3.950000047683716,3.9700000286102295,26391349,601618.SS,3
2010-12-03,3.0880491733551025,3.940000057220459,3.9700000286102295,3.9200000762939453,3.9700000286102295,18007068,601618.SS,4
2010-12-06,3.072373628616333,3.9200000762939453,3.9700000286102295,3.9000000953674316,3.9600000381469727,35547036,601618.SS,0
2010-12-07,3.095886707305908,3.950000047683716,3.9600000381469727,3.869999885559082,3.9200000762939453,31415325,601618.SS,1
2010-12-08,3.0880491733551025,3.940000057220459,3.990000009536743,3.930000066757202,3.950000047683716,26422234,601618.SS,2
2010-12-09,3.103724956512451,3.9600000381469727,4.039999961853027,3.9000000953674316,3.930000066757202,47575341,601618.SS,3
2010-12-10,3.127237558364868,3.990000009536743,4.010000228881836,3.9200000762939453,3.940000057220459,32300498,601618.SS,4
2010-12-13,3.213451862335205,4.099999904632568,4.119999885559082,3.9800000190734863,4.010000228881836,76879932,601618.SS,0
2010-12-14,3.2056148052215576,4.090000152587891,4.130000114440918,4.070000171661377,4.119999885559082,47029794,601618.SS,1
2010-12-15,3.1742637157440186,4.050000190734863,4.099999904632568,4.019999980926514,4.079999923706055,50177811,601618.SS,2
2010-12-16,3.1507503986358643,4.019999980926514,4.050000190734863,4.0,4.050000190734863,26217211,601618.SS,3
2010-12-17,3.1350748538970947,4.0,4.019999980926514,3.9800000190734863,4.019999980926514,27455132,601618.SS,4
2010-12-20,3.0880491733551025,3.940000057220459,4.03000020980835,3.9000000953674316,4.019999980926514,39997455,601618.SS,0
2010-12-21,3.1507503986358643,4.019999980926514,4.039999961853027,3.930000066757202,3.950000047683716,43068188,601618.SS,1
2010-12-22,3.103724956512451,3.9600000381469727,4.03000020980835,3.950000047683716,4.010000228881836,34301170,601618.SS,2
2010-12-23,3.095886707305908,3.950000047683716,3.990000009536743,3.930000066757202,3.950000047683716,25112276,601618.SS,3
2010-12-24,3.0880491733551025,3.940000057220459,3.9700000286102295,3.9200000762939453,3.940000057220459,21147263,601618.SS,4
2010-12-27,3.0645360946655273,3.9100000858306885,3.9800000190734863,3.890000104904175,3.940000057220459,33941491,601618.SS,0
2010-12-28,3.0331850051879883,3.869999885559082,3.9200000762939453,3.859999895095825,3.9000000953674316,33672681,601618.SS,1
2010-12-29,3.041023015975952,3.880000114440918,3.9000000953674316,3.869999885559082,3.880000114440918,17880055,601618.SS,2
2010-12-30,3.041023015975952,3.880000114440918,3.9000000953674316,3.859999895095825,3.890000104904175,24270521,601618.SS,3
2010-12-31,3.0645360946655273,3.9100000858306885,3.9200000762939453,3.880000114440918,3.890000104904175,24033364,601618.SS,4
2011-01-04,3.103724956512451,3.9600000381469727,3.9600000381469727,3.9000000953674316,3.930000066757202,35705681,601618.SS,1
2011-01-05,3.1115622520446777,3.9700000286102295,3.9800000190734863,3.9200000762939453,3.940000057220459,32939199,601618.SS,2
2011-01-06,3.0880491733551025,3.940000057220459,3.9800000190734863,3.9100000858306885,3.9600000381469727,20755738,601618.SS,3
2011-01-07,3.103724956512451,3.9600000381469727,4.019999980926514,3.9100000858306885,3.940000057220459,45329156,601618.SS,4
2011-01-10,3.072373628616333,3.9200000762939453,3.9800000190734863,3.9200000762939453,3.9600000381469727,30740184,601618.SS,0
2011-01-11,3.1115622520446777,3.9700000286102295,3.9800000190734863,3.9100000858306885,3.9100000858306885,26125656,601618.SS,1
2011-01-12,3.1193997859954834,3.9800000190734863,4.0,3.940000057220459,3.9700000286102295,30837433,601618.SS,2
2011-01-13,3.1193997859954834,3.9800000190734863,4.019999980926514,3.9600000381469727,3.990000009536743,29008862,601618.SS,3
2011-01-14,3.0880491733551025,3.940000057220459,3.9800000190734863,3.9200000762939453,3.950000047683716,21835917,601618.SS,4
2011-01-17,3.009672164916992,3.8399999141693115,3.940000057220459,3.8299999237060547,3.9100000858306885,42833973,601618.SS,0
2011-01-18,3.0018348693847656,3.8299999237060547,3.8499999046325684,3.809999942779541,3.8399999141693115,23984730,601618.SS,1
2011-01-19,3.0331850051879883,3.869999885559082,3.9000000953674316,3.819999933242798,3.8299999237060547,26836377,601618.SS,2
2011-01-20,2.9469709396362305,3.759999990463257,3.880000114440918,3.75,3.869999885559082,36746467,601618.SS,3
2011-01-21,3.0566983222961426,3.9000000953674316,3.930000066757202,3.759999990463257,3.759999990463257,61156599,601618.SS,4
2011-01-24,3.1115622520446777,3.9700000286102295,4.050000190734863,3.869999885559082,3.880000114440918,75697726,601618.SS,0
2011-01-25,3.095886707305908,3.950000047683716,4.010000228881836,3.9100000858306885,3.9700000286102295,41935606,601618.SS,1
2011-01-26,3.158588409423828,4.03000020980835,4.03000020980835,3.940000057220459,3.950000047683716,46757504,601618.SS,2
2011-01-27,3.2291271686553955,4.119999885559082,4.260000228881836,3.9600000381469727,4.0,167233418,601618.SS,3
2011-01-28,3.1977765560150146,4.079999923706055,4.139999866485596,4.03000020980835,4.090000152587891,91598600,601618.SS,4
2011-01-31,3.244802951812744,4.139999866485596,4.170000076293945,4.079999923706055,4.090000152587891,62704216,601618.SS,0
2011-02-01,3.1742637157440186,4.050000190734863,4.159999847412109,4.050000190734863,4.139999866485596,50551098,601618.SS,1
2011-02-09,3.1821014881134033,4.059999942779541,4.119999885559082,4.019999980926514,4.019999980926514,50414946,601618.SS,2
2011-02-10,3.2056148052215576,4.090000152587891,4.090000152587891,4.03000020980835,4.050000190734863,36681069,601618.SS,3
2011-02-11,3.221290111541748,4.110000133514404,4.139999866485596,4.059999942779541,4.079999923706055,66086239,601618.SS,4
2011-02-14,3.276153564453125,4.179999828338623,4.199999809265137,4.099999904632568,4.110000133514404,68869943,601618.SS,0
2011-02-15,3.25264048576355,4.150000095367432,4.210000038146973,4.139999866485596,4.179999828338623,83046275,601618.SS,1
2011-02-16,3.25264048576355,4.150000095367432,4.179999828338623,4.119999885559082,4.139999866485596,60922655,601618.SS,2
2011-02-17,3.213451862335205,4.099999904632568,4.170000076293945,4.070000171661377,4.159999847412109,63397501,601618.SS,3
2011-02-18,3.166425943374634,4.039999961853027,4.099999904632568,4.03000020980835,4.090000152587891,58428390,601618.SS,4
2011-02-21,3.2369654178619385,4.130000114440918,4.159999847412109,4.010000228881836,4.03000020980835,82620603,601618.SS,0
2011-02-22,3.1742637157440186,4.050000190734863,4.170000076293945,4.03000020980835,4.130000114440918,58630679,601618.SS,1
2011-02-23,3.166425943374634,4.039999961853027,4.070000171661377,4.019999980926514,4.03000020980835,30047806,601618.SS,2
2011-02-24,3.1742637157440186,4.050000190734863,4.099999904632568,4.019999980926514,4.039999961853027,37245695,601618.SS,3
2011-02-25,3.1742637157440186,4.050000190734863,4.070000171661377,4.019999980926514,4.050000190734863,27763345,601618.SS,4
2011-02-28,3.1899397373199463,4.070000171661377,4.070000171661377,4.019999980926514,4.050000190734863,32146471,601618.SS,0
2011-03-01,3.2056148052215576,4.090000152587891,4.130000114440918,4.050000190734863,4.059999942779541,47114672,601618.SS,1
2011-03-02,3.1742637157440186,4.050000190734863,4.079999923706055,4.03000020980835,4.059999942779541,30612114,601618.SS,2
2011-03-03,3.1429131031036377,4.010000228881836,4.059999942779541,4.0,4.039999961853027,57277569,601618.SS,3
2011-03-04,3.1821014881134033,4.059999942779541,4.070000171661377,4.0,4.010000228881836,48340336,601618.SS,4
2011-03-07,3.213451862335205,4.099999904632568,4.110000133514404,4.059999942779541,4.059999942779541,60773982,601618.SS,0
2011-03-08,3.1977765560150146,4.079999923706055,4.110000133514404,4.059999942779541,4.099999904632568,34916799,601618.SS,1
2011-03-09,3.1977765560150146,4.079999923706055,4.099999904632568,4.059999942779541,4.090000152587891,35733886,601618.SS,2
2011-03-10,3.166425943374634,4.039999961853027,4.079999923706055,4.03000020980835,4.070000171661377,33334679,601618.SS,3
2011-03-11,3.1429131031036377,4.010000228881836,4.059999942779541,4.010000228881836,4.03000020980835,32689485,601618.SS,4
2011-03-14,3.1429131031036377,4.010000228881836,4.03000020980835,4.0,4.0,25838304,601618.SS,0
2011-03-15,3.103724956512451,3.9600000381469727,4.050000190734863,3.930000066757202,4.010000228881836,55450354,601618.SS,1
2011-03-16,3.1193997859954834,3.9800000190734863,4.0,3.940000057220459,3.9600000381469727,31864999,601618.SS,2
2011-03-17,3.072373628616333,3.9200000762939453,3.9700000286102295,3.9100000858306885,3.9600000381469727,35295696,601618.SS,3
2011-03-18,3.072373628616333,3.9200000762939453,3.9600000381469727,3.9100000858306885,3.930000066757202,20852528,601618.SS,4
2011-03-21,3.080211639404297,3.930000066757202,3.950000047683716,3.9100000858306885,3.9100000858306885,20517693,601618.SS,0
2011-03-22,3.072373628616333,3.9200000762939453,3.950000047683716,3.9000000953674316,3.940000057220459,21793065,601618.SS,1
2011-03-23,3.080211639404297,3.930000066757202,3.950000047683716,3.9100000858306885,3.9100000858306885,40263504,601618.SS,2
2011-03-24,3.0880491733551025,3.940000057220459,3.9600000381469727,3.9200000762939453,3.930000066757202,33192903,601618.SS,3
2011-03-25,3.127237558364868,3.990000009536743,4.010000228881836,3.940000057220459,3.940000057220459,56265311,601618.SS,4
2011-03-28,3.1742637157440186,4.050000190734863,4.130000114440918,3.9800000190734863,3.990000009536743,84579536,601618.SS,0
2011-03-29,3.1742637157440186,4.050000190734863,4.099999904632568,4.03000020980835,4.039999961853027,54559984,601618.SS,1
2011-03-30,3.2056148052215576,4.090000152587891,4.099999904632568,4.039999961853027,4.059999942779541,49210276,601618.SS,2
2011-03-31,3.127237558364868,3.990000009536743,4.099999904632568,3.9800000190734863,4.090000152587891,43102340,601618.SS,3
2011-04-01,3.166425943374634,4.039999961853027,4.050000190734863,3.990000009536743,4.019999980926514,23342938,601618.SS,4
2011-04-06,3.276153564453125,4.179999828338623,4.21999979019165,4.03000020980835,4.03000020980835,161205474,601618.SS,2
2011-04-07,3.3545310497283936,4.28000020980835,4.380000114440918,4.190000057220459,4.190000057220459,220463421,601618.SS,3
2011-04-08,3.362368106842041,4.289999961853027,4.320000171661377,4.21999979019165,4.25,73782454,601618.SS,4
2011-04-11,3.3937196731567383,4.329999923706055,4.46999979019165,4.289999961853027,4.349999904632568,163742397,601618.SS,0
2011-04-12,3.4407451152801514,4.389999866485596,4.480000019073486,4.309999942779541,4.329999923706055,145110572,601618.SS,1
2011-04-13,3.4642577171325684,4.420000076293945,4.449999809265137,4.340000152587891,4.349999904632568,98894437,601618.SS,2
2011-04-14,3.4956092834472656,4.460000038146973,4.510000228881836,4.400000095367432,4.420000076293945,103304023,601618.SS,3
2011-04-15,3.503445625305176,4.46999979019165,4.519999980926514,4.400000095367432,4.429999828338623,84278165,601618.SS,4
2011-04-18,3.5191214084625244,4.489999771118164,4.570000171661377,4.449999809265137,4.46999979019165,107250941,601618.SS,0
2011-04-19,3.4407451152801514,4.389999866485596,4.460000038146973,4.320000171661377,4.449999809265137,109223711,601618.SS,1
2011-04-20,3.3702056407928467,4.300000190734863,4.420000076293945,4.300000190734863,4.389999866485596,68459810,601618.SS,2
2011-04-21,3.4015567302703857,4.340000152587891,4.380000114440918,4.320000171661377,4.329999923706055,49677624,601618.SS,3
2011-04-22,3.479933261871338,4.440000057220459,4.519999980926514,4.320000171661377,4.360000133514404,100451560,601618.SS,4
2011-04-25,3.3466925621032715,4.269999980926514,4.449999809265137,4.269999980926514,4.429999828338623,83489254,601618.SS,0
2011-04-26,3.3153417110443115,4.230000019073486,4.300000190734863,4.21999979019165,4.25,30909887,601618.SS,1
2011-04-27,3.2918286323547363,4.199999809265137,4.289999961853027,4.170000076293945,4.25,36045784,601618.SS,2
2011-04-28,3.2369654178619385,4.130000114440918,4.25,4.110000133514404,4.21999979019165,46405483,601618.SS,3
2011-04-29,3.2683157920837402,4.170000076293945,4.179999828338623,4.099999904632568,4.150000095367432,39719556,601618.SS,4
2011-05-03,3.2683157920837402,4.170000076293945,4.170000076293945,4.170000076293945,4.170000076293945,0,601618.SS,1
2011-05-04,3.25264048576355,4.150000095367432,4.260000228881836,4.119999885559082,4.159999847412109,61555973,601618.SS,2
2011-05-05,3.213451862335205,4.099999904632568,4.190000057220459,4.079999923706055,4.150000095367432,58105359,601618.SS,3
2011-05-06,3.1821014881134033,4.059999942779541,4.090000152587891,4.03000020980835,4.050000190734863,44477726,601618.SS,4
2011-05-09,3.1977765560150146,4.079999923706055,4.099999904632568,4.050000190734863,4.070000171661377,42939003,601618.SS,0
2011-05-10,3.2056148052215576,4.090000152587891,4.099999904632568,4.059999942779541,4.090000152587891,21797605,601618.SS,1
2011-05-11,3.213451862335205,4.099999904632568,4.130000114440918,4.070000171661377,4.090000152587891,25559901,601618.SS,2
2011-05-12,3.1507503986358643,4.019999980926514,4.090000152587891,4.019999980926514,4.090000152587891,32234713,601618.SS,3
2011-05-13,3.2056148052215576,4.090000152587891,4.099999904632568,4.010000228881836,4.019999980926514,27543436,601618.SS,4
2011-05-16,3.1899397373199463,4.070000171661377,4.119999885559082,4.059999942779541,4.079999923706055,29165876,601618.SS,0
2011-05-17,3.221290111541748,4.110000133514404,4.139999866485596,4.050000190734863,4.059999942779541,39978851,601618.SS,1
2011-05-18,3.221290111541748,4.110000133514404,4.130000114440918,4.079999923706055,4.099999904632568,29473802,601618.SS,2
2011-05-19,3.1821014881134033,4.059999942779541,4.130000114440918,4.050000190734863,4.119999885559082,23395779,601618.SS,3
2011-05-20,3.1507503986358643,4.019999980926514,4.079999923706055,4.0,4.070000171661377,33771129,601618.SS,4
2011-05-23,3.048860788345337,3.890000104904175,4.019999980926514,3.890000104904175,4.019999980926514,49880559,601618.SS,0
2011-05-24,3.0645360946655273,3.9100000858306885,3.9200000762939453,3.869999885559082,3.9100000858306885,26845926,601618.SS,1
2011-05-25,3.048860788345337,3.890000104904175,3.930000066757202,3.880000114440918,3.9100000858306885,26289570,601618.SS,2
2011-05-26,3.0331850051879883,3.869999885559082,3.940000057220459,3.859999895095825,3.9100000858306885,21469174,601618.SS,3
2011-05-27,3.0331850051879883,3.869999885559082,3.9000000953674316,3.859999895095825,3.869999885559082,20192759,601618.SS,4
2011-05-30,3.0331850051879883,3.869999885559082,3.890000104904175,3.8499999046325684,3.869999885559082,15695794,601618.SS,0
2011-05-31,3.0645360946655273,3.9100000858306885,3.9100000858306885,3.859999895095825,3.869999885559082,22419398,601618.SS,1
2011-06-01,3.0880491733551025,3.940000057220459,3.950000047683716,3.880000114440918,3.9000000953674316,26616325,601618.SS,2
2011-06-02,3.0331850051879883,3.869999885559082,3.9100000858306885,3.8399999141693115,3.9000000953674316,27444812,601618.SS,3
2011-06-03,3.041023015975952,3.880000114440918,3.9100000858306885,3.8499999046325684,3.859999895095825,24469946,601618.SS,4
2011-06-07,3.048860788345337,3.890000104904175,3.890000104904175,3.8499999046325684,3.880000114440918,18209620,601618.SS,1
2011-06-08,3.0253474712371826,3.859999895095825,3.880000114440918,3.809999942779541,3.869999885559082,25741452,601618.SS,2
2011-06-09,2.9783215522766113,3.799999952316284,3.859999895095825,3.7899999618530273,3.859999895095825,31170723,601618.SS,3
2011-06-10,2.986159086227417,3.809999942779541,3.819999933242798,3.7799999713897705,3.809999942779541,19853839,601618.SS,4
2011-06-13,2.9783215522766113,3.799999952316284,3.809999942779541,3.759999990463257,3.799999952316284,16203416,601618.SS,0
2011-06-14,2.9783215522766113,3.799999952316284,3.799999952316284,3.799999952316284,3.799999952316284,0,601618.SS,1
2011-06-15,2.9783215522766113,3.799999952316284,3.799999952316284,3.799999952316284,3.799999952316284,0,601618.SS,2
2011-06-16,2.9783215522766113,3.799999952316284,3.799999952316284,3.799999952316284,3.799999952316284,0,601618.SS,3
2011-06-17,2.9783215522766113,3.799999952316284,3.799999952316284,3.799999952316284,3.799999952316284,0,601618.SS,4
2011-06-20,2.9783215522766113,3.799999952316284,3.8399999141693115,3.7799999713897705,3.799999952316284,70144808,601618.SS,0
2011-06-21,3.048860788345337,3.890000104904175,3.9200000762939453,3.809999942779541,3.809999942779541,53122308,601618.SS,1
2011-06-22,3.0331850051879883,3.869999885559082,3.9000000953674316,3.8299999237060547,3.880000114440918,34480319,601618.SS,2
2011-06-23,3.072373628616333,3.9200000762939453,3.950000047683716,3.8299999237060547,3.859999895095825,45203696,601618.SS,3
2011-06-24,3.1115622520446777,3.9700000286102295,4.0,3.9000000953674316,3.9100000858306885,54663293,601618.SS,4
2011-06-27,3.0880491733551025,3.940000057220459,3.9800000190734863,3.9200000762939453,3.9700000286102295,40055015,601618.SS,0
2011-06-28,3.080211639404297,3.930000066757202,3.950000047683716,3.9000000953674316,3.950000047683716,35723716,601618.SS,1
2011-06-29,3.041023015975952,3.880000114440918,3.9700000286102295,3.8499999046325684,3.930000066757202,64541396,601618.SS,2
2011-06-30,3.0880491733551025,3.940000057220459,3.9800000190734863,3.869999885559082,3.869999885559082,70674327,601618.SS,3
2011-07-01,3.080211639404297,3.930000066757202,3.9700000286102295,3.9200000762939453,3.940000057220459,34072934,601618.SS,4
2011-07-04,3.1429131031036377,4.010000228881836,4.039999961853027,3.950000047683716,3.950000047683716,65325635,601618.SS,0
2011-07-05,3.127237558364868,3.990000009536743,4.010000228881836,3.9200000762939453,4.010000228881836,44742993,601618.SS,1
2011-07-06,3.095886707305908,3.950000047683716,3.9800000190734863,3.9000000953674316,3.9700000286102295,60312902,601618.SS,2
2011-07-07,3.072373628616333,3.9200000762939453,3.9600000381469727,3.9100000858306885,3.950000047683716,32473179,601618.SS,3
2011-07-08,3.080211639404297,3.930000066757202,3.9600000381469727,3.9100000858306885,3.930000066757202,21093863,601618.SS,4
2011-07-11,3.072373628616333,3.9200000762939453,3.940000057220459,3.9000000953674316,3.930000066757202,30097903,601618.SS,0
2011-07-12,3.0018348693847656,3.8299999237060547,3.9100000858306885,3.819999933242798,3.9000000953674316,56166555,601618.SS,1
2011-07-13,3.017509937286377,3.8499999046325684,3.859999895095825,3.809999942779541,3.819999933242798,38780176,601618.SS,2
2011-07-14,3.017509937286377,3.8499999046325684,3.8499999046325684,3.819999933242798,3.8399999141693115,37879523,601618.SS,3
2011-07-15,3.009672164916992,3.8399999141693115,3.8399999141693115,3.799999952316284,3.8299999237060547,42611955,601618.SS,4
2011-07-18,3.0253474712371826,3.859999895095825,3.880000114440918,3.819999933242798,3.8399999141693115,39310093,601618.SS,0
2011-07-19,3.0018348693847656,3.8299999237060547,3.859999895095825,3.819999933242798,3.8499999046325684,21058851,601618.SS,1
2011-07-20,2.993997097015381,3.819999933242798,3.8499999046325684,3.799999952316284,3.8399999141693115,25941303,601618.SS,2
2011-07-21,2.9704833030700684,3.7899999618530273,3.8299999237060547,3.7799999713897705,3.819999933242798,29181823,601618.SS,3
2011-07-22,2.962646007537842,3.7799999713897705,3.809999942779541,3.7699999809265137,3.799999952316284,22750040,601618.SS,4
2011-07-25,2.8215675354003906,3.5999999046325684,3.7899999618530273,3.5799999237060547,3.7699999809265137,81224043,601618.SS,0
2011-07-26,2.8058922290802,3.5799999237060547,3.630000114440918,3.549999952316284,3.5999999046325684,39837392,601618.SS,1
2011-07-27,2.8058922290802,3.5799999237060547,3.5899999141693115,3.549999952316284,3.569999933242798,23265924,601618.SS,2
2011-07-28,2.782379388809204,3.549999952316284,3.569999933242798,3.5299999713897705,3.569999933242798,27154866,601618.SS,3
2011-07-29,2.7902169227600098,3.559999942779541,3.569999933242798,3.5199999809265137,3.549999952316284,24316263,601618.SS,4
2011-08-01,2.7902169227600098,3.559999942779541,3.559999942779541,3.5199999809265137,3.559999942779541,14026896,601618.SS,0
2011-08-02,2.751028537750244,3.509999990463257,3.549999952316284,3.490000009536743,3.5399999618530273,30817672,601618.SS,1
2011-08-03,2.7431907653808594,3.5,3.509999990463257,3.4700000286102295,3.490000009536743,24701418,601618.SS,2
2011-08-04,2.727515459060669,3.4800000190734863,3.5199999809265137,3.4600000381469727,3.5,32753228,601618.SS,3
2011-08-05,2.6569762229919434,3.390000104904175,3.4200000762939453,3.369999885559082,3.4000000953674316,26554663,601618.SS,4
2011-08-08,2.5194780826568604,3.1700000762939453,3.3399999141693115,3.109999895095825,3.3399999141693115,39579922,601618.SS,0
2011-08-09,2.4876863956451416,3.130000114440918,3.1500000953674316,3.0199999809265137,3.0899999141693115,43869707,601618.SS,1
2011-08-10,2.5115301609039307,3.1600000858306885,3.190000057220459,3.130000114440918,3.1700000762939453,33496609,601618.SS,2
2011-08-11,2.5115301609039307,3.1600000858306885,3.1700000762939453,3.069999933242798,3.0999999046325684,38373983,601618.SS,3
2011-08-12,2.5671651363372803,3.2300000190734863,3.2699999809265137,3.1600000858306885,3.1700000762939453,48785575,601618.SS,4
2011-08-15,2.575112819671631,3.240000009536743,3.259999990463257,3.190000057220459,3.2300000190734863,31875102,601618.SS,0
2011-08-16,2.5353734493255615,3.190000057220459,3.259999990463257,3.180000066757202,3.25,25686470,601618.SS,1
2011-08-17,2.5353734493255615,3.190000057220459,3.2300000190734863,3.1700000762939453,3.180000066757202,17827215,601618.SS,2
2011-08-18,2.4876863956451416,3.130000114440918,3.200000047683716,3.130000114440918,3.190000057220459,21747205,601618.SS,3
2011-08-19,2.4638426303863525,3.0999999046325684,3.109999895095825,3.059999942779541,3.069999933242798,24118073,601618.SS,4
2011-08-22,2.4717905521392822,3.109999895095825,3.140000104904175,3.069999933242798,3.0899999141693115,31634547,601618.SS,0
2011-08-23,2.5115301609039307,3.1600000858306885,3.1600000858306885,3.0999999046325684,3.119999885559082,24190058,601618.SS,1
2011-08-24,2.4876863956451416,3.130000114440918,3.180000066757202,3.119999885559082,3.1500000953674316,16024137,601618.SS,2
2011-08-25,2.5671651363372803,3.2300000190734863,3.240000009536743,3.130000114440918,3.140000104904175,45247889,601618.SS,3
2011-08-26,2.5592172145843506,3.2200000286102295,3.240000009536743,3.190000057220459,3.2100000381469727,23934855,601618.SS,4
2011-08-29,2.5115301609039307,3.1600000858306885,3.200000047683716,3.1500000953674316,3.200000047683716,16988192,601618.SS,0
2011-08-30,2.503582239151001,3.1500000953674316,3.2100000381469727,3.1500000953674316,3.190000057220459,22552056,601618.SS,1
2011-08-31,2.4956343173980713,3.140000104904175,3.1700000762939453,3.109999895095825,3.140000104904175,17852037,601618.SS,2
2011-09-01,2.4876863956451416,3.130000114440918,3.1700000762939453,3.109999895095825,3.1500000953674316,15796396,601618.SS,3
2011-09-02,2.4717905521392822,3.109999895095825,3.1500000953674316,3.0899999141693115,3.130000114440918,13437557,601618.SS,4
2011-09-05,2.4241034984588623,3.049999952316284,3.0899999141693115,3.0399999618530273,3.0899999141693115,24247789,601618.SS,0
2011-09-06,2.4241034984588623,3.049999952316284,3.059999942779541,3.0199999809265137,3.0299999713897705,16843922,601618.SS,1
2011-09-07,2.455894708633423,3.0899999141693115,3.0999999046325684,3.0399999618530273,3.059999942779541,13578214,601618.SS,2
2011-09-08,2.432050943374634,3.059999942779541,3.0999999046325684,3.049999952316284,3.0999999046325684,12934511,601618.SS,3
2011-09-09,2.447946786880493,3.0799999237060547,3.119999885559082,3.059999942779541,3.059999942779541,11328522,601618.SS,4
2011-09-13,2.4399991035461426,3.069999933242798,3.069999933242798,3.0299999713897705,3.049999952316284,11627045,601618.SS,1
2011-09-14,2.4717905521392822,3.109999895095825,3.119999885559082,3.059999942779541,3.0899999141693115,23363406,601618.SS,2
2011-09-15,2.4876863956451416,3.130000114440918,3.1700000762939453,3.0999999046325684,3.0999999046325684,36296267,601618.SS,3
2011-09-16,2.4638426303863525,3.0999999046325684,3.1600000858306885,3.0999999046325684,3.1500000953674316,19661877,601618.SS,4
2011-09-19,2.4241034984588623,3.049999952316284,3.0899999141693115,3.049999952316284,3.0899999141693115,17544393,601618.SS,0
2011-09-20,2.4399991035461426,3.069999933242798,3.0799999237060547,3.0399999618530273,3.0399999618530273,14263050,601618.SS,1
2011-09-21,2.5353734493255615,3.190000057220459,3.2200000286102295,3.049999952316284,3.059999942779541,73064203,601618.SS,2
2011-09-22,2.4638426303863525,3.0999999046325684,3.190000057220459,3.0899999141693115,3.1500000953674316,44718066,601618.SS,3
2011-09-23,2.4717905521392822,3.109999895095825,3.109999895095825,3.0399999618530273,3.049999952316284,28690215,601618.SS,4
2011-09-26,2.4399991035461426,3.069999933242798,3.140000104904175,3.049999952316284,3.0899999141693115,22784555,601618.SS,0
2011-09-27,2.447946786880493,3.0799999237060547,3.0999999046325684,3.049999952316284,3.0899999141693115,23113956,601618.SS,1
2011-09-28,2.432050943374634,3.059999942779541,3.109999895095825,3.049999952316284,3.0999999046325684,20763643,601618.SS,2
2011-09-29,2.4161553382873535,3.0399999618530273,3.069999933242798,3.0299999713897705,3.049999952316284,20502467,601618.SS,3
2011-09-30,2.4161553382873535,3.0399999618530273,3.069999933242798,3.0199999809265137,3.049999952316284,21969649,601618.SS,4
2011-10-10,2.328728675842285,2.930000066757202,3.049999952316284,2.9100000858306885,3.0399999618530273,50120041,601618.SS,0
2011-10-11,2.3446245193481445,2.950000047683716,3.0,2.9200000762939453,2.9800000190734863,22498151,601618.SS,1
2011-10-12,2.4161553382873535,3.0399999618530273,3.0399999618530273,2.9200000762939453,2.930000066757202,41815205,601618.SS,2
2011-10-13,2.4241034984588623,3.049999952316284,3.0899999141693115,3.009999990463257,3.0199999809265137,40144106,601618.SS,3
2011-10-14,2.4241034984588623,3.049999952316284,3.059999942779541,3.009999990463257,3.0399999618530273,20594025,601618.SS,4
2011-10-17,2.4002597332000732,3.0199999809265137,3.049999952316284,3.009999990463257,3.0399999618530273,18334924,601618.SS,0
2011-10-18,2.3684678077697754,2.9800000190734863,3.049999952316284,2.9700000286102295,3.009999990463257,28418477,601618.SS,1
2011-10-19,2.3684678077697754,2.9800000190734863,3.0199999809265137,2.9800000190734863,2.9800000190734863,15899481,601618.SS,2
2011-10-20,2.328728675842285,2.930000066757202,2.990000009536743,2.9200000762939453,2.9800000190734863,23460171,601618.SS,3
2011-10-21,2.3207812309265137,2.9200000762939453,2.950000047683716,2.9100000858306885,2.930000066757202,12485868,601618.SS,4
2011-10-24,2.352572202682495,2.9600000381469727,2.9700000286102295,2.9100000858306885,2.9200000762939453,22804978,601618.SS,0
2011-10-25,2.4002597332000732,3.0199999809265137,3.049999952316284,2.940000057220459,2.9600000381469727,29942460,601618.SS,1
2011-10-26,2.408207416534424,3.0299999713897705,3.059999942779541,2.990000009536743,3.0,41512166,601618.SS,2
2011-10-27,2.4161553382873535,3.0399999618530273,3.059999942779541,3.0199999809265137,3.0299999713897705,30197548,601618.SS,3
2011-10-28,2.447946786880493,3.0799999237060547,3.119999885559082,3.049999952316284,3.069999933242798,40142068,601618.SS,4
2011-10-31,2.4161553382873535,3.0399999618530273,3.0799999237060547,3.0199999809265137,3.059999942779541,27579359,601618.SS,0
2011-11-01,2.4161553382873535,3.0399999618530273,3.069999933242798,3.009999990463257,3.0199999809265137,30817272,601618.SS,1
2011-11-02,2.455894708633423,3.0899999141693115,3.0899999141693115,2.990000009536743,3.009999990463257,43182498,601618.SS,2
2011-11-03,2.455894708633423,3.0899999141693115,3.119999885559082,3.0799999237060547,3.0899999141693115,57853187,601618.SS,3
2011-11-04,2.4717905521392822,3.109999895095825,3.140000104904175,3.0799999237060547,3.109999895095825,41146400,601618.SS,4
2011-11-07,2.455894708633423,3.0899999141693115,3.119999885559082,3.0799999237060547,3.0899999141693115,26007255,601618.SS,0
2011-11-08,2.447946786880493,3.0799999237060547,3.119999885559082,3.069999933242798,3.0899999141693115,21708945,601618.SS,1
2011-11-09,2.447946786880493,3.0799999237060547,3.0999999046325684,3.049999952316284,3.0899999141693115,20860723,601618.SS,2
2011-11-10,2.3923118114471436,3.009999990463257,3.069999933242798,3.009999990463257,3.059999942779541,41518648,601618.SS,3
2011-11-11,2.3923118114471436,3.009999990463257,3.0299999713897705,3.0,3.0199999809265137,16498652,601618.SS,4
2011-11-14,2.4241034984588623,3.049999952316284,3.059999942779541,3.0199999809265137,3.0299999713897705,19553461,601618.SS,0
2011-11-15,2.4161553382873535,3.0399999618530273,3.059999942779541,3.0299999713897705,3.049999952316284,14410273,601618.SS,1
2011-11-16,2.352572202682495,2.9600000381469727,3.0399999618530273,2.950000047683716,3.0399999618530273,37867538,601618.SS,2
2011-11-17,2.3605198860168457,2.9700000286102295,2.990000009536743,2.950000047683716,2.9600000381469727,18077870,601618.SS,3
2011-11-18,2.336676836013794,2.940000057220459,2.9700000286102295,2.930000066757202,2.9600000381469727,20022129,601618.SS,4
2011-11-21,2.336676836013794,2.940000057220459,2.950000047683716,2.9200000762939453,2.940000057220459,11991832,601618.SS,0
2011-11-22,2.336676836013794,2.940000057220459,2.940000057220459,2.9100000858306885,2.9200000762939453,11085668,601618.SS,1
2011-11-23,2.312832832336426,2.9100000858306885,2.940000057220459,2.9000000953674316,2.930000066757202,15104636,601618.SS,2
2011-11-24,2.3048853874206543,2.9000000953674316,2.9200000762939453,2.880000114440918,2.9000000953674316,12170811,601618.SS,3
2011-11-25,2.2969372272491455,2.890000104904175,2.9100000858306885,2.880000114440918,2.890000104904175,10637151,601618.SS,4
2011-11-28,2.2969372272491455,2.890000104904175,2.9100000858306885,2.880000114440918,2.890000104904175,10377857,601618.SS,0
2011-11-29,2.3207812309265137,2.9200000762939453,2.930000066757202,2.890000104904175,2.9100000858306885,11295498,601618.SS,1
2011-11-30,2.2413017749786377,2.819999933242798,2.9200000762939453,2.799999952316284,2.9100000858306885,26269289,601618.SS,2
2011-12-01,2.2810416221618652,2.869999885559082,2.9100000858306885,2.8499999046325684,2.859999895095825,26073078,601618.SS,3
2011-12-02,2.2492496967315674,2.8299999237060547,2.859999895095825,2.819999933242798,2.859999895095825,13032061,601618.SS,4
2011-12-05,2.2651455402374268,2.8499999046325684,2.869999885559082,2.799999952316284,2.8399999141693115,32496468,601618.SS,0
2011-12-06,2.2651455402374268,2.8499999046325684,2.869999885559082,2.819999933242798,2.8499999046325684,11826361,601618.SS,1
2011-12-07,2.2810416221618652,2.869999885559082,2.869999885559082,2.8299999237060547,2.8399999141693115,10983300,601618.SS,2
2011-12-08,2.288989543914795,2.880000114440918,2.9000000953674316,2.8499999046325684,2.859999895095825,20471640,601618.SS,3
2011-12-09,2.2810416221618652,2.869999885559082,2.880000114440918,2.8499999046325684,2.859999895095825,8000939,601618.SS,4
2011-12-12,2.257197856903076,2.8399999141693115,2.880000114440918,2.8299999237060547,2.859999895095825,6642773,601618.SS,0
2011-12-13,2.209510564804077,2.7799999713897705,2.8499999046325684,2.7799999713897705,2.819999933242798,17931116,601618.SS,1
2011-12-14,2.185667037963867,2.75,2.7799999713897705,2.740000009536743,2.7699999809265137,14701069,601618.SS,2
2011-12-15,2.1300313472747803,2.680000066757202,2.740000009536743,2.680000066757202,2.7100000381469727,19099371,601618.SS,3
2011-12-16,2.185667037963867,2.75,2.759999990463257,2.640000104904175,2.690000057220459,21203414,601618.SS,4
2011-12-19,2.1459274291992188,2.700000047683716,2.7300000190734863,2.640000104904175,2.7300000190734863,25235900,601618.SS,0
2011-12-20,2.114135980606079,2.6600000858306885,2.700000047683716,2.6500000953674316,2.6700000762939453,17355807,601618.SS,1
2011-12-21,2.098240375518799,2.640000104904175,2.690000057220459,2.630000114440918,2.680000066757202,13668052,601618.SS,2
2011-12-22,2.0743963718414307,2.609999895095825,2.6500000953674316,2.549999952316284,2.619999885559082,20503969,601618.SS,3
2011-12-23,2.0823442935943604,2.619999885559082,2.6500000953674316,2.5899999141693115,2.619999885559082,14532076,601618.SS,4
2011-12-26,2.0902926921844482,2.630000114440918,2.6500000953674316,2.5899999141693115,2.5999999046325684,15334354,601618.SS,0
2011-12-27,2.0823442935943604,2.619999885559082,2.640000104904175,2.5999999046325684,2.630000114440918,13579707,601618.SS,1
2011-12-28,2.06644868850708,2.5999999046325684,2.630000114440918,2.569999933242798,2.609999895095825,13252112,601618.SS,2
2011-12-29,2.0743963718414307,2.609999895095825,2.619999885559082,2.5799999237060547,2.5799999237060547,11820465,601618.SS,3
2011-12-30,2.098240375518799,2.640000104904175,2.640000104904175,2.609999895095825,2.609999895095825,12770209,601618.SS,4
2012-01-04,2.0505528450012207,2.5799999237060547,2.6600000858306885,2.5799999237060547,2.640000104904175,12625623,601618.SS,2
2012-01-05,2.0346574783325195,2.559999942779541,2.609999895095825,2.559999942779541,2.559999942779541,14595941,601618.SS,3
2012-01-06,2.0267088413238525,2.549999952316284,2.569999933242798,2.5299999713897705,2.559999942779541,12397255,601618.SS,4
2012-01-09,2.0743963718414307,2.609999895095825,2.619999885559082,2.5299999713897705,2.559999942779541,40571945,601618.SS,0
2012-01-10,2.1379799842834473,2.690000057220459,2.7100000381469727,2.5899999141693115,2.5999999046325684,53543778,601618.SS,1
2012-01-11,2.122084140777588,2.6700000762939453,2.700000047683716,2.6600000858306885,2.680000066757202,29821364,601618.SS,2
2012-01-12,2.114135980606079,2.6600000858306885,2.7100000381469727,2.6500000953674316,2.6600000858306885,24462127,601618.SS,3
2012-01-13,2.06644868850708,2.5999999046325684,2.680000066757202,2.5899999141693115,2.6700000762939453,23322945,601618.SS,4
2012-01-16,2.0346574783325195,2.559999942779541,2.5999999046325684,2.549999952316284,2.5899999141693115,11424366,601618.SS,0
2012-01-17,2.1379799842834473,2.690000057220459,2.7100000381469727,2.559999942779541,2.559999942779541,40263542,601618.SS,1
2012-01-18,2.1538753509521484,2.7100000381469727,2.819999933242798,2.6700000762939453,2.700000047683716,67448729,601618.SS,2
2012-01-19,2.1538753509521484,2.7100000381469727,2.740000009536743,2.6600000858306885,2.680000066757202,52790354,601618.SS,3
2012-01-20,2.1777191162109375,2.740000009536743,2.7699999809265137,2.680000066757202,2.7200000286102295,47478754,601618.SS,4
2012-01-30,2.1300313472747803,2.680000066757202,2.75,2.680000066757202,2.75,30169930,601618.SS,0
2012-01-31,2.122084140777588,2.6700000762939453,2.690000057220459,2.6500000953674316,2.680000066757202,20271109,601618.SS,1
2012-02-01,2.098240375518799,2.640000104904175,2.690000057220459,2.640000104904175,2.6700000762939453,15085584,601618.SS,2
2012-02-02,2.1300313472747803,2.680000066757202,2.690000057220459,2.640000104904175,2.6500000953674316,19088783,601618.SS,3
2012-02-03,2.1459274291992188,2.700000047683716,2.7100000381469727,2.6600000858306885,2.680000066757202,29591736,601618.SS,4
2012-02-06,2.1379799842834473,2.690000057220459,2.7100000381469727,2.6700000762939453,2.700000047683716,24505870,601618.SS,0
2012-02-07,2.1061885356903076,2.6500000953674316,2.680000066757202,2.630000114440918,2.6700000762939453,18838585,601618.SS,1
2012-02-08,2.1538753509521484,2.7100000381469727,2.7200000286102295,2.640000104904175,2.6500000953674316,40842471,601618.SS,2
2012-02-09,2.1459274291992188,2.700000047683716,2.7200000286102295,2.690000057220459,2.7100000381469727,39005147,601618.SS,3
2012-02-10,2.169771432876587,2.7300000190734863,2.7799999713897705,2.690000057220459,2.690000057220459,67718308,601618.SS,4
2012-02-13,2.161823272705078,2.7200000286102295,2.7300000190734863,2.690000057220459,2.700000047683716,31419244,601618.SS,0
2012-02-14,2.1459274291992188,2.700000047683716,2.7200000286102295,2.690000057220459,2.7100000381469727,20870819,601618.SS,1
2012-02-15,2.1777191162109375,2.740000009536743,2.75,2.690000057220459,2.700000047683716,39395444,601618.SS,2
2012-02-16,2.161823272705078,2.7200000286102295,2.75,2.700000047683716,2.7300000190734863,28620625,601618.SS,3
2012-02-17,2.161823272705078,2.7200000286102295,2.740000009536743,2.7100000381469727,2.7300000190734863,21425092,601618.SS,4
2012-02-20,2.161823272705078,2.7200000286102295,2.75,2.7200000286102295,2.740000009536743,28769048,601618.SS,0
2012-02-21,2.161823272705078,2.7200000286102295,2.7300000190734863,2.680000066757202,2.7200000286102295,32778928,601618.SS,1
2012-02-22,2.185667037963867,2.75,2.759999990463257,2.7100000381469727,2.7100000381469727,47421177,601618.SS,2
2012-02-23,2.2015626430511475,2.7699999809265137,2.7899999618530273,2.740000009536743,2.75,59125884,601618.SS,3
2012-02-24,2.2492496967315674,2.8299999237060547,2.8399999141693115,2.75,2.7699999809265137,83711273,601618.SS,4
2012-02-27,2.257197856903076,2.8399999141693115,2.890000104904175,2.819999933242798,2.8399999141693115,86242461,601618.SS,0
2012-02-28,2.2651455402374268,2.8499999046325684,2.8499999046325684,2.809999942779541,2.8299999237060547,45257939,601618.SS,1
2012-02-29,2.217458486557007,2.7899999618530273,2.8399999141693115,2.7899999618530273,2.8399999141693115,36188640,601618.SS,2
2012-03-01,2.217458486557007,2.7899999618530273,2.809999942779541,2.7799999713897705,2.7899999618530273,22451458,601618.SS,3
2012-03-02,2.2492496967315674,2.8299999237060547,2.8399999141693115,2.7899999618530273,2.799999952316284,27525606,601618.SS,4
2012-03-05,2.2254064083099365,2.799999952316284,2.8399999141693115,2.7899999618530273,2.8399999141693115,43244550,601618.SS,0
2012-03-06,2.2015626430511475,2.7699999809265137,2.799999952316284,2.75,2.7899999618530273,29180492,601618.SS,1
2012-03-07,2.185667037963867,2.75,2.7699999809265137,2.7300000190734863,2.740000009536743,21114590,601618.SS,2
2012-03-08,2.2015626430511475,2.7699999809265137,2.7799999713897705,2.75,2.75,20413110,601618.SS,3
2012-03-09,2.209510564804077,2.7799999713897705,2.7899999618530273,2.759999990463257,2.7799999713897705,23672156,601618.SS,4
2012-03-12,2.2015626430511475,2.7699999809265137,2.7899999618530273,2.75,2.7799999713897705,19277031,601618.SS,0
2012-03-13,2.2254064083099365,2.799999952316284,2.799999952316284,2.75,2.7699999809265137,32553292,601618.SS,1
2012-03-14,2.1459274291992188,2.700000047683716,2.819999933242798,2.6700000762939453,2.799999952316284,57792505,601618.SS,2
2012-03-15,2.122084140777588,2.6700000762939453,2.7200000286102295,2.6600000858306885,2.7100000381469727,34308367,601618.SS,3
2012-03-16,2.1379799842834473,2.690000057220459,2.700000047683716,2.6500000953674316,2.6700000762939453,25525781,601618.SS,4
2012-03-19,2.1379799842834473,2.690000057220459,2.700000047683716,2.6600000858306885,2.680000066757202,21221650,601618.SS,0
2012-03-20,2.1061885356903076,2.6500000953674316,2.690000057220459,2.640000104904175,2.680000066757202,20585829,601618.SS,1
2012-03-21,2.161823272705078,2.7200000286102295,2.7899999618530273,2.6500000953674316,2.6600000858306885,72850893,601618.SS,2
2012-03-22,2.1300313472747803,2.680000066757202,2.7200000286102295,2.680000066757202,2.700000047683716,31081350,601618.SS,3
2012-03-23,2.122084140777588,2.6700000762939453,2.7300000190734863,2.6600000858306885,2.680000066757202,32941662,601618.SS,4
2012-03-26,2.122084140777588,2.6700000762939453,2.680000066757202,2.640000104904175,2.6700000762939453,16113112,601618.SS,0
2012-03-27,2.1061885356903076,2.6500000953674316,2.680000066757202,2.640000104904175,2.6700000762939453,17064350,601618.SS,1
2012-03-28,2.0505528450012207,2.5799999237060547,2.6700000762939453,2.5799999237060547,2.6600000858306885,27426275,601618.SS,2
2012-03-29,2.0267088413238525,2.549999952316284,2.609999895095825,2.5399999618530273,2.5799999237060547,19806845,601618.SS,3
2012-03-30,2.0267088413238525,2.549999952316284,2.569999933242798,2.5199999809265137,2.559999942779541,19469249,601618.SS,4
2012-04-05,2.0505528450012207,2.5799999237060547,2.5999999046325684,2.5399999618530273,2.559999942779541,25505108,601618.SS,3
2012-04-06,2.04260516166687,2.569999933242798,2.5799999237060547,2.549999952316284,2.5799999237060547,25029642,601618.SS,4
2012-04-09,2.0267088413238525,2.549999952316284,2.559999942779541,2.5299999713897705,2.559999942779541,20514841,601618.SS,0
2012-04-10,2.04260516166687,2.569999933242798,2.5799999237060547,2.5299999713897705,2.5399999618530273,16015380,601618.SS,1
2012-04-11,2.0346574783325195,2.559999942779541,2.5799999237060547,2.5399999618530273,2.559999942779541,16457926,601618.SS,2
2012-04-12,2.06644868850708,2.5999999046325684,2.5999999046325684,2.549999952316284,2.559999942779541,30789181,601618.SS,3
2012-04-13,2.06644868850708,2.5999999046325684,2.619999885559082,2.5899999141693115,2.5999999046325684,24892170,601618.SS,4
2012-04-16,2.06644868850708,2.5999999046325684,2.609999895095825,2.5799999237060547,2.5899999141693115,19146230,601618.SS,0
2012-04-17,2.04260516166687,2.569999933242798,2.609999895095825,2.559999942779541,2.5999999046325684,21068999,601618.SS,1
2012-04-18,2.0902926921844482,2.630000114440918,2.6500000953674316,2.569999933242798,2.5799999237060547,37233564,601618.SS,2
2012-04-19,2.0743963718414307,2.609999895095825,2.630000114440918,2.5999999046325684,2.619999885559082,22691322,601618.SS,3
2012-04-20,2.1061885356903076,2.6500000953674316,2.6500000953674316,2.5999999046325684,2.609999895095825,34927296,601618.SS,4
2012-04-23,2.1300313472747803,2.680000066757202,2.7200000286102295,2.630000114440918,2.640000104904175,48934064,601618.SS,0
2012-04-24,2.098240375518799,2.640000104904175,2.7100000381469727,2.619999885559082,2.6500000953674316,41303563,601618.SS,1
2012-04-25,2.1379799842834473,2.690000057220459,2.7100000381469727,2.640000104904175,2.640000104904175,39464156,601618.SS,2
2012-04-26,2.1379799842834473,2.690000057220459,2.7100000381469727,2.680000066757202,2.700000047683716,26524336,601618.SS,3
2012-04-27,2.122084140777588,2.6700000762939453,2.690000057220459,2.6500000953674316,2.680000066757202,20714267,601618.SS,4
2012-05-02,2.1538753509521484,2.7100000381469727,2.7300000190734863,2.680000066757202,2.700000047683716,37608360,601618.SS,2
2012-05-03,2.1379799842834473,2.690000057220459,2.7100000381469727,2.680000066757202,2.700000047683716,20027929,601618.SS,3
2012-05-04,2.1459274291992188,2.700000047683716,2.7100000381469727,2.680000066757202,2.700000047683716,25533747,601618.SS,4
2012-05-07,2.1379799842834473,2.690000057220459,2.700000047683716,2.6700000762939453,2.700000047683716,27389893,601618.SS,0
2012-05-08,2.1459274291992188,2.700000047683716,2.7100000381469727,2.680000066757202,2.690000057220459,25696007,601618.SS,1
2012-05-09,2.114135980606079,2.6600000858306885,2.690000057220459,2.6500000953674316,2.690000057220459,25801864,601618.SS,2
2012-05-10,2.1061885356903076,2.6500000953674316,2.6700000762939453,2.6500000953674316,2.6600000858306885,16406785,601618.SS,3
2012-05-11,2.0902926921844482,2.630000114440918,2.6600000858306885,2.630000114440918,2.6500000953674316,12696740,601618.SS,4
2012-05-14,2.0823442935943604,2.619999885559082,2.6600000858306885,2.619999885559082,2.6500000953674316,16233623,601618.SS,0
2012-05-15,2.058500289916992,2.5899999141693115,2.619999885559082,2.5799999237060547,2.609999895095825,15874321,601618.SS,1
2012-05-16,2.04260516166687,2.569999933242798,2.5999999046325684,2.569999933242798,2.5899999141693115,13082309,601618.SS,2
2012-05-17,2.06644868850708,2.5999999046325684,2.619999885559082,2.559999942779541,2.569999933242798,13024691,601618.SS,3
2012-05-18,2.06644868850708,2.5999999046325684,2.619999885559082,2.5799999237060547,2.5899999141693115,18228366,601618.SS,4
2012-05-21,2.098240375518799,2.640000104904175,2.640000104904175,2.5899999141693115,2.5899999141693115,20553122,601618.SS,0
2012-05-22,2.098240375518799,2.640000104904175,2.6500000953674316,2.619999885559082,2.640000104904175,12783107,601618.SS,1
2012-05-23,2.0743963718414307,2.609999895095825,2.640000104904175,2.5999999046325684,2.630000114440918,10906910,601618.SS,2
2012-05-24,2.06644868850708,2.5999999046325684,2.630000114440918,2.5899999141693115,2.609999895095825,9641442,601618.SS,3
2012-05-25,2.0823442935943604,2.619999885559082,2.640000104904175,2.5899999141693115,2.5999999046325684,19199426,601618.SS,4
2012-05-28,2.1379799842834473,2.690000057220459,2.690000057220459,2.619999885559082,2.6500000953674316,49971575,601618.SS,0
2012-05-29,2.1538753509521484,2.7100000381469727,2.7200000286102295,2.6700000762939453,2.680000066757202,52418977,601618.SS,1
2012-05-30,2.1300313472747803,2.680000066757202,2.700000047683716,2.6600000858306885,2.690000057220459,22120091,601618.SS,2
2012-05-31,2.114135980606079,2.6600000858306885,2.6700000762939453,2.640000104904175,2.6700000762939453,15067168,601618.SS,3
2012-06-01,2.114135980606079,2.6600000858306885,2.690000057220459,2.6500000953674316,2.6600000858306885,18428692,601618.SS,4
2012-06-04,2.04260516166687,2.569999933242798,2.6500000953674316,2.569999933242798,2.640000104904175,22465810,601618.SS,0
2012-06-05,2.058500289916992,2.5899999141693115,2.5899999141693115,2.569999933242798,2.569999933242798,10632545,601618.SS,1
2012-06-06,2.0505528450012207,2.5799999237060547,2.5999999046325684,2.569999933242798,2.5899999141693115,9250829,601618.SS,2
2012-06-07,2.0267088413238525,2.549999952316284,2.5999999046325684,2.549999952316284,2.5899999141693115,14557215,601618.SS,3
2012-06-08,2.0346574783325195,2.559999942779541,2.5799999237060547,2.549999952316284,2.569999933242798,11270268,601618.SS,4
2012-06-11,2.0505528450012207,2.5799999237060547,2.5899999141693115,2.5399999618530273,2.569999933242798,14570114,601618.SS,0
2012-06-12,2.0346574783325195,2.559999942779541,2.569999933242798,2.5399999618530273,2.559999942779541,11772609,601618.SS,1
2012-06-13,2.058500289916992,2.5899999141693115,2.5899999141693115,2.559999942779541,2.559999942779541,12580270,601618.SS,2
2012-06-14,2.04260516166687,2.569999933242798,2.5899999141693115,2.559999942779541,2.5799999237060547,10028219,601618.SS,3
2012-06-15,2.04260516166687,2.569999933242798,2.569999933242798,2.569999933242798,2.569999933242798,0,601618.SS,4
2012-06-18,2.0505528450012207,2.5799999237060547,2.5999999046325684,2.559999942779541,2.5899999141693115,14492910,601618.SS,0
2012-06-19,2.0346574783325195,2.559999942779541,2.5899999141693115,2.549999952316284,2.5799999237060547,11909663,601618.SS,1
2012-06-20,2.018761396408081,2.5399999618530273,2.569999933242798,2.5199999809265137,2.559999942779541,28148238,601618.SS,2
2012-06-21,1.9790221452713013,2.490000009536743,2.5399999618530273,2.490000009536743,2.5399999618530273,29774963,601618.SS,3
2012-06-25,1.9631261825561523,2.4700000286102295,2.5,2.450000047683716,2.490000009536743,21149469,601618.SS,0
2012-06-26,1.9790221452713013,2.490000009536743,2.5,2.4600000381469727,2.4600000381469727,19269735,601618.SS,1
2012-06-27,1.971074104309082,2.4800000190734863,2.509999990463257,2.4700000286102295,2.490000009536743,15589099,601618.SS,2
2012-06-28,1.9631261825561523,2.4700000286102295,2.5,2.4700000286102295,2.490000009536743,14207448,601618.SS,3
2012-06-29,1.971074104309082,2.4800000190734863,2.490000009536743,2.450000047683716,2.4700000286102295,19218980,601618.SS,4
2012-07-02,1.955178141593933,2.4600000381469727,2.490000009536743,2.450000047683716,2.490000009536743,17701709,601618.SS,0
2012-07-03,1.9631261825561523,2.4700000286102295,2.490000009536743,2.4600000381469727,2.4600000381469727,10501611,601618.SS,1
2012-07-04,1.9631261825561523,2.4700000286102295,2.4800000190734863,2.4600000381469727,2.4700000286102295,10694646,601618.SS,2
2012-07-05,1.9392828941345215,2.440000057220459,2.4700000286102295,2.430000066757202,2.4600000381469727,15823594,601618.SS,3
2012-07-06,1.9472306966781616,2.450000047683716,2.4600000381469727,2.4200000762939453,2.440000057220459,15908806,601618.SS,4
2012-07-09,1.9074913263320923,2.4000000953674316,2.450000047683716,2.380000114440918,2.440000057220459,16339119,601618.SS,0
2012-07-10,1.8915951251983643,2.380000114440918,2.4000000953674316,2.369999885559082,2.4000000953674316,12329729,601618.SS,1
2012-07-11,1.9074913263320923,2.4000000953674316,2.4000000953674316,2.369999885559082,2.380000114440918,10279379,601618.SS,2
2012-07-12,1.8995434045791626,2.390000104904175,2.4100000858306885,2.359999895095825,2.390000104904175,18661884,601618.SS,3
2012-07-13,1.8995434045791626,2.390000104904175,2.4000000953674316,2.380000114440918,2.390000104904175,9922016,601618.SS,4
2012-07-16,1.8359602689743042,2.309999942779541,2.4000000953674316,2.299999952316284,2.4000000953674316,20928290,601618.SS,0
2012-07-17,1.8439078330993652,2.319999933242798,2.3299999237060547,2.299999952316284,2.309999942779541,11438613,601618.SS,1
2012-07-18,1.851855754852295,2.3299999237060547,2.3499999046325684,2.309999942779541,2.319999933242798,12205439,601618.SS,2
2012-07-19,1.8677517175674438,2.3499999046325684,2.369999885559082,2.319999933242798,2.3299999237060547,19635800,601618.SS,3
2012-07-20,1.8439078330993652,2.319999933242798,2.3499999046325684,2.319999933242798,2.3399999141693115,15419051,601618.SS,4
2012-07-23,1.828012466430664,2.299999952316284,2.319999933242798,2.2899999618530273,2.309999942779541,10745255,601618.SS,0
2012-07-24,1.828012466430664,2.299999952316284,2.319999933242798,2.2799999713897705,2.2899999618530273,10605480,601618.SS,1
2012-07-25,1.8200643062591553,2.2899999618530273,2.309999942779541,2.2899999618530273,2.299999952316284,7734862,601618.SS,2
2012-07-26,1.8200643062591553,2.2899999618530273,2.309999942779541,2.2799999713897705,2.2899999618530273,7939704,601618.SS,3
2012-07-27,1.828012466430664,2.299999952316284,2.309999942779541,2.2799999713897705,2.299999952316284,12553657,601618.SS,4
2012-07-30,1.8200643062591553,2.2899999618530273,2.309999942779541,2.2799999713897705,2.309999942779541,12057814,601618.SS,0
2012-07-31,1.828012466430664,2.299999952316284,2.309999942779541,2.2799999713897705,2.2899999618530273,13801971,601618.SS,1
2012-08-01,1.8439078330993652,2.319999933242798,2.3299999237060547,2.2899999618530273,2.299999952316284,15369173,601618.SS,2
2012-08-02,1.8359602689743042,2.309999942779541,2.3399999141693115,2.309999942779541,2.319999933242798,12772460,601618.SS,3
2012-08-03,1.8439078330993652,2.319999933242798,2.3299999237060547,2.309999942779541,2.309999942779541,9893839,601618.SS,4
2012-08-06,1.8598036766052246,2.3399999141693115,2.3499999046325684,2.309999942779541,2.319999933242798,18311953,601618.SS,0
2012-08-07,1.8598036766052246,2.3399999141693115,2.3499999046325684,2.319999933242798,2.3299999237060547,16964442,601618.SS,1
2012-08-08,1.851855754852295,2.3299999237060547,2.3499999046325684,2.319999933242798,2.3399999141693115,12788065,601618.SS,2
2012-08-09,1.8598036766052246,2.3399999141693115,2.3499999046325684,2.309999942779541,2.3299999237060547,14663837,601618.SS,3
2012-08-10,1.8439078330993652,2.319999933242798,2.3499999046325684,2.319999933242798,2.3399999141693115,9915742,601618.SS,4
2012-08-13,1.8359602689743042,2.309999942779541,2.3299999237060547,2.2899999618530273,2.319999933242798,17273816,601618.SS,0
2012-08-14,1.8200643062591553,2.2899999618530273,2.309999942779541,2.2699999809265137,2.299999952316284,14360485,601618.SS,1
2012-08-15,1.804168701171875,2.2699999809265137,2.299999952316284,2.2699999809265137,2.2899999618530273,10128237,601618.SS,2
2012-08-16,1.8121166229248047,2.2799999713897705,2.2799999713897705,2.259999990463257,2.2799999713897705,9896725,601618.SS,3
2012-08-17,1.8121166229248047,2.2799999713897705,2.2799999713897705,2.259999990463257,2.2699999809265137,10420686,601618.SS,4
2012-08-20,1.780324935913086,2.240000009536743,2.2699999809265137,2.2200000286102295,2.2699999809265137,21454854,601618.SS,0
2012-08-21,1.804168701171875,2.2699999809265137,2.2899999618530273,2.2300000190734863,2.240000009536743,25726338,601618.SS,1
2012-08-22,1.780324935913086,2.240000009536743,2.2699999809265137,2.240000009536743,2.259999990463257,15321164,601618.SS,2
2012-08-23,1.7882732152938843,2.25,2.259999990463257,2.240000009536743,2.25,10512257,601618.SS,3
2012-08-24,1.7644290924072266,2.2200000286102295,2.25,2.2100000381469727,2.240000009536743,12757245,601618.SS,4
2012-08-27,1.7246899604797363,2.1700000762939453,2.2200000286102295,2.1600000858306885,2.2100000381469727,22196400,601618.SS,0
2012-08-28,1.661106824874878,2.0899999141693115,2.140000104904175,2.0199999809265137,2.130000114440918,67065164,601618.SS,1
2012-08-29,1.6372630596160889,2.059999942779541,2.0899999141693115,2.049999952316284,2.069999933242798,25211701,601618.SS,2
2012-08-30,1.6213674545288086,2.0399999618530273,2.059999942779541,2.0299999713897705,2.0399999618530273,18147953,601618.SS,3
2012-08-31,1.6293151378631592,2.049999952316284,2.059999942779541,2.0299999713897705,2.0399999618530273,16855606,601618.SS,4
2012-09-03,1.6213674545288086,2.0399999618530273,2.059999942779541,2.0299999713897705,2.059999942779541,21332766,601618.SS,0
2012-09-04,1.589576005935669,2.0,2.049999952316284,2.0,2.0399999618530273,30493704,601618.SS,1
2012-09-05,1.5816280841827393,1.9900000095367432,2.0,1.9700000286102295,2.0,18627836,601618.SS,2
2012-09-06,1.6054717302322388,2.0199999809265137,2.0199999809265137,1.9800000190734863,1.9900000095367432,14122933,601618.SS,3
2012-09-07,1.6690545082092285,2.0999999046325684,2.130000114440918,2.0199999809265137,2.0299999713897705,55067878,601618.SS,4
2012-09-10,1.6690545082092285,2.0999999046325684,2.0999999046325684,2.0799999237060547,2.0999999046325684,25351133,601618.SS,0
2012-09-11,1.661106824874878,2.0899999141693115,2.0899999141693115,2.059999942779541,2.0899999141693115,13584582,601618.SS,1
2012-09-12,1.661106824874878,2.0899999141693115,2.109999895095825,2.069999933242798,2.0899999141693115,17277958,601618.SS,2
2012-09-13,1.6372630596160889,2.059999942779541,2.0899999141693115,2.059999942779541,2.0899999141693115,15837553,601618.SS,3
2012-09-14,1.6690545082092285,2.0999999046325684,2.130000114440918,2.059999942779541,2.0799999237060547,32100733,601618.SS,4
2012-09-17,1.6213674545288086,2.0399999618530273,2.0899999141693115,2.0299999713897705,2.0899999141693115,25222891,601618.SS,0
2012-09-18,1.6054717302322388,2.0199999809265137,2.0399999618530273,2.009999990463257,2.0299999713897705,12694250,601618.SS,1
2012-09-19,1.613419532775879,2.0299999713897705,2.0299999713897705,2.009999990463257,2.0199999809265137,10953909,601618.SS,2
2012-09-20,1.5816280841827393,1.9900000095367432,2.0199999809265137,1.9700000286102295,2.009999990463257,19648780,601618.SS,3
2012-09-21,1.5816280841827393,1.9900000095367432,2.0,1.9700000286102295,1.9800000190734863,13130404,601618.SS,4
2012-09-24,1.613419532775879,2.0299999713897705,2.0399999618530273,1.9900000095367432,1.9900000095367432,27610126,601618.SS,0
2012-09-25,1.597523808479309,2.009999990463257,2.0299999713897705,1.9700000286102295,2.0199999809265137,17209968,601618.SS,1
2012-09-26,1.5816280841827393,1.9900000095367432,2.009999990463257,1.9800000190734863,2.0,9783700,601618.SS,2
2012-09-27,1.613419532775879,2.0299999713897705,2.059999942779541,1.9800000190734863,1.9900000095367432,21472643,601618.SS,3
2012-09-28,1.6293151378631592,2.049999952316284,2.059999942779541,2.009999990463257,2.0199999809265137,22646335,601618.SS,4
2012-10-08,1.6213674545288086,2.0399999618530273,2.059999942779541,2.0199999809265137,2.049999952316284,15440937,601618.SS,0
2012-10-09,1.6531587839126587,2.0799999237060547,2.0899999141693115,2.0299999713897705,2.0399999618530273,24582092,601618.SS,1
2012-10-10,1.6770023107528687,2.109999895095825,2.130000114440918,2.059999942779541,2.059999942779541,29464278,601618.SS,2
2012-10-11,1.6531587839126587,2.0799999237060547,2.109999895095825,2.069999933242798,2.0999999046325684,19270318,601618.SS,3
2012-10-12,1.661106824874878,2.0899999141693115,2.109999895095825,2.059999942779541,2.0799999237060547,25221451,601618.SS,4
2012-10-15,1.6293151378631592,2.049999952316284,2.0799999237060547,2.0399999618530273,2.069999933242798,16760703,601618.SS,0
2012-10-16,1.6293151378631592,2.049999952316284,2.069999933242798,2.0399999618530273,2.049999952316284,9936672,601618.SS,1
2012-10-17,1.6372630596160889,2.059999942779541,2.069999933242798,2.0299999713897705,2.059999942779541,12293909,601618.SS,2
2012-10-18,1.661106824874878,2.0899999141693115,2.0999999046325684,2.049999952316284,2.059999942779541,22715892,601618.SS,3
2012-10-19,1.6531587839126587,2.0799999237060547,2.0999999046325684,2.069999933242798,2.0799999237060547,14862667,601618.SS,4
2012-10-22,1.6531587839126587,2.0799999237060547,2.0899999141693115,2.059999942779541,2.069999933242798,9604107,601618.SS,0
2012-10-23,1.6531587839126587,2.0799999237060547,2.0899999141693115,2.069999933242798,2.0799999237060547,11091446,601618.SS,1
2012-10-24,1.6849504709243774,2.119999885559082,2.1700000762939453,2.059999942779541,2.059999942779541,70025037,601618.SS,2
2012-10-25,1.7008464336395264,2.140000104904175,2.180000066757202,2.0999999046325684,2.109999895095825,68547952,601618.SS,3
2012-10-26,1.6452112197875977,2.069999933242798,2.130000114440918,2.059999942779541,2.130000114440918,41689384,601618.SS,4
2012-10-29,1.6293151378631592,2.049999952316284,2.069999933242798,2.0399999618530273,2.069999933242798,13564208,601618.SS,0
2012-10-30,1.6372630596160889,2.059999942779541,2.069999933242798,2.0299999713897705,2.049999952316284,18396936,601618.SS,1
2012-10-31,1.6372630596160889,2.059999942779541,2.069999933242798,2.0399999618530273,2.059999942779541,18491421,601618.SS,2
2012-11-01,1.661106824874878,2.0899999141693115,2.0999999046325684,2.059999942779541,2.059999942779541,29491815,601618.SS,3
2012-11-02,1.6770023107528687,2.109999895095825,2.119999885559082,2.0799999237060547,2.0899999141693115,28071095,601618.SS,4
2012-11-05,1.6770023107528687,2.109999895095825,2.119999885559082,2.0899999141693115,2.109999895095825,16888068,601618.SS,0
2012-11-06,1.661106824874878,2.0899999141693115,2.109999895095825,2.069999933242798,2.0999999046325684,18249263,601618.SS,1
2012-11-07,1.6690545082092285,2.0999999046325684,2.109999895095825,2.0799999237060547,2.0799999237060547,15283476,601618.SS,2
2012-11-08,1.6293151378631592,2.049999952316284,2.0899999141693115,2.0399999618530273,2.0899999141693115,19574479,601618.SS,3
2012-11-09,1.6372630596160889,2.059999942779541,2.069999933242798,2.0399999618530273,2.049999952316284,15620018,601618.SS,4
2012-11-12,1.6531587839126587,2.0799999237060547,2.0799999237060547,2.0399999618530273,2.049999952316284,16202718,601618.SS,0
2012-11-13,1.613419532775879,2.0299999713897705,2.0799999237060547,2.0199999809265137,2.069999933242798,20127835,601618.SS,1
2012-11-14,1.613419532775879,2.0299999713897705,2.0399999618530273,2.0199999809265137,2.0299999713897705,16397601,601618.SS,2
2012-11-15,1.6054717302322388,2.0199999809265137,2.049999952316284,2.009999990463257,2.0199999809265137,14939492,601618.SS,3
2012-11-16,1.597523808479309,2.009999990463257,2.0299999713897705,2.0,2.0199999809265137,14513063,601618.SS,4
2012-11-19,1.597523808479309,2.009999990463257,2.0199999809265137,1.9900000095367432,2.009999990463257,9057460,601618.SS,0
2012-11-20,1.597523808479309,2.009999990463257,2.0199999809265137,2.0,2.0199999809265137,10309170,601618.SS,1
2012-11-21,1.6213674545288086,2.0399999618530273,2.049999952316284,2.0,2.0199999809265137,15708920,601618.SS,2
2012-11-22,1.6054717302322388,2.0199999809265137,2.0299999713897705,2.009999990463257,2.0299999713897705,8492294,601618.SS,3
2012-11-23,1.613419532775879,2.0299999713897705,2.0399999618530273,2.0199999809265137,2.0199999809265137,8251716,601618.SS,4
2012-11-26,1.6054717302322388,2.0199999809265137,2.0299999713897705,2.009999990463257,2.0199999809265137,8722534,601618.SS,0
2012-11-27,1.589576005935669,2.0,2.0199999809265137,2.0,2.0199999809265137,15665646,601618.SS,1
2012-11-28,1.5816280841827393,1.9900000095367432,2.0,1.9800000190734863,1.9900000095367432,12285971,601618.SS,2
2012-11-29,1.5816280841827393,1.9900000095367432,2.0,1.9800000190734863,1.9900000095367432,11039896,601618.SS,3
2012-11-30,1.597523808479309,2.009999990463257,2.0199999809265137,1.9900000095367432,1.9900000095367432,14893636,601618.SS,4
2012-12-03,1.6213674545288086,2.0399999618530273,2.0799999237060547,2.0,2.0,50557024,601618.SS,0
2012-12-04,1.6293151378631592,2.049999952316284,2.059999942779541,2.009999990463257,2.0299999713897705,32792822,601618.SS,1
2012-12-05,1.661106824874878,2.0899999141693115,2.109999895095825,2.0299999713897705,2.0399999618530273,61344128,601618.SS,2
2012-12-06,1.6452112197875977,2.069999933242798,2.0899999141693115,2.059999942779541,2.0799999237060547,33872769,601618.SS,3
2012-12-07,1.661106824874878,2.0899999141693115,2.109999895095825,2.069999933242798,2.0799999237060547,50737455,601618.SS,4
2012-12-10,1.6690545082092285,2.0999999046325684,2.119999885559082,2.0899999141693115,2.0999999046325684,46077495,601618.SS,0
2012-12-11,1.661106824874878,2.0899999141693115,2.109999895095825,2.0799999237060547,2.0999999046325684,24888248,601618.SS,1
2012-12-12,1.6690545082092285,2.0999999046325684,2.0999999046325684,2.069999933242798,2.0899999141693115,18512158,601618.SS,2
2012-12-13,1.6531587839126587,2.0799999237060547,2.0999999046325684,2.069999933242798,2.0899999141693115,14537300,601618.SS,3
2012-12-14,1.7087942361831665,2.1500000953674316,2.1600000858306885,2.069999933242798,2.0799999237060547,78173921,601618.SS,4
2012-12-17,1.7167420387268066,2.1600000858306885,2.190000057220459,2.1500000953674316,2.180000066757202,52301012,601618.SS,0
2012-12-18,1.7087942361831665,2.1500000953674316,2.180000066757202,2.140000104904175,2.140000104904175,49176323,601618.SS,1
2012-12-19,1.7008464336395264,2.140000104904175,2.1600000858306885,2.140000104904175,2.1500000953674316,22312959,601618.SS,2
2012-12-20,1.7167420387268066,2.1600000858306885,2.1600000858306885,2.119999885559082,2.1500000953674316,26476090,601618.SS,3
2012-12-21,1.7087942361831665,2.1500000953674316,2.1700000762939453,2.140000104904175,2.1500000953674316,29336603,601618.SS,4
2012-12-24,1.6928985118865967,2.130000114440918,2.1600000858306885,2.130000114440918,2.1500000953674316,20863255,601618.SS,0
2012-12-25,1.7326380014419556,2.180000066757202,2.200000047683716,2.130000114440918,2.130000114440918,47128329,601618.SS,1
2012-12-26,1.7246899604797363,2.1700000762939453,2.190000057220459,2.1600000858306885,2.180000066757202,39873754,601618.SS,2
2012-12-27,1.7962206602096558,2.259999990463257,2.2799999713897705,2.1700000762939453,2.180000066757202,142174707,601618.SS,3
2012-12-28,1.7962206602096558,2.259999990463257,2.259999990463257,2.259999990463257,2.259999990463257,0,601618.SS,4
2012-12-31,1.7962206602096558,2.259999990463257,2.259999990463257,2.259999990463257,2.259999990463257,0,601618.SS,0
2013-01-04,1.780324935913086,2.240000009536743,2.359999895095825,2.2200000286102295,2.3299999237060547,152619831,601618.SS,4
2013-01-07,1.7882732152938843,2.25,2.2699999809265137,2.2300000190734863,2.2300000190734863,72156901,601618.SS,0
2013-01-08,1.804168701171875,2.2699999809265137,2.2799999713897705,2.2300000190734863,2.240000009536743,65747259,601618.SS,1
2013-01-09,1.7882732152938843,2.25,2.2699999809265137,2.2300000190734863,2.259999990463257,52240988,601618.SS,2
2013-01-10,1.7882732152938843,2.25,2.2699999809265137,2.240000009536743,2.25,42765961,601618.SS,3
2013-01-11,1.7485334873199463,2.200000047683716,2.259999990463257,2.190000057220459,2.25,40366235,601618.SS,4
2013-01-14,1.780324935913086,2.240000009536743,2.25,2.190000057220459,2.190000057220459,58829128,601618.SS,0
2013-01-15,1.7962206602096558,2.259999990463257,2.2699999809265137,2.240000009536743,2.240000009536743,44576287,601618.SS,1
2013-01-16,1.7882732152938843,2.25,2.259999990463257,2.2200000286102295,2.25,32769878,601618.SS,2
2013-01-17,1.7723772525787354,2.2300000190734863,2.259999990463257,2.2200000286102295,2.25,30897386,601618.SS,3
2013-01-18,1.7882732152938843,2.25,2.259999990463257,2.2300000190734863,2.240000009536743,51256644,601618.SS,4
2013-01-21,1.7882732152938843,2.25,2.259999990463257,2.240000009536743,2.25,34654571,601618.SS,0
2013-01-22,1.756481647491455,2.2100000381469727,2.259999990463257,2.2100000381469727,2.25,51813515,601618.SS,1
2013-01-23,1.7723772525787354,2.2300000190734863,2.240000009536743,2.200000047683716,2.2200000286102295,32214906,601618.SS,2
2013-01-24,1.756481647491455,2.2100000381469727,2.259999990463257,2.190000057220459,2.2200000286102295,45743807,601618.SS,3
2013-01-25,1.7326380014419556,2.180000066757202,2.2200000286102295,2.1700000762939453,2.2100000381469727,29806962,601618.SS,4
2013-01-28,1.756481647491455,2.2100000381469727,2.2100000381469727,2.180000066757202,2.190000057220459,24936454,601618.SS,0
2013-01-29,1.7485334873199463,2.200000047683716,2.2200000286102295,2.190000057220459,2.2100000381469727,44965997,601618.SS,1
2013-01-30,1.7644290924072266,2.2200000286102295,2.240000009536743,2.180000066757202,2.2100000381469727,63362127,601618.SS,2
2013-01-31,1.7167420387268066,2.1600000858306885,2.200000047683716,2.140000104904175,2.200000047683716,111003953,601618.SS,3
2013-02-01,1.7246899604797363,2.1700000762939453,2.180000066757202,2.140000104904175,2.1500000953674316,42328172,601618.SS,4
2013-02-04,1.7326380014419556,2.180000066757202,2.180000066757202,2.1500000953674316,2.1700000762939453,40547035,601618.SS,0
2013-02-05,1.7882732152938843,2.25,2.2799999713897705,2.1500000953674316,2.1700000762939453,163432835,601618.SS,1
2013-02-06,1.756481647491455,2.2100000381469727,2.240000009536743,2.200000047683716,2.240000009536743,76667080,601618.SS,2
2013-02-07,1.7644290924072266,2.2200000286102295,2.240000009536743,2.200000047683716,2.2100000381469727,69599163,601618.SS,3
2013-02-08,1.780324935913086,2.240000009536743,2.259999990463257,2.2100000381469727,2.2200000286102295,52983514,601618.SS,4
2013-02-18,1.7723772525787354,2.2300000190734863,2.25,2.2200000286102295,2.240000009536743,36772377,601618.SS,0
2013-02-19,1.756481647491455,2.2100000381469727,2.240000009536743,2.200000047683716,2.2300000190734863,34335994,601618.SS,1
2013-02-20,1.7723772525787354,2.2300000190734863,2.240000009536743,2.2100000381469727,2.2200000286102295,34813462,601618.SS,2
2013-02-21,1.7246899604797363,2.1700000762939453,2.2300000190734863,2.1600000858306885,2.2200000286102295,46996133,601618.SS,3
2013-02-22,1.7246899604797363,2.1700000762939453,2.180000066757202,2.1600000858306885,2.180000066757202,18243689,601618.SS,4
2013-02-25,1.7167420387268066,2.1600000858306885,2.180000066757202,2.1500000953674316,2.1700000762939453,23509411,601618.SS,0
2013-02-26,1.6770023107528687,2.109999895095825,2.1600000858306885,2.0999999046325684,2.1500000953674316,36010316,601618.SS,1
2013-02-27,1.6849504709243774,2.119999885559082,2.140000104904175,2.109999895095825,2.109999895095825,21739902,601618.SS,2
2013-02-28,1.7087942361831665,2.1500000953674316,2.1600000858306885,2.109999895095825,2.130000114440918,28768633,601618.SS,3
2013-03-01,1.6928985118865967,2.130000114440918,2.1500000953674316,2.119999885559082,2.1500000953674316,22226604,601618.SS,4
2013-03-04,1.6690545082092285,2.0999999046325684,2.140000104904175,2.0899999141693115,2.130000114440918,40829286,601618.SS,0
2013-03-05,1.6770023107528687,2.109999895095825,2.119999885559082,2.0799999237060547,2.0999999046325684,26911374,601618.SS,1
2013-03-06,1.7008464336395264,2.140000104904175,2.1600000858306885,2.0999999046325684,2.119999885559082,43463773,601618.SS,2
2013-03-07,1.6849504709243774,2.119999885559082,2.140000104904175,2.109999895095825,2.130000114440918,22693002,601618.SS,3
2013-03-08,1.6690545082092285,2.0999999046325684,2.130000114440918,2.0999999046325684,2.119999885559082,29341406,601618.SS,4
2013-03-11,1.661106824874878,2.0899999141693115,2.109999895095825,2.0799999237060547,2.0999999046325684,17139173,601618.SS,0
2013-03-12,1.6452112197875977,2.069999933242798,2.109999895095825,2.049999952316284,2.0899999141693115,30860037,601618.SS,1
2013-03-13,1.6372630596160889,2.059999942779541,2.069999933242798,2.0399999618530273,2.059999942779541,19153277,601618.SS,2
2013-03-14,1.6213674545288086,2.0399999618530273,2.059999942779541,2.0299999713897705,2.049999952316284,16384540,601618.SS,3
2013-03-15,1.6293151378631592,2.049999952316284,2.069999933242798,2.0399999618530273,2.049999952316284,24629160,601618.SS,4
2013-03-18,1.6054717302322388,2.0199999809265137,2.049999952316284,2.0199999809265137,2.0399999618530273,22339220,601618.SS,0
2013-03-19,1.613419532775879,2.0299999713897705,2.0399999618530273,2.0199999809265137,2.0299999713897705,13573563,601618.SS,1
2013-03-20,1.6372630596160889,2.059999942779541,2.0799999237060547,2.0299999713897705,2.0299999713897705,28495499,601618.SS,2
2013-03-21,1.6452112197875977,2.069999933242798,2.0899999141693115,2.049999952316284,2.059999942779541,18538104,601618.SS,3
2013-03-22,1.6452112197875977,2.069999933242798,2.0799999237060547,2.059999942779541,2.0799999237060547,11169359,601618.SS,4
2013-03-25,1.6452112197875977,2.069999933242798,2.0799999237060547,2.059999942779541,2.069999933242798,13724543,601618.SS,0
2013-03-26,1.6213674545288086,2.0399999618530273,2.0799999237060547,2.0299999713897705,2.069999933242798,20328106,601618.SS,1
2013-03-27,1.6213674545288086,2.0399999618530273,2.059999942779541,2.0299999713897705,2.0399999618530273,14327681,601618.SS,2
2013-03-28,1.597523808479309,2.009999990463257,2.0399999618530273,2.0,2.0399999618530273,29706220,601618.SS,3
2013-03-29,1.6213674545288086,2.0399999618530273,2.0399999618530273,2.0199999809265137,2.0199999809265137,17139780,601618.SS,4
2013-04-01,1.613419532775879,2.0299999713897705,2.049999952316284,2.0299999713897705,2.0399999618530273,15669323,601618.SS,0
2013-04-02,1.6293151378631592,2.049999952316284,2.059999942779541,2.0299999713897705,2.0299999713897705,25925553,601618.SS,1
2013-04-03,1.6213674545288086,2.0399999618530273,2.059999942779541,2.0299999713897705,2.049999952316284,12303197,601618.SS,2
2013-04-08,1.613419532775879,2.0299999713897705,2.0299999713897705,2.0,2.0199999809265137,17517669,601618.SS,0
2013-04-09,1.6213674545288086,2.0399999618530273,2.049999952316284,2.0199999809265137,2.0299999713897705,20365371,601618.SS,1
2013-04-10,1.6293151378631592,2.049999952316284,2.049999952316284,2.0299999713897705,2.0299999713897705,14275860,601618.SS,2
2013-04-11,1.613419532775879,2.0299999713897705,2.049999952316284,2.0299999713897705,2.049999952316284,9894576,601618.SS,3
2013-04-12,1.613419532775879,2.0299999713897705,2.0399999618530273,2.0199999809265137,2.0299999713897705,9887788,601618.SS,4
2013-04-15,1.597523808479309,2.009999990463257,2.0399999618530273,2.009999990463257,2.0299999713897705,15097453,601618.SS,0
2013-04-16,1.6054717302322388,2.0199999809265137,2.0199999809265137,2.0,2.009999990463257,17627550,601618.SS,1
2013-04-17,1.6054717302322388,2.0199999809265137,2.0199999809265137,2.0,2.0199999809265137,14236436,601618.SS,2
2013-04-18,1.6054717302322388,2.0199999809265137,2.0199999809265137,2.0,2.009999990463257,8994893,601618.SS,3
2013-04-19,1.6213674545288086,2.0399999618530273,2.049999952316284,2.009999990463257,2.0199999809265137,29091077,601618.SS,4
2013-04-22,1.6372630596160889,2.059999942779541,2.059999942779541,2.0299999713897705,2.0299999713897705,22948795,601618.SS,0
2013-04-23,1.6054717302322388,2.0199999809265137,2.059999942779541,2.009999990463257,2.049999952316284,19785004,601618.SS,1
2013-04-24,1.6213674545288086,2.0399999618530273,2.049999952316284,2.009999990463257,2.0199999809265137,22902652,601618.SS,2
2013-04-25,1.613419532775879,2.0299999713897705,2.049999952316284,2.0299999713897705,2.0399999618530273,18127839,601618.SS,3
2013-04-26,1.6213674545288086,2.0399999618530273,2.0399999618530273,2.0199999809265137,2.0399999618530273,14175798,601618.SS,4
2013-05-02,1.6054717302322388,2.0199999809265137,2.0399999618530273,2.009999990463257,2.0299999713897705,15865799,601618.SS,3
2013-05-03,1.613419532775879,2.0299999713897705,2.049999952316284,2.0199999809265137,2.0299999713897705,22181780,601618.SS,4
2013-05-06,1.6293151378631592,2.049999952316284,2.059999942779541,2.0399999618530273,2.0399999618530273,19696490,601618.SS,0
2013-05-07,1.6293151378631592,2.049999952316284,2.059999942779541,2.0399999618530273,2.0399999618530273,12642793,601618.SS,1
2013-05-08,1.6372630596160889,2.059999942779541,2.059999942779541,2.0399999618530273,2.049999952316284,20030175,601618.SS,2
2013-05-09,1.6293151378631592,2.049999952316284,2.059999942779541,2.0399999618530273,2.049999952316284,10781769,601618.SS,3
2013-05-10,1.6372630596160889,2.059999942779541,2.059999942779541,2.0399999618530273,2.0399999618530273,17410232,601618.SS,4
2013-05-13,1.6293151378631592,2.049999952316284,2.059999942779541,2.0399999618530273,2.059999942779541,16884065,601618.SS,0
2013-05-14,1.613419532775879,2.0299999713897705,2.049999952316284,2.009999990463257,2.049999952316284,22472554,601618.SS,1
2013-05-15,1.613419532775879,2.0299999713897705,2.0299999713897705,2.0,2.0199999809265137,31001742,601618.SS,2
2013-05-16,1.6213674545288086,2.0399999618530273,2.0399999618530273,2.009999990463257,2.0199999809265137,25318546,601618.SS,3
2013-05-17,1.6372630596160889,2.059999942779541,2.059999942779541,2.0299999713897705,2.0299999713897705,37763662,601618.SS,4
2013-05-20,1.6372630596160889,2.059999942779541,2.069999933242798,2.049999952316284,2.059999942779541,48710961,601618.SS,0
2013-05-21,1.6452112197875977,2.069999933242798,2.069999933242798,2.049999952316284,2.059999942779541,35193465,601618.SS,1
2013-05-22,1.6293151378631592,2.049999952316284,2.069999933242798,2.049999952316284,2.059999942779541,34061128,601618.SS,2
2013-05-23,1.613419532775879,2.0299999713897705,2.059999942779541,2.0299999713897705,2.059999942779541,38520878,601618.SS,3
2013-05-24,1.6293151378631592,2.049999952316284,2.049999952316284,2.0299999713897705,2.0399999618530273,21970790,601618.SS,4
2013-05-27,1.6213674545288086,2.0399999618530273,2.049999952316284,2.0299999713897705,2.0399999618530273,20264736,601618.SS,0
2013-05-28,1.6452112197875977,2.069999933242798,2.069999933242798,2.0299999713897705,2.0399999618530273,45542651,601618.SS,1
2013-05-29,1.6372630596160889,2.059999942779541,2.069999933242798,2.049999952316284,2.069999933242798,32875380,601618.SS,2
2013-05-30,1.6213674545288086,2.0399999618530273,2.059999942779541,2.0399999618530273,2.059999942779541,25748798,601618.SS,3
2013-05-31,1.6213674545288086,2.0399999618530273,2.049999952316284,2.0299999713897705,2.0399999618530273,25915891,601618.SS,4
2013-06-03,1.613419532775879,2.0299999713897705,2.049999952316284,2.0199999809265137,2.0299999713897705,25579358,601618.SS,0
2013-06-04,1.597523808479309,2.009999990463257,2.0399999618530273,2.0,2.0299999713897705,45669076,601618.SS,1
2013-06-05,1.589576005935669,2.0,2.0199999809265137,1.9900000095367432,2.009999990463257,34556650,601618.SS,2
2013-06-06,1.5736802816390991,1.9800000190734863,2.009999990463257,1.9800000190734863,2.0,38381964,601618.SS,3
2013-06-07,1.5498363971710205,1.9500000476837158,2.0,1.940000057220459,1.9900000095367432,46890379,601618.SS,4
2013-06-13,1.502149224281311,1.8899999856948853,1.940000057220459,1.8700000047683716,1.940000057220459,50863960,601618.SS,3
2013-06-14,1.502149224281311,1.8899999856948853,1.899999976158142,1.8799999952316284,1.8899999856948853,26235489,601618.SS,4
2013-06-17,1.494201421737671,1.8799999952316284,1.899999976158142,1.8600000143051147,1.8899999856948853,33180448,601618.SS,0
2013-06-18,1.4862534999847412,1.8700000047683716,1.8799999952316284,1.840000033378601,1.8799999952316284,42801127,601618.SS,1
2013-06-19,1.478305697441101,1.8600000143051147,1.8600000143051147,1.8200000524520874,1.850000023841858,41319483,601618.SS,2
2013-06-20,1.4385662078857422,1.809999942779541,1.850000023841858,1.7899999618530273,1.840000033378601,35378879,601618.SS,3
2013-06-21,1.422670602798462,1.7899999618530273,1.7999999523162842,1.7699999809265137,1.7899999618530273,40227026,601618.SS,4
2013-06-24,1.3431919813156128,1.690000057220459,1.7899999618530273,1.6799999475479126,1.7899999618530273,64757357,601618.SS,0
2013-06-25,1.2875564098358154,1.6200000047683716,1.6799999475479126,1.5199999809265137,1.6799999475479126,101565081,601618.SS,1
2013-06-26,1.2716606855392456,1.600000023841858,1.6299999952316284,1.5800000429153442,1.6100000143051147,50586722,601618.SS,2
2013-06-27,1.2716606855392456,1.600000023841858,1.649999976158142,1.600000023841858,1.6100000143051147,46808362,601618.SS,3
2013-06-28,1.2796086072921753,1.6100000143051147,1.6299999952316284,1.5800000429153442,1.600000023841858,42401412,601618.SS,4
2013-07-01,1.2796086072921753,1.6100000143051147,1.6200000047683716,1.590000033378601,1.600000023841858,32376318,601618.SS,0
2013-07-02,1.2875564098358154,1.6200000047683716,1.6200000047683716,1.590000033378601,1.6100000143051147,31843898,601618.SS,1
2013-07-03,1.2796086072921753,1.6100000143051147,1.6100000143051147,1.5800000429153442,1.6100000143051147,35891001,601618.SS,2
2013-07-04,1.2875564098358154,1.6200000047683716,1.6399999856948853,1.5800000429153442,1.600000023841858,47143737,601618.SS,3
2013-07-05,1.2875564098358154,1.6200000047683716,1.6399999856948853,1.6100000143051147,1.6200000047683716,37094406,601618.SS,4
2013-07-08,1.2478171586990356,1.5700000524520874,1.6100000143051147,1.5700000524520874,1.6100000143051147,39251365,601618.SS,0
2013-07-09,1.2478171586990356,1.5700000524520874,1.5800000429153442,1.559999942779541,1.5700000524520874,18518498,601618.SS,1
2013-07-10,1.2716606855392456,1.600000023841858,1.6100000143051147,1.559999942779541,1.5700000524520874,42005207,601618.SS,2
2013-07-11,1.3193480968475342,1.659999966621399,1.6699999570846558,1.600000023841858,1.600000023841858,85103870,601618.SS,3
2013-07-12,1.2875564098358154,1.6200000047683716,1.659999966621399,1.6200000047683716,1.659999966621399,50086370,601618.SS,4
2013-07-15,1.303452491760254,1.6399999856948853,1.659999966621399,1.6200000047683716,1.6200000047683716,30693753,601618.SS,0
2013-07-16,1.303452491760254,1.6399999856948853,1.6399999856948853,1.6100000143051147,1.6399999856948853,32348875,601618.SS,1
2013-07-17,1.2955043315887451,1.6299999952316284,1.649999976158142,1.6200000047683716,1.6299999952316284,30939332,601618.SS,2
2013-07-18,1.2796086072921753,1.6100000143051147,1.6299999952316284,1.590000033378601,1.6200000047683716,37748188,601618.SS,3
2013-07-19,1.2557650804519653,1.5800000429153442,1.6100000143051147,1.5700000524520874,1.6100000143051147,28827762,601618.SS,4
2013-07-22,1.2557650804519653,1.5800000429153442,1.5800000429153442,1.5499999523162842,1.5700000524520874,23177109,601618.SS,0
2013-07-23,1.2875564098358154,1.6200000047683716,1.6200000047683716,1.5700000524520874,1.5800000429153442,35360072,601618.SS,1
2013-07-24,1.2716606855392456,1.600000023841858,1.6200000047683716,1.590000033378601,1.6100000143051147,30664261,601618.SS,2
2013-07-25,1.2796086072921753,1.6100000143051147,1.6200000047683716,1.590000033378601,1.6100000143051147,26897950,601618.SS,3
2013-07-26,1.2637128829956055,1.590000033378601,1.6100000143051147,1.5800000429153442,1.600000023841858,18458422,601618.SS,4
2013-07-29,1.2478171586990356,1.5700000524520874,1.590000033378601,1.559999942779541,1.590000033378601,23017374,601618.SS,0
2013-07-30,1.2557650804519653,1.5800000429153442,1.600000023841858,1.559999942779541,1.5700000524520874,25904278,601618.SS,1
2013-07-31,1.2557650804519653,1.5800000429153442,1.600000023841858,1.5800000429153442,1.590000033378601,23068316,601618.SS,2
2013-08-01,1.2796086072921753,1.6100000143051147,1.6100000143051147,1.5800000429153442,1.5800000429153442,26266723,601618.SS,3
2013-08-02,1.2796086072921753,1.6100000143051147,1.6200000047683716,1.600000023841858,1.6100000143051147,25094362,601618.SS,4
2013-08-05,1.2875564098358154,1.6200000047683716,1.6299999952316284,1.600000023841858,1.6100000143051147,21986030,601618.SS,0
2013-08-06,1.2875564098358154,1.6200000047683716,1.6299999952316284,1.600000023841858,1.6100000143051147,27339696,601618.SS,1
2013-08-07,1.2875564098358154,1.6200000047683716,1.6299999952316284,1.6100000143051147,1.6200000047683716,37838570,601618.SS,2
2013-08-08,1.2875564098358154,1.6200000047683716,1.6299999952316284,1.6100000143051147,1.6100000143051147,19265790,601618.SS,3
2013-08-09,1.2955043315887451,1.6299999952316284,1.6299999952316284,1.6100000143051147,1.6200000047683716,24941135,601618.SS,4
2013-08-12,1.3272958993911743,1.6699999570846558,1.6699999570846558,1.6200000047683716,1.6299999952316284,62134903,601618.SS,0
2013-08-13,1.3272958993911743,1.6699999570846558,1.6799999475479126,1.649999976158142,1.659999966621399,47994218,601618.SS,1
2013-08-14,1.3193480968475342,1.659999966621399,1.690000057220459,1.649999976158142,1.6799999475479126,48164515,601618.SS,2
2013-08-15,1.3113999366760254,1.649999976158142,1.6699999570846558,1.6399999856948853,1.659999966621399,29336860,601618.SS,3
2013-08-16,1.3113999366760254,1.649999976158142,1.7200000286102295,1.6299999952316284,1.649999976158142,73907928,601618.SS,4
2013-08-19,1.3113999366760254,1.649999976158142,1.659999966621399,1.6200000047683716,1.6399999856948853,37053443,601618.SS,0
2013-08-20,1.303452491760254,1.6399999856948853,1.659999966621399,1.6299999952316284,1.649999976158142,26345271,601618.SS,1
2013-08-21,1.303452491760254,1.6399999856948853,1.6399999856948853,1.6299999952316284,1.6399999856948853,15782480,601618.SS,2
2013-08-22,1.303452491760254,1.6399999856948853,1.649999976158142,1.6299999952316284,1.6299999952316284,21073291,601618.SS,3
2013-08-23,1.2955043315887451,1.6299999952316284,1.6399999856948853,1.6100000143051147,1.6399999856948853,29674517,601618.SS,4
2013-08-26,1.3193480968475342,1.659999966621399,1.659999966621399,1.6200000047683716,1.6299999952316284,42986950,601618.SS,0
2013-08-27,1.3193480968475342,1.659999966621399,1.6699999570846558,1.6399999856948853,1.659999966621399,28513073,601618.SS,1
2013-08-28,1.374983310699463,1.7300000190734863,1.7599999904632568,1.6399999856948853,1.649999976158142,123438117,601618.SS,2
2013-08-29,1.3511395454406738,1.7000000476837158,1.7300000190734863,1.690000057220459,1.7100000381469727,63650977,601618.SS,3
2013-08-30,1.3908787965774536,1.75,1.7599999904632568,1.690000057220459,1.7000000476837158,70823319,601618.SS,4
2013-09-02,1.3829312324523926,1.7400000095367432,1.7699999809265137,1.7100000381469727,1.75,48631214,601618.SS,0
2013-09-03,1.3829312324523926,1.7400000095367432,1.75,1.7300000190734863,1.7400000095367432,37742960,601618.SS,1
2013-09-04,1.3829312324523926,1.7400000095367432,1.75,1.7300000190734863,1.7400000095367432,34985638,601618.SS,2
2013-09-05,1.374983310699463,1.7300000190734863,1.7400000095367432,1.7100000381469727,1.7400000095367432,27782806,601618.SS,3
2013-09-06,1.374983310699463,1.7300000190734863,1.75,1.7100000381469727,1.7200000286102295,33328118,601618.SS,4
2013-09-09,1.4147224426269531,1.7799999713897705,1.7899999618530273,1.7300000190734863,1.7300000190734863,70363442,601618.SS,0
2013-09-10,1.4862534999847412,1.8700000047683716,1.9199999570846558,1.7599999904632568,1.7699999809265137,150326527,601618.SS,1
2013-09-11,1.6372630596160889,2.059999942779541,2.059999942779541,1.8799999952316284,1.8799999952316284,271242206,601618.SS,2
2013-09-12,1.589576005935669,2.0,2.059999942779541,1.9700000286102295,2.049999952316284,249273182,601618.SS,3
2013-09-13,1.5259928703308105,1.9199999570846558,1.9900000095367432,1.909999966621399,1.9800000190734863,123275213,601618.SS,4
2013-09-16,1.5180450677871704,1.909999966621399,1.940000057220459,1.909999966621399,1.9199999570846558,47900944,601618.SS,0
2013-09-17,1.4703577756881714,1.850000023841858,1.9199999570846558,1.840000033378601,1.9199999570846558,68371264,601618.SS,1
2013-09-18,1.4862534999847412,1.8700000047683716,1.8700000047683716,1.840000033378601,1.840000033378601,32531634,601618.SS,2
2013-09-23,1.494201421737671,1.8799999952316284,1.8899999856948853,1.8600000143051147,1.8700000047683716,37916325,601618.SS,0
2013-09-24,1.4624098539352417,1.840000033378601,1.8799999952316284,1.8200000524520874,1.8799999952316284,53417854,601618.SS,1
2013-09-25,1.478305697441101,1.8600000143051147,1.8899999856948853,1.8200000524520874,1.8300000429153442,45860621,601618.SS,2
2013-09-26,1.4385662078857422,1.809999942779541,1.8600000143051147,1.7999999523162842,1.850000023841858,40140656,601618.SS,3
2013-09-27,1.4624098539352417,1.840000033378601,1.850000023841858,1.7999999523162842,1.7999999523162842,39636705,601618.SS,4
2013-09-30,1.4624098539352417,1.840000033378601,1.8600000143051147,1.8300000429153442,1.8600000143051147,24754436,601618.SS,0
2013-10-08,1.4624098539352417,1.840000033378601,1.850000023841858,1.809999942779541,1.8300000429153442,27351975,601618.SS,1
2013-10-09,1.4703577756881714,1.850000023841858,1.850000023841858,1.8200000524520874,1.8300000429153442,30700875,601618.SS,2
2013-10-10,1.454461932182312,1.8300000429153442,1.8600000143051147,1.8200000524520874,1.850000023841858,25810475,601618.SS,3
2013-10-11,1.502149224281311,1.8899999856948853,1.9199999570846558,1.8300000429153442,1.840000033378601,61379337,601618.SS,4
2013-10-14,1.5180450677871704,1.909999966621399,1.940000057220459,1.8799999952316284,1.8899999856948853,50590107,601618.SS,0
2013-10-15,1.502149224281311,1.8899999856948853,1.909999966621399,1.8700000047683716,1.899999976158142,36162721,601618.SS,1
2013-10-16,1.4624098539352417,1.840000033378601,1.8899999856948853,1.840000033378601,1.8799999952316284,33989175,601618.SS,2
2013-10-17,1.4624098539352417,1.840000033378601,1.8600000143051147,1.8300000429153442,1.850000023841858,20343618,601618.SS,3
2013-10-18,1.478305697441101,1.8600000143051147,1.8799999952316284,1.8300000429153442,1.840000033378601,30228580,601618.SS,4
2013-10-21,1.4862534999847412,1.8700000047683716,1.8799999952316284,1.840000033378601,1.8600000143051147,25943863,601618.SS,0
2013-10-22,1.4862534999847412,1.8700000047683716,1.8700000047683716,1.850000023841858,1.8600000143051147,19923306,601618.SS,1
2013-10-23,1.4862534999847412,1.8700000047683716,1.909999966621399,1.850000023841858,1.8600000143051147,43181906,601618.SS,2
2013-10-24,1.4703577756881714,1.850000023841858,1.8700000047683716,1.850000023841858,1.8700000047683716,19945489,601618.SS,3
2013-10-25,1.4465141296386719,1.8200000524520874,1.8700000047683716,1.809999942779541,1.850000023841858,27931633,601618.SS,4
2013-10-28,1.4385662078857422,1.809999942779541,1.8200000524520874,1.7999999523162842,1.8200000524520874,20766777,601618.SS,0
2013-10-29,1.4147224426269531,1.7799999713897705,1.840000033378601,1.7599999904632568,1.809999942779541,39341556,601618.SS,1
2013-10-30,1.4624098539352417,1.840000033378601,1.8600000143051147,1.7799999713897705,1.7899999618530273,46878723,601618.SS,2
2013-10-31,1.4703577756881714,1.850000023841858,1.8899999856948853,1.8300000429153442,1.850000023841858,50196016,601618.SS,3
2013-11-01,1.4624098539352417,1.840000033378601,1.8600000143051147,1.8200000524520874,1.8600000143051147,27627732,601618.SS,4
2013-11-04,1.454461932182312,1.8300000429153442,1.850000023841858,1.8300000429153442,1.850000023841858,13414287,601618.SS,0
2013-11-05,1.4624098539352417,1.840000033378601,1.850000023841858,1.7999999523162842,1.8300000429153442,19849520,601618.SS,1
2013-11-06,1.4465141296386719,1.8200000524520874,1.840000033378601,1.809999942779541,1.8300000429153442,22533306,601618.SS,2
2013-11-07,1.4385662078857422,1.809999942779541,1.8300000429153442,1.7999999523162842,1.8200000524520874,16738299,601618.SS,3
2013-11-08,1.430618166923523,1.7999999523162842,1.809999942779541,1.7899999618530273,1.809999942779541,21127153,601618.SS,4
2013-11-11,1.430618166923523,1.7999999523162842,1.809999942779541,1.7899999618530273,1.7899999618530273,14748571,601618.SS,0
2013-11-12,1.4385662078857422,1.809999942779541,1.8200000524520874,1.7999999523162842,1.7999999523162842,13135421,601618.SS,1
2013-11-13,1.4147224426269531,1.7799999713897705,1.809999942779541,1.7699999809265137,1.7999999523162842,19534255,601618.SS,2
2013-11-14,1.4147224426269531,1.7799999713897705,1.7899999618530273,1.7699999809265137,1.7699999809265137,12947661,601618.SS,3
2013-11-15,1.430618166923523,1.7999999523162842,1.8200000524520874,1.7799999713897705,1.7799999713897705,27008416,601618.SS,4
2013-11-18,1.4624098539352417,1.840000033378601,1.840000033378601,1.7999999523162842,1.809999942779541,35320610,601618.SS,0
2013-11-19,1.4624098539352417,1.840000033378601,1.840000033378601,1.8200000524520874,1.8300000429153442,24117485,601618.SS,1
2013-11-20,1.4624098539352417,1.840000033378601,1.850000023841858,1.8200000524520874,1.840000033378601,17699621,601618.SS,2
2013-11-21,1.454461932182312,1.8300000429153442,1.840000033378601,1.8200000524520874,1.840000033378601,19395739,601618.SS,3
2013-11-22,1.454461932182312,1.8300000429153442,1.840000033378601,1.8200000524520874,1.8300000429153442,17049082,601618.SS,4
2013-11-25,1.4465141296386719,1.8200000524520874,1.840000033378601,1.809999942779541,1.8200000524520874,16996605,601618.SS,0
2013-11-26,1.4624098539352417,1.840000033378601,1.840000033378601,1.809999942779541,1.8200000524520874,19477780,601618.SS,1
2013-11-27,1.4624098539352417,1.840000033378601,1.840000033378601,1.8200000524520874,1.8300000429153442,19191607,601618.SS,2
2013-11-28,1.478305697441101,1.8600000143051147,1.8899999856948853,1.8300000429153442,1.840000033378601,50262548,601618.SS,3
2013-11-29,1.478305697441101,1.8600000143051147,1.8700000047683716,1.850000023841858,1.8600000143051147,18704003,601618.SS,4
2013-12-02,1.4624098539352417,1.840000033378601,1.8700000047683716,1.8200000524520874,1.850000023841858,42461292,601618.SS,0
2013-12-03,1.4703577756881714,1.850000023841858,1.8600000143051147,1.8200000524520874,1.8300000429153442,21073850,601618.SS,1
2013-12-04,1.502149224281311,1.8899999856948853,1.909999966621399,1.840000033378601,1.850000023841858,57883576,601618.SS,2
2013-12-05,1.502149224281311,1.8899999856948853,1.8899999856948853,1.8700000047683716,1.8899999856948853,26691992,601618.SS,3
2013-12-06,1.502149224281311,1.8899999856948853,1.8899999856948853,1.8700000047683716,1.8799999952316284,29010882,601618.SS,4
2013-12-09,1.494201421737671,1.8799999952316284,1.909999966621399,1.8700000047683716,1.8899999856948853,18755532,601618.SS,0
2013-12-10,1.494201421737671,1.8799999952316284,1.8899999856948853,1.8600000143051147,1.8799999952316284,22226775,601618.SS,1
2013-12-11,1.4703577756881714,1.850000023841858,1.8799999952316284,1.850000023841858,1.8700000047683716,26876868,601618.SS,2
2013-12-12,1.4703577756881714,1.850000023841858,1.8600000143051147,1.840000033378601,1.850000023841858,17271018,601618.SS,3
2013-12-13,1.454461932182312,1.8300000429153442,1.850000023841858,1.8300000429153442,1.840000033378601,17505074,601618.SS,4
2013-12-16,1.4385662078857422,1.809999942779541,1.850000023841858,1.809999942779541,1.840000033378601,21931422,601618.SS,0
2013-12-17,1.430618166923523,1.7999999523162842,1.8200000524520874,1.7899999618530273,1.809999942779541,18784027,601618.SS,1
2013-12-18,1.430618166923523,1.7999999523162842,1.809999942779541,1.7899999618530273,1.7999999523162842,12978982,601618.SS,2
2013-12-19,1.4067747592926025,1.7699999809265137,1.809999942779541,1.75,1.7999999523162842,45611226,601618.SS,3
2013-12-20,1.374983310699463,1.7300000190734863,1.7699999809265137,1.7200000286102295,1.7699999809265137,32226780,601618.SS,4
2013-12-23,1.3670353889465332,1.7200000286102295,1.7300000190734863,1.7100000381469727,1.7300000190734863,16880991,601618.SS,0
2013-12-24,1.3829312324523926,1.7400000095367432,1.75,1.7200000286102295,1.7300000190734863,14008799,601618.SS,1
2013-12-25,1.3908787965774536,1.75,1.75,1.7300000190734863,1.7400000095367432,8460827,601618.SS,2
2013-12-26,1.3670353889465332,1.7200000286102295,1.75,1.7100000381469727,1.75,14126214,601618.SS,3
2013-12-27,1.3908787965774536,1.75,1.7599999904632568,1.7100000381469727,1.7200000286102295,16856907,601618.SS,4
2013-12-30,1.3908787965774536,1.75,1.7699999809265137,1.75,1.75,12491351,601618.SS,0
2013-12-31,1.3908787965774536,1.75,1.7599999904632568,1.7400000095367432,1.7400000095367432,12264837,601618.SS,1
2014-01-02,1.3908787965774536,1.75,1.7599999904632568,1.7400000095367432,1.75,7669055,601618.SS,3
2014-01-03,1.374983310699463,1.7300000190734863,1.75,1.7100000381469727,1.7400000095367432,17377700,601618.SS,4
2014-01-06,1.335243582725525,1.6799999475479126,1.7300000190734863,1.6699999570846558,1.7200000286102295,22193464,601618.SS,0
2014-01-07,1.335243582725525,1.6799999475479126,1.690000057220459,1.659999966621399,1.6699999570846558,10975181,601618.SS,1
2014-01-08,1.3113999366760254,1.649999976158142,1.7000000476837158,1.6299999952316284,1.6799999475479126,21624230,601618.SS,2
2014-01-09,1.2955043315887451,1.6299999952316284,1.659999966621399,1.6200000047683716,1.6399999856948853,19425971,601618.SS,3
2014-01-10,1.2796086072921753,1.6100000143051147,1.6299999952316284,1.6100000143051147,1.6299999952316284,17394144,601618.SS,4
2014-01-13,1.2955043315887451,1.6299999952316284,1.6399999856948853,1.6100000143051147,1.6100000143051147,20364697,601618.SS,0
2014-01-14,1.3113999366760254,1.649999976158142,1.649999976158142,1.6100000143051147,1.6200000047683716,14252382,601618.SS,1
2014-01-15,1.2955043315887451,1.6299999952316284,1.649999976158142,1.6200000047683716,1.6399999856948853,12567372,601618.SS,2
2014-01-16,1.2955043315887451,1.6299999952316284,1.649999976158142,1.6200000047683716,1.6299999952316284,13919309,601618.SS,3
2014-01-17,1.2796086072921753,1.6100000143051147,1.6299999952316284,1.600000023841858,1.6299999952316284,18799985,601618.SS,4
2014-01-20,1.2875564098358154,1.6200000047683716,1.6200000047683716,1.600000023841858,1.600000023841858,11639825,601618.SS,0
2014-01-21,1.2875564098358154,1.6200000047683716,1.6299999952316284,1.6100000143051147,1.6100000143051147,12604306,601618.SS,1
2014-01-22,1.3113999366760254,1.649999976158142,1.6699999570846558,1.6200000047683716,1.6200000047683716,23514117,601618.SS,2
2014-01-23,1.3113999366760254,1.649999976158142,1.659999966621399,1.6399999856948853,1.649999976158142,14200997,601618.SS,3
2014-01-24,1.3193480968475342,1.659999966621399,1.6699999570846558,1.6399999856948853,1.649999976158142,16719054,601618.SS,4
2014-01-27,1.3113999366760254,1.649999976158142,1.659999966621399,1.6399999856948853,1.659999966621399,15111144,601618.SS,0
2014-01-28,1.335243582725525,1.6799999475479126,1.690000057220459,1.649999976158142,1.649999976158142,25921604,601618.SS,1
2014-01-29,1.3272958993911743,1.6699999570846558,1.6799999475479126,1.6699999570846558,1.6699999570846558,8982490,601618.SS,2
2014-01-30,1.3193480968475342,1.659999966621399,1.6799999475479126,1.659999966621399,1.6699999570846558,12336589,601618.SS,3
2014-02-07,1.335243582725525,1.6799999475479126,1.6799999475479126,1.649999976158142,1.659999966621399,11785456,601618.SS,4
2014-02-10,1.3431919813156128,1.690000057220459,1.7000000476837158,1.6699999570846558,1.6699999570846558,24225856,601618.SS,0
2014-02-11,1.3511395454406738,1.7000000476837158,1.7100000381469727,1.690000057220459,1.690000057220459,29768174,601618.SS,1
2014-02-12,1.3511395454406738,1.7000000476837158,1.7100000381469727,1.690000057220459,1.7100000381469727,16513437,601618.SS,2
2014-02-13,1.3431919813156128,1.690000057220459,1.7100000381469727,1.6799999475479126,1.690000057220459,24101884,601618.SS,3
2014-02-14,1.3590874671936035,1.7100000381469727,1.7100000381469727,1.6799999475479126,1.690000057220459,21759138,601618.SS,4
2014-02-17,1.3590874671936035,1.7100000381469727,1.7200000286102295,1.7000000476837158,1.7100000381469727,26122568,601618.SS,0
2014-02-18,1.3431919813156128,1.690000057220459,1.7200000286102295,1.690000057220459,1.7100000381469727,19290966,601618.SS,1
2014-02-19,1.3670353889465332,1.7200000286102295,1.7400000095367432,1.6799999475479126,1.690000057220459,45854351,601618.SS,2
2014-02-20,1.374983310699463,1.7300000190734863,1.7699999809265137,1.7100000381469727,1.7200000286102295,46980771,601618.SS,3
2014-02-21,1.3431919813156128,1.690000057220459,1.7300000190734863,1.6799999475479126,1.7300000190734863,30028236,601618.SS,4
2014-02-24,1.3113999366760254,1.649999976158142,1.690000057220459,1.6399999856948853,1.6799999475479126,32397156,601618.SS,0
2014-02-25,1.303452491760254,1.6399999856948853,1.6699999570846558,1.6299999952316284,1.649999976158142,25156598,601618.SS,1
2014-02-26,1.2875564098358154,1.6200000047683716,1.649999976158142,1.590000033378601,1.6399999856948853,53008569,601618.SS,2
2014-02-27,1.2875564098358154,1.6200000047683716,1.6399999856948853,1.6100000143051147,1.6100000143051147,32189990,601618.SS,3
2014-02-28,1.303452491760254,1.6399999856948853,1.6399999856948853,1.6100000143051147,1.6200000047683716,21197942,601618.SS,4
2014-03-03,1.3113999366760254,1.649999976158142,1.659999966621399,1.6200000047683716,1.6299999952316284,26186792,601618.SS,0
2014-03-04,1.303452491760254,1.6399999856948853,1.649999976158142,1.6200000047683716,1.6399999856948853,18797268,601618.SS,1
2014-03-05,1.2955043315887451,1.6299999952316284,1.6399999856948853,1.6200000047683716,1.6399999856948853,12354192,601618.SS,2
2014-03-06,1.303452491760254,1.6399999856948853,1.6399999856948853,1.6100000143051147,1.6200000047683716,15244070,601618.SS,3
2014-03-07,1.2955043315887451,1.6299999952316284,1.6399999856948853,1.6200000047683716,1.6299999952316284,19287576,601618.SS,4
2014-03-10,1.2637128829956055,1.590000033378601,1.6299999952316284,1.5800000429153442,1.6200000047683716,23849629,601618.SS,0
2014-03-11,1.2716606855392456,1.600000023841858,1.600000023841858,1.5800000429153442,1.590000033378601,25541258,601618.SS,1
2014-03-12,1.2796086072921753,1.6100000143051147,1.6200000047683716,1.590000033378601,1.600000023841858,22932431,601618.SS,2
2014-03-13,1.2875564098358154,1.6200000047683716,1.6299999952316284,1.600000023841858,1.6100000143051147,21186848,601618.SS,3
2014-03-14,1.2796086072921753,1.6100000143051147,1.6200000047683716,1.590000033378601,1.6100000143051147,19770656,601618.SS,4
2014-03-17,1.2955043315887451,1.6299999952316284,1.6399999856948853,1.6100000143051147,1.6100000143051147,20987359,601618.SS,0
2014-03-18,1.2955043315887451,1.6299999952316284,1.6399999856948853,1.6200000047683716,1.6299999952316284,11535102,601618.SS,1
2014-03-19,1.2955043315887451,1.6299999952316284,1.6299999952316284,1.6100000143051147,1.6200000047683716,13022348,601618.SS,2
2014-03-20,1.2875564098358154,1.6200000047683716,1.6399999856948853,1.6100000143051147,1.6200000047683716,24087263,601618.SS,3
2014-03-21,1.3193480968475342,1.659999966621399,1.6699999570846558,1.6100000143051147,1.6100000143051147,50884917,601618.SS,4
2014-03-24,1.3590874671936035,1.7100000381469727,1.7100000381469727,1.6399999856948853,1.649999976158142,75573635,601618.SS,0
2014-03-25,1.3431919813156128,1.690000057220459,1.7300000190734863,1.6799999475479126,1.7000000476837158,51706463,601618.SS,1
2014-03-26,1.335243582725525,1.6799999475479126,1.7000000476837158,1.6699999570846558,1.7000000476837158,22844106,601618.SS,2
2014-03-27,1.3272958993911743,1.6699999570846558,1.690000057220459,1.659999966621399,1.6799999475479126,25096601,601618.SS,3
2014-03-28,1.335243582725525,1.6799999475479126,1.690000057220459,1.659999966621399,1.6699999570846558,22794417,601618.SS,4
2014-03-31,1.335243582725525,1.6799999475479126,1.7100000381469727,1.6799999475479126,1.7000000476837158,34449182,601618.SS,0
2014-04-01,1.3590874671936035,1.7100000381469727,1.7100000381469727,1.6799999475479126,1.6799999475479126,26526664,601618.SS,1
2014-04-02,1.3670353889465332,1.7200000286102295,1.7200000286102295,1.7000000476837158,1.7100000381469727,20996585,601618.SS,2
2014-04-03,1.3431919813156128,1.690000057220459,1.7200000286102295,1.6799999475479126,1.7100000381469727,27791845,601618.SS,3
2014-04-04,1.3511395454406738,1.7000000476837158,1.7100000381469727,1.6799999475479126,1.6799999475479126,12550347,601618.SS,4
2014-04-08,1.374983310699463,1.7300000190734863,1.7400000095367432,1.690000057220459,1.7000000476837158,41765038,601618.SS,1
2014-04-09,1.3670353889465332,1.7200000286102295,1.7400000095367432,1.7200000286102295,1.7300000190734863,17591374,601618.SS,2
2014-04-10,1.3988267183303833,1.7599999904632568,1.7699999809265137,1.7000000476837158,1.7200000286102295,73983662,601618.SS,3
2014-04-11,1.3829312324523926,1.7400000095367432,1.75,1.7300000190734863,1.7400000095367432,40828347,601618.SS,4
2014-04-14,1.374983310699463,1.7300000190734863,1.7400000095367432,1.7200000286102295,1.7400000095367432,24681277,601618.SS,0
2014-04-15,1.3590874671936035,1.7100000381469727,1.7300000190734863,1.7000000476837158,1.7300000190734863,22134664,601618.SS,1
2014-04-16,1.3590874671936035,1.7100000381469727,1.7200000286102295,1.7000000476837158,1.7100000381469727,11843475,601618.SS,2
2014-04-17,1.3590874671936035,1.7100000381469727,1.7200000286102295,1.7000000476837158,1.7100000381469727,15630545,601618.SS,3
2014-04-18,1.3590874671936035,1.7100000381469727,1.7200000286102295,1.7000000476837158,1.7100000381469727,19874237,601618.SS,4
2014-04-21,1.335243582725525,1.6799999475479126,1.7100000381469727,1.6799999475479126,1.7000000476837158,14051165,601618.SS,0
2014-04-22,1.335243582725525,1.6799999475479126,1.690000057220459,1.659999966621399,1.6799999475479126,16209815,601618.SS,1
2014-04-23,1.335243582725525,1.6799999475479126,1.690000057220459,1.6699999570846558,1.6699999570846558,12457152,601618.SS,2
2014-04-24,1.335243582725525,1.6799999475479126,1.690000057220459,1.6699999570846558,1.6799999475479126,12190743,601618.SS,3
2014-04-25,1.3113999366760254,1.649999976158142,1.6799999475479126,1.649999976158142,1.6799999475479126,14500455,601618.SS,4
2014-04-28,1.2955043315887451,1.6299999952316284,1.659999966621399,1.6299999952316284,1.659999966621399,19878432,601618.SS,0
2014-04-29,1.303452491760254,1.6399999856948853,1.649999976158142,1.6200000047683716,1.6299999952316284,12545069,601618.SS,1
2014-04-30,1.3193480968475342,1.659999966621399,1.659999966621399,1.6299999952316284,1.6399999856948853,16066795,601618.SS,2
2014-05-05,1.3113999366760254,1.649999976158142,1.6699999570846558,1.6399999856948853,1.649999976158142,18257607,601618.SS,0
2014-05-06,1.3193480968475342,1.659999966621399,1.6699999570846558,1.6399999856948853,1.649999976158142,17122895,601618.SS,1
2014-05-07,1.3113999366760254,1.649999976158142,1.659999966621399,1.6399999856948853,1.659999966621399,10158133,601618.SS,2
2014-05-08,1.3193480968475342,1.659999966621399,1.6699999570846558,1.6399999856948853,1.6399999856948853,15287499,601618.SS,3
2014-05-09,1.3988267183303833,1.7599999904632568,1.7699999809265137,1.649999976158142,1.659999966621399,96030416,601618.SS,4
2014-05-12,1.422670602798462,1.7899999618530273,1.8200000524520874,1.7400000095367432,1.7799999713897705,158190120,601618.SS,0
2014-05-13,1.4067747592926025,1.7699999809265137,1.8600000143051147,1.75,1.7899999618530273,118682310,601618.SS,1
2014-05-14,1.3908787965774536,1.75,1.7899999618530273,1.7400000095367432,1.75,54850576,601618.SS,2
2014-05-15,1.3670353889465332,1.7200000286102295,1.7400000095367432,1.7100000381469727,1.7200000286102295,44680082,601618.SS,3
2014-05-16,1.374983310699463,1.7300000190734863,1.7300000190734863,1.7000000476837158,1.7100000381469727,20699066,601618.SS,4
2014-05-19,1.3511395454406738,1.7000000476837158,1.7200000286102295,1.690000057220459,1.7200000286102295,29351929,601618.SS,0
2014-05-20,1.3511395454406738,1.7000000476837158,1.7200000286102295,1.6799999475479126,1.7100000381469727,25127802,601618.SS,1
2014-05-21,1.3511395454406738,1.7000000476837158,1.7000000476837158,1.6699999570846558,1.690000057220459,28966617,601618.SS,2
2014-05-22,1.3431919813156128,1.690000057220459,1.7100000381469727,1.6799999475479126,1.690000057220459,21028134,601618.SS,3
2014-05-23,1.3511395454406738,1.7000000476837158,1.7000000476837158,1.6699999570846558,1.690000057220459,19652091,601618.SS,4
2014-05-26,1.335243582725525,1.6799999475479126,1.7100000381469727,1.6799999475479126,1.7000000476837158,18019642,601618.SS,0
2014-05-27,1.3431919813156128,1.690000057220459,1.7000000476837158,1.6799999475479126,1.690000057220459,12500747,601618.SS,1
2014-05-28,1.3511395454406738,1.7000000476837158,1.7000000476837158,1.6799999475479126,1.690000057220459,14368966,601618.SS,2
2014-05-29,1.3431919813156128,1.690000057220459,1.7100000381469727,1.6799999475479126,1.690000057220459,22742756,601618.SS,3
2014-05-30,1.3511395454406738,1.7000000476837158,1.7100000381469727,1.6799999475479126,1.690000057220459,17088107,601618.SS,4
2014-06-03,1.374983310699463,1.7300000190734863,1.7400000095367432,1.690000057220459,1.7000000476837158,36512702,601618.SS,1
2014-06-04,1.3511395454406738,1.7000000476837158,1.7200000286102295,1.6799999475479126,1.7100000381469727,26511864,601618.SS,2
2014-06-05,1.3431919813156128,1.690000057220459,1.7000000476837158,1.6799999475479126,1.690000057220459,17496851,601618.SS,3
2014-06-06,1.3511395454406738,1.7000000476837158,1.7100000381469727,1.6799999475479126,1.690000057220459,13231567,601618.SS,4
2014-06-09,1.3431919813156128,1.690000057220459,1.7000000476837158,1.6799999475479126,1.690000057220459,10761368,601618.SS,0
2014-06-10,1.3511395454406738,1.7000000476837158,1.7000000476837158,1.6799999475479126,1.690000057220459,14391075,601618.SS,1
2014-06-11,1.3511395454406738,1.7000000476837158,1.7000000476837158,1.690000057220459,1.7000000476837158,11520546,601618.SS,2
2014-06-12,1.3511395454406738,1.7000000476837158,1.7100000381469727,1.690000057220459,1.7000000476837158,13409221,601618.SS,3
2014-06-13,1.3590874671936035,1.7100000381469727,1.7100000381469727,1.690000057220459,1.7000000476837158,22843359,601618.SS,4
2014-06-16,1.3670353889465332,1.7200000286102295,1.7300000190734863,1.7000000476837158,1.7000000476837158,27788507,601618.SS,0
2014-06-17,1.3670353889465332,1.7200000286102295,1.7200000286102295,1.7000000476837158,1.7200000286102295,22604788,601618.SS,1
2014-06-18,1.3511395454406738,1.7000000476837158,1.7100000381469727,1.690000057220459,1.7100000381469727,22325314,601618.SS,2
2014-06-19,1.335243582725525,1.6799999475479126,1.7100000381469727,1.6699999570846558,1.7000000476837158,20956771,601618.SS,3
2014-06-20,1.3431919813156128,1.690000057220459,1.690000057220459,1.6699999570846558,1.6699999570846558,15302095,601618.SS,4
2014-06-23,1.335243582725525,1.6799999475479126,1.7000000476837158,1.6799999475479126,1.6799999475479126,13962884,601618.SS,0
2014-06-24,1.3431919813156128,1.690000057220459,1.7000000476837158,1.6799999475479126,1.690000057220459,17237777,601618.SS,1
2014-06-25,1.3431919813156128,1.690000057220459,1.690000057220459,1.6799999475479126,1.690000057220459,9289994,601618.SS,2
2014-06-26,1.3431919813156128,1.690000057220459,1.7000000476837158,1.6799999475479126,1.690000057220459,14469130,601618.SS,3
2014-06-27,1.3590874671936035,1.7100000381469727,1.7100000381469727,1.6799999475479126,1.690000057220459,21337649,601618.SS,4
2014-06-30,1.3590874671936035,1.7100000381469727,1.7200000286102295,1.7000000476837158,1.7000000476837158,18054859,601618.SS,0
2014-07-01,1.3590874671936035,1.7100000381469727,1.7200000286102295,1.7000000476837158,1.7100000381469727,27502526,601618.SS,1
2014-07-02,1.3590874671936035,1.7100000381469727,1.7200000286102295,1.7000000476837158,1.7100000381469727,21593501,601618.SS,2
2014-07-03,1.3829312324523926,1.7400000095367432,1.75,1.7100000381469727,1.7100000381469727,53333535,601618.SS,3
2014-07-04,1.374983310699463,1.7300000190734863,1.7400000095367432,1.7200000286102295,1.7300000190734863,20669775,601618.SS,4
2014-07-07,1.3670353889465332,1.7200000286102295,1.7300000190734863,1.7000000476837158,1.7300000190734863,19754488,601618.SS,0
2014-07-08,1.3670353889465332,1.7200000286102295,1.7200000286102295,1.7100000381469727,1.7100000381469727,17474382,601618.SS,1
2014-07-09,1.3511395454406738,1.7000000476837158,1.7200000286102295,1.7000000476837158,1.7200000286102295,26124235,601618.SS,2
2014-07-10,1.3590874671936035,1.7100000381469727,1.7200000286102295,1.690000057220459,1.7000000476837158,24555110,601618.SS,3
2014-07-11,1.3829312324523926,1.7400000095367432,1.7400000095367432,1.7000000476837158,1.7000000476837158,34160494,601618.SS,4
2014-07-14,1.3908787965774536,1.75,1.75,1.7300000190734863,1.7400000095367432,30537374,601618.SS,0
2014-07-15,1.408172369003296,1.7100000381469727,1.7100000381469727,1.690000057220459,1.7000000476837158,40273283,601618.SS,1
2014-07-16,1.457581877708435,1.7699999809265137,1.7699999809265137,1.7000000476837158,1.7000000476837158,125226099,601618.SS,2
2014-07-17,1.4246423244476318,1.7300000190734863,1.7599999904632568,1.7200000286102295,1.7599999904632568,58540669,601618.SS,3
2014-07-18,1.4328773021697998,1.7400000095367432,1.7599999904632568,1.7200000286102295,1.7200000286102295,48677295,601618.SS,4
2014-07-21,1.4246423244476318,1.7300000190734863,1.75,1.7300000190734863,1.7400000095367432,22181703,601618.SS,0
2014-07-22,1.4411119222640991,1.75,1.75,1.7200000286102295,1.7300000190734863,47540942,601618.SS,1
2014-07-23,1.449346899986267,1.7599999904632568,1.7699999809265137,1.7400000095367432,1.75,41976267,601618.SS,2
2014-07-24,1.457581877708435,1.7699999809265137,1.7799999713897705,1.75,1.7599999904632568,68393673,601618.SS,3
2014-07-25,1.474051833152771,1.7899999618530273,1.7899999618530273,1.7599999904632568,1.7699999809265137,53890058,601618.SS,4
2014-07-28,1.4987565279006958,1.8200000524520874,1.840000033378601,1.7899999618530273,1.7899999618530273,117359185,601618.SS,0
2014-07-29,1.5152263641357422,1.840000033378601,1.850000023841858,1.809999942779541,1.8200000524520874,76200229,601618.SS,1
2014-07-30,1.4905215501785278,1.809999942779541,1.840000033378601,1.809999942779541,1.8300000429153442,65858815,601618.SS,2
2014-07-31,1.5152263641357422,1.840000033378601,1.840000033378601,1.7999999523162842,1.809999942779541,63800892,601618.SS,3
2014-08-01,1.4987565279006958,1.8200000524520874,1.850000023841858,1.809999942779541,1.8300000429153442,69837224,601618.SS,4
2014-08-04,1.5234612226486206,1.850000023841858,1.850000023841858,1.809999942779541,1.809999942779541,60837447,601618.SS,0
2014-08-05,1.548166036605835,1.8799999952316284,1.8899999856948853,1.840000033378601,1.850000023841858,97797110,601618.SS,1
2014-08-06,1.622280478477478,1.9700000286102295,2.0299999713897705,1.850000023841858,1.8700000047683716,249246292,601618.SS,2
2014-08-07,1.5728708505630493,1.909999966621399,1.9700000286102295,1.899999976158142,1.9600000381469727,156193133,601618.SS,3
2014-08-08,1.5564008951187134,1.8899999856948853,1.9199999570846558,1.8799999952316284,1.899999976158142,63527796,601618.SS,4
2014-08-11,1.6058104038238525,1.9500000476837158,1.9500000476837158,1.8899999856948853,1.8899999856948853,74025434,601618.SS,0
2014-08-12,1.5975757837295532,1.940000057220459,1.9500000476837158,1.9199999570846558,1.9500000476837158,46918056,601618.SS,1
2014-08-13,1.5975757837295532,1.940000057220459,1.9500000476837158,1.909999966621399,1.9299999475479126,55766675,601618.SS,2
2014-08-14,1.5893404483795166,1.9299999475479126,1.9600000381469727,1.9199999570846558,1.940000057220459,63017299,601618.SS,3
2014-08-15,1.5975757837295532,1.940000057220459,1.9500000476837158,1.9199999570846558,1.9199999570846558,45454670,601618.SS,4
2014-08-18,1.5975757837295532,1.940000057220459,1.9600000381469727,1.9299999475479126,1.940000057220459,54410820,601618.SS,0
2014-08-19,1.5975757837295532,1.940000057220459,1.9500000476837158,1.9199999570846558,1.940000057220459,56876117,601618.SS,1
2014-08-20,1.6058104038238525,1.9500000476837158,1.9500000476837158,1.9199999570846558,1.9299999475479126,49896194,601618.SS,2
2014-08-21,1.5811057090759277,1.9199999570846558,1.940000057220459,1.909999966621399,1.940000057220459,42167742,601618.SS,3
2014-08-22,1.5893404483795166,1.9299999475479126,1.9299999475479126,1.909999966621399,1.9199999570846558,43274724,601618.SS,4
2014-08-25,1.5811057090759277,1.9199999570846558,1.940000057220459,1.909999966621399,1.9299999475479126,39474113,601618.SS,0
2014-08-26,1.548166036605835,1.8799999952316284,1.9299999475479126,1.8700000047683716,1.9199999570846558,56313685,601618.SS,1
2014-08-27,1.548166036605835,1.8799999952316284,1.8899999856948853,1.8700000047683716,1.8799999952316284,25411986,601618.SS,2
2014-08-28,1.5234612226486206,1.850000023841858,1.8799999952316284,1.840000033378601,1.8799999952316284,37306726,601618.SS,3
2014-08-29,1.548166036605835,1.8799999952316284,1.8799999952316284,1.840000033378601,1.840000033378601,30649133,601618.SS,4
2014-09-01,1.548166036605835,1.8799999952316284,1.8899999856948853,1.8600000143051147,1.8700000047683716,57296045,601618.SS,0
2014-09-02,1.5646357536315918,1.899999976158142,1.909999966621399,1.8700000047683716,1.8799999952316284,76954270,601618.SS,1
2014-09-03,1.5728708505630493,1.909999966621399,1.9299999475479126,1.899999976158142,1.909999966621399,67692747,601618.SS,2
2014-09-04,1.5893404483795166,1.9299999475479126,1.9299999475479126,1.899999976158142,1.9199999570846558,64124003,601618.SS,3
2014-09-05,1.6140453815460205,1.9600000381469727,1.9600000381469727,1.9199999570846558,1.9299999475479126,109635981,601618.SS,4
2014-09-09,1.6305153369903564,1.9800000190734863,1.9900000095367432,1.9500000476837158,1.9600000381469727,101164886,601618.SS,1
2014-09-10,1.6305153369903564,1.9800000190734863,1.9800000190734863,1.9500000476837158,1.9700000286102295,72077509,601618.SS,2
2014-09-11,1.622280478477478,1.9700000286102295,2.0199999809265137,1.9600000381469727,1.9700000286102295,117069617,601618.SS,3
2014-09-12,1.7128643989562988,2.0799999237060547,2.1600000858306885,1.9500000476837158,1.9600000381469727,264871427,601618.SS,4
2014-09-15,1.7293342351913452,2.0999999046325684,2.130000114440918,2.059999942779541,2.069999933242798,140699671,601618.SS,0
2014-09-16,1.9022679328918457,2.309999942779541,2.309999942779541,2.0799999237060547,2.0999999046325684,474830605,601618.SS,1
2014-09-17,1.9516772031784058,2.369999885559082,2.4800000190734863,2.299999952316284,2.3399999141693115,757652571,601618.SS,2
2014-09-18,1.8775631189346313,2.2799999713897705,2.319999933242798,2.2300000190734863,2.299999952316284,346615696,601618.SS,3
2014-09-19,1.9269723892211914,2.3399999141693115,2.440000057220459,2.2300000190734863,2.2699999809265137,362214039,601618.SS,4
2014-09-22,1.852858543395996,2.25,2.299999952316284,2.240000009536743,2.299999952316284,190850436,601618.SS,0
2014-09-23,1.910502552986145,2.319999933242798,2.359999895095825,2.2300000190734863,2.259999990463257,228033630,601618.SS,1
2014-09-24,2.0999057292938232,2.549999952316284,2.549999952316284,2.319999933242798,2.3299999237060547,621580740,601618.SS,2
2014-09-25,2.0999057292938232,2.549999952316284,2.700000047683716,2.509999990463257,2.609999895095825,631113927,601618.SS,3
2014-09-26,2.0916712284088135,2.5399999618530273,2.569999933242798,2.4600000381469727,2.509999990463257,226165287,601618.SS,4
2014-09-29,2.15755033493042,2.619999885559082,2.6600000858306885,2.5399999618530273,2.5399999618530273,267753560,601618.SS,0
2014-09-30,2.141080856323242,2.5999999046325684,2.6600000858306885,2.5799999237060547,2.6500000953674316,167261171,601618.SS,1
2014-10-08,2.141080856323242,2.5999999046325684,2.609999895095825,2.549999952316284,2.5999999046325684,173592595,601618.SS,2
2014-10-09,2.2646048069000244,2.75,2.8399999141693115,2.559999942779541,2.5999999046325684,393472035,601618.SS,3
2014-10-10,2.2316648960113525,2.7100000381469727,2.7799999713897705,2.6500000953674316,2.680000066757202,218740411,601618.SS,4
2014-10-13,2.215195417404175,2.690000057220459,2.7300000190734863,2.5999999046325684,2.6700000762939453,201365893,601618.SS,0
2014-10-14,2.2398996353149414,2.7200000286102295,2.8399999141693115,2.630000114440918,2.6700000762939453,250898147,601618.SS,1
2014-10-15,2.2316648960113525,2.7100000381469727,2.7699999809265137,2.6600000858306885,2.700000047683716,170929508,601618.SS,2
2014-10-16,2.198725461959839,2.6700000762939453,2.8299999237060547,2.6600000858306885,2.7100000381469727,241893525,601618.SS,3
2014-10-17,2.1163759231567383,2.569999933242798,2.6500000953674316,2.509999990463257,2.640000104904175,206732187,601618.SS,4
2014-10-20,2.124610662460327,2.5799999237060547,2.5999999046325684,2.5299999713897705,2.569999933242798,102016901,601618.SS,0
2014-10-21,2.0587317943573,2.5,2.5799999237060547,2.4800000190734863,2.5799999237060547,161264493,601618.SS,1
2014-10-22,2.009322166442871,2.440000057220459,2.5199999809265137,2.430000066757202,2.5,94510228,601618.SS,2
2014-10-23,1.9846171140670776,2.4100000858306885,2.4600000381469727,2.4000000953674316,2.430000066757202,98633506,601618.SS,3
2014-10-24,1.9928518533706665,2.4200000762939453,2.430000066757202,2.390000104904175,2.4100000858306885,67230534,601618.SS,4
2014-10-27,1.9187374114990234,2.3299999237060547,2.4000000953674316,2.319999933242798,2.4000000953674316,117868780,601618.SS,0
2014-10-28,2.0504965782165527,2.490000009536743,2.509999990463257,2.3299999237060547,2.3399999141693115,201593841,601618.SS,1
2014-10-29,2.0834362506866455,2.5299999713897705,2.569999933242798,2.450000047683716,2.5,188818400,601618.SS,2
2014-10-30,2.141080856323242,2.5999999046325684,2.6600000858306885,2.490000009536743,2.5299999713897705,256153416,601618.SS,3
2014-10-31,2.149315357208252,2.609999895095825,2.680000066757202,2.5799999237060547,2.5999999046325684,205782683,601618.SS,4
2014-11-03,2.2234299182891846,2.700000047683716,2.7200000286102295,2.5999999046325684,2.619999885559082,284920335,601618.SS,0
2014-11-04,2.445772647857666,2.9700000286102295,2.9700000286102295,2.680000066757202,2.690000057220459,452192925,601618.SS,1
2014-11-05,2.3634238243103027,2.869999885559082,3.109999895095825,2.859999895095825,3.0799999237060547,568156342,601618.SS,2
2014-11-06,2.4128332138061523,2.930000066757202,2.950000047683716,2.7899999618530273,2.809999942779541,344704911,601618.SS,3
2014-11-07,2.305779218673706,2.799999952316284,2.950000047683716,2.759999990463257,2.930000066757202,329691345,601618.SS,4
2014-11-10,2.4210681915283203,2.940000057220459,2.9800000190734863,2.75,2.809999942779541,329330370,601618.SS,0
2014-11-11,2.3304836750030518,2.8299999237060547,2.9600000381469727,2.7799999713897705,2.950000047683716,274490495,601618.SS,1
2014-11-12,2.3304836750030518,2.8299999237060547,2.8399999141693115,2.75,2.799999952316284,155011614,601618.SS,2
2014-11-13,2.272839307785034,2.759999990463257,2.819999933242798,2.7200000286102295,2.809999942779541,169221858,601618.SS,3
2014-11-14,2.28930926322937,2.7799999713897705,2.859999895095825,2.75,2.759999990463257,132949949,601618.SS,4
2014-11-17,2.2563698291778564,2.740000009536743,2.819999933242798,2.7100000381469727,2.7799999713897705,98859021,601618.SS,0
2014-11-18,2.28930926322937,2.7799999713897705,2.799999952316284,2.7200000286102295,2.759999990463257,140066930,601618.SS,1
2014-11-19,2.2563698291778564,2.740000009536743,2.7699999809265137,2.7200000286102295,2.759999990463257,78729080,601618.SS,2
2014-11-20,2.2563698291778564,2.740000009536743,2.7899999618530273,2.7200000286102295,2.7300000190734863,87500709,601618.SS,3
2014-11-21,2.297544240951538,2.7899999618530273,2.7899999618530273,2.7200000286102295,2.740000009536743,104927029,601618.SS,4
2014-11-24,2.3881287574768066,2.9000000953674316,2.9200000762939453,2.7899999618530273,2.819999933242798,302894277,601618.SS,0
2014-11-25,2.3963632583618164,2.9100000858306885,2.9200000762939453,2.8499999046325684,2.890000104904175,186098320,601618.SS,1
2014-11-26,2.3634238243103027,2.869999885559082,2.9200000762939453,2.8399999141693115,2.9000000953674316,154653894,601618.SS,2
2014-11-27,2.3881287574768066,2.9000000953674316,2.950000047683716,2.8399999141693115,2.880000114440918,251124641,601618.SS,3
2014-11-28,2.3963632583618164,2.9100000858306885,2.950000047683716,2.8499999046325684,2.869999885559082,249931288,601618.SS,4
2014-12-01,2.3798935413360596,2.890000104904175,2.940000057220459,2.869999885559082,2.9100000858306885,187628614,601618.SS,0
2014-12-02,2.445772647857666,2.9700000286102295,3.0399999618530273,2.859999895095825,2.880000114440918,331591106,601618.SS,1
2014-12-03,2.5116524696350098,3.049999952316284,3.1500000953674316,2.9600000381469727,2.9700000286102295,431649002,601618.SS,2
2014-12-04,2.5610618591308594,3.109999895095825,3.130000114440918,3.009999990463257,3.0399999618530273,349023800,601618.SS,3
2014-12-05,2.47047758102417,3.0,3.119999885559082,2.890000104904175,3.109999895095825,344892892,601618.SS,4
2014-12-08,2.6598808765411377,3.2300000190734863,3.2799999713897705,2.9100000858306885,2.9700000286102295,521351752,601618.SS,0
2014-12-09,2.60223650932312,3.1600000858306885,3.509999990463257,3.130000114440918,3.180000066757202,722283293,601618.SS,1
2014-12-10,2.7422304153442383,3.3299999237060547,3.3399999141693115,3.119999885559082,3.1600000858306885,395577707,601618.SS,2
2014-12-11,2.791639804840088,3.390000104904175,3.440000057220459,3.2200000286102295,3.3499999046325684,360153492,601618.SS,3
2014-12-12,2.948103666305542,3.5799999237060547,3.609999895095825,3.3399999141693115,3.4100000858306885,474971043,601618.SS,4
2014-12-15,3.244560956954956,3.940000057220459,3.940000057220459,3.450000047683716,3.549999952316284,569559455,601618.SS,0
2014-12-16,3.417494058609009,4.150000095367432,4.320000171661377,3.9700000286102295,3.990000009536743,844737277,601618.SS,1
2014-12-17,3.4586684703826904,4.199999809265137,4.389999866485596,4.050000190734863,4.130000114440918,589346492,601618.SS,2
2014-12-18,3.8045358657836914,4.619999885559082,4.619999885559082,4.059999942779541,4.159999847412109,807110991,601618.SS,3
2014-12-19,4.183342456817627,5.079999923706055,5.079999923706055,4.5,4.559999942779541,793320148,601618.SS,4
2014-12-22,4.04334831237793,4.909999847412109,5.590000152587891,4.690000057220459,5.380000114440918,1096424746,601618.SS,0
2014-12-23,3.7880661487579346,4.599999904632568,5.139999866485596,4.420000076293945,4.760000228881836,575011296,601618.SS,1
2014-12-24,3.6233673095703125,4.400000095367432,4.650000095367432,4.28000020980835,4.539999961853027,440649708,601618.SS,2
2014-12-25,3.985703706741333,4.840000152587891,4.840000152587891,4.380000114440918,4.409999847412109,533409196,601618.SS,3
2014-12-26,4.026878356933594,4.889999866485596,5.150000095367432,4.710000038146973,4.920000076293945,731778660,601618.SS,4
2014-12-29,4.224517822265625,5.130000114440918,5.300000190734863,4.710000038146973,4.800000190734863,703385612,601618.SS,0
2014-12-30,4.158638000488281,5.050000190734863,5.179999828338623,4.940000057220459,5.019999980926514,415380478,601618.SS,1
2014-12-31,4.158638000488281,5.050000190734863,5.150000095367432,4.960000038146973,5.070000171661377,375273349,601618.SS,2
2015-01-05,4.150402545928955,5.039999961853027,5.139999866485596,4.900000095367432,4.920000076293945,431226947,601618.SS,0
2015-01-06,4.026878356933594,4.889999866485596,5.019999980926514,4.800000190734863,4.949999809265137,374033025,601618.SS,1
2015-01-07,4.076287746429443,4.949999809265137,5.019999980926514,4.869999885559082,4.900000095367432,265364438,601618.SS,2
2015-01-08,3.829240322113037,4.650000095367432,4.929999828338623,4.619999885559082,4.900000095367432,328513701,601618.SS,3
2015-01-09,3.837474822998047,4.659999847412109,4.920000076293945,4.550000190734863,4.619999885559082,334858817,601618.SS,4
2015-01-12,3.6316020488739014,4.409999847412109,4.590000152587891,4.349999904632568,4.590000152587891,223928380,601618.SS,0
2015-01-13,3.6316020488739014,4.409999847412109,4.5,4.369999885559082,4.380000114440918,118076993,601618.SS,1
2015-01-14,3.6151323318481445,4.389999866485596,4.480000019073486,4.320000171661377,4.449999809265137,109979917,601618.SS,2
2015-01-15,3.738656520843506,4.539999961853027,4.550000190734863,4.320000171661377,4.369999885559082,169253314,601618.SS,3
2015-01-16,3.7798311710357666,4.590000152587891,4.710000038146973,4.510000228881836,4.550000190734863,175019240,601618.SS,4
2015-01-19,3.401024580001831,4.130000114440918,4.420000076293945,4.130000114440918,4.349999904632568,234219308,601618.SS,0
2015-01-20,3.4339640140533447,4.170000076293945,4.25,4.019999980926514,4.019999980926514,188228369,601618.SS,1
2015-01-21,3.5821921825408936,4.349999904632568,4.349999904632568,4.099999904632568,4.199999809265137,253482653,601618.SS,2
2015-01-22,3.557488203048706,4.320000171661377,4.360000133514404,4.269999980926514,4.320000171661377,183242162,601618.SS,3
2015-01-23,3.557488203048706,4.320000171661377,4.429999828338623,4.300000190734863,4.340000152587891,178745411,601618.SS,4
2015-01-26,3.54101824760437,4.300000190734863,4.309999942779541,4.21999979019165,4.269999980926514,135349962,601618.SS,0
2015-01-27,3.6233673095703125,4.400000095367432,4.460000038146973,4.230000019073486,4.309999942779541,284352480,601618.SS,1
2015-01-28,3.557488203048706,4.320000171661377,4.429999828338623,4.28000020980835,4.360000133514404,174751789,601618.SS,2
2015-01-29,3.4833736419677734,4.230000019073486,4.320000171661377,4.210000038146973,4.269999980926514,115377595,601618.SS,3
2015-01-30,3.392788887023926,4.119999885559082,4.28000020980835,4.110000133514404,4.230000019073486,124724388,601618.SS,4
2015-02-02,3.219855546951294,3.9100000858306885,4.059999942779541,3.890000104904175,4.050000190734863,132499867,601618.SS,0
2015-02-03,3.3351447582244873,4.050000190734863,4.079999923706055,3.9100000858306885,3.940000057220459,127065745,601618.SS,1
2015-02-04,3.3516149520874023,4.070000171661377,4.170000076293945,3.9800000190734863,4.019999980926514,151790624,601618.SS,2
2015-02-05,3.244560956954956,3.940000057220459,4.150000095367432,3.930000066757202,4.119999885559082,116253019,601618.SS,3
2015-02-06,3.104566812515259,3.7699999809265137,3.940000057220459,3.75,3.930000066757202,139054365,601618.SS,4
2015-02-09,3.1292715072631836,3.799999952316284,3.8499999046325684,3.680000066757202,3.740000009536743,109239131,601618.SS,0
2015-02-10,3.1951515674591064,3.880000114440918,3.9000000953674316,3.759999990463257,3.7899999618530273,94279199,601618.SS,1
2015-02-11,3.1869161128997803,3.869999885559082,3.930000066757202,3.8499999046325684,3.890000104904175,75609136,601618.SS,2
2015-02-12,3.2033863067626953,3.890000104904175,3.930000066757202,3.8399999141693115,3.859999895095825,80463496,601618.SS,3
2015-02-13,3.2857353687286377,3.990000009536743,4.050000190734863,3.9700000286102295,3.9800000190734863,134326367,601618.SS,4
2015-02-16,3.2857353687286377,3.990000009536743,4.010000228881836,3.9600000381469727,4.0,86034585,601618.SS,0
2015-02-17,3.2939703464508057,4.0,4.019999980926514,3.990000009536743,4.010000228881836,70870210,601618.SS,1
2015-02-25,3.2939703464508057,4.0,4.0,4.0,4.0,0,601618.SS,2
2015-02-26,3.6233673095703125,4.400000095367432,4.400000095367432,3.950000047683716,4.0,307639957,601618.SS,3
2015-02-27,3.82100510597229,4.639999866485596,4.679999828338623,4.480000019073486,4.579999923706055,568079449,601618.SS,4
2015-03-02,3.7880661487579346,4.599999904632568,4.690000057220459,4.550000190734863,4.690000057220459,263909514,601618.SS,0
2015-03-03,3.837474822998047,4.659999847412109,4.829999923706055,4.449999809265137,4.539999961853027,381090995,601618.SS,1
2015-03-04,3.746891498565674,4.550000190734863,4.619999885559082,4.5,4.590000152587891,167250023,601618.SS,2
2015-03-05,3.6645421981811523,4.449999809265137,4.559999942779541,4.320000171661377,4.539999961853027,209608896,601618.SS,3
2015-03-06,3.6316020488739014,4.409999847412109,4.5,4.349999904632568,4.449999809265137,123339844,601618.SS,4
2015-03-09,3.656306505203247,4.440000057220459,4.449999809265137,4.309999942779541,4.360000133514404,113299252,601618.SS,0
2015-03-10,3.6151323318481445,4.389999866485596,4.449999809265137,4.380000114440918,4.440000057220459,84658912,601618.SS,1
2015-03-11,3.6151323318481445,4.389999866485596,4.489999771118164,4.360000133514404,4.389999866485596,101688743,601618.SS,2
2015-03-12,3.6727771759033203,4.460000038146973,4.489999771118164,4.360000133514404,4.400000095367432,139414102,601618.SS,3
2015-03-13,3.7221860885620117,4.519999980926514,4.599999904632568,4.449999809265137,4.460000038146973,196472465,601618.SS,4
2015-03-16,3.7715957164764404,4.579999923706055,4.619999885559082,4.480000019073486,4.539999961853027,186970743,601618.SS,0
2015-03-17,4.125698089599609,5.010000228881836,5.039999961853027,4.599999904632568,4.599999904632568,709417343,601618.SS,1
2015-03-18,4.125698089599609,5.010000228881836,5.019999980926514,4.880000114440918,4.929999828338623,523908947,601618.SS,2
2015-03-19,4.257455825805664,5.170000076293945,5.400000095367432,4.929999828338623,5.010000228881836,668293249,601618.SS,3
2015-03-20,4.208046913146973,5.110000133514404,5.329999923706055,5.050000190734863,5.190000057220459,419483028,601618.SS,4
2015-03-23,4.323336124420166,5.25,5.300000190734863,5.159999847412109,5.159999847412109,437488816,601618.SS,0
2015-03-24,4.27392578125,5.190000057220459,5.289999961853027,5.0,5.260000228881836,438405549,601618.SS,1
2015-03-25,4.191577911376953,5.090000152587891,5.199999809265137,5.050000190734863,5.199999809265137,325661950,601618.SS,2
2015-03-26,4.27392578125,5.190000057220459,5.300000190734863,5.0,5.059999942779541,399312966,601618.SS,3
2015-03-27,4.397450923919678,5.340000152587891,5.559999942779541,5.079999923706055,5.179999828338623,608643226,601618.SS,4
2015-03-30,4.8339009284973145,5.869999885559082,5.869999885559082,5.349999904632568,5.409999847412109,695811078,601618.SS,0
2015-03-31,4.61979341506958,5.610000133514404,6.130000114440918,5.579999923706055,6.079999923706055,787594124,601618.SS,1
2015-04-01,4.61979341506958,5.610000133514404,5.730000019073486,5.5,5.659999847412109,467300448,601618.SS,2
2015-04-02,4.57861852645874,5.559999942779541,5.630000114440918,5.5,5.610000133514404,309880061,601618.SS,3
2015-04-03,4.5703840255737305,5.550000190734863,5.579999923706055,5.460000038146973,5.510000228881836,273336618,601618.SS,4
2015-04-07,4.61979341506958,5.610000133514404,5.619999885559082,5.539999961853027,5.579999923706055,359388499,601618.SS,1
2015-04-08,4.759787082672119,5.78000020980835,5.989999771118164,5.559999942779541,5.619999885559082,561918469,601618.SS,2
2015-04-09,4.537444591522217,5.510000228881836,5.75,5.389999866485596,5.75,368562182,601618.SS,3
2015-04-10,4.57861852645874,5.559999942779541,5.579999923706055,5.400000095367432,5.480000019073486,255762891,601618.SS,4
2015-04-13,4.677437782287598,5.679999828338623,5.71999979019165,5.5,5.570000171661377,377023515,601618.SS,0
2015-04-14,4.817431449890137,5.849999904632568,5.940000057220459,5.559999942779541,5.679999828338623,554272654,601618.SS,1
2015-04-15,5.072713851928711,6.159999847412109,6.440000057220459,5.710000038146973,5.929999828338623,1030294571,601618.SS,2
2015-04-16,5.048009872436523,6.130000114440918,6.289999961853027,5.840000152587891,5.949999809265137,671821694,601618.SS,3
2015-04-17,5.550339698791504,6.739999771118164,6.739999771118164,6.110000133514404,6.179999828338623,661322921,601618.SS,4
2015-04-20,6.10207986831665,7.409999847412109,7.409999847412109,6.78000020980835,6.900000095367432,1398119761,601618.SS,0
2015-04-21,5.986791133880615,7.269999980926514,7.889999866485596,6.909999847412109,7.71999979019165,1117006511,601618.SS,1
2015-04-22,6.587940692901611,8.0,8.0,7.119999885559082,7.150000095367432,573274596,601618.SS,2
2015-04-23,7.098505973815918,8.619999885559082,8.800000190734863,8.15999984741211,8.300000190734863,1175688319,601618.SS,3
2015-04-24,7.3620219230651855,8.9399995803833,9.380000114440918,8.1899995803833,8.5,822606412,601618.SS,4
2015-04-27,8.094932556152344,9.829999923706055,9.829999923706055,8.960000038146973,8.970000267028809,893374289,601618.SS,0
2015-04-28,8.901955604553223,10.8100004196167,10.8100004196167,9.399999618530273,9.829999923706055,1059715440,601618.SS,1
2015-04-29,8.99254035949707,10.920000076293945,11.579999923706055,10.020000457763672,11.140000343322754,1148819652,601618.SS,2
2015-04-30,9.083123207092285,11.029999732971191,11.5,10.420000076293945,10.619999885559082,793976018,601618.SS,3
2015-05-04,8.86901569366455,10.770000457763672,11.279999732971191,10.65999984741211,10.949999809265137,627778135,601618.SS,0
2015-05-05,7.97964334487915,9.6899995803833,10.449999809265137,9.6899995803833,10.449999809265137,762721621,601618.SS,1
2015-05-06,7.60083532333374,9.229999542236328,9.84000015258789,8.960000038146973,9.5,675885677,601618.SS,2
2015-05-07,7.213796138763428,8.760000228881836,9.119999885559082,8.520000457763672,9.119999885559082,577164450,601618.SS,3
2015-05-08,7.370258331298828,8.949999809265137,9.020000457763672,8.460000038146973,8.949999809265137,596053063,601618.SS,4
2015-05-11,7.567895889282227,9.1899995803833,9.199999809265137,8.800000190734863,8.930000305175781,596735270,601618.SS,0
2015-05-12,7.749063968658447,9.40999984741211,9.550000190734863,9.0600004196167,9.210000038146973,587401208,601618.SS,1
2015-05-13,7.39496374130249,8.979999542236328,9.380000114440918,8.899999618530273,9.380000114440918,491424640,601618.SS,2
2015-05-14,7.419669151306152,9.010000228881836,9.0600004196167,8.5600004196167,8.899999618530273,428613913,601618.SS,3
2015-05-15,7.3620219230651855,8.9399995803833,9.300000190734863,8.710000038146973,8.920000076293945,487556451,601618.SS,4
2015-05-18,7.032627105712891,8.539999961853027,8.899999618530273,8.529999732971191,8.680000305175781,335915438,601618.SS,0
2015-05-19,7.246734619140625,8.800000190734863,8.890000343322754,8.5,8.539999961853027,331234940,601618.SS,1
2015-05-20,7.411434173583984,9.0,9.430000305175781,8.680000305175781,8.829999923706055,509007276,601618.SS,2
2015-05-21,7.510252475738525,9.119999885559082,9.210000038146973,8.8100004196167,8.899999618530273,406399414,601618.SS,3
2015-05-22,7.905529499053955,9.600000381469727,9.84000015258789,9.100000381469727,9.180000305175781,678619413,601618.SS,4
2015-05-25,8.366684913635254,10.15999984741211,10.300000190734863,9.399999618530273,9.5,663620097,601618.SS,0
2015-05-26,8.25963020324707,10.029999732971191,10.300000190734863,9.800000190734863,10.15999984741211,592949664,601618.SS,1
2015-05-27,7.930233001708984,9.630000114440918,10.050000190734863,9.510000228881836,10.050000190734863,527368369,601618.SS,2
2015-05-28,7.296143054962158,8.859999656677246,9.850000381469727,8.739999771118164,9.5600004196167,523205103,601618.SS,3
2015-05-29,7.08203649520874,8.600000381469727,8.979999542236328,8.020000457763672,8.800000190734863,374225816,601618.SS,4
2015-06-01,7.485547065734863,9.09000015258789,9.15999984741211,8.59000015258789,8.609999656677246,318253224,601618.SS,0
2015-06-02,8.2349271774292,10.0,10.0,8.989999771118164,9.210000038146973,795471617,601618.SS,1
2015-06-03,8.1278715133667,9.869999885559082,10.270000457763672,9.680000305175781,9.949999809265137,676619596,601618.SS,2
2015-06-04,7.889060020446777,9.579999923706055,9.970000267028809,8.899999618530273,9.869999885559082,436254759,601618.SS,3
2015-06-05,8.2349271774292,10.0,10.020000457763672,9.579999923706055,9.699999809265137,617047703,601618.SS,4
2015-06-08,8.416093826293945,10.220000267028809,10.279999732971191,9.75,10.180000305175781,786654167,601618.SS,0
2015-06-09,8.17728042602539,9.930000305175781,10.329999923706055,9.800000190734863,10.270000457763672,454791164,601618.SS,1
2015-06-10,8.012580871582031,9.729999542236328,9.880000114440918,9.59000015258789,9.699999809265137,331954904,601618.SS,2
2015-06-11,7.880822658538818,9.569999694824219,9.850000381469727,9.399999618530273,9.670000076293945,315589767,601618.SS,3
2015-06-12,7.856118202209473,9.539999961853027,9.710000038146973,9.390000343322754,9.5600004196167,281307871,601618.SS,4
2015-06-15,7.683186054229736,9.329999923706055,9.630000114440918,9.300000190734863,9.539999961853027,272356845,601618.SS,0
2015-06-16,7.17262077331543,8.710000038146973,9.270000457763672,8.600000381469727,9.270000457763672,304381527,601618.SS,1
2015-06-17,7.493782997131348,9.100000381469727,9.140000343322754,8.640000343322754,8.710000038146973,224563154,601618.SS,2
2015-06-18,7.197325229644775,8.739999771118164,9.149999618530273,8.699999809265137,9.149999618530273,187068743,601618.SS,3
2015-06-19,6.49735689163208,7.889999866485596,8.729999542236328,7.869999885559082,8.619999885559082,228704763,601618.SS,4
2015-06-23,6.629115104675293,8.050000190734863,8.100000381469727,7.150000095367432,7.889999866485596,220664621,601618.SS,1
2015-06-24,6.785577774047852,8.239999771118164,8.319999694824219,8.010000228881836,8.09000015258789,217641931,601618.SS,2
2015-06-25,6.5467658042907715,7.949999809265137,8.380000114440918,7.699999809265137,8.25,224629798,601618.SS,3
2015-06-26,5.929145812988281,7.199999809265137,8.039999961853027,7.159999847412109,7.599999904632568,279320060,601618.SS,4
2015-06-29,5.51740026473999,6.699999809265137,7.480000019073486,6.480000019073486,7.360000133514404,304924948,601618.SS,0
2015-06-30,5.953851222991943,7.230000019073486,7.239999771118164,6.070000171661377,6.5,344665741,601618.SS,1
2015-07-01,5.484460830688477,6.659999847412109,7.320000171661377,6.599999904632568,7.179999828338623,245867146,601618.SS,2
2015-07-02,4.9903645515441895,6.059999942779541,6.849999904632568,6.010000228881836,6.670000076293945,245289201,601618.SS,3
2015-07-03,4.488033771514893,5.449999809265137,6.190000057220459,5.449999809265137,5.920000076293945,299403593,601618.SS,4
2015-07-06,4.685672760009766,5.690000057220459,6.0,5.25,6.0,339721601,601618.SS,0
2015-07-07,5.006834506988525,6.079999923706055,6.119999885559082,5.260000228881836,5.579999923706055,519207101,601618.SS,1
2015-07-08,4.5045037269592285,5.46999979019165,5.889999866485596,5.46999979019165,5.46999979019165,347847800,601618.SS,2
2015-07-09,4.957425117492676,6.019999980926514,6.019999980926514,5.150000095367432,5.46999979019165,401706644,601618.SS,3
2015-07-10,5.451520919799805,6.619999885559082,6.619999885559082,6.010000228881836,6.139999866485596,430637767,601618.SS,4
2015-07-13,5.962086200714111,7.239999771118164,7.25,6.519999980926514,6.800000190734863,484032459,601618.SS,0
2015-07-14,5.492695331573486,6.670000076293945,7.170000076293945,6.570000171661377,6.989999771118164,359297662,601618.SS,1
2015-07-15,4.95338249206543,5.96999979019165,6.480000019073486,5.960000038146973,6.389999866485596,238810274,601618.SS,2
2015-07-16,5.061244964599609,6.099999904632568,6.320000171661377,5.71999979019165,5.96999979019165,189310393,601618.SS,3
2015-07-17,5.40972375869751,6.519999980926514,6.550000190734863,6.099999904632568,6.119999885559082,211928044,601618.SS,4
2015-07-20,5.949038028717041,7.170000076293945,7.170000076293945,6.400000095367432,6.489999771118164,461552889,601618.SS,0
2015-07-21,6.0403056144714355,7.28000020980835,7.610000133514404,7.070000171661377,7.170000076293945,606351864,601618.SS,1
2015-07-22,6.297516345977783,7.590000152587891,7.809999942779541,7.150000095367432,7.150000095367432,504237224,601618.SS,2
2015-07-23,6.42197322845459,7.739999771118164,7.940000057220459,7.409999847412109,7.489999771118164,495664311,601618.SS,3
2015-07-24,6.745561599731445,8.130000114440918,8.510000228881836,7.739999771118164,7.739999771118164,766990449,601618.SS,4
2015-07-27,6.073493957519531,7.320000171661377,8.050000190734863,7.320000171661377,7.829999923706055,528885983,601618.SS,0
2015-07-28,5.509289741516113,6.639999866485596,7.289999961853027,6.590000152587891,6.659999847412109,413982524,601618.SS,1
2015-07-29,5.965631008148193,7.190000057220459,7.230000019073486,6.559999942779541,6.78000020980835,314983429,601618.SS,2
2015-07-30,5.907550811767578,7.119999885559082,7.679999828338623,6.900000095367432,7.079999923706055,369382316,601618.SS,3
2015-07-31,5.758203029632568,6.940000057220459,7.28000020980835,6.809999942779541,6.96999979019165,239487220,601618.SS,4
2015-08-03,5.227187156677246,6.300000190734863,6.900000095367432,6.25,6.730000019073486,272510860,601618.SS,0
2015-08-04,5.716716766357422,6.889999866485596,6.909999847412109,6.349999904632568,6.389999866485596,231246913,601618.SS,1
2015-08-05,5.650341033935547,6.809999942779541,7.150000095367432,6.690000057220459,6.840000152587891,237847289,601618.SS,2
2015-08-06,5.592260837554932,6.739999771118164,7.019999980926514,6.510000228881836,6.630000114440918,171181812,601618.SS,3
2015-08-07,5.924145698547363,7.139999866485596,7.239999771118164,6.820000171661377,6.820000171661377,303959589,601618.SS,4
2015-08-10,6.513241291046143,7.849999904632568,7.849999904632568,7.559999942779541,7.849999904632568,382990849,601618.SS,0
2015-08-11,6.612806797027588,7.96999979019165,8.279999732971191,7.869999885559082,8.1899995803833,632534924,601618.SS,1
2015-08-12,6.596212387084961,7.949999809265137,8.079999923706055,7.699999809265137,7.800000190734863,341607947,601618.SS,2
2015-08-13,7.06085205078125,8.510000228881836,8.75,7.699999809265137,7.860000133514404,549278772,601618.SS,3
2015-08-14,7.143823146820068,8.609999656677246,9.0,8.40999984741211,8.510000228881836,542365626,601618.SS,4
2015-08-17,7.069149494171143,8.520000457763672,8.6899995803833,8.229999542236328,8.569999694824219,328768161,601618.SS,0
2015-08-18,6.363893508911133,7.670000076293945,8.59000015258789,7.670000076293945,8.529999732971191,438867490,601618.SS,1
2015-08-19,6.463458061218262,7.789999961853027,7.940000057220459,6.960000038146973,7.070000171661377,336298548,601618.SS,2
2015-08-20,6.463458061218262,7.789999961853027,7.789999961853027,7.789999961853027,7.789999961853027,0,601618.SS,3
2015-08-21,6.463458061218262,7.789999961853027,7.789999961853027,7.789999961853027,7.789999961853027,0,601618.SS,4
2015-08-24,6.463458061218262,7.789999961853027,7.789999961853027,7.789999961853027,7.789999961853027,0,601618.SS,0
2015-08-25,6.463458061218262,7.789999961853027,7.789999961853027,7.789999961853027,7.789999961853027,0,601618.SS,1
2015-08-26,6.463458061218262,7.789999961853027,7.789999961853027,7.789999961853027,7.789999961853027,0,601618.SS,2
2015-08-27,6.463458061218262,7.789999961853027,7.789999961853027,7.789999961853027,7.789999961853027,0,601618.SS,3
2015-08-28,6.463458061218262,7.789999961853027,7.789999961853027,7.789999961853027,7.789999961853027,0,601618.SS,4
2015-08-31,6.463458061218262,7.789999961853027,7.789999961853027,7.789999961853027,7.789999961853027,0,601618.SS,0
2015-09-01,6.463458061218262,7.789999961853027,7.789999961853027,7.789999961853027,7.789999961853027,0,601618.SS,1
2015-09-02,6.463458061218262,7.789999961853027,7.789999961853027,7.789999961853027,7.789999961853027,0,601618.SS,2
2015-09-07,6.463458061218262,7.789999961853027,7.789999961853027,7.789999961853027,7.789999961853027,0,601618.SS,0
2015-09-08,6.463458061218262,7.789999961853027,7.789999961853027,7.789999961853027,7.789999961853027,0,601618.SS,1
2015-09-09,6.463458061218262,7.789999961853027,7.789999961853027,7.789999961853027,7.789999961853027,0,601618.SS,2
2015-09-10,6.463458061218262,7.789999961853027,7.789999961853027,7.789999961853027,7.789999961853027,0,601618.SS,3
2015-09-11,6.463458061218262,7.789999961853027,7.789999961853027,7.789999961853027,7.789999961853027,0,601618.SS,4
2015-09-14,6.463458061218262,7.789999961853027,7.789999961853027,7.789999961853027,7.789999961853027,0,601618.SS,0
2015-09-15,6.463458061218262,7.789999961853027,7.789999961853027,7.789999961853027,7.789999961853027,0,601618.SS,1
2015-09-16,6.463458061218262,7.789999961853027,7.789999961853027,7.789999961853027,7.789999961853027,0,601618.SS,2
2015-09-17,6.463458061218262,7.789999961853027,7.789999961853027,7.789999961853027,7.789999961853027,0,601618.SS,3
2015-09-18,6.463458061218262,7.789999961853027,7.789999961853027,7.789999961853027,7.789999961853027,0,601618.SS,4
2015-09-21,6.463458061218262,7.789999961853027,7.789999961853027,7.789999961853027,7.789999961853027,0,601618.SS,0
2015-09-22,6.463458061218262,7.789999961853027,7.789999961853027,7.789999961853027,7.789999961853027,0,601618.SS,1
2015-09-23,6.463458061218262,7.789999961853027,7.789999961853027,7.789999961853027,7.789999961853027,0,601618.SS,2
2015-09-24,6.463458061218262,7.789999961853027,7.789999961853027,7.789999961853027,7.789999961853027,0,601618.SS,3
2015-09-25,6.463458061218262,7.789999961853027,7.789999961853027,7.789999961853027,7.789999961853027,0,601618.SS,4
2015-09-28,6.463458061218262,7.789999961853027,7.940000057220459,6.960000038146973,7.070000171661377,336298548,601618.SS,0
2015-09-29,6.463458061218262,7.789999961853027,7.789999961853027,7.789999961853027,7.789999961853027,0,601618.SS,1
2015-09-30,6.463458061218262,7.789999961853027,7.789999961853027,7.789999961853027,7.789999961853027,0,601618.SS,2
2015-10-08,6.463458061218262,7.789999961853027,7.789999961853027,7.789999961853027,7.789999961853027,0,601618.SS,3
2015-10-09,6.463458061218262,7.789999961853027,7.789999961853027,7.789999961853027,7.789999961853027,0,601618.SS,4
2015-10-12,6.463458061218262,7.789999961853027,7.789999961853027,7.789999961853027,7.789999961853027,0,601618.SS,0
2015-10-13,6.463458061218262,7.789999961853027,7.789999961853027,7.789999961853027,7.789999961853027,0,601618.SS,1
2015-10-14,6.463458061218262,7.789999961853027,7.789999961853027,7.789999961853027,7.789999961853027,0,601618.SS,2
2015-10-15,6.463458061218262,7.789999961853027,7.789999961853027,7.789999961853027,7.789999961853027,0,601618.SS,3
2015-10-16,6.463458061218262,7.789999961853027,7.789999961853027,7.789999961853027,7.789999961853027,0,601618.SS,4
2015-10-19,6.463458061218262,7.789999961853027,7.789999961853027,7.789999961853027,7.789999961853027,0,601618.SS,0
2015-10-20,6.463458061218262,7.789999961853027,7.789999961853027,7.789999961853027,7.789999961853027,0,601618.SS,1
2015-10-21,6.463458061218262,7.789999961853027,7.789999961853027,7.789999961853027,7.789999961853027,0,601618.SS,2
2015-10-22,6.463458061218262,7.789999961853027,7.789999961853027,7.789999961853027,7.789999961853027,0,601618.SS,3
2015-10-23,6.463458061218262,7.789999961853027,7.789999961853027,7.789999961853027,7.789999961853027,0,601618.SS,4
2015-10-26,6.463458061218262,7.789999961853027,7.789999961853027,7.789999961853027,7.789999961853027,0,601618.SS,0
2015-10-27,6.463458061218262,7.789999961853027,7.789999961853027,7.789999961853027,7.789999961853027,0,601618.SS,1
2015-10-28,6.463458061218262,7.789999961853027,7.789999961853027,7.789999961853027,7.789999961853027,0,601618.SS,2
2015-10-29,6.463458061218262,7.789999961853027,7.789999961853027,7.789999961853027,7.789999961853027,0,601618.SS,3
2015-10-30,6.463458061218262,7.789999961853027,7.789999961853027,7.789999961853027,7.789999961853027,0,601618.SS,4
2015-11-02,6.463458061218262,7.789999961853027,7.789999961853027,7.789999961853027,7.789999961853027,0,601618.SS,0
2015-11-03,6.463458061218262,7.789999961853027,7.789999961853027,7.789999961853027,7.789999961853027,0,601618.SS,1
2015-11-04,6.463458061218262,7.789999961853027,7.789999961853027,7.789999961853027,7.789999961853027,0,601618.SS,2
2015-11-05,6.463458061218262,7.789999961853027,7.789999961853027,7.789999961853027,7.789999961853027,0,601618.SS,3
2015-11-06,6.463458061218262,7.789999961853027,7.789999961853027,7.789999961853027,7.789999961853027,0,601618.SS,4
2015-11-09,6.463458061218262,7.789999961853027,7.789999961853027,7.789999961853027,7.789999961853027,0,601618.SS,0
2015-11-10,6.463458061218262,7.789999961853027,7.789999961853027,7.789999961853027,7.789999961853027,0,601618.SS,1
2015-11-11,6.463458061218262,7.789999961853027,7.789999961853027,7.789999961853027,7.789999961853027,0,601618.SS,2
2015-11-12,6.463458061218262,7.789999961853027,7.789999961853027,7.789999961853027,7.789999961853027,0,601618.SS,3
2015-11-13,6.463458061218262,7.789999961853027,7.789999961853027,7.789999961853027,7.789999961853027,0,601618.SS,4
2015-11-16,6.463458061218262,7.789999961853027,7.789999961853027,7.789999961853027,7.789999961853027,0,601618.SS,0
2015-11-17,6.463458061218262,7.789999961853027,7.789999961853027,7.789999961853027,7.789999961853027,0,601618.SS,1
2015-11-18,6.463458061218262,7.789999961853027,7.789999961853027,7.789999961853027,7.789999961853027,0,601618.SS,2
2015-11-19,6.463458061218262,7.789999961853027,7.789999961853027,7.789999961853027,7.789999961853027,0,601618.SS,3
2015-11-20,6.463458061218262,7.789999961853027,7.789999961853027,7.789999961853027,7.789999961853027,0,601618.SS,4
2015-11-23,6.463458061218262,7.789999961853027,7.789999961853027,7.789999961853027,7.789999961853027,0,601618.SS,0
2015-11-24,6.463458061218262,7.789999961853027,7.789999961853027,7.789999961853027,7.789999961853027,0,601618.SS,1
2015-11-25,6.463458061218262,7.789999961853027,7.789999961853027,7.789999961853027,7.789999961853027,0,601618.SS,2
2015-11-26,6.463458061218262,7.789999961853027,7.789999961853027,7.789999961853027,7.789999961853027,0,601618.SS,3
2015-11-27,6.463458061218262,7.789999961853027,7.789999961853027,7.789999961853027,7.789999961853027,0,601618.SS,4
2015-11-30,6.463458061218262,7.789999961853027,7.789999961853027,7.789999961853027,7.789999961853027,0,601618.SS,0
2015-12-01,6.463458061218262,7.789999961853027,7.789999961853027,7.789999961853027,7.789999961853027,0,601618.SS,1
2015-12-02,6.463458061218262,7.789999961853027,7.789999961853027,7.789999961853027,7.789999961853027,0,601618.SS,2
2015-12-03,6.463458061218262,7.789999961853027,7.789999961853027,7.789999961853027,7.789999961853027,0,601618.SS,3
2015-12-04,6.463458061218262,7.789999961853027,7.789999961853027,7.789999961853027,7.789999961853027,0,601618.SS,4
2015-12-07,6.463458061218262,7.789999961853027,7.789999961853027,7.789999961853027,7.789999961853027,0,601618.SS,0
2015-12-08,6.463458061218262,7.789999961853027,7.789999961853027,7.789999961853027,7.789999961853027,0,601618.SS,1
2015-12-09,5.816283702850342,7.010000228881836,7.989999771118164,7.010000228881836,7.900000095367432,504046262,601618.SS,2
2015-12-10,5.525883674621582,6.659999847412109,6.880000114440918,6.360000133514404,6.75,302794442,601618.SS,3
2015-12-11,5.376535415649414,6.480000019073486,6.570000171661377,6.400000095367432,6.570000171661377,135252344,601618.SS,4
2015-12-14,5.5839643478393555,6.730000019073486,6.78000020980835,6.360000133514404,6.369999885559082,177917799,601618.SS,0
2015-12-15,5.467803478240967,6.590000152587891,6.699999809265137,6.519999980926514,6.670000076293945,137019940,601618.SS,1
2015-12-16,5.36823844909668,6.46999979019165,6.679999828338623,6.420000076293945,6.659999847412109,129753853,601618.SS,2
2015-12-17,5.426318168640137,6.539999961853027,6.570000171661377,6.449999809265137,6.5,162234119,601618.SS,3
2015-12-18,5.343347072601318,6.440000057220459,6.53000020980835,6.389999866485596,6.5,140290127,601618.SS,4
2015-12-21,5.326752662658691,6.420000076293945,6.480000019073486,6.320000171661377,6.389999866485596,142423256,601618.SS,0
2015-12-22,5.376535415649414,6.480000019073486,6.519999980926514,6.400000095367432,6.449999809265137,119495830,601618.SS,1
2015-12-23,5.293564796447754,6.380000114440918,6.519999980926514,6.349999904632568,6.5,114070278,601618.SS,2
2015-12-24,5.119325160980225,6.170000076293945,6.369999885559082,6.110000133514404,6.360000133514404,133127092,601618.SS,3
2015-12-25,5.2603759765625,6.340000152587891,6.440000057220459,6.099999904632568,6.170000076293945,147525327,601618.SS,4
2015-12-28,5.077838897705078,6.119999885559082,6.320000171661377,6.110000133514404,6.300000190734863,118777252,601618.SS,0
2015-12-29,5.069541931152344,6.110000133514404,6.150000095367432,6.019999980926514,6.119999885559082,76499237,601618.SS,1
2015-12-30,5.011462211608887,6.039999961853027,6.110000133514404,6.019999980926514,6.110000133514404,63974939,601618.SS,2
2015-12-31,4.994867324829102,6.019999980926514,6.110000133514404,6.010000228881836,6.050000190734863,56322214,601618.SS,3
2016-01-04,4.497040748596191,5.420000076293945,6.050000190734863,5.420000076293945,6.019999980926514,90728601,601618.SS,0
2016-01-05,4.3145036697387695,5.199999809265137,5.409999847412109,5.0,5.150000095367432,128678525,601618.SS,1
2016-01-06,4.47214937210083,5.389999866485596,5.400000095367432,5.230000019073486,5.230000019073486,97403321,601618.SS,2
2016-01-07,4.073886871337891,4.909999847412109,5.340000152587891,4.860000133514404,5.340000152587891,25421075,601618.SS,3
2016-01-08,4.148561954498291,5.0,5.159999847412109,4.659999847412109,5.070000171661377,113245699,601618.SS,4
2016-01-11,3.9909160137176514,4.809999942779541,5.179999828338623,4.800000190734863,4.889999866485596,119333599,601618.SS,0
2016-01-12,3.999213695526123,4.820000171661377,4.920000076293945,4.650000095367432,4.829999923706055,87551366,601618.SS,1
2016-01-13,3.7502992153167725,4.519999980926514,4.860000133514404,4.5,4.840000152587891,78052301,601618.SS,2
2016-01-14,3.7668941020965576,4.539999961853027,4.570000171661377,4.300000190734863,4.360000133514404,95787364,601618.SS,3
2016-01-15,3.435009002685547,4.139999866485596,4.5,4.099999904632568,4.480000019073486,102940620,601618.SS,4
2016-01-18,3.5179800987243652,4.239999771118164,4.360000133514404,4.03000020980835,4.03000020980835,107710275,601618.SS,0
2016-01-19,3.8664588928222656,4.659999847412109,4.659999847412109,4.159999847412109,4.210000038146973,166362669,601618.SS,1
2016-01-20,3.833270788192749,4.619999885559082,4.860000133514404,4.599999904632568,4.679999828338623,227443093,601618.SS,2
2016-01-21,3.683922290802002,4.440000057220459,4.78000020980835,4.429999828338623,4.480000019073486,128370090,601618.SS,3
2016-01-22,3.7668941020965576,4.539999961853027,4.650000095367432,4.400000095367432,4.510000228881836,99664820,601618.SS,4
2016-01-25,3.717111110687256,4.480000019073486,4.619999885559082,4.420000076293945,4.570000171661377,82100949,601618.SS,0
2016-01-26,3.343740940093994,4.03000020980835,4.429999828338623,4.03000020980835,4.420000076293945,107921500,601618.SS,1
2016-01-27,3.2773633003234863,3.950000047683716,4.079999923706055,3.7100000381469727,4.039999961853027,103769600,601618.SS,2
2016-01-28,3.061638355255127,3.690000057220459,3.9800000190734863,3.6600000858306885,3.940000057220459,68223457,601618.SS,3
2016-01-29,3.2026891708374023,3.859999895095825,3.9000000953674316,3.6600000858306885,3.700000047683716,91178076,601618.SS,4
2016-02-01,3.1280152797698975,3.7699999809265137,3.859999895095825,3.6700000762939453,3.8299999237060547,66752579,601618.SS,0
2016-02-02,3.235877752304077,3.9000000953674316,3.9600000381469727,3.759999990463257,3.759999990463257,73735438,601618.SS,1
2016-02-03,3.269066572189331,3.940000057220459,3.9700000286102295,3.7699999809265137,3.859999895095825,69671414,601618.SS,2
2016-02-04,3.360334873199463,4.050000190734863,4.150000095367432,3.9000000953674316,3.930000066757202,96000031,601618.SS,3
2016-02-05,3.2607696056365967,3.930000066757202,4.039999961853027,3.9200000762939453,4.019999980926514,60256972,601618.SS,4
2016-02-15,3.210986614227295,3.869999885559082,3.9200000762939453,3.759999990463257,3.7899999618530273,53407748,601618.SS,0
2016-02-16,3.360334873199463,4.050000190734863,4.090000152587891,3.9000000953674316,3.9000000953674316,95676485,601618.SS,1
2016-02-17,3.700517177581787,4.460000038146973,4.460000038146973,4.03000020980835,4.070000171661377,166885241,601618.SS,2
2016-02-18,3.642436981201172,4.389999866485596,4.539999961853027,4.380000114440918,4.510000228881836,225225261,601618.SS,3
2016-02-19,3.625843048095703,4.369999885559082,4.440000057220459,4.320000171661377,4.340000152587891,104449567,601618.SS,4
2016-02-22,3.717111110687256,4.480000019073486,4.519999980926514,4.360000133514404,4.409999847412109,159538326,601618.SS,0
2016-02-23,3.6341404914855957,4.380000114440918,4.46999979019165,4.309999942779541,4.449999809265137,96031769,601618.SS,1
2016-02-24,3.7254080772399902,4.489999771118164,4.550000190734863,4.340000152587891,4.360000133514404,152225644,601618.SS,2
2016-02-25,3.360334873199463,4.050000190734863,4.5,4.039999961853027,4.46999979019165,155601939,601618.SS,3
2016-02-26,3.3520379066467285,4.039999961853027,4.119999885559082,3.9000000953674316,4.070000171661377,81025560,601618.SS,4
2016-02-29,3.235877752304077,3.9000000953674316,4.070000171661377,3.690000057220459,4.050000190734863,86195636,601618.SS,0
2016-03-01,3.3105521202087402,3.990000009536743,4.03000020980835,3.859999895095825,3.9000000953674316,65069765,601618.SS,1
2016-03-02,3.5428714752197266,4.269999980926514,4.349999904632568,3.9800000190734863,4.010000228881836,158329334,601618.SS,2
2016-03-03,3.584357261657715,4.320000171661377,4.440000057220459,4.199999809265137,4.25,180415667,601618.SS,3
2016-03-04,3.592654228210449,4.329999923706055,4.440000057220459,4.199999809265137,4.289999961853027,190475939,601618.SS,4
2016-03-07,3.6341404914855957,4.380000114440918,4.440000057220459,4.320000171661377,4.400000095367432,100811195,601618.SS,0
2016-03-08,3.6175456047058105,4.360000133514404,4.369999885559082,4.130000114440918,4.360000133514404,105310107,601618.SS,1
2016-03-09,3.501385450363159,4.21999979019165,4.28000020980835,4.119999885559082,4.230000019073486,97863031,601618.SS,2
2016-03-10,3.385225772857666,4.079999923706055,4.239999771118164,4.050000190734863,4.210000038146973,59104821,601618.SS,3
2016-03-11,3.37692928314209,4.070000171661377,4.119999885559082,4.010000228881836,4.039999961853027,38314439,601618.SS,4
2016-03-14,3.4681973457336426,4.179999828338623,4.230000019073486,4.099999904632568,4.130000114440918,69218320,601618.SS,0
2016-03-15,3.476494550704956,4.190000057220459,4.230000019073486,4.079999923706055,4.170000076293945,72132537,601618.SS,1
2016-03-16,3.459900379180908,4.170000076293945,4.210000038146973,4.139999866485596,4.150000095367432,77503737,601618.SS,2
2016-03-17,3.5096828937530518,4.230000019073486,4.260000228881836,4.139999866485596,4.170000076293945,75787486,601618.SS,3
2016-03-18,3.5594658851623535,4.289999961853027,4.369999885559082,4.21999979019165,4.239999771118164,153162533,601618.SS,4
2016-03-21,3.6507339477539062,4.400000095367432,4.550000190734863,4.309999942779541,4.340000152587891,192188927,601618.SS,0
2016-03-22,3.6009514331817627,4.340000152587891,4.420000076293945,4.28000020980835,4.380000114440918,128812372,601618.SS,1
2016-03-23,3.592654228210449,4.329999923706055,4.360000133514404,4.289999961853027,4.300000190734863,78424074,601618.SS,2
2016-03-24,3.5262773036956787,4.25,4.360000133514404,4.239999771118164,4.309999942779541,94984848,601618.SS,3
2016-03-25,3.5428714752197266,4.269999980926514,4.309999942779541,4.230000019073486,4.25,55172030,601618.SS,4
2016-03-28,3.4847910404205322,4.199999809265137,4.320000171661377,4.190000057220459,4.269999980926514,65584235,601618.SS,0
2016-03-29,3.393523693084717,4.090000152587891,4.190000057220459,4.050000190734863,4.159999847412109,80247453,601618.SS,1
2016-03-30,3.4847910404205322,4.199999809265137,4.210000038146973,4.119999885559082,4.119999885559082,60108288,601618.SS,2
2016-03-31,3.4847910404205322,4.199999809265137,4.239999771118164,4.159999847412109,4.21999979019165,63444691,601618.SS,3
2016-04-01,3.476494550704956,4.190000057220459,4.21999979019165,4.079999923706055,4.170000076293945,87485215,601618.SS,4
2016-04-05,3.592654228210449,4.329999923706055,4.400000095367432,4.170000076293945,4.210000038146973,148605675,601618.SS,1
2016-04-06,3.584357261657715,4.320000171661377,4.349999904632568,4.239999771118164,4.269999980926514,97452259,601618.SS,2
2016-04-07,3.5096828937530518,4.230000019073486,4.349999904632568,4.21999979019165,4.340000152587891,90569137,601618.SS,3
2016-04-08,3.4681973457336426,4.179999828338623,4.21999979019165,4.110000133514404,4.170000076293945,66051077,601618.SS,4
2016-04-11,3.5345747470855713,4.260000228881836,4.329999923706055,4.210000038146973,4.210000038146973,75405375,601618.SS,0
2016-04-12,3.5428714752197266,4.269999980926514,4.300000190734863,4.210000038146973,4.25,57347666,601618.SS,1
2016-04-13,3.609248161315918,4.349999904632568,4.429999828338623,4.289999961853027,4.300000190734863,194362660,601618.SS,2
2016-04-14,3.625843048095703,4.369999885559082,4.440000057220459,4.309999942779541,4.360000133514404,106527893,601618.SS,3
2016-04-15,3.5760600566864014,4.309999942779541,4.389999866485596,4.28000020980835,4.380000114440918,78304123,601618.SS,4
2016-04-18,3.4847910404205322,4.199999809265137,4.28000020980835,4.179999828338623,4.269999980926514,87458264,601618.SS,0
2016-04-19,3.476494550704956,4.190000057220459,4.239999771118164,4.159999847412109,4.21999979019165,46551798,601618.SS,1
2016-04-20,3.385225772857666,4.079999923706055,4.25,3.9600000381469727,4.25,105796547,601618.SS,2
2016-04-21,3.401820182800293,4.099999904632568,4.190000057220459,4.019999980926514,4.059999942779541,83152388,601618.SS,3
2016-04-22,3.3686318397521973,4.059999942779541,4.070000171661377,4.0,4.070000171661377,50937245,601618.SS,4
2016-04-25,3.3354434967041016,4.019999980926514,4.050000190734863,3.9800000190734863,4.050000190734863,32089555,601618.SS,0
2016-04-26,3.3686318397521973,4.059999942779541,4.079999923706055,4.0,4.010000228881836,37596175,601618.SS,1
2016-04-27,3.3354434967041016,4.019999980926514,4.059999942779541,4.0,4.059999942779541,31016828,601618.SS,2
2016-04-28,3.2939579486846924,3.9700000286102295,4.039999961853027,3.9200000762939453,4.03000020980835,55160262,601618.SS,3
2016-04-29,3.302255153656006,3.9800000190734863,4.010000228881836,3.950000047683716,3.9600000381469727,24495577,601618.SS,4
2016-05-03,3.3686318397521973,4.059999942779541,4.070000171661377,3.9600000381469727,3.9700000286102295,40478032,601618.SS,1
2016-05-04,3.3686318397521973,4.059999942779541,4.079999923706055,4.03000020980835,4.050000190734863,44829197,601618.SS,2
2016-05-05,3.3686318397521973,4.059999942779541,4.059999942779541,4.019999980926514,4.050000190734863,30178530,601618.SS,3
2016-05-06,3.280315637588501,3.9000000953674316,4.050000190734863,3.9000000953674316,4.019999980926514,58607508,601618.SS,4
2016-05-09,3.1457388401031494,3.740000009536743,3.890000104904175,3.700000047683716,3.890000104904175,62329282,601618.SS,0
2016-05-10,3.204615831375122,3.809999942779541,3.859999895095825,3.740000009536743,3.740000009536743,44449202,601618.SS,1
2016-05-11,3.22143816947937,3.8299999237060547,3.930000066757202,3.75,3.819999933242798,53190771,601618.SS,2
2016-05-12,3.196204900741577,3.799999952316284,3.8399999141693115,3.7300000190734863,3.759999990463257,33816999,601618.SS,3
2016-05-13,3.1709721088409424,3.7699999809265137,3.8399999141693115,3.75,3.799999952316284,28058815,601618.SS,4
2016-05-16,3.196204900741577,3.799999952316284,3.819999933242798,3.7300000190734863,3.7699999809265137,30292803,601618.SS,0
2016-05-17,3.1709721088409424,3.7699999809265137,3.809999942779541,3.759999990463257,3.799999952316284,21936409,601618.SS,1
2016-05-18,3.1205058097839355,3.7100000381469727,3.759999990463257,3.640000104904175,3.75,42802685,601618.SS,2
2016-05-19,3.1036832332611084,3.690000057220459,3.7300000190734863,3.680000066757202,3.700000047683716,20584113,601618.SS,3
2016-05-20,3.1036832332611084,3.690000057220459,3.700000047683716,3.630000114440918,3.6700000762939453,21023070,601618.SS,4
2016-05-23,3.1120946407318115,3.700000047683716,3.7200000286102295,3.680000066757202,3.690000057220459,24749953,601618.SS,0
2016-05-24,3.0700392723083496,3.6500000953674316,3.690000057220459,3.640000104904175,3.690000057220459,21821239,601618.SS,1
2016-05-25,3.0616281032562256,3.640000104904175,3.690000057220459,3.630000114440918,3.6700000762939453,22345023,601618.SS,2
2016-05-26,3.0532169342041016,3.630000114440918,3.6600000858306885,3.569999933242798,3.630000114440918,31938415,601618.SS,3
2016-05-27,3.0363948345184326,3.609999895095825,3.640000104904175,3.5899999141693115,3.609999895095825,22600357,601618.SS,4
2016-05-30,3.0532169342041016,3.630000114440918,3.680000066757202,3.5799999237060547,3.609999895095825,31545924,601618.SS,0
2016-05-31,3.1541497707366943,3.75,3.759999990463257,3.609999895095825,3.630000114440918,73339406,601618.SS,1
2016-06-01,3.1457388401031494,3.740000009536743,3.7899999618530273,3.7200000286102295,3.75,55943498,601618.SS,2
2016-06-02,3.1373276710510254,3.7300000190734863,3.75,3.700000047683716,3.7200000286102295,38861647,601618.SS,3
2016-06-03,3.238260269165039,3.8499999046325684,4.0,3.8499999046325684,3.990000009536743,144523570,601618.SS,4
2016-06-06,3.204615831375122,3.809999942779541,3.8399999141693115,3.7799999713897705,3.8399999141693115,59381477,601618.SS,0
2016-06-07,3.1709721088409424,3.7699999809265137,3.809999942779541,3.759999990463257,3.7899999618530273,32206381,601618.SS,1
2016-06-08,3.1541497707366943,3.75,3.7799999713897705,3.7200000286102295,3.7699999809265137,35743766,601618.SS,2
2016-06-13,3.0532169342041016,3.630000114440918,3.7200000286102295,3.609999895095825,3.7200000286102295,49841988,601618.SS,0
2016-06-14,3.0616281032562256,3.640000104904175,3.640000104904175,3.5899999141693115,3.5999999046325684,29881660,601618.SS,1
2016-06-15,3.1120946407318115,3.700000047683716,3.740000009536743,3.5799999237060547,3.5999999046325684,50815443,601618.SS,2
2016-06-16,3.0700392723083496,3.6500000953674316,3.700000047683716,3.640000104904175,3.690000057220459,38240467,601618.SS,3
2016-06-17,3.0952723026275635,3.680000066757202,3.700000047683716,3.640000104904175,3.6500000953674316,37744582,601618.SS,4
2016-06-20,3.1036832332611084,3.690000057220459,3.759999990463257,3.680000066757202,3.75,33112162,601618.SS,0
2016-06-21,3.0700392723083496,3.6500000953674316,3.7300000190734863,3.640000104904175,3.700000047683716,40037094,601618.SS,1
2016-06-22,3.0952723026275635,3.680000066757202,3.680000066757202,3.630000114440918,3.640000104904175,26523470,601618.SS,2
2016-06-23,3.0616281032562256,3.640000104904175,3.680000066757202,3.619999885559082,3.680000066757202,28804167,601618.SS,3
2016-06-24,3.0027506351470947,3.569999933242798,3.6600000858306885,3.4700000286102295,3.640000104904175,50421683,601618.SS,4
2016-06-27,3.0363948345184326,3.609999895095825,3.609999895095825,3.509999990463257,3.549999952316284,32311412,601618.SS,0
2016-06-28,3.0448060035705566,3.619999885559082,3.630000114440918,3.559999942779541,3.5899999141693115,37378096,601618.SS,1
2016-06-29,3.1289169788360596,3.7200000286102295,3.809999942779541,3.609999895095825,3.630000114440918,109514410,601618.SS,2
2016-06-30,3.1036832332611084,3.690000057220459,3.7300000190734863,3.6600000858306885,3.7100000381469727,49617391,601618.SS,3
2016-07-01,3.0784504413604736,3.6600000858306885,3.7200000286102295,3.6600000858306885,3.690000057220459,26959670,601618.SS,4
2016-07-04,3.1457388401031494,3.740000009536743,3.799999952316284,3.630000114440918,3.6500000953674316,72137102,601618.SS,0
2016-07-05,3.238260269165039,3.8499999046325684,3.9600000381469727,3.7699999809265137,3.7799999713897705,143065743,601618.SS,1
2016-07-06,3.196204900741577,3.799999952316284,3.819999933242798,3.7699999809265137,3.799999952316284,66335228,601618.SS,2
2016-07-07,3.196204900741577,3.799999952316284,3.8299999237060547,3.7799999713897705,3.799999952316284,52428728,601618.SS,3
2016-07-08,3.1625609397888184,3.759999990463257,3.809999942779541,3.75,3.809999942779541,38262643,601618.SS,4
2016-07-11,3.1877939701080322,3.7899999618530273,3.869999885559082,3.75,3.759999990463257,99411967,601618.SS,0
2016-07-12,3.263493776321411,3.880000114440918,3.890000104904175,3.7699999809265137,3.7699999809265137,118778446,601618.SS,1
2016-07-13,3.347604513168335,3.9800000190734863,4.110000133514404,3.890000104904175,3.930000066757202,212950906,601618.SS,2
2016-07-14,3.305548906326294,3.930000066757202,3.9600000381469727,3.880000114440918,3.950000047683716,99347031,601618.SS,3
2016-07-15,3.313960313796997,3.940000057220459,4.03000020980835,3.9200000762939453,3.950000047683716,83001725,601618.SS,4
2016-07-18,3.280315637588501,3.9000000953674316,3.9600000381469727,3.890000104904175,3.9600000381469727,47500463,601618.SS,0
2016-07-19,3.271904945373535,3.890000104904175,3.9200000762939453,3.859999895095825,3.9000000953674316,55854671,601618.SS,1
2016-07-20,3.246671438217163,3.859999895095825,3.9100000858306885,3.8499999046325684,3.9000000953674316,32206104,601618.SS,2
2016-07-21,3.246671438217163,3.859999895095825,3.9000000953674316,3.8499999046325684,3.859999895095825,35190996,601618.SS,3
2016-07-22,3.204615831375122,3.809999942779541,3.869999885559082,3.799999952316284,3.859999895095825,39909833,601618.SS,4
2016-07-25,3.204615831375122,3.809999942779541,3.8299999237060547,3.7899999618530273,3.809999942779541,24252854,601618.SS,0
2016-07-26,3.238260269165039,3.8499999046325684,3.8499999046325684,3.799999952316284,3.809999942779541,28278741,601618.SS,1
2016-07-27,3.196204900741577,3.799999952316284,3.930000066757202,3.7100000381469727,3.8499999046325684,94346844,601618.SS,2
2016-07-28,3.22143816947937,3.8299999237060547,3.869999885559082,3.740000009536743,3.759999990463257,59136158,601618.SS,3
2016-07-29,3.204615831375122,3.809999942779541,3.880000114440918,3.799999952316284,3.809999942779541,66826014,601618.SS,4
2016-08-01,3.1373276710510254,3.7300000190734863,3.799999952316284,3.700000047683716,3.7899999618530273,50732153,601618.SS,0
2016-08-02,3.1541497707366943,3.75,3.75,3.7100000381469727,3.7300000190734863,29310612,601618.SS,1
2016-08-03,3.1373276710510254,3.7300000190734863,3.759999990463257,3.7200000286102295,3.7300000190734863,34579562,601618.SS,2
2016-08-04,3.1289169788360596,3.7200000286102295,3.740000009536743,3.680000066757202,3.7300000190734863,30429964,601618.SS,3
2016-08-05,3.1205058097839355,3.7100000381469727,3.7300000190734863,3.700000047683716,3.7200000286102295,23151162,601618.SS,4
2016-08-08,3.1625609397888184,3.759999990463257,3.759999990463257,3.690000057220459,3.7200000286102295,38386644,601618.SS,0
2016-08-09,3.213027238845825,3.819999933242798,3.8399999141693115,3.740000009536743,3.75,72514008,601618.SS,1
2016-08-10,3.1877939701080322,3.7899999618530273,3.819999933242798,3.7699999809265137,3.809999942779541,45302904,601618.SS,2
2016-08-11,3.1205058097839355,3.7100000381469727,3.799999952316284,3.7100000381469727,3.7799999713897705,43108467,601618.SS,3
2016-08-12,3.196204900741577,3.799999952316284,3.799999952316284,3.7100000381469727,3.7200000286102295,49781564,601618.SS,4
2016-08-15,3.271904945373535,3.890000104904175,3.930000066757202,3.809999942779541,3.809999942779541,144868033,601618.SS,0
2016-08-16,3.305548906326294,3.930000066757202,4.03000020980835,3.9000000953674316,3.9100000858306885,133445713,601618.SS,1
2016-08-17,3.339193344116211,3.9700000286102295,3.990000009536743,3.859999895095825,3.9100000858306885,112920710,601618.SS,2
2016-08-18,3.406481981277466,4.050000190734863,4.21999979019165,4.050000190734863,4.099999904632568,227397336,601618.SS,3
2016-08-19,3.6419918537139893,4.329999923706055,4.409999847412109,4.050000190734863,4.079999923706055,314071173,601618.SS,4
2016-08-22,3.4990034103393555,4.159999847412109,4.329999923706055,4.150000095367432,4.300000190734863,178671413,601618.SS,0
2016-08-23,3.5326473712921143,4.199999809265137,4.289999961853027,4.150000095367432,4.170000076293945,116526673,601618.SS,1
2016-08-24,3.5410587787628174,4.210000038146973,4.309999942779541,4.190000057220459,4.230000019073486,112286153,601618.SS,2
2016-08-25,3.4653592109680176,4.119999885559082,4.179999828338623,4.079999923706055,4.150000095367432,81008400,601618.SS,3
2016-08-26,3.549469232559204,4.21999979019165,4.300000190734863,4.110000133514404,4.139999866485596,135878915,601618.SS,4
2016-08-29,3.6840474605560303,4.380000114440918,4.46999979019165,4.190000057220459,4.210000038146973,214054989,601618.SS,0
2016-08-30,3.650402784347534,4.340000152587891,4.400000095367432,4.300000190734863,4.380000114440918,86451247,601618.SS,1
2016-08-31,3.6335809230804443,4.320000171661377,4.380000114440918,4.25,4.360000133514404,80176314,601618.SS,2
2016-09-01,3.5410587787628174,4.210000038146973,4.329999923706055,4.199999809265137,4.320000171661377,76295710,601618.SS,3
2016-09-02,3.5662920475006104,4.239999771118164,4.25,4.150000095367432,4.199999809265137,75140932,601618.SS,4
2016-09-05,3.5074145793914795,4.170000076293945,4.28000020980835,4.159999847412109,4.25,61953338,601618.SS,0
2016-09-06,3.5915253162384033,4.269999980926514,4.269999980926514,4.130000114440918,4.179999828338623,71299071,601618.SS,1
2016-09-07,3.6840474605560303,4.380000114440918,4.46999979019165,4.269999980926514,4.269999980926514,179544448,601618.SS,2
2016-09-08,3.6335809230804443,4.320000171661377,4.420000076293945,4.300000190734863,4.349999904632568,75946007,601618.SS,3
2016-09-09,3.6251697540283203,4.309999942779541,4.409999847412109,4.300000190734863,4.309999942779541,86440342,601618.SS,4
2016-09-12,3.5662920475006104,4.239999771118164,4.260000228881836,4.070000171661377,4.239999771118164,131596340,601618.SS,0
2016-09-13,3.5242362022399902,4.190000057220459,4.230000019073486,4.150000095367432,4.199999809265137,37864216,601618.SS,1
2016-09-14,3.4485366344451904,4.099999904632568,4.190000057220459,4.059999942779541,4.159999847412109,64454314,601618.SS,2
2016-09-19,3.4737706184387207,4.130000114440918,4.179999828338623,4.099999904632568,4.099999904632568,38421805,601618.SS,0
2016-09-20,3.4569482803344727,4.110000133514404,4.150000095367432,4.079999923706055,4.130000114440918,30744444,601618.SS,1
2016-09-21,3.4569482803344727,4.110000133514404,4.130000114440918,4.079999923706055,4.110000133514404,21970930,601618.SS,2
2016-09-22,3.4821813106536865,4.139999866485596,4.150000095367432,4.099999904632568,4.130000114440918,55244319,601618.SS,3
2016-09-23,3.4569482803344727,4.110000133514404,4.139999866485596,4.090000152587891,4.130000114440918,30017721,601618.SS,4
2016-09-26,3.330782651901245,3.9600000381469727,4.099999904632568,3.9600000381469727,4.099999904632568,61621462,601618.SS,0
2016-09-27,3.313960313796997,3.940000057220459,3.9800000190734863,3.869999885559082,3.940000057220459,47663146,601618.SS,1
2016-09-28,3.29713773727417,3.9200000762939453,3.950000047683716,3.890000104904175,3.950000047683716,20310622,601618.SS,2
2016-09-29,3.322371482849121,3.950000047683716,3.9800000190734863,3.9100000858306885,3.9200000762939453,35513710,601618.SS,3
2016-09-30,3.322371482849121,3.950000047683716,3.9700000286102295,3.930000066757202,3.940000057220459,23708297,601618.SS,4
2016-10-10,3.423304319381714,4.070000171661377,4.070000171661377,3.9700000286102295,3.9700000286102295,44835353,601618.SS,0
2016-10-11,3.4401261806488037,4.090000152587891,4.130000114440918,4.050000190734863,4.070000171661377,37076063,601618.SS,1
2016-10-12,3.4317147731781006,4.079999923706055,4.110000133514404,4.050000190734863,4.079999923706055,29086402,601618.SS,2
2016-10-13,3.4821813106536865,4.139999866485596,4.170000076293945,4.079999923706055,4.079999923706055,47016386,601618.SS,3
2016-10-14,3.5326473712921143,4.199999809265137,4.21999979019165,4.130000114440918,4.150000095367432,90128659,601618.SS,4
2016-10-17,3.4569482803344727,4.110000133514404,4.199999809265137,4.079999923706055,4.199999809265137,54971406,601618.SS,0
2016-10-18,3.6083476543426514,4.289999961853027,4.369999885559082,4.099999904632568,4.110000133514404,151045408,601618.SS,1
2016-10-19,3.5662920475006104,4.239999771118164,4.309999942779541,4.21999979019165,4.28000020980835,84081757,601618.SS,2
2016-10-20,3.549469232559204,4.21999979019165,4.309999942779541,4.210000038146973,4.230000019073486,56733345,601618.SS,3
2016-10-21,3.709280014038086,4.409999847412109,4.579999923706055,4.199999809265137,4.21999979019165,299609441,601618.SS,4
2016-10-24,3.7597458362579346,4.46999979019165,4.639999866485596,4.360000133514404,4.380000114440918,329734739,601618.SS,0
2016-10-25,3.6840474605560303,4.380000114440918,4.5,4.340000152587891,4.480000019073486,227798554,601618.SS,1
2016-10-26,3.667224884033203,4.360000133514404,4.440000057220459,4.329999923706055,4.360000133514404,170308866,601618.SS,2
2016-10-27,3.6335809230804443,4.320000171661377,4.360000133514404,4.25,4.340000152587891,117189362,601618.SS,3
2016-10-28,3.5326473712921143,4.199999809265137,4.320000171661377,4.199999809265137,4.300000190734863,105802540,601618.SS,4
2016-10-31,3.5326473712921143,4.199999809265137,4.25,4.179999828338623,4.179999828338623,58133952,601618.SS,0
2016-11-01,3.549469232559204,4.21999979019165,4.230000019073486,4.179999828338623,4.199999809265137,65731304,601618.SS,1
2016-11-02,3.4653592109680176,4.119999885559082,4.210000038146973,4.119999885559082,4.199999809265137,78704613,601618.SS,2
2016-11-03,3.5999367237091064,4.28000020980835,4.349999904632568,4.090000152587891,4.110000133514404,174970611,601618.SS,3
2016-11-04,3.6083476543426514,4.289999961853027,4.369999885559082,4.25,4.260000228881836,137187590,601618.SS,4
2016-11-07,3.6083476543426514,4.289999961853027,4.329999923706055,4.239999771118164,4.260000228881836,77231716,601618.SS,0
2016-11-08,3.6251697540283203,4.309999942779541,4.389999866485596,4.269999980926514,4.320000171661377,103253337,601618.SS,1
2016-11-09,3.5747034549713135,4.25,4.360000133514404,4.179999828338623,4.300000190734863,118412685,601618.SS,2
2016-11-10,3.6588134765625,4.349999904632568,4.440000057220459,4.300000190734863,4.300000190734863,150664230,601618.SS,3
2016-11-11,3.860679864883423,4.590000152587891,4.599999904632568,4.320000171661377,4.329999923706055,356098068,601618.SS,4
2016-11-14,3.9363787174224854,4.679999828338623,4.860000133514404,4.519999980926514,4.519999980926514,323849920,601618.SS,0
2016-11-15,3.8775017261505127,4.610000133514404,4.760000228881836,4.579999923706055,4.699999809265137,157707903,601618.SS,1
2016-11-16,3.860679864883423,4.590000152587891,4.650000095367432,4.53000020980835,4.590000152587891,116717850,601618.SS,2
2016-11-17,4.247589111328125,5.050000190734863,5.050000190734863,4.53000020980835,4.590000152587891,224713549,601618.SS,3
2016-11-18,4.163477420806885,4.949999809265137,5.119999885559082,4.909999847412109,5.079999923706055,385218092,601618.SS,4
2016-11-21,4.281233310699463,5.090000152587891,5.25,4.889999866485596,4.909999847412109,347271474,601618.SS,0
2016-11-22,4.2980546951293945,5.110000133514404,5.21999979019165,5.019999980926514,5.050000190734863,239596719,601618.SS,1
2016-11-23,4.197121620178223,4.989999771118164,5.170000076293945,4.960000038146973,5.079999923706055,209294538,601618.SS,2
2016-11-24,4.171889305114746,4.960000038146973,5.039999961853027,4.929999828338623,4.989999771118164,134228018,601618.SS,3
2016-11-25,4.2980546951293945,5.110000133514404,5.150000095367432,4.880000114440918,4.960000038146973,189430537,601618.SS,4
2016-11-28,4.516742706298828,5.369999885559082,5.449999809265137,5.110000133514404,5.150000095367432,377888048,601618.SS,0
2016-11-29,4.7101969718933105,5.599999904632568,5.849999904632568,5.260000228881836,5.300000190734863,514426630,601618.SS,1
2016-11-30,4.525154113769531,5.380000114440918,5.599999904632568,5.309999942779541,5.5,272346018,601618.SS,2
2016-12-01,4.558797836303711,5.420000076293945,5.480000019073486,5.320000171661377,5.380000114440918,183831720,601618.SS,3
2016-12-02,4.508331775665283,5.360000133514404,5.489999771118164,5.309999942779541,5.369999885559082,190976065,601618.SS,4
2016-12-05,4.121422290802002,4.900000095367432,5.21999979019165,4.829999923706055,5.199999809265137,280320751,601618.SS,0
2016-12-06,4.138245105743408,4.920000076293945,5.050000190734863,4.860000133514404,4.909999847412109,118489619,601618.SS,1
2016-12-07,4.188711166381836,4.980000019073486,4.989999771118164,4.849999904632568,4.949999809265137,91506874,601618.SS,2
2016-12-08,4.113010883331299,4.889999866485596,4.989999771118164,4.880000114440918,4.989999771118164,85458893,601618.SS,3
2016-12-09,4.197121620178223,4.989999771118164,5.050000190734863,4.829999923706055,4.869999885559082,173107702,601618.SS,4
2016-12-12,4.037311553955078,4.800000190734863,4.960000038146973,4.630000114440918,4.940000057220459,184986472,601618.SS,0
2016-12-13,4.028901100158691,4.789999961853027,4.809999942779541,4.679999828338623,4.75,87019046,601618.SS,1
2016-12-14,3.8859126567840576,4.619999885559082,4.78000020980835,4.570000171661377,4.78000020980835,102094114,601618.SS,2
2016-12-15,3.9111454486846924,4.650000095367432,4.699999809265137,4.599999904632568,4.610000133514404,67098707,601618.SS,3
2016-12-16,3.953200578689575,4.699999809265137,4.739999771118164,4.590000152587891,4.630000114440918,77714678,601618.SS,4
2016-12-19,3.9363787174224854,4.679999828338623,4.769999980926514,4.659999847412109,4.690000057220459,54728591,601618.SS,0
2016-12-20,3.953200578689575,4.699999809265137,4.739999771118164,4.619999885559082,4.670000076293945,45229533,601618.SS,1
2016-12-21,4.045722484588623,4.809999942779541,4.849999904632568,4.679999828338623,4.710000038146973,119143914,601618.SS,2
2016-12-22,4.070955753326416,4.840000152587891,4.869999885559082,4.760000228881836,4.789999961853027,84826910,601618.SS,3
2016-12-23,4.012077808380127,4.769999980926514,4.869999885559082,4.75,4.849999904632568,78136100,601618.SS,4
2016-12-26,4.079367160797119,4.849999904632568,4.909999847412109,4.610000133514404,4.699999809265137,91216531,601618.SS,0
2016-12-27,4.020490646362305,4.78000020980835,4.889999866485596,4.760000228881836,4.820000171661377,79633607,601618.SS,1
2016-12-28,3.9447898864746094,4.690000057220459,4.78000020980835,4.670000076293945,4.75,61791947,601618.SS,2
2016-12-29,3.9616122245788574,4.710000038146973,4.769999980926514,4.639999866485596,4.679999828338623,61033370,601618.SS,3
2016-12-30,3.919556140899658,4.659999847412109,4.71999979019165,4.610000133514404,4.690000057220459,65241006,601618.SS,4
2017-01-03,3.9447898864746094,4.690000057220459,4.71999979019165,4.650000095367432,4.670000076293945,41713801,601618.SS,1
2017-01-04,4.020490646362305,4.78000020980835,4.789999961853027,4.679999828338623,4.690000057220459,85889647,601618.SS,2
2017-01-05,4.020490646362305,4.78000020980835,4.800000190734863,4.739999771118164,4.769999980926514,53228781,601618.SS,3
2017-01-06,4.045722484588623,4.809999942779541,4.849999904632568,4.739999771118164,4.760000228881836,89437132,601618.SS,4
2017-01-09,4.079367160797119,4.849999904632568,4.849999904632568,4.769999980926514,4.789999961853027,70336513,601618.SS,0
2017-01-10,4.020490646362305,4.78000020980835,4.849999904632568,4.769999980926514,4.840000152587891,53875779,601618.SS,1
2017-01-11,4.28964376449585,5.099999904632568,5.260000228881836,4.679999828338623,4.769999980926514,340550139,601618.SS,2
2017-01-12,4.449454307556152,5.289999961853027,5.440000057220459,4.920000076293945,5.0,485387398,601618.SS,3
2017-01-13,4.3653435707092285,5.190000057220459,5.28000020980835,5.110000133514404,5.21999979019165,244035411,601618.SS,4
2017-01-16,4.441043376922607,5.28000020980835,5.300000190734863,5.0,5.150000095367432,286113528,601618.SS,0
2017-01-17,4.390575885772705,5.21999979019165,5.25,5.159999847412109,5.199999809265137,130695355,601618.SS,1
2017-01-18,4.356931209564209,5.179999828338623,5.269999980926514,5.130000114440918,5.130000114440918,134269235,601618.SS,2
2017-01-19,4.264410972595215,5.070000171661377,5.210000038146973,5.059999942779541,5.150000095367432,103800470,601618.SS,3
2017-01-20,4.272821426391602,5.079999923706055,5.139999866485596,5.039999961853027,5.070000171661377,80042030,601618.SS,4
2017-01-23,4.281233310699463,5.090000152587891,5.130000114440918,5.059999942779541,5.110000133514404,84353930,601618.SS,0
2017-01-24,4.264410972595215,5.070000171661377,5.110000133514404,5.010000228881836,5.090000152587891,93493123,601618.SS,1
2017-01-25,4.28964376449585,5.099999904632568,5.130000114440918,5.039999961853027,5.059999942779541,83636420,601618.SS,2
2017-01-26,4.247589111328125,5.050000190734863,5.119999885559082,5.0,5.110000133514404,118398287,601618.SS,3
2017-02-03,4.247589111328125,5.050000190734863,5.070000171661377,5.019999980926514,5.039999961853027,43670891,601618.SS,4
2017-02-06,4.314877510070801,5.130000114440918,5.179999828338623,5.019999980926514,5.039999961853027,152792122,601618.SS,0
2017-02-07,4.28964376449585,5.099999904632568,5.159999847412109,5.070000171661377,5.130000114440918,83044949,601618.SS,1
2017-02-08,4.281233310699463,5.090000152587891,5.099999904632568,5.019999980926514,5.090000152587891,105910290,601618.SS,2
2017-02-09,4.382165431976318,5.210000038146973,5.21999979019165,5.070000171661377,5.090000152587891,201385816,601618.SS,3
2017-02-10,4.407398700714111,5.239999771118164,5.380000114440918,5.190000057220459,5.210000038146973,267785306,601618.SS,4
2017-02-13,4.424221038818359,5.260000228881836,5.329999923706055,5.21999979019165,5.21999979019165,141737713,601618.SS,0
2017-02-14,4.499919891357422,5.349999904632568,5.369999885559082,5.230000019073486,5.289999961853027,152914098,601618.SS,1
2017-02-15,4.3653435707092285,5.190000057220459,5.349999904632568,5.170000076293945,5.349999904632568,147038258,601618.SS,2
2017-02-16,4.407398700714111,5.239999771118164,5.289999961853027,5.159999847412109,5.170000076293945,121401127,601618.SS,3
2017-02-17,4.281233310699463,5.090000152587891,5.230000019073486,5.090000152587891,5.230000019073486,124815200,601618.SS,4
2017-02-20,4.356931209564209,5.179999828338623,5.190000057220459,5.079999923706055,5.090000152587891,85875521,601618.SS,0
2017-02-21,4.3653435707092285,5.190000057220459,5.239999771118164,5.159999847412109,5.190000057220459,86988447,601618.SS,1
2017-02-22,4.356931209564209,5.179999828338623,5.190000057220459,5.139999866485596,5.190000057220459,69562400,601618.SS,2
2017-02-23,4.314877510070801,5.130000114440918,5.179999828338623,5.099999904632568,5.179999828338623,74575274,601618.SS,3
2017-02-24,4.331698894500732,5.150000095367432,5.150000095367432,5.059999942779541,5.110000133514404,84862046,601618.SS,4
2017-02-27,4.2559990882873535,5.059999942779541,5.139999866485596,5.050000190734863,5.130000114440918,76801099,601618.SS,0
2017-02-28,4.281233310699463,5.090000152587891,5.099999904632568,5.050000190734863,5.050000190734863,48072987,601618.SS,1
2017-03-01,4.272821426391602,5.079999923706055,5.139999866485596,5.070000171661377,5.090000152587891,61317287,601618.SS,2
2017-03-02,4.213943958282471,5.010000228881836,5.110000133514404,5.0,5.099999904632568,87072591,601618.SS,3
2017-03-03,4.197121620178223,4.989999771118164,5.0,4.940000057220459,5.0,78331799,601618.SS,4
2017-03-06,4.197121620178223,4.989999771118164,5.010000228881836,4.96999979019165,4.989999771118164,47026415,601618.SS,0
2017-03-07,4.15506649017334,4.940000057220459,4.989999771118164,4.929999828338623,4.989999771118164,48081426,601618.SS,1
2017-03-08,4.188711166381836,4.980000019073486,5.03000020980835,4.940000057220459,4.940000057220459,63926364,601618.SS,2
2017-03-09,4.138245105743408,4.920000076293945,4.980000019073486,4.889999866485596,4.96999979019165,63373559,601618.SS,3
2017-03-10,4.096189022064209,4.869999885559082,4.929999828338623,4.869999885559082,4.909999847412109,30785532,601618.SS,4
2017-03-13,4.129832744598389,4.909999847412109,4.909999847412109,4.809999942779541,4.829999923706055,42162125,601618.SS,0
2017-03-14,4.129832744598389,4.909999847412109,4.949999809265137,4.889999866485596,4.929999828338623,32745900,601618.SS,1
2017-03-15,4.138245105743408,4.920000076293945,4.940000057220459,4.880000114440918,4.909999847412109,32943554,601618.SS,2
2017-03-16,4.163477420806885,4.949999809265137,4.960000038146973,4.920000076293945,4.920000076293945,42838145,601618.SS,3
2017-03-17,4.121422290802002,4.900000095367432,4.989999771118164,4.889999866485596,4.949999809265137,61430012,601618.SS,4
2017-03-20,4.146655082702637,4.929999828338623,4.960000038146973,4.880000114440918,4.889999866485596,41112502,601618.SS,0
2017-03-21,4.197121620178223,4.989999771118164,5.019999980926514,4.909999847412109,4.929999828338623,86814270,601618.SS,1
2017-03-22,4.239177227020264,5.039999961853027,5.099999904632568,4.949999809265137,4.96999979019165,134510341,601618.SS,2
2017-03-23,4.188711166381836,4.980000019073486,5.03000020980835,4.920000076293945,5.03000020980835,75285044,601618.SS,3
2017-03-24,4.3485212326049805,5.170000076293945,5.25,4.960000038146973,4.960000038146973,251687588,601618.SS,4
2017-03-27,4.264410972595215,5.070000171661377,5.190000057220459,5.059999942779541,5.130000114440918,135311855,601618.SS,0
2017-03-28,4.272821426391602,5.079999923706055,5.130000114440918,5.039999961853027,5.079999923706055,78535451,601618.SS,1
2017-03-29,4.323287487030029,5.139999866485596,5.230000019073486,5.050000190734863,5.090000152587891,192575847,601618.SS,2
2017-03-30,4.3485212326049805,5.170000076293945,5.300000190734863,5.090000152587891,5.139999866485596,235988366,601618.SS,3
2017-03-31,4.272821426391602,5.079999923706055,5.159999847412109,5.010000228881836,5.150000095367432,127613005,601618.SS,4
2017-04-05,4.651319980621338,5.53000020980835,5.590000152587891,5.179999828338623,5.349999904632568,594088490,601618.SS,2
2017-04-06,4.684964179992676,5.570000171661377,5.679999828338623,5.449999809265137,5.550000190734863,483559449,601618.SS,3
2017-04-07,4.617675304412842,5.489999771118164,5.559999942779541,5.409999847412109,5.5,229002846,601618.SS,4
2017-04-10,4.600852966308594,5.46999979019165,5.570000171661377,5.429999828338623,5.46999979019165,245893467,601618.SS,0
2017-04-11,4.74384069442749,5.639999866485596,5.789999961853027,5.389999866485596,5.449999809265137,356068954,601618.SS,1
2017-04-12,4.609264373779297,5.480000019073486,5.590000152587891,5.440000057220459,5.579999923706055,217321820,601618.SS,2
2017-04-13,4.600852966308594,5.46999979019165,5.510000228881836,5.409999847412109,5.449999809265137,99433299,601618.SS,3
2017-04-14,4.466276168823242,5.309999942779541,5.550000190734863,5.28000020980835,5.449999809265137,153205363,601618.SS,4
2017-04-17,4.508331775665283,5.360000133514404,5.409999847412109,5.28000020980835,5.300000190734863,104991331,601618.SS,0
2017-04-18,4.499919891357422,5.349999904632568,5.449999809265137,5.300000190734863,5.360000133514404,114130298,601618.SS,1
2017-04-19,4.466276168823242,5.309999942779541,5.400000095367432,5.150000095367432,5.360000133514404,165348441,601618.SS,2
2017-04-20,4.516742706298828,5.369999885559082,5.400000095367432,5.25,5.320000171661377,116881286,601618.SS,3
2017-04-21,4.499919891357422,5.349999904632568,5.400000095367432,5.25,5.360000133514404,112600418,601618.SS,4
2017-04-24,4.281233310699463,5.090000152587891,5.320000171661377,5.0,5.309999942779541,161920308,601618.SS,0
2017-04-25,4.239177227020264,5.039999961853027,5.099999904632568,5.010000228881836,5.050000190734863,62574904,601618.SS,1
2017-04-26,4.197121620178223,4.989999771118164,5.079999923706055,4.980000019073486,5.050000190734863,68870218,601618.SS,2
2017-04-27,4.230766773223877,5.03000020980835,5.039999961853027,4.840000152587891,4.96999979019165,100251428,601618.SS,3
2017-04-28,4.247589111328125,5.050000190734863,5.059999942779541,5.0,5.039999961853027,50406149,601618.SS,4
2017-05-02,4.2559990882873535,5.059999942779541,5.110000133514404,5.010000228881836,5.03000020980835,51467803,601618.SS,1
2017-05-03,4.2559990882873535,5.059999942779541,5.090000152587891,5.010000228881836,5.059999942779541,54369668,601618.SS,2
2017-05-04,4.398987770080566,5.230000019073486,5.380000114440918,5.039999961853027,5.079999923706055,210153387,601618.SS,3
2017-05-05,4.390575885772705,5.21999979019165,5.269999980926514,5.150000095367432,5.179999828338623,127279442,601618.SS,4
2017-05-08,4.382165431976318,5.210000038146973,5.239999771118164,5.0,5.199999809265137,166101396,601618.SS,0
2017-05-09,4.356931209564209,5.179999828338623,5.199999809265137,5.070000171661377,5.139999866485596,58278615,601618.SS,1
2017-05-10,4.247589111328125,5.050000190734863,5.230000019073486,5.03000020980835,5.170000076293945,78329058,601618.SS,2
2017-05-11,4.331698894500732,5.150000095367432,5.170000076293945,4.949999809265137,4.989999771118164,110030037,601618.SS,3
2017-05-12,4.2980546951293945,5.110000133514404,5.150000095367432,5.059999942779541,5.139999866485596,58211502,601618.SS,4
2017-05-15,4.230766773223877,5.03000020980835,5.159999847412109,5.03000020980835,5.139999866485596,67311192,601618.SS,0
2017-05-16,4.222355365753174,5.019999980926514,5.03000020980835,4.909999847412109,5.03000020980835,83148395,601618.SS,1
2017-05-17,4.213943958282471,5.010000228881836,5.079999923706055,5.010000228881836,5.019999980926514,51642066,601618.SS,2
2017-05-18,4.146655082702637,4.929999828338623,4.96999979019165,4.909999847412109,4.949999809265137,58075461,601618.SS,3
2017-05-19,4.146655082702637,4.929999828338623,4.960000038146973,4.869999885559082,4.940000057220459,45066578,601618.SS,4
2017-05-22,4.087778568267822,4.860000133514404,4.920000076293945,4.760000228881836,4.900000095367432,75002516,601618.SS,0
2017-05-23,4.104600429534912,4.880000114440918,4.889999866485596,4.710000038146973,4.840000152587891,81881262,601618.SS,1
2017-05-24,4.079367160797119,4.849999904632568,4.860000133514404,4.760000228881836,4.829999923706055,37355897,601618.SS,2
2017-05-25,4.121422290802002,4.900000095367432,4.920000076293945,4.820000171661377,4.829999923706055,44358239,601618.SS,3
2017-05-26,4.138245105743408,4.920000076293945,4.96999979019165,4.880000114440918,4.900000095367432,42269429,601618.SS,4
2017-05-31,4.171889305114746,4.960000038146973,4.989999771118164,4.909999847412109,4.929999828338623,53330345,601618.SS,2
2017-06-01,4.213943958282471,5.010000228881836,5.03000020980835,4.929999828338623,4.940000057220459,73048193,601618.SS,3
2017-06-02,4.197121620178223,4.989999771118164,5.03000020980835,4.949999809265137,5.0,32043679,601618.SS,4
2017-06-05,4.180299282073975,4.96999979019165,5.0,4.960000038146973,4.980000019073486,20349400,601618.SS,0
2017-06-06,4.197121620178223,4.989999771118164,5.010000228881836,4.949999809265137,4.960000038146973,17285365,601618.SS,1
2017-06-07,4.222355365753174,5.019999980926514,5.03000020980835,4.96999979019165,4.989999771118164,37611009,601618.SS,2
2017-06-08,4.180299282073975,4.96999979019165,5.019999980926514,4.960000038146973,5.010000228881836,27619320,601618.SS,3
2017-06-09,4.222355365753174,5.019999980926514,5.090000152587891,4.96999979019165,4.980000019073486,61203212,601618.SS,4
2017-06-12,4.146655082702637,4.929999828338623,5.010000228881836,4.889999866485596,5.0,47412677,601618.SS,0
2017-06-13,4.138245105743408,4.920000076293945,4.940000057220459,4.880000114440918,4.909999847412109,29188442,601618.SS,1
2017-06-14,4.129832744598389,4.909999847412109,4.940000057220459,4.889999866485596,4.909999847412109,22741489,601618.SS,2
2017-06-15,4.146655082702637,4.929999828338623,4.929999828338623,4.900000095367432,4.909999847412109,20299391,601618.SS,3
2017-06-16,4.129832744598389,4.909999847412109,4.949999809265137,4.900000095367432,4.940000057220459,19277843,601618.SS,4
2017-06-19,4.15506649017334,4.940000057220459,4.960000038146973,4.900000095367432,4.909999847412109,26761824,601618.SS,0
2017-06-20,4.129832744598389,4.909999847412109,4.960000038146973,4.889999866485596,4.940000057220459,31344662,601618.SS,1
2017-06-21,4.138245105743408,4.920000076293945,4.940000057220459,4.900000095367432,4.929999828338623,24568415,601618.SS,2
2017-06-22,4.15506649017334,4.940000057220459,4.989999771118164,4.909999847412109,4.920000076293945,53543360,601618.SS,3
2017-06-23,4.163477420806885,4.949999809265137,4.949999809265137,4.900000095367432,4.920000076293945,38193814,601618.SS,4
2017-06-26,4.188711166381836,4.980000019073486,4.989999771118164,4.929999828338623,4.940000057220459,36342856,601618.SS,0
2017-06-27,4.180299282073975,4.96999979019165,4.980000019073486,4.940000057220459,4.980000019073486,26392097,601618.SS,1
2017-06-28,4.197121620178223,4.989999771118164,5.090000152587891,4.920000076293945,4.960000038146973,67380342,601618.SS,2
2017-06-29,4.188711166381836,4.980000019073486,5.0,4.960000038146973,4.96999979019165,30754585,601618.SS,3
2017-06-30,4.213943958282471,5.010000228881836,5.019999980926514,4.940000057220459,4.960000038146973,36873938,601618.SS,4
2017-07-03,4.213943958282471,5.010000228881836,5.03000020980835,4.989999771118164,5.0,27206887,601618.SS,0
2017-07-04,4.222355365753174,5.019999980926514,5.03000020980835,4.949999809265137,5.010000228881836,47943089,601618.SS,1
2017-07-05,4.222355365753174,5.019999980926514,5.03000020980835,4.989999771118164,5.0,24863702,601618.SS,2
2017-07-06,4.197121620178223,4.989999771118164,5.019999980926514,4.940000057220459,5.010000228881836,45519163,601618.SS,3
2017-07-07,4.213943958282471,5.010000228881836,5.03000020980835,4.949999809265137,4.96999979019165,37482299,601618.SS,4
2017-07-10,4.230766773223877,5.03000020980835,5.039999961853027,4.960000038146973,5.0,56953720,601618.SS,0
2017-07-11,4.197121620178223,4.989999771118164,5.019999980926514,4.980000019073486,5.019999980926514,31322743,601618.SS,1
2017-07-12,4.213943958282471,5.010000228881836,5.039999961853027,4.980000019073486,4.980000019073486,46234513,601618.SS,2
2017-07-13,4.2980546951293945,5.110000133514404,5.139999866485596,5.0,5.010000228881836,124009714,601618.SS,3
2017-07-14,4.323287487030029,5.139999866485596,5.139999866485596,5.070000171661377,5.090000152587891,73870152,601618.SS,4
2017-07-17,4.356931209564209,5.179999828338623,5.289999961853027,4.989999771118164,5.119999885559082,145081569,601618.SS,0
2017-07-18,4.442028522491455,5.21999979019165,5.230000019073486,5.059999942779541,5.070000171661377,129131970,601618.SS,1
2017-07-19,4.459048271179199,5.239999771118164,5.320000171661377,5.210000038146973,5.25,169067156,601618.SS,2
2017-07-20,4.433518886566162,5.210000038146973,5.289999961853027,5.190000057220459,5.21999979019165,95649258,601618.SS,3
2017-07-21,4.407989025115967,5.179999828338623,5.28000020980835,5.170000076293945,5.190000057220459,92662535,601618.SS,4
2017-07-24,4.399480819702148,5.170000076293945,5.25,5.130000114440918,5.159999847412109,76630155,601618.SS,0
2017-07-25,4.348422527313232,5.110000133514404,5.190000057220459,5.059999942779541,5.170000076293945,77999799,601618.SS,1
2017-07-26,4.365442276000977,5.130000114440918,5.150000095367432,5.070000171661377,5.119999885559082,58455110,601618.SS,2
2017-07-27,4.356932163238525,5.119999885559082,5.119999885559082,5.070000171661377,5.119999885559082,54793872,601618.SS,3
2017-07-28,4.348422527313232,5.110000133514404,5.130000114440918,5.090000152587891,5.099999904632568,36918299,601618.SS,4
2017-07-31,4.373950958251953,5.139999866485596,5.150000095367432,5.039999961853027,5.110000133514404,63741051,601618.SS,0
2017-08-01,4.3824615478515625,5.150000095367432,5.170000076293945,5.110000133514404,5.119999885559082,64019888,601618.SS,1
2017-08-02,4.297365188598633,5.050000190734863,5.150000095367432,5.03000020980835,5.150000095367432,77120586,601618.SS,2
2017-08-03,4.297365188598633,5.050000190734863,5.059999942779541,5.03000020980835,5.039999961853027,41603833,601618.SS,3
2017-08-04,4.280345916748047,5.03000020980835,5.110000133514404,5.03000020980835,5.050000190734863,55444569,601618.SS,4
2017-08-07,4.28885555267334,5.039999961853027,5.039999961853027,4.980000019073486,5.03000020980835,34778788,601618.SS,0
2017-08-08,4.305874347686768,5.059999942779541,5.079999923706055,5.010000228881836,5.03000020980835,42719568,601618.SS,1
2017-08-09,4.28885555267334,5.039999961853027,5.070000171661377,5.019999980926514,5.059999942779541,31607850,601618.SS,2
2017-08-10,4.297365188598633,5.050000190734863,5.059999942779541,4.980000019073486,5.03000020980835,55146733,601618.SS,3
2017-08-11,4.28885555267334,5.039999961853027,5.050000190734863,4.96999979019165,5.019999980926514,55912100,601618.SS,4
2017-08-14,4.28885555267334,5.039999961853027,5.050000190734863,5.010000228881836,5.010000228881836,30943345,601618.SS,0
2017-08-15,4.280345916748047,5.03000020980835,5.059999942779541,5.03000020980835,5.039999961853027,19135306,601618.SS,1
2017-08-16,4.263326168060303,5.010000228881836,5.03000020980835,5.0,5.03000020980835,22613238,601618.SS,2
2017-08-17,4.322894096374512,5.079999923706055,5.079999923706055,5.0,5.010000228881836,54788323,601618.SS,3
2017-08-18,4.297365188598633,5.050000190734863,5.070000171661377,5.03000020980835,5.059999942779541,38688387,601618.SS,4
2017-08-21,4.305874347686768,5.059999942779541,5.090000152587891,5.039999961853027,5.070000171661377,26669604,601618.SS,0
2017-08-22,4.28885555267334,5.039999961853027,5.070000171661377,5.03000020980835,5.059999942779541,24391725,601618.SS,1
2017-08-23,4.263326168060303,5.010000228881836,5.050000190734863,5.0,5.039999961853027,25997300,601618.SS,2
2017-08-24,4.229287624359131,4.96999979019165,5.019999980926514,4.960000038146973,5.0,29165507,601618.SS,3
2017-08-25,4.305874347686768,5.059999942779541,5.079999923706055,4.96999979019165,4.96999979019165,50932301,601618.SS,4
2017-08-28,4.348422527313232,5.110000133514404,5.139999866485596,5.03000020980835,5.050000190734863,75077348,601618.SS,0
2017-08-29,4.331403732299805,5.090000152587891,5.110000133514404,5.059999942779541,5.110000133514404,23673584,601618.SS,1
2017-08-30,4.356932163238525,5.119999885559082,5.119999885559082,5.079999923706055,5.090000152587891,29836129,601618.SS,2
2017-08-31,4.314384460449219,5.070000171661377,5.139999866485596,5.070000171661377,5.119999885559082,30115606,601618.SS,3
2017-09-01,4.322894096374512,5.079999923706055,5.119999885559082,5.059999942779541,5.070000171661377,32591853,601618.SS,4
2017-09-04,4.314384460449219,5.070000171661377,5.090000152587891,5.059999942779541,5.090000152587891,26884164,601618.SS,0
2017-09-05,4.314384460449219,5.070000171661377,5.079999923706055,5.050000190734863,5.070000171661377,21060573,601618.SS,1
2017-09-06,4.748375415802002,5.579999923706055,5.579999923706055,5.03000020980835,5.059999942779541,483227210,601618.SS,2
2017-09-07,4.6122212409973145,5.420000076293945,5.639999866485596,5.380000114440918,5.599999904632568,374297435,601618.SS,3
2017-09-08,4.501595973968506,5.289999961853027,5.400000095367432,5.269999980926514,5.349999904632568,216420207,601618.SS,4
2017-09-11,4.5356340408325195,5.329999923706055,5.380000114440918,5.21999979019165,5.28000020980835,181320314,601618.SS,0
2017-09-12,4.442028522491455,5.21999979019165,5.340000152587891,5.199999809265137,5.329999923706055,177801042,601618.SS,1
2017-09-13,4.433518886566162,5.210000038146973,5.239999771118164,5.159999847412109,5.210000038146973,86845089,601618.SS,2
2017-09-14,4.399480819702148,5.170000076293945,5.230000019073486,5.159999847412109,5.199999809265137,79929505,601618.SS,3
2017-09-15,4.407989025115967,5.179999828338623,5.230000019073486,5.159999847412109,5.190000057220459,79073984,601618.SS,4
2017-09-18,4.425008773803711,5.199999809265137,5.230000019073486,5.159999847412109,5.190000057220459,59918956,601618.SS,0
2017-09-19,4.373950958251953,5.139999866485596,5.21999979019165,5.130000114440918,5.210000038146973,63786200,601618.SS,1
2017-09-20,4.399480819702148,5.170000076293945,5.179999828338623,5.110000133514404,5.139999866485596,55041970,601618.SS,2
2017-09-21,4.3824615478515625,5.150000095367432,5.239999771118164,5.119999885559082,5.159999847412109,81752803,601618.SS,3
2017-09-22,4.390970230102539,5.159999847412109,5.190000057220459,5.110000133514404,5.119999885559082,56782718,601618.SS,4
2017-09-25,4.407989025115967,5.179999828338623,5.190000057220459,5.099999904632568,5.150000095367432,66207095,601618.SS,0
2017-09-26,4.407989025115967,5.179999828338623,5.199999809265137,5.139999866485596,5.159999847412109,36195374,601618.SS,1
2017-09-27,4.373950958251953,5.139999866485596,5.179999828338623,5.139999866485596,5.170000076293945,33547917,601618.SS,2
2017-09-28,4.356932163238525,5.119999885559082,5.150000095367432,5.099999904632568,5.139999866485596,40679100,601618.SS,3
2017-09-29,4.356932163238525,5.119999885559082,5.139999866485596,5.099999904632568,5.119999885559082,30593850,601618.SS,4
2017-10-09,4.373950958251953,5.139999866485596,5.179999828338623,5.130000114440918,5.159999847412109,35710901,601618.SS,0
2017-10-10,4.3824615478515625,5.150000095367432,5.159999847412109,5.119999885559082,5.150000095367432,30691131,601618.SS,1
2017-10-11,4.390970230102539,5.159999847412109,5.210000038146973,5.130000114440918,5.150000095367432,60165593,601618.SS,2
2017-10-12,4.365442276000977,5.130000114440918,5.170000076293945,5.110000133514404,5.170000076293945,39900593,601618.SS,3
2017-10-13,4.365442276000977,5.130000114440918,5.150000095367432,5.110000133514404,5.139999866485596,22368917,601618.SS,4
2017-10-16,4.348422527313232,5.110000133514404,5.170000076293945,5.110000133514404,5.139999866485596,44245400,601618.SS,0
2017-10-17,4.305874347686768,5.059999942779541,5.119999885559082,5.050000190734863,5.119999885559082,43394884,601618.SS,1
2017-10-18,4.331403732299805,5.090000152587891,5.099999904632568,5.050000190734863,5.059999942779541,46008443,601618.SS,2
2017-10-19,4.348422527313232,5.110000133514404,5.119999885559082,5.010000228881836,5.079999923706055,50546961,601618.SS,3
2017-10-20,4.331403732299805,5.090000152587891,5.099999904632568,5.070000171661377,5.079999923706055,15027301,601618.SS,4
2017-10-23,4.305874347686768,5.059999942779541,5.079999923706055,5.050000190734863,5.059999942779541,14778797,601618.SS,0
2017-10-24,4.373950958251953,5.139999866485596,5.150000095367432,5.050000190734863,5.070000171661377,55528355,601618.SS,1
2017-10-25,4.365442276000977,5.130000114440918,5.150000095367432,5.110000133514404,5.130000114440918,21944065,601618.SS,2
2017-10-26,4.407989025115967,5.179999828338623,5.21999979019165,5.119999885559082,5.139999866485596,71563286,601618.SS,3
2017-10-27,4.373950958251953,5.139999866485596,5.179999828338623,5.119999885559082,5.170000076293945,32144900,601618.SS,4
2017-10-30,4.3824615478515625,5.150000095367432,5.150000095367432,5.050000190734863,5.139999866485596,55298431,601618.SS,0
2017-10-31,4.3399128913879395,5.099999904632568,5.130000114440918,5.079999923706055,5.110000133514404,24466896,601618.SS,1
2017-11-01,4.416499614715576,5.190000057220459,5.210000038146973,5.099999904632568,5.099999904632568,80209708,601618.SS,2
2017-11-02,4.442028522491455,5.21999979019165,5.260000228881836,5.170000076293945,5.210000038146973,88613104,601618.SS,3
2017-11-03,4.442028522491455,5.21999979019165,5.239999771118164,5.099999904632568,5.210000038146973,70625988,601618.SS,4
2017-11-06,4.407989025115967,5.179999828338623,5.199999809265137,5.150000095367432,5.199999809265137,34891803,601618.SS,0
2017-11-07,4.442028522491455,5.21999979019165,5.260000228881836,5.150000095367432,5.179999828338623,58553278,601618.SS,1
2017-11-08,4.407989025115967,5.179999828338623,5.210000038146973,5.150000095367432,5.210000038146973,54552459,601618.SS,2
2017-11-09,4.407989025115967,5.179999828338623,5.190000057220459,5.139999866485596,5.159999847412109,31306601,601618.SS,3
2017-11-10,4.314384460449219,5.070000171661377,5.179999828338623,5.059999942779541,5.170000076293945,56954422,601618.SS,4
2017-11-13,4.305874347686768,5.059999942779541,5.090000152587891,5.039999961853027,5.059999942779541,35923952,601618.SS,0
2017-11-14,4.297365188598633,5.050000190734863,5.070000171661377,5.03000020980835,5.070000171661377,29109561,601618.SS,1
2017-11-15,4.297365188598633,5.050000190734863,5.070000171661377,5.019999980926514,5.039999961853027,24737860,601618.SS,2
2017-11-16,4.203758716583252,4.940000057220459,5.050000190734863,4.929999828338623,5.039999961853027,40637791,601618.SS,3
2017-11-17,4.297365188598633,5.050000190734863,5.079999923706055,4.78000020980835,4.929999828338623,108328366,601618.SS,4
2017-11-20,4.271836280822754,5.019999980926514,5.059999942779541,4.960000038146973,5.010000228881836,25793195,601618.SS,0
2017-11-21,4.271836280822754,5.019999980926514,5.059999942779541,5.0,5.0,24140012,601618.SS,1
2017-11-22,4.322894096374512,5.079999923706055,5.090000152587891,5.010000228881836,5.03000020980835,43051408,601618.SS,2
2017-11-23,4.263326168060303,5.010000228881836,5.090000152587891,4.96999979019165,5.079999923706055,38484169,601618.SS,3
2017-11-24,4.271836280822754,5.019999980926514,5.03000020980835,4.960000038146973,4.980000019073486,28318100,601618.SS,4
2017-11-27,4.280345916748047,5.03000020980835,5.059999942779541,5.0,5.019999980926514,20822209,601618.SS,0
2017-11-28,4.263326168060303,5.010000228881836,5.03000020980835,4.980000019073486,5.010000228881836,12973232,601618.SS,1
2017-11-29,4.229287624359131,4.96999979019165,5.010000228881836,4.949999809265137,5.010000228881836,18616911,601618.SS,2
2017-11-30,4.237797737121582,4.980000019073486,4.989999771118164,4.949999809265137,4.949999809265137,15521820,601618.SS,3
2017-12-01,4.237797737121582,4.980000019073486,4.989999771118164,4.929999828338623,4.980000019073486,15931437,601618.SS,4
2017-12-04,4.237797737121582,4.980000019073486,4.980000019073486,4.929999828338623,4.949999809265137,19215061,601618.SS,0
2017-12-05,4.322894096374512,5.079999923706055,5.110000133514404,4.96999979019165,4.980000019073486,90345503,601618.SS,1
2017-12-06,4.314384460449219,5.070000171661377,5.090000152587891,5.019999980926514,5.070000171661377,23560016,601618.SS,2
2017-12-07,4.314384460449219,5.070000171661377,5.079999923706055,5.039999961853027,5.050000190734863,12618002,601618.SS,3
2017-12-08,4.280345916748047,5.03000020980835,5.070000171661377,5.019999980926514,5.059999942779541,15268688,601618.SS,4
2017-12-11,4.280345916748047,5.03000020980835,5.050000190734863,5.019999980926514,5.039999961853027,11547772,601618.SS,0
2017-12-12,4.246306896209717,4.989999771118164,5.050000190734863,4.980000019073486,5.03000020980835,11482955,601618.SS,1
2017-12-13,4.246306896209717,4.989999771118164,5.0,4.96999979019165,4.96999979019165,7092759,601618.SS,2
2017-12-14,4.212268352508545,4.949999809265137,5.0,4.940000057220459,4.989999771118164,13229942,601618.SS,3
2017-12-15,4.212268352508545,4.949999809265137,4.980000019073486,4.929999828338623,4.949999809265137,9604695,601618.SS,4
2017-12-18,4.220778465270996,4.960000038146973,4.960000038146973,4.929999828338623,4.949999809265137,10597249,601618.SS,0
2017-12-19,4.203758716583252,4.940000057220459,4.960000038146973,4.929999828338623,4.960000038146973,8670969,601618.SS,1
2017-12-20,4.220778465270996,4.960000038146973,4.960000038146973,4.900000095367432,4.940000057220459,15076696,601618.SS,2
2017-12-21,4.186739921569824,4.920000076293945,4.949999809265137,4.909999847412109,4.929999828338623,9624125,601618.SS,3
2017-12-22,4.161210060119629,4.889999866485596,4.929999828338623,4.880000114440918,4.920000076293945,11019067,601618.SS,4
2017-12-25,4.135682106018066,4.860000133514404,4.900000095367432,4.809999942779541,4.889999866485596,23629676,601618.SS,0
2017-12-26,4.1016435623168945,4.820000171661377,4.849999904632568,4.809999942779541,4.840000152587891,15711051,601618.SS,1
2017-12-27,4.08462381362915,4.800000190734863,4.829999923706055,4.78000020980835,4.820000171661377,18688826,601618.SS,2
2017-12-28,4.076115131378174,4.789999961853027,4.809999942779541,4.769999980926514,4.789999961853027,14993807,601618.SS,3
2017-12-29,4.118662357330322,4.840000152587891,4.880000114440918,4.78000020980835,4.78000020980835,21195045,601618.SS,4
2018-01-02,4.135682106018066,4.860000133514404,4.869999885559082,4.809999942779541,4.840000152587891,16339875,601618.SS,1
2018-01-03,4.135682106018066,4.860000133514404,4.869999885559082,4.800000190734863,4.860000133514404,25643984,601618.SS,2
2018-01-04,4.118662357330322,4.840000152587891,4.860000133514404,4.829999923706055,4.849999904632568,15504103,601618.SS,3
2018-01-05,4.1527018547058105,4.880000114440918,4.909999847412109,4.820000171661377,4.840000152587891,32774419,601618.SS,4
2018-01-08,4.016546249389648,4.71999979019165,4.849999904632568,4.670000076293945,4.849999904632568,124456007,601618.SS,0
2018-01-09,3.91443133354187,4.599999904632568,4.699999809265137,4.590000152587891,4.699999809265137,71138463,601618.SS,1
2018-01-10,3.931450605392456,4.619999885559082,4.650000095367432,4.599999904632568,4.599999904632568,42333054,601618.SS,2
2018-01-11,3.8889031410217285,4.570000171661377,4.619999885559082,4.53000020980835,4.610000133514404,47049879,601618.SS,3
2018-01-12,3.8378446102142334,4.510000228881836,4.559999942779541,4.5,4.559999942779541,43630787,601618.SS,4
2018-01-15,3.7357285022735596,4.389999866485596,4.519999980926514,4.380000114440918,4.510000228881836,50209311,601618.SS,0
2018-01-16,3.8123154640197754,4.480000019073486,4.489999771118164,4.369999885559082,4.380000114440918,36026293,601618.SS,1
2018-01-17,3.8293354511260986,4.5,4.539999961853027,4.46999979019165,4.5,39775514,601618.SS,2
2018-01-18,3.897411823272705,4.579999923706055,4.610000133514404,4.449999809265137,4.480000019073486,64479769,601618.SS,3
2018-01-19,3.8548645973205566,4.53000020980835,4.579999923706055,4.519999980926514,4.570000171661377,37504900,601618.SS,4
2018-01-22,3.8463544845581055,4.519999980926514,4.539999961853027,4.489999771118164,4.539999961853027,26354531,601618.SS,0
2018-01-23,3.8803930282592773,4.559999942779541,4.590000152587891,4.5,4.5,35363480,601618.SS,1
2018-01-24,3.9399607181549072,4.630000114440918,4.760000228881836,4.539999961853027,4.550000190734863,77557737,601618.SS,2
2018-01-25,3.922940731048584,4.610000133514404,4.659999847412109,4.570000171661377,4.610000133514404,50287386,601618.SS,3
2018-01-26,3.922940731048584,4.610000133514404,4.659999847412109,4.590000152587891,4.590000152587891,36868621,601618.SS,4
2018-01-29,3.8718833923339844,4.550000190734863,4.639999866485596,4.539999961853027,4.610000133514404,34640561,601618.SS,0
2018-01-30,3.8463544845581055,4.519999980926514,4.579999923706055,4.519999980926514,4.539999961853027,23765038,601618.SS,1
2018-01-31,3.8123154640197754,4.480000019073486,4.539999961853027,4.460000038146973,4.510000228881836,25822913,601618.SS,2
2018-02-01,3.8633737564086914,4.539999961853027,4.550000190734863,4.409999847412109,4.480000019073486,69889637,601618.SS,3
2018-02-02,3.8208258152008057,4.489999771118164,4.53000020980835,4.449999809265137,4.510000228881836,32102800,601618.SS,4
2018-02-05,3.8293354511260986,4.5,4.510000228881836,4.460000038146973,4.5,21941200,601618.SS,0
2018-02-06,3.8208258152008057,4.489999771118164,4.510000228881836,4.409999847412109,4.449999809265137,79229017,601618.SS,1
2018-02-07,3.8293354511260986,4.5,4.510000228881836,4.440000057220459,4.480000019073486,34721557,601618.SS,2
2018-02-08,3.7952969074249268,4.460000038146973,4.480000019073486,4.380000114440918,4.46999979019165,34642409,601618.SS,3
2018-02-09,3.4974594116210938,4.110000133514404,4.420000076293945,4.050000190734863,4.389999866485596,46060617,601618.SS,4
2018-02-12,3.5059690475463867,4.119999885559082,4.139999866485596,4.059999942779541,4.110000133514404,17468385,601618.SS,0
2018-02-13,3.5059690475463867,4.119999885559082,4.159999847412109,4.119999885559082,4.130000114440918,14721362,601618.SS,1
2018-02-14,3.4974594116210938,4.110000133514404,4.139999866485596,4.090000152587891,4.130000114440918,12962619,601618.SS,2
2018-02-22,3.5485172271728516,4.170000076293945,4.190000057220459,4.119999885559082,4.130000114440918,19146279,601618.SS,3
2018-02-23,3.5740458965301514,4.199999809265137,4.210000038146973,4.139999866485596,4.150000095367432,22825036,601618.SS,4
2018-02-26,3.5995748043060303,4.230000019073486,4.239999771118164,4.170000076293945,4.199999809265137,23695915,601618.SS,0
2018-02-27,3.5570268630981445,4.179999828338623,4.230000019073486,4.170000076293945,4.21999979019165,22704464,601618.SS,1
2018-02-28,3.5400073528289795,4.159999847412109,4.190000057220459,4.119999885559082,4.170000076293945,20171556,601618.SS,2
2018-03-01,3.5314979553222656,4.150000095367432,4.159999847412109,4.119999885559082,4.130000114440918,26869506,601618.SS,3
2018-03-02,3.5229883193969727,4.139999866485596,4.139999866485596,4.119999885559082,4.130000114440918,14222229,601618.SS,4
2018-03-05,3.514478921890259,4.130000114440918,4.139999866485596,4.119999885559082,4.130000114440918,13549226,601618.SS,0
2018-03-06,3.5400073528289795,4.159999847412109,4.170000076293945,4.110000133514404,4.130000114440918,17979855,601618.SS,1
2018-03-07,3.514478921890259,4.130000114440918,4.170000076293945,4.119999885559082,4.170000076293945,18030274,601618.SS,2
2018-03-08,3.514478921890259,4.130000114440918,4.139999866485596,4.090000152587891,4.119999885559082,32516619,601618.SS,3
2018-03-09,3.4974594116210938,4.110000133514404,4.130000114440918,4.090000152587891,4.130000114440918,28535208,601618.SS,4
2018-03-12,3.5059690475463867,4.119999885559082,4.130000114440918,4.090000152587891,4.119999885559082,40067163,601618.SS,0
2018-03-13,3.480440378189087,4.090000152587891,4.119999885559082,4.079999923706055,4.110000133514404,30167910,601618.SS,1
2018-03-14,3.4719302654266357,4.079999923706055,4.099999904632568,4.070000171661377,4.099999904632568,25166446,601618.SS,2
2018-03-15,3.4719302654266357,4.079999923706055,4.099999904632568,4.059999942779541,4.079999923706055,20878963,601618.SS,3
2018-03-16,3.463421106338501,4.070000171661377,4.090000152587891,4.059999942779541,4.090000152587891,16696070,601618.SS,4
2018-03-19,3.45491099357605,4.059999942779541,4.079999923706055,4.050000190734863,4.070000171661377,14126600,601618.SS,0
2018-03-20,3.42938232421875,4.03000020980835,4.050000190734863,4.010000228881836,4.050000190734863,20430315,601618.SS,1
2018-03-21,3.420872688293457,4.019999980926514,4.059999942779541,4.010000228881836,4.03000020980835,27507673,601618.SS,2
2018-03-22,3.352795362472534,3.940000057220459,4.019999980926514,3.930000066757202,4.010000228881836,43775972,601618.SS,3
2018-03-23,3.157074213027954,3.7100000381469727,3.880000114440918,3.6600000858306885,3.880000114440918,61153915,601618.SS,4
2018-03-26,3.216641426086426,3.7799999713897705,3.809999942779541,3.630000114440918,3.6500000953674316,36636473,601618.SS,0
2018-03-27,3.2336606979370117,3.799999952316284,3.819999933242798,3.7799999713897705,3.7899999618530273,25733104,601618.SS,1
2018-03-28,3.165583848953247,3.7200000286102295,3.7899999618530273,3.7100000381469727,3.7799999713897705,24068680,601618.SS,2
2018-03-29,3.208131790161133,3.7699999809265137,3.7799999713897705,3.7100000381469727,3.7300000190734863,19869613,601618.SS,3
2018-03-30,3.2336606979370117,3.799999952316284,3.799999952316284,3.759999990463257,3.7799999713897705,21342877,601618.SS,4
2018-04-02,3.2676992416381836,3.8399999141693115,3.859999895095825,3.7799999713897705,3.799999952316284,28765788,601618.SS,0
2018-04-03,3.2591896057128906,3.8299999237060547,3.8499999046325684,3.7699999809265137,3.799999952316284,24417580,601618.SS,1
2018-04-04,3.2336606979370117,3.799999952316284,3.859999895095825,3.7899999618530273,3.8399999141693115,18120909,601618.SS,2
2018-04-09,3.2506799697875977,3.819999933242798,3.819999933242798,3.7699999809265137,3.7899999618530273,14329154,601618.SS,0
2018-04-10,3.2847185134887695,3.859999895095825,3.859999895095825,3.809999942779541,3.809999942779541,22595257,601618.SS,1
2018-04-11,3.2847185134887695,3.859999895095825,3.880000114440918,3.8299999237060547,3.859999895095825,19478787,601618.SS,2
2018-04-12,3.2506799697875977,3.819999933242798,3.859999895095825,3.819999933242798,3.8499999046325684,14705320,601618.SS,3
2018-04-13,3.191112518310547,3.75,3.8399999141693115,3.680000066757202,3.819999933242798,36136562,601618.SS,4
2018-04-16,3.182603120803833,3.740000009536743,3.75,3.700000047683716,3.7300000190734863,20590427,601618.SS,0
2018-04-17,3.0804872512817383,3.619999885559082,3.75,3.569999933242798,3.740000009536743,60949172,601618.SS,1
2018-04-18,3.0719776153564453,3.609999895095825,3.640000104904175,3.559999942779541,3.619999885559082,25736308,601618.SS,2
2018-04-19,3.2251510620117188,3.7899999618530273,3.799999952316284,3.640000104904175,3.6700000762939453,70317579,601618.SS,3
2018-04-20,3.1060163974761963,3.6500000953674316,3.75,3.630000114440918,3.75,39496164,601618.SS,4
2018-04-23,3.123035430908203,3.6700000762939453,3.7100000381469727,3.640000104904175,3.6600000858306885,18841746,601618.SS,0
2018-04-24,3.174093246459961,3.7300000190734863,3.75,3.640000104904175,3.6500000953674316,26414660,601618.SS,1
2018-04-25,3.165583848953247,3.7200000286102295,3.75,3.700000047683716,3.7200000286102295,16123731,601618.SS,2
2018-04-26,3.123035430908203,3.6700000762939453,3.7300000190734863,3.6700000762939453,3.700000047683716,17018178,601618.SS,3
2018-04-27,3.14005446434021,3.690000057220459,3.700000047683716,3.6600000858306885,3.680000066757202,15490565,601618.SS,4
2018-05-02,3.174093246459961,3.7300000190734863,3.740000009536743,3.6600000858306885,3.700000047683716,27824829,601618.SS,2
2018-05-03,3.157074213027954,3.7100000381469727,3.7300000190734863,3.680000066757202,3.7300000190734863,26871382,601618.SS,3
2018-05-04,3.14005446434021,3.690000057220459,3.7200000286102295,3.680000066757202,3.700000047683716,15474364,601618.SS,4
2018-05-07,3.157074213027954,3.7100000381469727,3.7300000190734863,3.680000066757202,3.700000047683716,24648306,601618.SS,0
2018-05-08,3.191112518310547,3.75,3.7699999809265137,3.700000047683716,3.7100000381469727,28375206,601618.SS,1
2018-05-09,3.165583848953247,3.7200000286102295,3.740000009536743,3.7100000381469727,3.7300000190734863,20483698,601618.SS,2
2018-05-10,3.174093246459961,3.7300000190734863,3.740000009536743,3.700000047683716,3.7300000190734863,18419730,601618.SS,3
2018-05-11,3.165583848953247,3.7200000286102295,3.740000009536743,3.7100000381469727,3.7300000190734863,19734532,601618.SS,4
2018-05-14,3.191112518310547,3.75,3.759999990463257,3.7200000286102295,3.7200000286102295,28215464,601618.SS,0
2018-05-15,3.2336606979370117,3.799999952316284,3.8299999237060547,3.75,3.75,39429963,601618.SS,1
2018-05-16,3.216641426086426,3.7799999713897705,3.799999952316284,3.759999990463257,3.7899999618530273,18800851,601618.SS,2
2018-05-17,3.2421700954437256,3.809999942779541,3.819999933242798,3.7699999809265137,3.7699999809265137,17357219,601618.SS,3
2018-05-18,3.2762088775634766,3.8499999046325684,3.859999895095825,3.7799999713897705,3.799999952316284,27174778,601618.SS,4
2018-05-21,3.2847185134887695,3.859999895095825,3.880000114440918,3.8299999237060547,3.859999895095825,27342577,601618.SS,0
2018-05-22,3.2932281494140625,3.869999885559082,3.880000114440918,3.819999933242798,3.8499999046325684,23260292,601618.SS,1
2018-05-23,3.2336606979370117,3.799999952316284,3.859999895095825,3.7899999618530273,3.859999895095825,20774006,601618.SS,2
2018-05-24,3.191112518310547,3.75,3.819999933242798,3.740000009536743,3.799999952316284,20539284,601618.SS,3
2018-05-25,3.174093246459961,3.7300000190734863,3.7799999713897705,3.7200000286102295,3.740000009536743,12391620,601618.SS,4
2018-05-28,3.123035430908203,3.6700000762939453,3.740000009536743,3.6700000762939453,3.7200000286102295,17279101,601618.SS,0
2018-05-29,3.14005446434021,3.690000057220459,3.700000047683716,3.6700000762939453,3.6700000762939453,12767968,601618.SS,1
2018-05-30,3.0634677410125732,3.5999999046325684,3.6600000858306885,3.569999933242798,3.6600000858306885,22441655,601618.SS,2
2018-05-31,3.131545066833496,3.680000066757202,3.7200000286102295,3.609999895095825,3.6500000953674316,35880773,601618.SS,3
2018-06-01,3.14005446434021,3.690000057220459,3.7100000381469727,3.6600000858306885,3.690000057220459,20234478,601618.SS,4
2018-06-04,3.123035430908203,3.6700000762939453,3.7100000381469727,3.6600000858306885,3.7100000381469727,11363905,601618.SS,0
2018-06-05,3.123035430908203,3.6700000762939453,3.690000057220459,3.630000114440918,3.6700000762939453,14901927,601618.SS,1
2018-06-06,3.0975067615509033,3.640000104904175,3.6700000762939453,3.630000114440918,3.6600000858306885,12636548,601618.SS,2
2018-06-07,3.0804872512817383,3.619999885559082,3.6600000858306885,3.609999895095825,3.640000104904175,13978259,601618.SS,3
2018-06-08,3.0294291973114014,3.559999942779541,3.609999895095825,3.5299999713897705,3.609999895095825,21222320,601618.SS,4
2018-06-11,3.0209200382232666,3.549999952316284,3.559999942779541,3.509999990463257,3.549999952316284,12000741,601618.SS,0
2018-06-12,3.0294291973114014,3.559999942779541,3.569999933242798,3.5299999713897705,3.5299999713897705,9058414,601618.SS,1
2018-06-13,2.9953908920288086,3.5199999809265137,3.559999942779541,3.5199999809265137,3.559999942779541,8754363,601618.SS,2
2018-06-14,2.9953908920288086,3.5199999809265137,3.5399999618530273,3.5,3.509999990463257,11583288,601618.SS,3
2018-06-15,3.0209200382232666,3.549999952316284,3.569999933242798,3.5,3.5199999809265137,19670307,601618.SS,4
2018-06-19,2.833707809448242,3.3299999237060547,3.509999990463257,3.2699999809265137,3.509999990463257,30241179,601618.SS,1
2018-06-20,2.8251984119415283,3.319999933242798,3.3499999046325684,3.240000009536743,3.299999952316284,26474929,601618.SS,2
2018-06-21,2.8081793785095215,3.299999952316284,3.369999885559082,3.2699999809265137,3.309999942779541,19979417,601618.SS,3
2018-06-22,2.8251984119415283,3.319999933242798,3.3399999141693115,3.240000009536743,3.299999952316284,13773634,601618.SS,4
2018-06-25,2.7996695041656494,3.2899999618530273,3.3499999046325684,3.2799999713897705,3.3299999237060547,11473840,601618.SS,0
2018-06-26,2.7996695041656494,3.2899999618530273,3.299999952316284,3.240000009536743,3.2699999809265137,12074345,601618.SS,1
2018-06-27,2.7741401195526123,3.259999990463257,3.299999952316284,3.2300000190734863,3.2899999618530273,14535351,601618.SS,2
2018-06-28,2.7996695041656494,3.2899999618530273,3.309999942779541,3.240000009536743,3.25,17546965,601618.SS,3
2018-06-29,2.833707809448242,3.3299999237060547,3.3399999141693115,3.2699999809265137,3.2899999618530273,12857238,601618.SS,4
2018-07-02,2.7656309604644775,3.25,3.3299999237060547,3.2300000190734863,3.3299999237060547,19052588,601618.SS,0
2018-07-03,2.7401018142700195,3.2200000286102295,3.259999990463257,3.1700000762939453,3.25,23103033,601618.SS,1
2018-07-04,2.7230827808380127,3.200000047683716,3.2300000190734863,3.190000057220459,3.2100000381469727,13644652,601618.SS,2
2018-07-05,2.689044237136841,3.1600000858306885,3.2200000286102295,3.1600000858306885,3.200000047683716,16047604,601618.SS,3
2018-07-06,2.663515567779541,3.130000114440918,3.1700000762939453,3.049999952316284,3.1600000858306885,21954170,601618.SS,4
2018-07-09,2.6975536346435547,3.1700000762939453,3.190000057220459,3.119999885559082,3.119999885559082,18417453,601618.SS,0
2018-07-10,2.706063747406006,3.180000066757202,3.200000047683716,3.1600000858306885,3.1700000762939453,11851550,601618.SS,1
2018-07-11,2.672025203704834,3.140000104904175,3.1700000762939453,3.0999999046325684,3.1600000858306885,16005030,601618.SS,2
2018-07-12,2.7996695041656494,3.2899999618530273,3.380000114440918,3.119999885559082,3.119999885559082,39845193,601618.SS,3
2018-07-13,2.7826499938964844,3.2699999809265137,3.299999952316284,3.240000009536743,3.2799999713897705,17455732,601618.SS,4
2018-07-16,2.8166887760162354,3.309999942779541,3.319999933242798,3.25,3.259999990463257,20266546,601618.SS,0
2018-07-17,2.797574758529663,3.2200000286102295,3.259999990463257,3.190000057220459,3.259999990463257,13740127,601618.SS,1
2018-07-18,2.806262969970703,3.2300000190734863,3.25,3.2100000381469727,3.2100000381469727,11226016,601618.SS,2
2018-07-19,2.814950942993164,3.240000009536743,3.2699999809265137,3.2200000286102295,3.2200000286102295,13314185,601618.SS,3
2018-07-20,2.849703550338745,3.2799999713897705,3.299999952316284,3.2100000381469727,3.2300000190734863,18246849,601618.SS,4
2018-07-23,2.953961133956909,3.4000000953674316,3.450000047683716,3.259999990463257,3.2799999713897705,40877746,601618.SS,0
2018-07-24,3.0842831134796143,3.549999952316284,3.5999999046325684,3.4000000953674316,3.4000000953674316,67826330,601618.SS,1
2018-07-25,3.0321543216705322,3.490000009536743,3.5299999713897705,3.4600000381469727,3.5199999809265137,32398928,601618.SS,2
2018-07-26,3.0321543216705322,3.490000009536743,3.5199999809265137,3.4600000381469727,3.4800000190734863,20607991,601618.SS,3
2018-07-27,3.0234663486480713,3.4800000190734863,3.5399999618530273,3.4700000286102295,3.4800000190734863,23356368,601618.SS,4
2018-07-30,3.058218479156494,3.5199999809265137,3.559999942779541,3.4600000381469727,3.4800000190734863,33552068,601618.SS,0
2018-07-31,3.0321543216705322,3.490000009536743,3.5399999618530273,3.4800000190734863,3.5299999713897705,16879551,601618.SS,1
2018-08-01,3.0234663486480713,3.4800000190734863,3.559999942779541,3.4700000286102295,3.5299999713897705,34285772,601618.SS,2
2018-08-02,2.988713502883911,3.440000057220459,3.4700000286102295,3.3499999046325684,3.4600000381469727,29011365,601618.SS,3
2018-08-03,2.980025291442871,3.430000066757202,3.4800000190734863,3.4100000858306885,3.430000066757202,18845451,601618.SS,4
2018-08-06,2.927896738052368,3.369999885559082,3.4600000381469727,3.3499999046325684,3.4100000858306885,18185898,601618.SS,0
2018-08-07,3.1016592979431152,3.569999933242798,3.5799999237060547,3.369999885559082,3.380000114440918,49909017,601618.SS,1
2018-08-08,3.092970848083496,3.559999942779541,3.5999999046325684,3.509999990463257,3.559999942779541,41278816,601618.SS,2
2018-08-09,3.1016592979431152,3.569999933242798,3.5899999141693115,3.5299999713897705,3.5299999713897705,30803758,601618.SS,3
2018-08-10,3.0842831134796143,3.549999952316284,3.5999999046325684,3.5299999713897705,3.559999942779541,21965432,601618.SS,4
2018-08-13,3.1016592979431152,3.569999933242798,3.569999933242798,3.490000009536743,3.5199999809265137,18348250,601618.SS,0
2018-08-14,3.110347270965576,3.5799999237060547,3.5899999141693115,3.5399999618530273,3.559999942779541,18473210,601618.SS,1
2018-08-15,3.1016592979431152,3.569999933242798,3.680000066757202,3.559999942779541,3.5999999046325684,36854554,601618.SS,2
2018-08-16,3.0234663486480713,3.4800000190734863,3.5399999618530273,3.4600000381469727,3.5299999713897705,20155172,601618.SS,3
2018-08-17,3.006089925765991,3.4600000381469727,3.5199999809265137,3.450000047683716,3.509999990463257,13817984,601618.SS,4
2018-08-20,3.006089925765991,3.4600000381469727,3.5,3.4000000953674316,3.450000047683716,17478446,601618.SS,0
2018-08-21,3.0669069290161133,3.5299999713897705,3.549999952316284,3.450000047683716,3.4600000381469727,21476707,601618.SS,1
2018-08-22,3.040842294692993,3.5,3.5299999713897705,3.490000009536743,3.5199999809265137,10306305,601618.SS,2
2018-08-23,3.040842294692993,3.5,3.5299999713897705,3.4800000190734863,3.5,11423994,601618.SS,3
2018-08-24,3.0234663486480713,3.4800000190734863,3.5,3.4700000286102295,3.490000009536743,11483497,601618.SS,4
2018-08-27,3.075594663619995,3.5399999618530273,3.5399999618530273,3.4700000286102295,3.4800000190734863,14784084,601618.SS,0
2018-08-28,3.092970848083496,3.559999942779541,3.5899999141693115,3.5199999809265137,3.5399999618530273,20812261,601618.SS,1
2018-08-29,3.075594663619995,3.5399999618530273,3.569999933242798,3.5199999809265137,3.549999952316284,8561110,601618.SS,2
2018-08-30,3.075594663619995,3.5399999618530273,3.5899999141693115,3.5299999713897705,3.5399999618530273,15049470,601618.SS,3
2018-08-31,3.110347270965576,3.5799999237060547,3.619999885559082,3.5299999713897705,3.559999942779541,34703534,601618.SS,4
2018-09-03,2.988713502883911,3.440000057220459,3.5799999237060547,3.4000000953674316,3.5799999237060547,36314442,601618.SS,0
2018-09-04,2.997401475906372,3.450000047683716,3.4600000381469727,3.4000000953674316,3.430000066757202,22084148,601618.SS,1
2018-09-05,2.97133731842041,3.4200000762939453,3.4600000381469727,3.4100000858306885,3.430000066757202,16612663,601618.SS,2
2018-09-06,2.9192087650299072,3.359999895095825,3.440000057220459,3.359999895095825,3.4000000953674316,16494338,601618.SS,3
2018-09-07,2.953961133956909,3.4000000953674316,3.4200000762939453,3.369999885559082,3.369999885559082,15912186,601618.SS,4
2018-09-10,2.9192087650299072,3.359999895095825,3.430000066757202,3.359999895095825,3.4000000953674316,12705159,601618.SS,0
2018-09-11,2.953961133956909,3.4000000953674316,3.4200000762939453,3.3499999046325684,3.359999895095825,15193211,601618.SS,1
2018-09-12,2.953961133956909,3.4000000953674316,3.430000066757202,3.380000114440918,3.4000000953674316,10858816,601618.SS,2
2018-09-13,2.96264910697937,3.4100000858306885,3.440000057220459,3.380000114440918,3.4200000762939453,12874100,601618.SS,3
2018-09-14,2.97133731842041,3.4200000762939453,3.430000066757202,3.4000000953674316,3.4100000858306885,13219275,601618.SS,4
2018-09-17,2.9192087650299072,3.359999895095825,3.4100000858306885,3.359999895095825,3.4100000858306885,11872588,601618.SS,0
2018-09-18,3.0234663486480713,3.4800000190734863,3.490000009536743,3.3499999046325684,3.359999895095825,30308287,601618.SS,1
2018-09-19,3.0234663486480713,3.4800000190734863,3.509999990463257,3.4600000381469727,3.4700000286102295,19657087,601618.SS,2
2018-09-20,3.040842294692993,3.5,3.5299999713897705,3.4800000190734863,3.490000009536743,15994215,601618.SS,3
2018-09-21,3.075594663619995,3.5399999618530273,3.549999952316284,3.5,3.509999990463257,19921500,601618.SS,4
2018-09-25,3.058218479156494,3.5199999809265137,3.569999933242798,3.509999990463257,3.5399999618530273,20318555,601618.SS,1
2018-09-26,3.0842831134796143,3.549999952316284,3.569999933242798,3.5199999809265137,3.5199999809265137,25703480,601618.SS,2
2018-09-27,3.092970848083496,3.559999942779541,3.569999933242798,3.5299999713897705,3.569999933242798,22114731,601618.SS,3
2018-09-28,3.1016592979431152,3.569999933242798,3.5799999237060547,3.5299999713897705,3.559999942779541,17476438,601618.SS,4
2018-10-08,3.049530506134033,3.509999990463257,3.5399999618530273,3.4700000286102295,3.5199999809265137,15701539,601618.SS,0
2018-10-09,3.0321543216705322,3.490000009536743,3.509999990463257,3.4700000286102295,3.509999990463257,13325216,601618.SS,1
2018-10-10,3.0669069290161133,3.5299999713897705,3.559999942779541,3.4800000190734863,3.5,17050531,601618.SS,2
2018-10-11,2.867079973220825,3.299999952316284,3.490000009536743,3.2100000381469727,3.4700000286102295,32686777,601618.SS,3
2018-10-12,2.893144130706787,3.3299999237060547,3.3399999141693115,3.200000047683716,3.25,27570892,601618.SS,4
2018-10-15,2.9018325805664062,3.3399999141693115,3.390000104904175,3.3299999237060547,3.3499999046325684,20211128,601618.SS,0
2018-10-16,2.893144130706787,3.3299999237060547,3.369999885559082,3.319999933242798,3.3299999237060547,16233443,601618.SS,1
2018-10-17,2.9018325805664062,3.3399999141693115,3.369999885559082,3.309999942779541,3.359999895095825,12411884,601618.SS,2
2018-10-18,2.788886547088623,3.2100000381469727,3.3299999237060547,3.2100000381469727,3.3299999237060547,21833489,601618.SS,3
2018-10-19,2.814950942993164,3.240000009536743,3.240000009536743,3.130000114440918,3.1700000762939453,19399405,601618.SS,4
2018-10-22,2.910520315170288,3.3499999046325684,3.380000114440918,3.259999990463257,3.2699999809265137,30680908,601618.SS,0
2018-10-23,2.823639154434204,3.25,3.369999885559082,3.2300000190734863,3.3399999141693115,24828595,601618.SS,1
2018-10-24,2.832327127456665,3.259999990463257,3.299999952316284,3.2300000190734863,3.2300000190734863,18871086,601618.SS,2
2018-10-25,2.788886547088623,3.2100000381469727,3.2200000286102295,3.1500000953674316,3.200000047683716,21260742,601618.SS,3
2018-10-26,2.780198574066162,3.200000047683716,3.2699999809265137,3.1700000762939453,3.2200000286102295,26954807,601618.SS,4
2018-10-29,2.73675799369812,3.1500000953674316,3.2100000381469727,3.140000104904175,3.190000057220459,18874594,601618.SS,0
2018-10-30,2.710693597793579,3.119999885559082,3.1700000762939453,3.069999933242798,3.1600000858306885,39545798,601618.SS,1
2018-10-31,2.754134178161621,3.1700000762939453,3.240000009536743,3.0999999046325684,3.130000114440918,54402508,601618.SS,2
2018-11-01,2.73675799369812,3.1500000953674316,3.200000047683716,3.140000104904175,3.180000066757202,44270662,601618.SS,3
2018-11-02,2.780198574066162,3.200000047683716,3.200000047683716,3.1700000762939453,3.1700000762939453,49250197,601618.SS,4
2018-11-05,2.771510601043701,3.190000057220459,3.200000047683716,3.140000104904175,3.190000057220459,34692653,601618.SS,0
2018-11-06,2.788886547088623,3.2100000381469727,3.2100000381469727,3.1600000858306885,3.180000066757202,38533431,601618.SS,1
2018-11-07,2.762822389602661,3.180000066757202,3.2100000381469727,3.1700000762939453,3.200000047683716,34667598,601618.SS,2
2018-11-08,2.74544620513916,3.1600000858306885,3.2100000381469727,3.1500000953674316,3.2100000381469727,25785280,601618.SS,3
2018-11-09,2.728070020675659,3.140000104904175,3.1500000953674316,3.119999885559082,3.1500000953674316,21792251,601618.SS,4
2018-11-12,2.754134178161621,3.1700000762939453,3.180000066757202,3.130000114440918,3.130000114440918,30337534,601618.SS,0
2018-11-13,2.797574758529663,3.2200000286102295,3.2200000286102295,3.130000114440918,3.140000104904175,61214311,601618.SS,1
2018-11-14,2.780198574066162,3.200000047683716,3.25,3.190000057220459,3.2100000381469727,46388235,601618.SS,2
2018-11-15,2.814950942993164,3.240000009536743,3.2699999809265137,3.190000057220459,3.200000047683716,43978421,601618.SS,3
2018-11-16,2.806262969970703,3.2300000190734863,3.25,3.2200000286102295,3.25,44307695,601618.SS,4
2018-11-19,2.823639154434204,3.25,3.2699999809265137,3.2200000286102295,3.240000009536743,43300199,601618.SS,0
2018-11-20,2.771510601043701,3.190000057220459,3.2799999713897705,3.180000066757202,3.2300000190734863,49005860,601618.SS,1
2018-11-21,2.762822389602661,3.180000066757202,3.190000057220459,3.1500000953674316,3.1600000858306885,33255038,601618.SS,2
2018-11-22,2.74544620513916,3.1600000858306885,3.180000066757202,3.1500000953674316,3.1700000762939453,21671539,601618.SS,3
2018-11-23,2.693317174911499,3.0999999046325684,3.180000066757202,3.0799999237060547,3.1600000858306885,34452761,601618.SS,4
2018-11-26,2.667252779006958,3.069999933242798,3.109999895095825,3.059999942779541,3.0899999141693115,22820512,601618.SS,0
2018-11-27,2.667252779006958,3.069999933242798,3.0999999046325684,3.059999942779541,3.0799999237060547,19303976,601618.SS,1
2018-11-28,2.684629201889038,3.0899999141693115,3.0999999046325684,3.059999942779541,3.069999933242798,19525589,601618.SS,2
2018-11-29,2.675940752029419,3.0799999237060547,3.140000104904175,3.069999933242798,3.0999999046325684,35233470,601618.SS,3
2018-11-30,2.693317174911499,3.0999999046325684,3.0999999046325684,3.049999952316284,3.069999933242798,29170991,601618.SS,4
2018-12-03,2.719381809234619,3.130000114440918,3.1600000858306885,3.109999895095825,3.140000104904175,44348635,601618.SS,0
2018-12-04,2.74544620513916,3.1600000858306885,3.1700000762939453,3.109999895095825,3.130000114440918,35542008,601618.SS,1
2018-12-05,2.719381809234619,3.130000114440918,3.140000104904175,3.0999999046325684,3.119999885559082,20118087,601618.SS,2
2018-12-06,2.684629201889038,3.0899999141693115,3.130000114440918,3.0899999141693115,3.119999885559082,17262458,601618.SS,3
2018-12-07,2.728070020675659,3.140000104904175,3.140000104904175,3.0899999141693115,3.0999999046325684,19097283,601618.SS,4
2018-12-10,2.702005386352539,3.109999895095825,3.140000104904175,3.0999999046325684,3.119999885559082,15672063,601618.SS,0
2018-12-11,2.702005386352539,3.109999895095825,3.130000114440918,3.0999999046325684,3.130000114440918,10646184,601618.SS,1
2018-12-12,2.728070020675659,3.140000104904175,3.1500000953674316,3.109999895095825,3.119999885559082,14344971,601618.SS,2
2018-12-13,2.771510601043701,3.190000057220459,3.2300000190734863,3.130000114440918,3.1500000953674316,49189170,601618.SS,3
2018-12-14,2.754134178161621,3.1700000762939453,3.2200000286102295,3.1600000858306885,3.180000066757202,46403338,601618.SS,4
2018-12-17,2.788886547088623,3.2100000381469727,3.2200000286102295,3.1600000858306885,3.180000066757202,30183181,601618.SS,0
2018-12-18,2.762822389602661,3.180000066757202,3.2100000381469727,3.1600000858306885,3.2100000381469727,25371389,601618.SS,1
2018-12-19,2.754134178161621,3.1700000762939453,3.2100000381469727,3.1600000858306885,3.2100000381469727,15682878,601618.SS,2
2018-12-20,2.719381809234619,3.130000114440918,3.180000066757202,3.109999895095825,3.180000066757202,21323564,601618.SS,3
2018-12-21,2.710693597793579,3.119999885559082,3.130000114440918,3.0899999141693115,3.130000114440918,13517534,601618.SS,4
2018-12-24,2.702005386352539,3.109999895095825,3.140000104904175,3.0899999141693115,3.0999999046325684,12875408,601618.SS,0
2018-12-25,2.675940752029419,3.0799999237060547,3.0999999046325684,3.0399999618530273,3.0999999046325684,21502437,601618.SS,1
2018-12-26,2.675940752029419,3.0799999237060547,3.0799999237060547,3.059999942779541,3.069999933242798,11062236,601618.SS,2
2018-12-27,2.693317174911499,3.0999999046325684,3.119999885559082,3.059999942779541,3.0999999046325684,16707376,601618.SS,3
2018-12-28,2.702005386352539,3.109999895095825,3.119999885559082,3.0799999237060547,3.0899999141693115,13640714,601618.SS,4
2019-01-02,2.667252779006958,3.069999933242798,3.109999895095825,3.0399999618530273,3.0999999046325684,20017656,601618.SS,2
2019-01-03,2.667252779006958,3.069999933242798,3.0799999237060547,3.0399999618530273,3.069999933242798,20734960,601618.SS,3
2019-01-04,2.693317174911499,3.0999999046325684,3.109999895095825,3.0399999618530273,3.049999952316284,30126457,601618.SS,4
2019-01-07,2.702005386352539,3.109999895095825,3.119999885559082,3.0799999237060547,3.049999952316284,33381849,601618.SS,0
2019-01-08,2.632500410079956,3.0299999713897705,3.0999999046325684,3.0299999713897705,3.0999999046325684,68137035,601618.SS,1
2019-01-09,2.658564567565918,3.059999942779541,3.0899999141693115,3.0299999713897705,3.0299999713897705,39085276,601618.SS,2
2019-01-10,2.641188383102417,3.0399999618530273,3.059999942779541,3.0299999713897705,3.059999942779541,33405645,601618.SS,3
2019-01-11,2.649876832962036,3.049999952316284,3.059999942779541,3.0299999713897705,3.0399999618530273,23650110,601618.SS,4
2019-01-14,2.649876832962036,3.049999952316284,3.059999942779541,3.0299999713897705,3.049999952316284,27311088,601618.SS,0
2019-01-15,2.658564567565918,3.059999942779541,3.059999942779541,3.0299999713897705,3.0399999618530273,28808481,601618.SS,1
2019-01-16,2.641188383102417,3.0399999618530273,3.059999942779541,3.0299999713897705,3.059999942779541,24785748,601618.SS,2
2019-01-17,2.623812198638916,3.0199999809265137,3.049999952316284,3.0,3.0399999618530273,42889898,601618.SS,3
2019-01-18,2.649876832962036,3.049999952316284,3.049999952316284,3.009999990463257,3.0199999809265137,43624738,601618.SS,4
2019-01-21,2.641188383102417,3.0399999618530273,3.059999942779541,3.0299999713897705,3.0399999618530273,35984898,601618.SS,0
2019-01-22,2.632500410079956,3.0299999713897705,3.049999952316284,3.0199999809265137,3.049999952316284,21030995,601618.SS,1
2019-01-23,2.615124225616455,3.009999990463257,3.0299999713897705,3.0,3.0199999809265137,23845481,601618.SS,2
2019-01-24,2.606436252593994,3.0,3.0199999809265137,2.9700000286102295,3.009999990463257,27338735,601618.SS,3
2019-01-25,2.597748041152954,2.990000009536743,3.009999990463257,2.9800000190734863,3.0,30392145,601618.SS,4
2019-01-28,2.589060068130493,2.9800000190734863,3.009999990463257,2.9700000286102295,3.0,30181348,601618.SS,0
2019-01-29,2.536931276321411,2.9200000762939453,2.9800000190734863,2.9000000953674316,2.9800000190734863,38862585,601618.SS,1
2019-01-30,2.536931276321411,2.9200000762939453,2.940000057220459,2.9000000953674316,2.930000066757202,16900370,601618.SS,2
2019-01-31,2.536931276321411,2.9200000762939453,2.940000057220459,2.9000000953674316,2.930000066757202,24783032,601618.SS,3
2019-02-01,2.562995433807373,2.950000047683716,2.950000047683716,2.9100000858306885,2.930000066757202,26113258,601618.SS,4
2019-02-11,2.597748041152954,2.990000009536743,3.0,2.940000057220459,2.950000047683716,41907755,601618.SS,0
2019-02-12,2.615124225616455,3.009999990463257,3.0199999809265137,2.9800000190734863,2.9800000190734863,39025577,601618.SS,1
2019-02-13,2.658564567565918,3.059999942779541,3.069999933242798,2.990000009536743,3.0,70765424,601618.SS,2
2019-02-14,2.641188383102417,3.0399999618530273,3.059999942779541,3.0299999713897705,3.049999952316284,46476516,601618.SS,3
2019-02-15,2.632500410079956,3.0299999713897705,3.049999952316284,3.0199999809265137,3.0299999713897705,37150200,601618.SS,4
2019-02-18,2.684629201889038,3.0899999141693115,3.0899999141693115,3.0299999713897705,3.0299999713897705,80982662,601618.SS,0
2019-02-19,2.667252779006958,3.069999933242798,3.119999885559082,3.049999952316284,3.0899999141693115,71217322,601618.SS,1
2019-02-20,2.675940752029419,3.0799999237060547,3.0899999141693115,3.059999942779541,3.069999933242798,41406908,601618.SS,2
2019-02-21,2.667252779006958,3.069999933242798,3.109999895095825,3.059999942779541,3.0799999237060547,64903142,601618.SS,3
2019-02-22,2.684629201889038,3.0899999141693115,3.0899999141693115,3.0399999618530273,3.059999942779541,48613922,601618.SS,4
2019-02-25,2.841015338897705,3.2699999809265137,3.2699999809265137,3.0899999141693115,3.109999895095825,180940988,601618.SS,0
2019-02-26,2.841015338897705,3.2699999809265137,3.2699999809265137,3.2699999809265137,3.2699999809265137,0,601618.SS,1
2019-02-27,3.0669069290161133,3.5299999713897705,3.6600000858306885,3.4700000286102295,3.6600000858306885,317200772,601618.SS,2
2019-02-28,3.0234663486480713,3.4800000190734863,3.569999933242798,3.450000047683716,3.5,129596994,601618.SS,3
2019-03-01,3.0669069290161133,3.5299999713897705,3.5799999237060547,3.430000066757202,3.4700000286102295,159339921,601618.SS,4
2019-03-04,3.092970848083496,3.559999942779541,3.6500000953674316,3.5199999809265137,3.5399999618530273,250066356,601618.SS,0
2019-03-05,3.2406692504882812,3.7300000190734863,3.9200000762939453,3.4700000286102295,3.509999990463257,468746850,601618.SS,1
2019-03-06,3.2493574619293213,3.740000009536743,3.7799999713897705,3.6500000953674316,3.680000066757202,353119910,601618.SS,2
2019-03-07,3.2580454349517822,3.75,3.8499999046325684,3.690000057220459,3.7100000381469727,333253609,601618.SS,3
2019-03-08,3.040842294692993,3.5,3.680000066757202,3.4700000286102295,3.680000066757202,240242456,601618.SS,4
2019-03-11,3.153787851333618,3.630000114440918,3.690000057220459,3.5,3.5299999713897705,183415620,601618.SS,0
2019-03-12,3.19722843170166,3.680000066757202,3.7699999809265137,3.609999895095825,3.6500000953674316,231471709,601618.SS,1
2019-03-13,3.19722843170166,3.680000066757202,3.799999952316284,3.5799999237060547,3.6600000858306885,205616462,601618.SS,2
2019-03-14,3.119035482406616,3.5899999141693115,3.7300000190734863,3.5399999618530273,3.640000104904175,134040789,601618.SS,3
2019-03-15,3.136411666870117,3.609999895095825,3.690000057220459,3.5899999141693115,3.5999999046325684,136448741,601618.SS,4
2019-03-18,3.2406692504882812,3.7300000190734863,3.75,3.609999895095825,3.609999895095825,220615608,601618.SS,0
2019-03-19,3.2146048545837402,3.700000047683716,3.740000009536743,3.630000114440918,3.7200000286102295,188986362,601618.SS,1
2019-03-20,3.18854022026062,3.6700000762939453,3.680000066757202,3.5999999046325684,3.680000066757202,156511337,601618.SS,2
2019-03-21,3.171164035797119,3.6500000953674316,3.7200000286102295,3.630000114440918,3.6600000858306885,183688191,601618.SS,3
2019-03-22,3.162476062774658,3.640000104904175,3.6700000762939453,3.5799999237060547,3.6500000953674316,127672454,601618.SS,4
2019-03-25,3.0669069290161133,3.5299999713897705,3.5899999141693115,3.5299999713897705,3.569999933242798,125964191,601618.SS,0
2019-03-26,2.997401475906372,3.450000047683716,3.569999933242798,3.430000066757202,3.549999952316284,99326497,601618.SS,1
2019-03-27,2.988713502883911,3.440000057220459,3.5,3.4100000858306885,3.4700000286102295,86190428,601618.SS,2
2019-03-28,2.953961133956909,3.4000000953674316,3.490000009536743,3.369999885559082,3.430000066757202,112521176,601618.SS,3
2019-03-29,3.058218479156494,3.5199999809265137,3.559999942779541,3.390000104904175,3.4000000953674316,146652488,601618.SS,4
2019-04-01,3.127723217010498,3.5999999046325684,3.640000104904175,3.509999990463257,3.5299999713897705,162213192,601618.SS,0
2019-04-02,3.136411666870117,3.609999895095825,3.6500000953674316,3.5799999237060547,3.619999885559082,131052939,601618.SS,1
2019-04-03,3.18854022026062,3.6700000762939453,3.7200000286102295,3.569999933242798,3.5999999046325684,175457790,601618.SS,2
2019-04-04,3.2146048545837402,3.700000047683716,3.759999990463257,3.640000104904175,3.690000057220459,177686244,601618.SS,3
2019-04-08,3.2146048545837402,3.700000047683716,3.7799999713897705,3.6500000953674316,3.7200000286102295,172516585,601618.SS,0
2019-04-09,3.2146048545837402,3.700000047683716,3.740000009536743,3.6500000953674316,3.700000047683716,136206757,601618.SS,1
2019-04-10,3.19722843170166,3.680000066757202,3.7300000190734863,3.6500000953674316,3.6700000762939453,126450517,601618.SS,2
2019-04-11,3.145099639892578,3.619999885559082,3.7200000286102295,3.619999885559082,3.7100000381469727,106293064,601618.SS,3
2019-04-12,3.145099639892578,3.619999885559082,3.6700000762939453,3.5399999618530273,3.5899999141693115,110212195,601618.SS,4
2019-04-15,3.162476062774658,3.640000104904175,3.7300000190734863,3.630000114440918,3.6600000858306885,152542147,601618.SS,0
2019-04-16,3.2406692504882812,3.7300000190734863,3.75,3.609999895095825,3.630000114440918,166826856,601618.SS,1
2019-04-17,3.2146048545837402,3.700000047683716,3.7699999809265137,3.680000066757202,3.7200000286102295,129181871,601618.SS,2
2019-04-18,3.2841098308563232,3.7799999713897705,3.799999952316284,3.690000057220459,3.7100000381469727,166253207,601618.SS,3
2019-04-19,3.2667336463928223,3.759999990463257,3.819999933242798,3.700000047683716,3.7899999618530273,133600288,601618.SS,4
2019-04-22,3.153787851333618,3.630000114440918,3.799999952316284,3.609999895095825,3.7899999618530273,158822230,601618.SS,0
2019-04-23,3.0669069290161133,3.5299999713897705,3.619999885559082,3.509999990463257,3.619999885559082,126731345,601618.SS,1
2019-04-24,3.092970848083496,3.559999942779541,3.559999942779541,3.490000009536743,3.549999952316284,86621880,601618.SS,2
2019-04-25,2.97133731842041,3.4200000762939453,3.549999952316284,3.4000000953674316,3.5399999618530273,109338045,601618.SS,3
2019-04-26,2.893144130706787,3.3299999237060547,3.430000066757202,3.3299999237060547,3.4000000953674316,94322546,601618.SS,4
2019-05-06,2.667252779006958,3.069999933242798,3.2200000286102295,2.990000009536743,3.1600000858306885,155608442,601618.SS,0
2019-05-07,2.684629201889038,3.0899999141693115,3.119999885559082,3.0299999713897705,3.0799999237060547,90594553,601618.SS,1
2019-05-08,2.649876832962036,3.049999952316284,3.0899999141693115,3.009999990463257,3.0399999618530273,88463676,601618.SS,2
2019-05-09,2.632500410079956,3.0299999713897705,3.059999942779541,3.0199999809265137,3.0299999713897705,70829481,601618.SS,3
2019-05-10,2.693317174911499,3.0999999046325684,3.119999885559082,3.0199999809265137,3.049999952316284,111311379,601618.SS,4
2019-05-13,2.649876832962036,3.049999952316284,3.0799999237060547,3.0399999618530273,3.069999933242798,65443376,601618.SS,0
2019-05-14,2.632500410079956,3.0299999713897705,3.059999942779541,3.0,3.0199999809265137,60300183,601618.SS,1
2019-05-15,2.658564567565918,3.059999942779541,3.069999933242798,3.0299999713897705,3.049999952316284,88058593,601618.SS,2
2019-05-16,2.684629201889038,3.0899999141693115,3.119999885559082,3.049999952316284,3.059999942779541,102105858,601618.SS,3
2019-05-17,2.623812198638916,3.0199999809265137,3.0899999141693115,3.009999990463257,3.0799999237060547,94337989,601618.SS,4
2019-05-20,2.623812198638916,3.0199999809265137,3.0299999713897705,2.990000009536743,3.009999990463257,63329750,601618.SS,0
2019-05-21,2.649876832962036,3.049999952316284,3.059999942779541,3.009999990463257,3.0199999809265137,68409319,601618.SS,1
2019-05-22,2.623812198638916,3.0199999809265137,3.049999952316284,3.009999990463257,3.049999952316284,51182826,601618.SS,2
2019-05-23,2.615124225616455,3.009999990463257,3.0299999713897705,2.990000009536743,3.009999990463257,49525924,601618.SS,3
2019-05-24,2.606436252593994,3.0,3.0199999809265137,2.990000009536743,3.0,35835716,601618.SS,4
2019-05-27,2.632500410079956,3.0299999713897705,3.0399999618530273,2.9800000190734863,3.0,63070265,601618.SS,0
2019-05-28,2.641188383102417,3.0399999618530273,3.049999952316284,3.009999990463257,3.0299999713897705,79823266,601618.SS,1
2019-05-29,2.623812198638916,3.0199999809265137,3.049999952316284,3.009999990463257,3.0199999809265137,43338103,601618.SS,2
2019-05-30,2.615124225616455,3.009999990463257,3.0199999809265137,2.990000009536743,3.009999990463257,58941109,601618.SS,3
2019-05-31,2.606436252593994,3.0,3.0199999809265137,3.0,3.0199999809265137,32959761,601618.SS,4
2019-06-03,2.606436252593994,3.0,3.0199999809265137,2.9800000190734863,3.0,50369267,601618.SS,0
2019-06-04,2.589060068130493,2.9800000190734863,3.0,2.9600000381469727,3.0,51045024,601618.SS,1
2019-06-05,2.589060068130493,2.9800000190734863,3.0,2.9700000286102295,2.990000009536743,36556437,601618.SS,2
2019-06-06,2.562995433807373,2.950000047683716,2.990000009536743,2.950000047683716,2.9800000190734863,41836304,601618.SS,3
2019-06-10,2.580371618270874,2.9700000286102295,2.9800000190734863,2.950000047683716,2.9600000381469727,36143411,601618.SS,0
2019-06-11,2.649876832962036,3.049999952316284,3.069999933242798,3.009999990463257,3.009999990463257,141836666,601618.SS,1
2019-06-12,2.623812198638916,3.0199999809265137,3.049999952316284,3.009999990463257,3.0399999618530273,73351770,601618.SS,2
2019-06-13,2.623812198638916,3.0199999809265137,3.0299999713897705,3.0,3.0199999809265137,48411141,601618.SS,3
2019-06-14,2.615124225616455,3.009999990463257,3.049999952316284,3.0,3.0199999809265137,70285725,601618.SS,4
2019-06-17,2.606436252593994,3.0,3.009999990463257,2.9800000190734863,3.0,40634190,601618.SS,0
2019-06-18,2.606436252593994,3.0,3.009999990463257,2.990000009536743,3.0,27313671,601618.SS,1
2019-06-19,2.623812198638916,3.0199999809265137,3.059999942779541,3.0199999809265137,3.0399999618530273,62080001,601618.SS,2
2019-06-20,2.667252779006958,3.069999933242798,3.0799999237060547,3.009999990463257,3.0199999809265137,94504265,601618.SS,3
2019-06-21,2.675940752029419,3.0799999237060547,3.0899999141693115,3.059999942779541,3.059999942779541,87323115,601618.SS,4
2019-06-24,2.675940752029419,3.0799999237060547,3.0999999046325684,3.069999933242798,3.0799999237060547,47785775,601618.SS,0
2019-06-25,2.641188383102417,3.0399999618530273,3.0899999141693115,3.0199999809265137,3.0799999237060547,59532840,601618.SS,1
2019-06-26,2.649876832962036,3.049999952316284,3.069999933242798,3.0199999809265137,3.0299999713897705,38637863,601618.SS,2
2019-06-27,2.658564567565918,3.059999942779541,3.0799999237060547,3.0399999618530273,3.059999942779541,46440150,601618.SS,3
2019-06-28,2.641188383102417,3.0399999618530273,3.059999942779541,3.0199999809265137,3.059999942779541,44005743,601618.SS,4
2019-07-01,2.702005386352539,3.109999895095825,3.130000114440918,3.059999942779541,3.069999933242798,110763533,601618.SS,0
2019-07-02,2.675940752029419,3.0799999237060547,3.109999895095825,3.069999933242798,3.0999999046325684,55877606,601618.SS,1
2019-07-03,2.675940752029419,3.0799999237060547,3.0899999141693115,3.049999952316284,3.0799999237060547,52905775,601618.SS,2
2019-07-04,2.693317174911499,3.0999999046325684,3.130000114440918,3.069999933242798,3.069999933242798,81829091,601618.SS,3
2019-07-05,2.702005386352539,3.109999895095825,3.109999895095825,3.069999933242798,3.0999999046325684,49842262,601618.SS,4
2019-07-08,2.623812198638916,3.0199999809265137,3.109999895095825,3.0199999809265137,3.0999999046325684,85928655,601618.SS,0
2019-07-09,2.623812198638916,3.0199999809265137,3.0399999618530273,3.009999990463257,3.0199999809265137,34951913,601618.SS,1
2019-07-10,2.615124225616455,3.009999990463257,3.0399999618530273,2.990000009536743,3.0299999713897705,39935968,601618.SS,2
2019-07-11,2.615124225616455,3.009999990463257,3.0399999618530273,3.0,3.0199999809265137,35252842,601618.SS,3
2019-07-12,2.658564567565918,3.059999942779541,3.0899999141693115,3.0,3.009999990463257,72154231,601618.SS,4
2019-07-15,2.675940752029419,3.0799999237060547,3.109999895095825,3.009999990463257,3.0399999618530273,99673552,601618.SS,0
2019-07-16,2.684629201889038,3.0899999141693115,3.0899999141693115,3.069999933242798,3.0799999237060547,43419877,601618.SS,1
2019-07-17,2.667252779006958,3.069999933242798,3.0999999046325684,3.059999942779541,3.0799999237060547,57129837,601618.SS,2
2019-07-18,2.632500410079956,3.0299999713897705,3.059999942779541,3.0299999713897705,3.049999952316284,40094489,601618.SS,3
2019-07-19,2.6502878665924072,2.9800000190734863,3.009999990463257,2.9700000286102295,2.9800000190734863,50420797,601618.SS,4
2019-07-22,2.59692645072937,2.9200000762939453,2.990000009536743,2.9200000762939453,2.9800000190734863,53954756,601618.SS,0
2019-07-23,2.614713191986084,2.940000057220459,2.950000047683716,2.930000066757202,2.930000066757202,28616953,601618.SS,1
2019-07-24,2.6236066818237305,2.950000047683716,2.9700000286102295,2.940000057220459,2.940000057220459,39172504,601618.SS,2
2019-07-25,2.632500171661377,2.9600000381469727,2.9600000381469727,2.940000057220459,2.940000057220459,30810329,601618.SS,3
2019-07-26,2.632500171661377,2.9600000381469727,2.9600000381469727,2.940000057220459,2.950000047683716,33761396,601618.SS,4
2019-07-29,2.6236066818237305,2.950000047683716,2.9600000381469727,2.940000057220459,2.950000047683716,25554055,601618.SS,0
2019-07-30,2.632500171661377,2.9600000381469727,2.9800000190734863,2.940000057220459,2.950000047683716,46374690,601618.SS,1
2019-07-31,2.6236066818237305,2.950000047683716,2.9600000381469727,2.930000066757202,2.950000047683716,33653853,601618.SS,2
2019-08-01,2.59692645072937,2.9200000762939453,2.950000047683716,2.9200000762939453,2.940000057220459,34772728,601618.SS,3
2019-08-02,2.561352252960205,2.880000114440918,2.9000000953674316,2.869999885559082,2.9000000953674316,47558367,601618.SS,4
2019-08-05,2.525777578353882,2.8399999141693115,2.869999885559082,2.8399999141693115,2.869999885559082,41282633,601618.SS,0
2019-08-06,2.445735454559326,2.75,2.799999952316284,2.7100000381469727,2.7899999618530273,70346825,601618.SS,1
2019-08-07,2.427948474884033,2.7300000190734863,2.7699999809265137,2.7200000286102295,2.75,38433870,601618.SS,2
2019-08-08,2.4368417263031006,2.740000009536743,2.75,2.7300000190734863,2.740000009536743,29652047,601618.SS,3
2019-08-09,2.427948474884033,2.7300000190734863,2.759999990463257,2.7200000286102295,2.759999990463257,30360715,601618.SS,4
2019-08-12,2.4546287059783936,2.759999990463257,2.7699999809265137,2.7300000190734863,2.7300000190734863,34691783,601618.SS,0
2019-08-13,2.427948474884033,2.7300000190734863,2.75,2.7100000381469727,2.740000009536743,38826061,601618.SS,1
2019-08-14,2.427948474884033,2.7300000190734863,2.75,2.7300000190734863,2.75,24253423,601618.SS,2
2019-08-15,2.4190542697906494,2.7200000286102295,2.7200000286102295,2.6600000858306885,2.690000057220459,39458935,601618.SS,3
2019-08-16,2.410161018371582,2.7100000381469727,2.7300000190734863,2.700000047683716,2.7200000286102295,28337284,601618.SS,4
2019-08-19,2.463522434234619,2.7699999809265137,2.7799999713897705,2.7100000381469727,2.7300000190734863,51606346,601618.SS,0
2019-08-20,2.4546287059783936,2.759999990463257,2.7899999618530273,2.759999990463257,2.7699999809265137,32572227,601618.SS,1
2019-08-21,2.4546287059783936,2.759999990463257,2.7699999809265137,2.75,2.759999990463257,20106597,601618.SS,2
2019-08-22,2.4546287059783936,2.759999990463257,2.7699999809265137,2.740000009536743,2.759999990463257,23185641,601618.SS,3
2019-08-23,2.4546287059783936,2.759999990463257,2.759999990463257,2.740000009536743,2.759999990463257,32054226,601618.SS,4
2019-08-26,2.410161018371582,2.7100000381469727,2.7200000286102295,2.700000047683716,2.7100000381469727,38072103,601618.SS,0
2019-08-27,2.4546287059783936,2.759999990463257,2.7699999809265137,2.7100000381469727,2.7200000286102295,58730049,601618.SS,1
2019-08-28,2.4546287059783936,2.759999990463257,2.7699999809265137,2.740000009536743,2.759999990463257,29011107,601618.SS,2
2019-08-29,2.481309413909912,2.7899999618530273,2.8299999237060547,2.759999990463257,2.7699999809265137,68625845,601618.SS,3
2019-08-30,2.445735454559326,2.75,2.799999952316284,2.740000009536743,2.799999952316284,38927153,601618.SS,4
2019-09-02,2.499096393585205,2.809999942779541,2.819999933242798,2.75,2.759999990463257,52834773,601618.SS,0
2019-09-03,2.6413938999176025,2.9700000286102295,3.0299999713897705,2.7899999618530273,2.809999942779541,189068959,601618.SS,1
2019-09-04,2.6413938999176025,2.9700000286102295,3.009999990463257,2.9100000858306885,2.9100000858306885,127609370,601618.SS,2
2019-09-05,2.6236066818237305,2.950000047683716,2.990000009536743,2.940000057220459,2.9700000286102295,103388924,601618.SS,3
2019-09-06,2.614713191986084,2.940000057220459,2.9600000381469727,2.930000066757202,2.9600000381469727,46799568,601618.SS,4
2019-09-09,2.6413938999176025,2.9700000286102295,2.9700000286102295,2.940000057220459,2.9600000381469727,69067042,601618.SS,0
2019-09-10,2.632500171661377,2.9600000381469727,2.9700000286102295,2.940000057220459,2.9700000286102295,46876391,601618.SS,1
2019-09-11,2.6413938999176025,2.9700000286102295,3.0199999809265137,2.950000047683716,2.9700000286102295,75180412,601618.SS,2
2019-09-12,2.6680748462677,3.0,3.0,2.9600000381469727,2.9800000190734863,63811167,601618.SS,3
2019-09-16,2.6680748462677,3.0,3.0199999809265137,2.9800000190734863,3.0,52395879,601618.SS,0
2019-09-17,2.614713191986084,2.940000057220459,2.990000009536743,2.930000066757202,2.990000009536743,45840847,601618.SS,1
2019-09-18,2.614713191986084,2.940000057220459,2.950000047683716,2.930000066757202,2.950000047683716,26227531,601618.SS,2
2019-09-19,2.59692645072937,2.9200000762939453,2.950000047683716,2.890000104904175,2.950000047683716,42985817,601618.SS,3
2019-09-20,2.614713191986084,2.940000057220459,2.9600000381469727,2.9200000762939453,2.940000057220459,54139767,601618.SS,4
2019-09-23,2.561352252960205,2.880000114440918,2.930000066757202,2.869999885559082,2.9200000762939453,40361787,601618.SS,0
2019-09-24,2.5524582862854004,2.869999885559082,2.9000000953674316,2.869999885559082,2.890000104904175,33850051,601618.SS,1
2019-09-25,2.499096393585205,2.809999942779541,2.869999885559082,2.809999942779541,2.869999885559082,42043080,601618.SS,2
2019-09-26,2.4902029037475586,2.799999952316284,2.8399999141693115,2.799999952316284,2.819999933242798,32039897,601618.SS,3
2019-09-27,2.499096393585205,2.809999942779541,2.819999933242798,2.7899999618530273,2.809999942779541,27089416,601618.SS,4
2019-09-30,2.481309413909912,2.7899999618530273,2.819999933242798,2.7799999713897705,2.809999942779541,21629235,601618.SS,0
2019-10-08,2.4902029037475586,2.799999952316284,2.809999942779541,2.7799999713897705,2.7899999618530273,28929450,601618.SS,1
2019-10-09,2.525777578353882,2.8399999141693115,2.8399999141693115,2.7799999713897705,2.7899999618530273,37905435,601618.SS,2
2019-10-10,2.5168838500976562,2.8299999237060547,2.8399999141693115,2.809999942779541,2.8299999237060547,21809531,601618.SS,3
2019-10-11,2.525777578353882,2.8399999141693115,2.8499999046325684,2.809999942779541,2.8299999237060547,26358897,601618.SS,4
2019-10-14,2.5524582862854004,2.869999885559082,2.890000104904175,2.8499999046325684,2.8499999046325684,34221459,601618.SS,0
2019-10-15,2.543564796447754,2.859999895095825,2.869999885559082,2.8399999141693115,2.869999885559082,25971115,601618.SS,1
2019-10-16,2.543564796447754,2.859999895095825,2.890000104904175,2.8499999046325684,2.869999885559082,27730127,601618.SS,2
2019-10-17,2.5524582862854004,2.869999885559082,2.890000104904175,2.8499999046325684,2.8499999046325684,31921069,601618.SS,3
2019-10-18,2.525777578353882,2.8399999141693115,2.869999885559082,2.819999933242798,2.869999885559082,31329080,601618.SS,4
2019-10-21,2.499096393585205,2.809999942779541,2.8299999237060547,2.7799999713897705,2.819999933242798,31853841,601618.SS,0
2019-10-22,2.5079901218414307,2.819999933242798,2.819999933242798,2.7799999713897705,2.809999942779541,29867233,601618.SS,1
2019-10-23,2.4902029037475586,2.799999952316284,2.8299999237060547,2.799999952316284,2.819999933242798,23054126,601618.SS,2
2019-10-24,2.4902029037475586,2.799999952316284,2.8299999237060547,2.7899999618530273,2.809999942779541,27222159,601618.SS,3
2019-10-25,2.4902029037475586,2.799999952316284,2.809999942779541,2.7799999713897705,2.809999942779541,25909106,601618.SS,4
2019-10-28,2.5079901218414307,2.819999933242798,2.819999933242798,2.7899999618530273,2.799999952316284,36211797,601618.SS,0
2019-10-29,2.481309413909912,2.7899999618530273,2.819999933242798,2.7899999618530273,2.809999942779541,22840586,601618.SS,1
2019-10-30,2.4546287059783936,2.759999990463257,2.799999952316284,2.75,2.799999952316284,32644541,601618.SS,2
2019-10-31,2.4368417263031006,2.740000009536743,2.759999990463257,2.7200000286102295,2.75,32181202,601618.SS,3
2019-11-01,2.445735454559326,2.75,2.7699999809265137,2.7200000286102295,2.7300000190734863,32118814,601618.SS,4
2019-11-04,2.445735454559326,2.75,2.759999990463257,2.740000009536743,2.759999990463257,30917003,601618.SS,0
2019-11-05,2.463522434234619,2.7699999809265137,2.7899999618530273,2.740000009536743,2.75,34035750,601618.SS,1
2019-11-06,2.4368417263031006,2.740000009536743,2.7699999809265137,2.7200000286102295,2.759999990463257,28020098,601618.SS,2
2019-11-07,2.427948474884033,2.7300000190734863,2.75,2.7200000286102295,2.740000009536743,24333095,601618.SS,3
2019-11-08,2.4190542697906494,2.7200000286102295,2.740000009536743,2.7100000381469727,2.740000009536743,23293810,601618.SS,4
2019-11-11,2.3656928539276123,2.6600000858306885,2.7200000286102295,2.640000104904175,2.7100000381469727,43483269,601618.SS,0
2019-11-12,2.356799602508545,2.6500000953674316,2.6600000858306885,2.640000104904175,2.6500000953674316,32815909,601618.SS,1
2019-11-13,2.3301186561584473,2.619999885559082,2.6500000953674316,2.609999895095825,2.6500000953674316,30190234,601618.SS,2
2019-11-14,2.339012384414673,2.630000114440918,2.6600000858306885,2.619999885559082,2.630000114440918,29207830,601618.SS,3
2019-11-15,2.294544219970703,2.5799999237060547,2.630000114440918,2.569999933242798,2.630000114440918,34021352,601618.SS,4
2019-11-18,2.3034377098083496,2.5899999141693115,2.5999999046325684,2.559999942779541,2.569999933242798,24971067,601618.SS,0
2019-11-19,2.3212249279022217,2.609999895095825,2.619999885559082,2.5899999141693115,2.5999999046325684,29164474,601618.SS,1
2019-11-20,2.294544219970703,2.5799999237060547,2.609999895095825,2.5799999237060547,2.609999895095825,17452000,601618.SS,2
2019-11-21,2.312331438064575,2.5999999046325684,2.5999999046325684,2.559999942779541,2.5799999237060547,24077422,601618.SS,3
2019-11-22,2.3479061126708984,2.640000104904175,2.6600000858306885,2.5899999141693115,2.5999999046325684,54015433,601618.SS,4
2019-11-25,2.427948474884033,2.7300000190734863,2.75,2.630000114440918,2.630000114440918,72555317,601618.SS,0
2019-11-26,2.3834800720214844,2.680000066757202,2.7300000190734863,2.680000066757202,2.7300000190734863,56068385,601618.SS,1
2019-11-27,2.3656928539276123,2.6600000858306885,2.690000057220459,2.6500000953674316,2.680000066757202,37043387,601618.SS,2
2019-11-28,2.3834800720214844,2.680000066757202,2.7100000381469727,2.6500000953674316,2.6600000858306885,32614424,601618.SS,3
2019-11-29,2.3834800720214844,2.680000066757202,2.690000057220459,2.6600000858306885,2.680000066757202,22864353,601618.SS,4
2019-12-02,2.374586582183838,2.6700000762939453,2.700000047683716,2.6600000858306885,2.6700000762939453,22985527,601618.SS,0
2019-12-03,2.374586582183838,2.6700000762939453,2.680000066757202,2.6600000858306885,2.6600000858306885,17405797,601618.SS,1
2019-12-04,2.374586582183838,2.6700000762939453,2.6700000762939453,2.6600000858306885,2.6700000762939453,16606840,601618.SS,2
2019-12-05,2.392374038696289,2.690000057220459,2.700000047683716,2.6700000762939453,2.6700000762939453,23708671,601618.SS,3
2019-12-06,2.4012672901153564,2.700000047683716,2.700000047683716,2.680000066757202,2.700000047683716,18587630,601618.SS,4
2019-12-09,2.427948474884033,2.7300000190734863,2.740000009536743,2.690000057220459,2.700000047683716,40116349,601618.SS,0
2019-12-10,2.410161018371582,2.7100000381469727,2.7300000190734863,2.700000047683716,2.7300000190734863,22695670,601618.SS,1
2019-12-11,2.410161018371582,2.7100000381469727,2.7200000286102295,2.690000057220459,2.7200000286102295,30866649,601618.SS,2
2019-12-12,2.392374038696289,2.690000057220459,2.7100000381469727,2.680000066757202,2.7100000381469727,33056957,601618.SS,3
2019-12-13,2.427948474884033,2.7300000190734863,2.7300000190734863,2.700000047683716,2.700000047683716,35996437,601618.SS,4
2019-12-16,2.4368417263031006,2.740000009536743,2.75,2.7100000381469727,2.7300000190734863,38879197,601618.SS,0
2019-12-17,2.4724159240722656,2.7799999713897705,2.799999952316284,2.7300000190734863,2.740000009536743,61188323,601618.SS,1
2019-12-18,2.4546287059783936,2.759999990463257,2.7899999618530273,2.75,2.7699999809265137,47010558,601618.SS,2
2019-12-19,2.463522434234619,2.7699999809265137,2.7899999618530273,2.759999990463257,2.7699999809265137,34943200,601618.SS,3
2019-12-20,2.4546287059783936,2.759999990463257,2.7799999713897705,2.75,2.759999990463257,33483169,601618.SS,4
2019-12-23,2.410161018371582,2.7100000381469727,2.759999990463257,2.700000047683716,2.75,35096632,601618.SS,0
2019-12-24,2.427948474884033,2.7300000190734863,2.7300000190734863,2.700000047683716,2.7100000381469727,22821786,601618.SS,1
2019-12-25,2.410161018371582,2.7100000381469727,2.7300000190734863,2.700000047683716,2.7200000286102295,18757445,601618.SS,2
2019-12-26,2.4368417263031006,2.740000009536743,2.759999990463257,2.700000047683716,2.7100000381469727,32344988,601618.SS,3
2019-12-27,2.4546287059783936,2.759999990463257,2.799999952316284,2.7300000190734863,2.740000009536743,66895793,601618.SS,4
2019-12-30,2.4724159240722656,2.7799999713897705,2.7899999618530273,2.740000009536743,2.75,57113379,601618.SS,0
2019-12-31,2.4902029037475586,2.799999952316284,2.819999933242798,2.759999990463257,2.7799999713897705,66592225,601618.SS,1
2020-01-02,2.5346710681915283,2.8499999046325684,2.9100000858306885,2.809999942779541,2.819999933242798,104134819,601618.SS,3
2020-01-03,2.525777578353882,2.8399999141693115,2.859999895095825,2.819999933242798,2.8499999046325684,49139859,601618.SS,4
2020-01-06,2.5168838500976562,2.8299999237060547,2.869999885559082,2.799999952316284,2.809999942779541,59862695,601618.SS,0
2020-01-07,2.525777578353882,2.8399999141693115,2.859999895095825,2.819999933242798,2.8399999141693115,45242125,601618.SS,1
2020-01-08,2.4724159240722656,2.7799999713897705,2.7799999713897705,2.7799999713897705,2.7799999713897705,62516265,601618.SS,2
2020-01-09,2.499096393585205,2.809999942779541,2.819999933242798,2.7899999618530273,2.799999952316284,37016996,601618.SS,3
2020-01-10,2.481309413909912,2.7899999618530273,2.819999933242798,2.7799999713897705,2.809999942779541,26664194,601618.SS,4
2020-01-13,2.499096393585205,2.809999942779541,2.809999942779541,2.809999942779541,2.809999942779541,39846972,601618.SS,0
2020-01-14,2.5079901218414307,2.819999933242798,2.819999933242798,2.819999933242798,2.819999933242798,32853284,601618.SS,1
2020-01-15,2.481309413909912,2.7899999618530273,2.8299999237060547,2.7799999713897705,2.8299999237060547,28989243,601618.SS,2
2020-01-16,2.481309413909912,2.7899999618530273,2.809999942779541,2.759999990463257,2.7899999618530273,49441655,601618.SS,3
2020-01-17,2.481309413909912,2.7899999618530273,2.799999952316284,2.7699999809265137,2.7899999618530273,27423217,601618.SS,4
2020-01-20,2.481309413909912,2.7899999618530273,2.799999952316284,2.759999990463257,2.7899999618530273,30520939,601618.SS,0
2020-01-21,2.4724159240722656,2.7799999713897705,2.799999952316284,2.759999990463257,2.7899999618530273,35507356,601618.SS,1
2020-01-22,2.463522434234619,2.7699999809265137,2.7799999713897705,2.740000009536743,2.7699999809265137,32967958,601618.SS,2
2020-01-23,2.392374038696289,2.690000057220459,2.7699999809265137,2.680000066757202,2.759999990463257,45591800,601618.SS,3
2020-02-03,2.152247190475464,2.4200000762939453,2.4200000762939453,2.4200000762939453,2.4200000762939453,40357100,601618.SS,0
2020-02-04,2.1344597339630127,2.4000000953674316,2.450000047683716,2.3299999237060547,2.3299999237060547,81024033,601618.SS,1
2020-02-05,2.152247190475464,2.4200000762939453,2.4700000286102295,2.4000000953674316,2.4000000953674316,57384694,601618.SS,2
2020-02-06,2.1789278984069824,2.450000047683716,2.4600000381469727,2.4000000953674316,2.430000066757202,52106962,601618.SS,3
2020-02-07,2.187821388244629,2.4600000381469727,2.4800000190734863,2.4000000953674316,2.430000066757202,57793984,601618.SS,4
2020-02-10,2.205608367919922,2.4800000190734863,2.490000009536743,2.4200000762939453,2.440000057220459,52347707,601618.SS,0
2020-02-11,2.2145020961761475,2.490000009536743,2.5299999713897705,2.4600000381469727,2.4800000190734863,55731287,601618.SS,1
2020-02-12,2.27675724029541,2.559999942779541,2.5799999237060547,2.4700000286102295,2.4800000190734863,74035688,601618.SS,2
2020-02-13,2.2322893142700195,2.509999990463257,2.5799999237060547,2.509999990463257,2.5399999618530273,60508236,601618.SS,3
2020-02-14,2.241183042526245,2.5199999809265137,2.549999952316284,2.5,2.509999990463257,39587185,601618.SS,4
2020-02-17,2.27675724029541,2.559999942779541,2.569999933242798,2.509999990463257,2.5199999809265137,56582645,601618.SS,0
2020-02-18,2.27675724029541,2.559999942779541,2.5799999237060547,2.5399999618530273,2.559999942779541,53755939,601618.SS,1
2020-02-19,2.258970022201538,2.5399999618530273,2.5799999237060547,2.5399999618530273,2.549999952316284,58656746,601618.SS,2
2020-02-20,2.294544219970703,2.5799999237060547,2.5899999141693115,2.5399999618530273,2.5399999618530273,67334280,601618.SS,3
2020-02-21,2.2856504917144775,2.569999933242798,2.5999999046325684,2.559999942779541,2.569999933242798,60193986,601618.SS,4
2020-02-24,2.258970022201538,2.5399999618530273,2.5799999237060547,2.5399999618530273,2.559999942779541,61044161,601618.SS,0
2020-02-25,2.205608367919922,2.4800000190734863,2.509999990463257,2.440000057220459,2.5,79711907,601618.SS,1
2020-02-26,2.427948474884033,2.7300000190734863,2.7300000190734863,2.440000057220459,2.450000047683716,275014720,601618.SS,2
2020-02-27,2.4368417263031006,2.740000009536743,2.819999933242798,2.690000057220459,2.799999952316284,328354700,601618.SS,3
2020-02-28,2.4190542697906494,2.7200000286102295,2.859999895095825,2.640000104904175,2.6600000858306885,265114655,601618.SS,4
2020-03-02,2.6591813564300537,2.990000009536743,2.990000009536743,2.740000009536743,2.740000009536743,409556376,601618.SS,0
2020-03-03,2.6236066818237305,2.950000047683716,3.0799999237060547,2.9100000858306885,3.0199999809265137,393622399,601618.SS,1
2020-03-04,2.6236066818237305,2.950000047683716,3.009999990463257,2.880000114440918,2.9100000858306885,200717432,601618.SS,2
2020-03-05,2.5880324840545654,2.9100000858306885,2.9700000286102295,2.890000104904175,2.9600000381469727,188403063,601618.SS,3
2020-03-06,2.499096393585205,2.809999942779541,2.9000000953674316,2.809999942779541,2.869999885559082,132490722,601618.SS,4
2020-03-09,2.4190542697906494,2.7200000286102295,2.7799999713897705,2.7100000381469727,2.759999990463257,123864663,601618.SS,0
2020-03-10,2.4724159240722656,2.7799999713897705,2.799999952316284,2.700000047683716,2.700000047683716,109952787,601618.SS,1
2020-03-11,2.4368417263031006,2.740000009536743,2.7799999713897705,2.7300000190734863,2.7699999809265137,83876672,601618.SS,2
2020-03-12,2.392374038696289,2.690000057220459,2.75,2.6600000858306885,2.7200000286102295,78752306,601618.SS,3
2020-03-13,2.3656928539276123,2.6600000858306885,2.690000057220459,2.549999952316284,2.559999942779541,90771867,601618.SS,4
2020-03-16,2.356799602508545,2.6500000953674316,2.75,2.640000104904175,2.700000047683716,92841289,601618.SS,0
2020-03-17,2.3834800720214844,2.680000066757202,2.7100000381469727,2.5999999046325684,2.6500000953674316,61864685,601618.SS,1
2020-03-18,2.3301186561584473,2.619999885559082,2.7300000190734863,2.619999885559082,2.690000057220459,66786866,601618.SS,2
2020-03-19,2.3212249279022217,2.609999895095825,2.6500000953674316,2.569999933242798,2.5999999046325684,59838410,601618.SS,3
2020-03-20,2.339012384414673,2.630000114440918,2.6600000858306885,2.5999999046325684,2.630000114440918,55978102,601618.SS,4
2020-03-23,2.294544219970703,2.5799999237060547,2.609999895095825,2.5399999618530273,2.5799999237060547,53716009,601618.SS,0
2020-03-24,2.3212249279022217,2.609999895095825,2.630000114440918,2.559999942779541,2.609999895095825,43944937,601618.SS,1
2020-03-25,2.339012384414673,2.630000114440918,2.6600000858306885,2.609999895095825,2.6500000953674316,48957559,601618.SS,2
2020-03-26,2.294544219970703,2.5799999237060547,2.619999885559082,2.569999933242798,2.619999885559082,42712940,601618.SS,3
2020-03-27,2.356799602508545,2.6500000953674316,2.7100000381469727,2.5799999237060547,2.609999895095825,102756060,601618.SS,4
2020-03-30,2.3479061126708984,2.640000104904175,2.680000066757202,2.609999895095825,2.619999885559082,55289825,601618.SS,0
2020-03-31,2.3301186561584473,2.619999885559082,2.6700000762939453,2.619999885559082,2.6600000858306885,43449675,601618.SS,1
2020-04-01,2.294544219970703,2.5799999237060547,2.6700000762939453,2.569999933242798,2.630000114440918,54059500,601618.SS,2
2020-04-02,2.3212249279022217,2.609999895095825,2.609999895095825,2.549999952316284,2.559999942779541,34179264,601618.SS,3
2020-04-03,2.294544219970703,2.5799999237060547,2.609999895095825,2.559999942779541,2.609999895095825,29157813,601618.SS,4
2020-04-07,2.3301186561584473,2.619999885559082,2.630000114440918,2.5999999046325684,2.619999885559082,43072186,601618.SS,1
2020-04-08,2.339012384414673,2.630000114440918,2.640000104904175,2.5999999046325684,2.609999895095825,36382066,601618.SS,2
2020-04-09,2.339012384414673,2.630000114440918,2.6500000953674316,2.619999885559082,2.640000104904175,34323319,601618.SS,3
2020-04-10,2.312331438064575,2.5999999046325684,2.630000114440918,2.5799999237060547,2.630000114440918,25544479,601618.SS,4
2020-04-13,2.3034377098083496,2.5899999141693115,2.5999999046325684,2.5799999237060547,2.5999999046325684,19018019,601618.SS,0
2020-04-14,2.312331438064575,2.5999999046325684,2.609999895095825,2.5899999141693115,2.5999999046325684,29349573,601618.SS,1
2020-04-15,2.3034377098083496,2.5899999141693115,2.609999895095825,2.5799999237060547,2.5999999046325684,26317336,601618.SS,2
2020-04-16,2.2856504917144775,2.569999933242798,2.5799999237060547,2.559999942779541,2.569999933242798,29612470,601618.SS,3
2020-04-17,2.3301186561584473,2.619999885559082,2.6500000953674316,2.569999933242798,2.5799999237060547,70049103,601618.SS,4
2020-04-20,2.3212249279022217,2.609999895095825,2.640000104904175,2.5999999046325684,2.619999885559082,41119999,601618.SS,0
2020-04-21,2.3034377098083496,2.5899999141693115,2.5999999046325684,2.559999942779541,2.5899999141693115,31038439,601618.SS,1
2020-04-22,2.294544219970703,2.5799999237060547,2.5899999141693115,2.569999933242798,2.569999933242798,24306749,601618.SS,2
2020-04-23,2.294544219970703,2.5799999237060547,2.5899999141693115,2.569999933242798,2.5799999237060547,21731016,601618.SS,3
2020-04-24,2.258970022201538,2.5399999618530273,2.5799999237060547,2.5299999713897705,2.569999933242798,27202300,601618.SS,4
2020-04-27,2.2678635120391846,2.549999952316284,2.5799999237060547,2.549999952316284,2.549999952316284,21823893,601618.SS,0
2020-04-28,2.2322893142700195,2.509999990463257,2.559999942779541,2.4600000381469727,2.549999952316284,31535858,601618.SS,1
2020-04-29,2.241183042526245,2.5199999809265137,2.5299999713897705,2.5,2.509999990463257,14989049,601618.SS,2
2020-04-30,2.2856504917144775,2.569999933242798,2.5899999141693115,2.5299999713897705,2.5399999618530273,38434602,601618.SS,3
2020-05-06,2.312331438064575,2.5999999046325684,2.619999885559082,2.559999942779541,2.559999942779541,60396945,601618.SS,2
2020-05-07,2.312331438064575,2.5999999046325684,2.619999885559082,2.569999933242798,2.5899999141693115,42150499,601618.SS,3
2020-05-08,2.312331438064575,2.5999999046325684,2.619999885559082,2.5899999141693115,2.5999999046325684,43623548,601618.SS,4
2020-05-11,2.3301186561584473,2.619999885559082,2.6500000953674316,2.5999999046325684,2.5999999046325684,70536083,601618.SS,0
2020-05-12,2.3212249279022217,2.609999895095825,2.619999885559082,2.5799999237060547,2.609999895095825,54231756,601618.SS,1
2020-05-13,2.3479061126708984,2.640000104904175,2.6500000953674316,2.5799999237060547,2.5999999046325684,84743382,601618.SS,2
2020-05-14,2.312331438064575,2.5999999046325684,2.619999885559082,2.5999999046325684,2.619999885559082,28255335,601618.SS,3
2020-05-15,2.3034377098083496,2.5899999141693115,2.619999885559082,2.5899999141693115,2.5999999046325684,25020678,601618.SS,4
2020-05-18,2.312331438064575,2.5999999046325684,2.630000114440918,2.5899999141693115,2.609999895095825,38303250,601618.SS,0
2020-05-19,2.312331438064575,2.5999999046325684,2.630000114440918,2.5999999046325684,2.619999885559082,30631219,601618.SS,1
2020-05-20,2.3034377098083496,2.5899999141693115,2.5999999046325684,2.569999933242798,2.5999999046325684,29808953,601618.SS,2
2020-05-21,2.2678635120391846,2.549999952316284,2.5999999046325684,2.549999952316284,2.5899999141693115,44744400,601618.SS,3
2020-05-22,2.2500762939453125,2.5299999713897705,2.559999942779541,2.509999990463257,2.549999952316284,39854844,601618.SS,4
2020-05-25,2.258970022201538,2.5399999618530273,2.559999942779541,2.5199999809265137,2.5299999713897705,24107508,601618.SS,0
2020-05-26,2.258970022201538,2.5399999618530273,2.559999942779541,2.5299999713897705,2.549999952316284,24943338,601618.SS,1
2020-05-27,2.241183042526245,2.5199999809265137,2.549999952316284,2.509999990463257,2.5399999618530273,19213420,601618.SS,2
2020-05-28,2.241183042526245,2.5199999809265137,2.5399999618530273,2.509999990463257,2.5199999809265137,18580177,601618.SS,3
2020-05-29,2.223395824432373,2.5,2.5299999713897705,2.5,2.5199999809265137,36691717,601618.SS,4
2020-06-01,2.258970022201538,2.5399999618530273,2.549999952316284,2.5,2.509999990463257,46229107,601618.SS,0
2020-06-02,2.2856504917144775,2.569999933242798,2.609999895095825,2.5399999618530273,2.5399999618530273,50582641,601618.SS,1
2020-06-03,2.27675724029541,2.559999942779541,2.5999999046325684,2.549999952316284,2.559999942779541,33554090,601618.SS,2
2020-06-04,2.2856504917144775,2.569999933242798,2.5899999141693115,2.5399999618530273,2.569999933242798,30776407,601618.SS,3
2020-06-05,2.2678635120391846,2.549999952316284,2.569999933242798,2.5399999618530273,2.569999933242798,20392510,601618.SS,4
2020-06-08,2.258970022201538,2.5399999618530273,2.569999933242798,2.5399999618530273,2.559999942779541,21625200,601618.SS,0
2020-06-09,2.2678635120391846,2.549999952316284,2.559999942779541,2.5299999713897705,2.5399999618530273,26500812,601618.SS,1
2020-06-10,2.241183042526245,2.5199999809265137,2.549999952316284,2.5199999809265137,2.549999952316284,26438537,601618.SS,2
2020-06-11,2.2500762939453125,2.5299999713897705,2.5399999618530273,2.509999990463257,2.5199999809265137,36510871,601618.SS,3
2020-06-12,2.2322893142700195,2.509999990463257,2.5199999809265137,2.490000009536743,2.5,51701927,601618.SS,4
2020-06-15,2.205608367919922,2.4800000190734863,2.509999990463257,2.4700000286102295,2.5,44613118,601618.SS,0
2020-06-16,2.241183042526245,2.5199999809265137,2.5399999618530273,2.490000009536743,2.490000009536743,55258384,601618.SS,1
2020-06-17,2.241183042526245,2.5199999809265137,2.5399999618530273,2.5,2.5199999809265137,33872481,601618.SS,2
2020-06-18,2.258970022201538,2.5399999618530273,2.5799999237060547,2.5,2.509999990463257,47903274,601618.SS,3
2020-06-19,2.27675724029541,2.559999942779541,2.559999942779541,2.5299999713897705,2.5399999618530273,43435516,601618.SS,4
2020-06-22,2.2500762939453125,2.5299999713897705,2.559999942779541,2.5299999713897705,2.549999952316284,37451948,601618.SS,0
2020-06-23,2.241183042526245,2.5199999809265137,2.5399999618530273,2.509999990463257,2.5299999713897705,25612292,601618.SS,1
2020-06-24,2.241183042526245,2.5199999809265137,2.5299999713897705,2.509999990463257,2.5199999809265137,28858288,601618.SS,2
2020-06-29,2.223395824432373,2.5,2.5199999809265137,2.490000009536743,2.509999990463257,27064425,601618.SS,0
2020-06-30,2.2322893142700195,2.509999990463257,2.5199999809265137,2.5,2.509999990463257,25036051,601618.SS,1
2020-07-01,2.27675724029541,2.559999942779541,2.569999933242798,2.5,2.509999990463257,74860921,601618.SS,2
2020-07-02,2.339012384414673,2.630000114440918,2.630000114440918,2.5399999618530273,2.549999952316284,116424139,601618.SS,3
2020-07-03,2.410161018371582,2.7100000381469727,2.75,2.640000104904175,2.640000104904175,160661907,601618.SS,4
2020-07-06,2.6236066818237305,2.950000047683716,2.9800000190734863,2.759999990463257,2.759999990463257,301478418,601618.SS,0
2020-07-07,2.6413938999176025,2.9700000286102295,3.1500000953674316,2.9100000858306885,3.0299999713897705,337938662,601618.SS,1
2020-07-08,2.676968574523926,3.009999990463257,3.0299999713897705,2.9100000858306885,2.940000057220459,264026616,601618.SS,2
2020-07-09,2.676968574523926,3.009999990463257,3.0199999809265137,2.930000066757202,3.0,213206446,601618.SS,3
2020-07-10,2.5880324840545654,2.9100000858306885,3.009999990463257,2.9000000953674316,2.9800000190734863,174180820,601618.SS,4
2020-07-13,2.6502878665924072,2.9800000190734863,3.009999990463257,2.9000000953674316,2.9100000858306885,178110405,601618.SS,0
2020-07-14,2.6236066818237305,2.950000047683716,3.009999990463257,2.9200000762939453,2.9800000190734863,144495905,601618.SS,1
2020-07-15,2.579139232635498,2.9000000953674316,2.990000009536743,2.890000104904175,2.9800000190734863,114162453,601618.SS,2
2020-07-16,2.5168838500976562,2.8299999237060547,2.940000057220459,2.8299999237060547,2.9100000858306885,125515985,601618.SS,3
2020-07-17,2.4913320541381836,2.7300000190734863,2.7899999618530273,2.7100000381469727,2.7899999618530273,95760427,601618.SS,4
2020-07-20,2.6190922260284424,2.869999885559082,2.880000114440918,2.75,2.75,120155822,601618.SS,0
2020-07-21,2.6647214889526367,2.9200000762939453,3.0,2.890000104904175,2.890000104904175,162779099,601618.SS,1
2020-07-22,2.6373438835144043,2.890000104904175,2.9600000381469727,2.869999885559082,2.950000047683716,108582631,601618.SS,2
2020-07-23,2.60996675491333,2.859999895095825,2.890000104904175,2.7899999618530273,2.869999885559082,103144275,601618.SS,3
2020-07-24,2.546086072921753,2.7899999618530273,2.9100000858306885,2.7699999809265137,2.859999895095825,89212688,601618.SS,4
2020-07-27,2.518709182739258,2.759999990463257,2.819999933242798,2.740000009536743,2.799999952316284,55307011,601618.SS,0
2020-07-28,2.527834892272949,2.7699999809265137,2.809999942779541,2.759999990463257,2.7899999618530273,52471709,601618.SS,1
2020-07-29,2.564337730407715,2.809999942779541,2.8299999237060547,2.7300000190734863,2.7699999809265137,65765824,601618.SS,2
2020-07-30,2.5734634399414062,2.819999933242798,2.8399999141693115,2.7899999618530273,2.819999933242798,66581918,601618.SS,3
2020-07-31,2.5552120208740234,2.799999952316284,2.8499999046325684,2.759999990463257,2.819999933242798,87816817,601618.SS,4
2020-08-03,2.5825891494750977,2.8299999237060547,2.8299999237060547,2.799999952316284,2.799999952316284,92663578,601618.SS,0
2020-08-04,2.6008410453796387,2.8499999046325684,2.890000104904175,2.7899999618530273,2.8299999237060547,119779728,601618.SS,1
2020-08-05,2.5734634399414062,2.819999933242798,2.8499999046325684,2.7899999618530273,2.8399999141693115,81971801,601618.SS,2
2020-08-06,2.564337730407715,2.809999942779541,2.8399999141693115,2.7799999713897705,2.8299999237060547,65664697,601618.SS,3
2020-08-07,2.546086072921753,2.7899999618530273,2.819999933242798,2.7699999809265137,2.809999942779541,68114758,601618.SS,4
2020-08-10,2.6190922260284424,2.869999885559082,2.9200000762939453,2.7899999618530273,2.799999952316284,155359626,601618.SS,0
2020-08-11,2.5825891494750977,2.8299999237060547,2.9100000858306885,2.819999933242798,2.880000114440918,104761837,601618.SS,1
2020-08-12,2.628218412399292,2.880000114440918,2.9100000858306885,2.809999942779541,2.819999933242798,136716942,601618.SS,2
2020-08-13,2.628218412399292,2.880000114440918,2.9200000762939453,2.859999895095825,2.880000114440918,72914670,601618.SS,3
2020-08-14,2.646469831466675,2.9000000953674316,2.9000000953674316,2.8399999141693115,2.880000114440918,63818987,601618.SS,4
2020-08-17,2.692098617553711,2.950000047683716,2.9700000286102295,2.880000114440918,2.9000000953674316,164784828,601618.SS,0
2020-08-18,2.6647214889526367,2.9200000762939453,2.950000047683716,2.9000000953674316,2.940000057220459,93512042,601618.SS,1
2020-08-19,2.6373438835144043,2.890000104904175,2.950000047683716,2.880000114440918,2.9100000858306885,95315701,601618.SS,2
2020-08-20,2.628218412399292,2.880000114440918,2.9100000858306885,2.869999885559082,2.880000114440918,75855099,601618.SS,3
2020-08-21,2.6373438835144043,2.890000104904175,2.9100000858306885,2.869999885559082,2.890000104904175,47700815,601618.SS,4
2020-08-24,2.6190922260284424,2.869999885559082,2.9000000953674316,2.859999895095825,2.890000104904175,51219960,601618.SS,0
2020-08-25,2.5825891494750977,2.8299999237060547,2.880000114440918,2.8299999237060547,2.869999885559082,44107994,601618.SS,1
2020-08-26,2.546086072921753,2.7899999618530273,2.8499999046325684,2.7699999809265137,2.8399999141693115,61725147,601618.SS,2
2020-08-27,2.546086072921753,2.7899999618530273,2.809999942779541,2.7699999809265137,2.7899999618530273,38667433,601618.SS,3
2020-08-28,2.5734634399414062,2.819999933242798,2.8299999237060547,2.7699999809265137,2.7899999618530273,56989264,601618.SS,4
2020-08-31,2.5734634399414062,2.819999933242798,2.880000114440918,2.809999942779541,2.8399999141693115,101305028,601618.SS,0
2020-09-01,2.591715097427368,2.8399999141693115,2.8499999046325684,2.809999942779541,2.819999933242798,71645393,601618.SS,1
2020-09-02,2.5825891494750977,2.8299999237060547,2.869999885559082,2.809999942779541,2.8399999141693115,51489966,601618.SS,2
2020-09-03,2.564337730407715,2.809999942779541,2.8499999046325684,2.799999952316284,2.8399999141693115,53824136,601618.SS,3
2020-09-04,2.546086072921753,2.7899999618530273,2.799999952316284,2.7699999809265137,2.7899999618530273,35896206,601618.SS,4
2020-09-07,2.5369606018066406,2.7799999713897705,2.819999933242798,2.7699999809265137,2.799999952316284,47492097,601618.SS,0
2020-09-08,2.5734634399414062,2.819999933242798,2.819999933242798,2.7699999809265137,2.7799999713897705,55266700,601618.SS,1
2020-09-09,2.628218412399292,2.880000114440918,2.9200000762939453,2.7899999618530273,2.7899999618530273,145412333,601618.SS,2
2020-09-10,2.5552120208740234,2.799999952316284,2.890000104904175,2.7799999713897705,2.880000114440918,85750726,601618.SS,3
2020-09-11,2.5369606018066406,2.7799999713897705,2.799999952316284,2.759999990463257,2.7799999713897705,50538172,601618.SS,4
2020-09-14,2.5369606018066406,2.7799999713897705,2.799999952316284,2.759999990463257,2.7899999618530273,40706790,601618.SS,0
2020-09-15,2.546086072921753,2.7899999618530273,2.7899999618530273,2.759999990463257,2.7899999618530273,33341208,601618.SS,1
2020-09-16,2.546086072921753,2.7899999618530273,2.819999933242798,2.759999990463257,2.7799999713897705,45944211,601618.SS,2
2020-09-17,2.5369606018066406,2.7799999713897705,2.799999952316284,2.7699999809265137,2.7799999713897705,39405270,601618.SS,3
2020-09-18,2.6008410453796387,2.8499999046325684,2.869999885559082,2.7799999713897705,2.7899999618530273,94940243,601618.SS,4
2020-09-21,2.5825891494750977,2.8299999237060547,2.880000114440918,2.809999942779541,2.859999895095825,62275639,601618.SS,0
2020-09-22,2.5369606018066406,2.7799999713897705,2.8299999237060547,2.7699999809265137,2.809999942779541,49011985,601618.SS,1
2020-09-23,2.5369606018066406,2.7799999713897705,2.799999952316284,2.7699999809265137,2.7899999618530273,43707174,601618.SS,2
2020-09-24,2.4913320541381836,2.7300000190734863,2.7799999713897705,2.7200000286102295,2.7699999809265137,57710281,601618.SS,3
2020-09-25,2.4730801582336426,2.7100000381469727,2.7300000190734863,2.700000047683716,2.7300000190734863,34702823,601618.SS,4
2020-09-28,2.4730801582336426,2.7100000381469727,2.7300000190734863,2.700000047683716,2.7100000381469727,19624665,601618.SS,0
2020-09-29,2.4457030296325684,2.680000066757202,2.7200000286102295,2.6600000858306885,2.7100000381469727,40843112,601618.SS,1
2020-09-30,2.418325901031494,2.6500000953674316,2.690000057220459,2.619999885559082,2.680000066757202,40342495,601618.SS,2
2020-10-09,2.454828977584839,2.690000057220459,2.700000047683716,2.6700000762939453,2.6700000762939453,32394616,601618.SS,4
2020-10-12,2.500457763671875,2.740000009536743,2.759999990463257,2.690000057220459,2.700000047683716,65708950,601618.SS,0
2020-10-13,2.482205867767334,2.7200000286102295,2.75,2.7100000381469727,2.740000009536743,34789537,601618.SS,1
2020-10-14,2.463954448699951,2.700000047683716,2.7300000190734863,2.680000066757202,2.7200000286102295,34376900,601618.SS,2
2020-10-15,2.436577320098877,2.6700000762939453,2.7100000381469727,2.6700000762939453,2.700000047683716,48751490,601618.SS,3
2020-10-16,2.454828977584839,2.690000057220459,2.700000047683716,2.6600000858306885,2.6700000762939453,40377186,601618.SS,4
2020-10-19,2.4457030296325684,2.680000066757202,2.7300000190734863,2.6600000858306885,2.690000057220459,49898100,601618.SS,0
2020-10-20,2.4274516105651855,2.6600000858306885,2.6700000762939453,2.630000114440918,2.6700000762939453,44582239,601618.SS,1
2020-10-21,2.4457030296325684,2.680000066757202,2.680000066757202,2.640000104904175,2.6700000762939453,33025036,601618.SS,2
2020-10-22,2.418325901031494,2.6500000953674316,2.680000066757202,2.640000104904175,2.680000066757202,28779665,601618.SS,3
2020-10-23,2.4457030296325684,2.680000066757202,2.700000047683716,2.6500000953674316,2.6500000953674316,49433959,601618.SS,4
2020-10-26,2.4274516105651855,2.6600000858306885,2.700000047683716,2.6500000953674316,2.690000057220459,38154200,601618.SS,0
2020-10-27,2.4091999530792236,2.640000104904175,2.6600000858306885,2.630000114440918,2.6500000953674316,29188762,601618.SS,1
2020-10-28,2.4000744819641113,2.630000114440918,2.6500000953674316,2.5999999046325684,2.640000104904175,34216740,601618.SS,2
2020-10-29,2.3818225860595703,2.609999895095825,2.630000114440918,2.5999999046325684,2.609999895095825,29287708,601618.SS,3
2020-10-30,2.3635711669921875,2.5899999141693115,2.6500000953674316,2.5799999237060547,2.619999885559082,45570786,601618.SS,4
2020-11-02,2.3453195095062256,2.569999933242798,2.609999895095825,2.549999952316284,2.5899999141693115,52564965,601618.SS,0
2020-11-03,2.3818225860595703,2.609999895095825,2.619999885559082,2.569999933242798,2.5799999237060547,53277743,601618.SS,1
2020-11-04,2.3635711669921875,2.5899999141693115,2.609999895095825,2.569999933242798,2.5999999046325684,39283885,601618.SS,2
2020-11-05,2.390948534011841,2.619999885559082,2.630000114440918,2.5899999141693115,2.609999895095825,59729783,601618.SS,3
2020-11-06,2.4000744819641113,2.630000114440918,2.640000104904175,2.5899999141693115,2.619999885559082,71666481,601618.SS,4
2020-11-09,2.436577320098877,2.6700000762939453,2.690000057220459,2.630000114440918,2.640000104904175,84454170,601618.SS,0
2020-11-10,2.418325901031494,2.6500000953674316,2.7100000381469727,2.640000104904175,2.6700000762939453,67913444,601618.SS,1
2020-11-11,2.463954448699951,2.700000047683716,2.740000009536743,2.640000104904175,2.6500000953674316,113146303,601618.SS,2
2020-11-12,2.418325901031494,2.6500000953674316,2.700000047683716,2.6500000953674316,2.690000057220459,54712255,601618.SS,3
2020-11-13,2.4000744819641113,2.630000114440918,2.6500000953674316,2.609999895095825,2.6500000953674316,51727253,601618.SS,4
2020-11-16,2.482205867767334,2.7200000286102295,2.7200000286102295,2.630000114440918,2.640000104904175,115747803,601618.SS,0
2020-11-17,2.463954448699951,2.700000047683716,2.740000009536743,2.690000057220459,2.7200000286102295,81932889,601618.SS,1
2020-11-18,2.4730801582336426,2.7100000381469727,2.740000009536743,2.680000066757202,2.7100000381469727,77719707,601618.SS,2
2020-11-19,2.4730801582336426,2.7100000381469727,2.7300000190734863,2.680000066757202,2.7100000381469727,57940586,601618.SS,3
2020-11-20,2.482205867767334,2.7200000286102295,2.7300000190734863,2.680000066757202,2.700000047683716,63557610,601618.SS,4
2020-11-23,2.6008410453796387,2.8499999046325684,2.9200000762939453,2.7200000286102295,2.7300000190734863,257073905,601618.SS,0
2020-11-24,2.60996675491333,2.859999895095825,2.890000104904175,2.819999933242798,2.8399999141693115,131524170,601618.SS,1
2020-11-25,2.518709182739258,2.759999990463257,2.859999895095825,2.759999990463257,2.859999895095825,131010550,601618.SS,2
2020-11-26,2.5095834732055664,2.75,2.7799999713897705,2.7300000190734863,2.7699999809265137,66611001,601618.SS,3
2020-11-27,2.527834892272949,2.7699999809265137,2.7899999618530273,2.7100000381469727,2.75,112795184,601618.SS,4
2020-11-30,2.5552120208740234,2.799999952316284,2.880000114440918,2.759999990463257,2.7699999809265137,174474056,601618.SS,0
2020-12-01,2.5734634399414062,2.819999933242798,2.8299999237060547,2.759999990463257,2.7799999713897705,105672039,601618.SS,1
2020-12-02,2.5552120208740234,2.799999952316284,2.859999895095825,2.7899999618530273,2.819999933242798,92129289,601618.SS,2
2020-12-03,2.5369606018066406,2.7799999713897705,2.809999942779541,2.7699999809265137,2.809999942779541,73752201,601618.SS,3
2020-12-04,2.5095834732055664,2.75,2.7799999713897705,2.7300000190734863,2.7699999809265137,57962488,601618.SS,4
2020-12-07,2.454828977584839,2.690000057220459,2.759999990463257,2.680000066757202,2.75,81094478,601618.SS,0
2020-12-08,2.4457030296325684,2.680000066757202,2.700000047683716,2.6700000762939453,2.690000057220459,45264312,601618.SS,1
2020-12-09,2.418325901031494,2.6500000953674316,2.690000057220459,2.6500000953674316,2.690000057220459,46356143,601618.SS,2
2020-12-10,2.4091999530792236,2.640000104904175,2.6600000858306885,2.619999885559082,2.6500000953674316,48897341,601618.SS,3
2020-12-11,2.3818225860595703,2.609999895095825,2.6600000858306885,2.5999999046325684,2.6500000953674316,57633467,601618.SS,4
2020-12-14,2.3818225860595703,2.609999895095825,2.619999885559082,2.5799999237060547,2.5999999046325684,54810948,601618.SS,0
2020-12-15,2.372696876525879,2.5999999046325684,2.609999895095825,2.5799999237060547,2.5999999046325684,34514360,601618.SS,1
2020-12-16,2.4091999530792236,2.640000104904175,2.690000057220459,2.619999885559082,2.619999885559082,104660432,601618.SS,2
2020-12-17,2.4457030296325684,2.680000066757202,2.690000057220459,2.609999895095825,2.640000104904175,96522232,601618.SS,3
2020-12-18,2.60996675491333,2.859999895095825,2.950000047683716,2.6600000858306885,2.6700000762939453,363023509,601618.SS,4
2020-12-21,2.6373438835144043,2.890000104904175,2.9600000381469727,2.8499999046325684,2.859999895095825,312838905,601618.SS,0
2020-12-22,2.5095834732055664,2.75,2.859999895095825,2.75,2.8499999046325684,184078701,601618.SS,1
2020-12-23,2.518709182739258,2.759999990463257,2.809999942779541,2.740000009536743,2.75,103766529,601618.SS,2
2020-12-24,2.4913320541381836,2.7300000190734863,2.7799999713897705,2.7100000381469727,2.759999990463257,70493882,601618.SS,3
2020-12-25,2.5734634399414062,2.819999933242798,2.8299999237060547,2.700000047683716,2.7300000190734863,127573144,601618.SS,4
2020-12-28,2.5369606018066406,2.7799999713897705,2.859999895095825,2.759999990463257,2.809999942779541,126511762,601618.SS,0
2020-12-29,2.4730801582336426,2.7100000381469727,2.7899999618530273,2.690000057220459,2.7799999713897705,105954219,601618.SS,1
2020-12-30,2.4730801582336426,2.7100000381469727,2.740000009536743,2.700000047683716,2.7100000381469727,77772977,601618.SS,2
2020-12-31,2.4913320541381836,2.7300000190734863,2.740000009536743,2.700000047683716,2.7100000381469727,89146943,601618.SS,3
2021-01-04,2.546086072921753,2.7899999618530273,2.819999933242798,2.700000047683716,2.7200000286102295,165544215,601618.SS,0
2021-01-05,2.5552120208740234,2.799999952316284,2.8399999141693115,2.7300000190734863,2.7699999809265137,151551780,601618.SS,1
2021-01-06,2.591715097427368,2.8399999141693115,2.880000114440918,2.759999990463257,2.7799999713897705,190935403,601618.SS,2
2021-01-07,2.692098617553711,2.950000047683716,3.0,2.809999942779541,2.8399999141693115,362001065,601618.SS,3
2021-01-08,2.6373438835144043,2.890000104904175,2.9600000381469727,2.8499999046325684,2.930000066757202,213525827,601618.SS,4
2021-01-11,2.6008410453796387,2.8499999046325684,2.990000009536743,2.819999933242798,2.9100000858306885,196113759,601618.SS,0
2021-01-12,2.7924816608428955,3.059999942779541,3.140000104904175,2.8399999141693115,2.8499999046325684,451131053,601618.SS,1
2021-01-13,2.97499680519104,3.259999990463257,3.359999895095825,2.990000009536743,3.0299999713897705,615372353,601618.SS,2
2021-01-14,2.9658713340759277,3.25,3.4600000381469727,3.1500000953674316,3.180000066757202,537179676,601618.SS,3
2021-01-15,2.9841227531433105,3.2699999809265137,3.359999895095825,3.1600000858306885,3.2300000190734863,342351821,601618.SS,4
2021-01-18,2.929368257522583,3.2100000381469727,3.319999933242798,3.1600000858306885,3.2200000286102295,259000488,601618.SS,0
2021-01-19,2.8381104469299316,3.109999895095825,3.259999990463257,3.069999933242798,3.2200000286102295,287752786,601618.SS,1
2021-01-20,2.783355951309204,3.049999952316284,3.140000104904175,3.0299999713897705,3.0999999046325684,231238594,601618.SS,2
2021-01-21,2.8107330799102783,3.0799999237060547,3.0999999046325684,3.0199999809265137,3.059999942779541,193742366,601618.SS,3
2021-01-22,2.719475746154785,2.9800000190734863,3.059999942779541,2.9700000286102295,3.059999942779541,175705893,601618.SS,4
2021-01-25,2.7286016941070557,2.990000009536743,3.009999990463257,2.9100000858306885,2.9600000381469727,185481482,601618.SS,0
2021-01-26,2.655595541000366,2.9100000858306885,2.990000009536743,2.9000000953674316,2.9600000381469727,128917594,601618.SS,1
2021-01-27,2.692098617553711,2.950000047683716,2.9600000381469727,2.890000104904175,2.9000000953674316,148725377,601618.SS,2
2021-01-28,2.591715097427368,2.8399999141693115,2.9100000858306885,2.8299999237060547,2.9100000858306885,106402371,601618.SS,3
2021-01-29,2.5734634399414062,2.819999933242798,2.880000114440918,2.7899999618530273,2.8499999046325684,96620916,601618.SS,4
2021-02-01,2.60996675491333,2.859999895095825,2.859999895095825,2.799999952316284,2.819999933242798,78524145,601618.SS,0
2021-02-02,2.646469831466675,2.9000000953674316,2.930000066757202,2.8499999046325684,2.859999895095825,103043946,601618.SS,1
2021-02-03,2.5734634399414062,2.819999933242798,2.9000000953674316,2.819999933242798,2.890000104904175,89960475,601618.SS,2
2021-02-04,2.4913320541381836,2.7300000190734863,2.8399999141693115,2.6600000858306885,2.8299999237060547,140828837,601618.SS,3
2021-02-05,2.4730801582336426,2.7100000381469727,2.759999990463257,2.700000047683716,2.7200000286102295,77961041,601618.SS,4
2021-02-08,2.500457763671875,2.740000009536743,2.75,2.6700000762939453,2.7100000381469727,60222617,601618.SS,0
2021-02-09,2.5825891494750977,2.8299999237060547,2.8399999141693115,2.7200000286102295,2.7300000190734863,96873932,601618.SS,1
2021-02-10,2.5552120208740234,2.799999952316284,2.819999933242798,2.7699999809265137,2.819999933242798,86181513,601618.SS,2
2021-02-18,2.6829726696014404,2.940000057220459,3.0199999809265137,2.880000114440918,2.9600000381469727,227893734,601618.SS,3
2021-02-19,2.947619676589966,3.2300000190734863,3.2300000190734863,2.950000047683716,2.990000009536743,441308217,601618.SS,4
2021-02-22,3.2396438121795654,3.549999952316284,3.549999952316284,3.259999990463257,3.390000104904175,617361432,601618.SS,0
2021-02-23,3.184889316558838,3.490000009536743,3.7300000190734863,3.450000047683716,3.5299999713897705,671881577,601618.SS,1
2021-02-24,3.0114998817443848,3.299999952316284,3.569999933242798,3.240000009536743,3.4700000286102295,598175984,601618.SS,2
2021-02-25,3.0845062732696533,3.380000114440918,3.549999952316284,3.309999942779541,3.4200000762939453,459900814,601618.SS,3
2021-02-26,3.0206258296966553,3.309999942779541,3.4200000762939453,3.259999990463257,3.259999990463257,328643996,601618.SS,4
2021-03-01,3.075380325317383,3.369999885559082,3.4200000762939453,3.240000009536743,3.3399999141693115,308143439,601618.SS,0
2021-03-02,2.9019908905029297,3.180000066757202,3.3399999141693115,3.140000104904175,3.3299999237060547,302648172,601618.SS,1
2021-03-03,2.993248462677002,3.2799999713897705,3.299999952316284,3.140000104904175,3.200000047683716,269142774,601618.SS,2
2021-03-04,2.9019908905029297,3.180000066757202,3.2200000286102295,3.1600000858306885,3.2100000381469727,229740763,601618.SS,3
2021-03-05,2.883739471435547,3.1600000858306885,3.180000066757202,3.0799999237060547,3.130000114440918,156892505,601618.SS,4
2021-03-08,2.847236394882202,3.119999885559082,3.25,3.0999999046325684,3.190000057220459,200964322,601618.SS,0
2021-03-09,2.8289849758148193,3.0999999046325684,3.180000066757202,2.990000009536743,3.0999999046325684,212912427,601618.SS,1
2021-03-10,2.7924816608428955,3.059999942779541,3.1500000953674316,3.0399999618530273,3.109999895095825,148449872,601618.SS,2
2021-03-11,2.911116600036621,3.190000057220459,3.190000057220459,3.059999942779541,3.069999933242798,214843774,601618.SS,3
2021-03-12,2.8928651809692383,3.1700000762939453,3.25,3.130000114440918,3.190000057220459,204294344,601618.SS,4
2021-03-15,2.9658713340759277,3.25,3.299999952316284,3.1700000762939453,3.1700000762939453,228482563,601618.SS,0
2021-03-16,2.993248462677002,3.2799999713897705,3.3399999141693115,3.2300000190734863,3.259999990463257,200728425,601618.SS,1
2021-03-17,2.911116600036621,3.190000057220459,3.2699999809265137,3.1600000858306885,3.2699999809265137,150313396,601618.SS,2
2021-03-18,2.883739471435547,3.1600000858306885,3.200000047683716,3.140000104904175,3.180000066757202,118108026,601618.SS,3
2021-03-19,2.819859027862549,3.0899999141693115,3.1600000858306885,3.069999933242798,3.109999895095825,139674089,601618.SS,4
2021-03-22,2.9202425479888916,3.200000047683716,3.2200000286102295,3.0799999237060547,3.0899999141693115,151552051,601618.SS,0
2021-03-23,2.865488052368164,3.140000104904175,3.2200000286102295,3.119999885559082,3.2100000381469727,121479155,601618.SS,1
2021-03-24,2.801607608795166,3.069999933242798,3.130000114440918,3.059999942779541,3.109999895095825,139503916,601618.SS,2
2021-03-25,2.801607608795166,3.069999933242798,3.109999895095825,3.049999952316284,3.059999942779541,77632858,601618.SS,3
2021-03-26,2.8381104469299316,3.109999895095825,3.109999895095825,3.069999933242798,3.0899999141693115,82054599,601618.SS,4
2021-03-29,2.8563623428344727,3.130000114440918,3.130000114440918,3.0899999141693115,3.119999885559082,78599687,601618.SS,0
2021-03-30,2.8381104469299316,3.109999895095825,3.130000114440918,3.0899999141693115,3.109999895095825,91874013,601618.SS,1
2021-03-31,3.121009111404419,3.4200000762939453,3.4200000762939453,3.119999885559082,3.130000114440918,353218249,601618.SS,2
2021-04-01,3.121009111404419,3.4200000762939453,3.5399999618530273,3.3499999046325684,3.5,446721018,601618.SS,3
2021-04-02,3.0936319828033447,3.390000104904175,3.450000047683716,3.319999933242798,3.4200000762939453,224149041,601618.SS,4
2021-04-06,3.075380325317383,3.369999885559082,3.440000057220459,3.359999895095825,3.380000114440918,149049282,601618.SS,1
2021-04-07,3.1575124263763428,3.4600000381469727,3.509999990463257,3.319999933242798,3.380000114440918,220081365,601618.SS,2
2021-04-08,3.1301348209381104,3.430000066757202,3.4800000190734863,3.390000104904175,3.430000066757202,142776481,601618.SS,3
2021-04-09,3.1301348209381104,3.430000066757202,3.549999952316284,3.390000104904175,3.4700000286102295,184624295,601618.SS,4
2021-04-12,3.148386240005493,3.450000047683716,3.549999952316284,3.369999885559082,3.430000066757202,226127042,601618.SS,0
2021-04-13,3.0480029582977295,3.3399999141693115,3.430000066757202,3.3299999237060547,3.4200000762939453,158288573,601618.SS,1
2021-04-14,3.0662546157836914,3.359999895095825,3.380000114440918,3.299999952316284,3.359999895095825,96327295,601618.SS,2
2021-04-15,3.102757453918457,3.4000000953674316,3.4200000762939453,3.3399999141693115,3.359999895095825,107427886,601618.SS,3
2021-04-16,3.102757453918457,3.4000000953674316,3.430000066757202,3.369999885559082,3.4200000762939453,102383001,601618.SS,4
2021-04-19,3.1301348209381104,3.430000066757202,3.450000047683716,3.359999895095825,3.4000000953674316,126960642,601618.SS,0
2021-04-20,3.0480029582977295,3.3399999141693115,3.4200000762939453,3.319999933242798,3.4100000858306885,141714814,601618.SS,1
2021-04-21,2.97499680519104,3.259999990463257,3.3399999141693115,3.2200000286102295,3.319999933242798,115453545,601618.SS,2
2021-04-22,3.0023741722106934,3.2899999618530273,3.3499999046325684,3.2699999809265137,3.2899999618530273,95758843,601618.SS,3
2021-04-23,2.9567453861236572,3.240000009536743,3.2799999713897705,3.200000047683716,3.2699999809265137,89562116,601618.SS,4
2021-04-26,2.929368257522583,3.2100000381469727,3.2799999713897705,3.2100000381469727,3.2300000190734863,82310866,601618.SS,0
2021-04-27,2.9384942054748535,3.2200000286102295,3.240000009536743,3.180000066757202,3.200000047683716,74483110,601618.SS,1
2021-04-28,2.9567453861236572,3.240000009536743,3.25,3.200000047683716,3.2100000381469727,61552700,601618.SS,2
2021-04-29,2.9841227531433105,3.2699999809265137,3.2899999618530273,3.2100000381469727,3.2300000190734863,92734314,601618.SS,3
2021-04-30,2.8107330799102783,3.0799999237060547,3.25,3.059999942779541,3.240000009536743,237039632,601618.SS,4
2021-05-06,2.847236394882202,3.119999885559082,3.130000114440918,3.069999933242798,3.0799999237060547,122757124,601618.SS,3
2021-05-07,2.9202425479888916,3.200000047683716,3.299999952316284,3.0999999046325684,3.109999895095825,199142628,601618.SS,4
2021-05-10,3.038877010345459,3.3299999237060547,3.3299999237060547,3.2200000286102295,3.2300000190734863,205215359,601618.SS,0
2021-05-11,2.9202425479888916,3.200000047683716,3.2899999618530273,3.1500000953674316,3.2899999618530273,163295226,601618.SS,1
2021-05-12,2.911116600036621,3.190000057220459,3.2100000381469727,3.1500000953674316,3.190000057220459,108533949,601618.SS,2
2021-05-13,2.8563623428344727,3.130000114440918,3.180000066757202,3.109999895095825,3.1600000858306885,109859820,601618.SS,3
2021-05-14,2.883739471435547,3.1600000858306885,3.1600000858306885,3.109999895095825,3.140000104904175,84558504,601618.SS,4
2021-05-17,2.8746135234832764,3.1500000953674316,3.180000066757202,3.130000114440918,3.1500000953674316,74218111,601618.SS,0
2021-05-18,2.8928651809692383,3.1700000762939453,3.1700000762939453,3.140000104904175,3.1600000858306885,47519688,601618.SS,1
2021-05-19,2.847236394882202,3.119999885559082,3.1600000858306885,3.119999885559082,3.1500000953674316,59454730,601618.SS,2
2021-05-20,2.801607608795166,3.069999933242798,3.0999999046325684,3.049999952316284,3.0899999141693115,92396196,601618.SS,3
2021-05-21,2.7924816608428955,3.059999942779541,3.0999999046325684,3.059999942779541,3.069999933242798,64051244,601618.SS,4
2021-05-24,2.75597882270813,3.0199999809265137,3.0899999141693115,3.0199999809265137,3.049999952316284,98669169,601618.SS,0
2021-05-25,2.801607608795166,3.069999933242798,3.0799999237060547,3.0,3.0299999713897705,93500998,601618.SS,1
2021-05-26,2.8107330799102783,3.0799999237060547,3.0899999141693115,3.049999952316284,3.069999933242798,77134008,601618.SS,2
2021-05-27,2.819859027862549,3.0899999141693115,3.0999999046325684,3.049999952316284,3.0799999237060547,83915467,601618.SS,3
2021-05-28,2.801607608795166,3.069999933242798,3.109999895095825,3.059999942779541,3.0999999046325684,69841407,601618.SS,4
2021-05-31,2.7651047706604004,3.0299999713897705,3.0799999237060547,3.0199999809265137,3.0799999237060547,79010925,601618.SS,0
2021-06-01,2.7742302417755127,3.0399999618530273,3.049999952316284,3.009999990463257,3.0199999809265137,64863466,601618.SS,1
2021-06-02,2.7468531131744385,3.009999990463257,3.0399999618530273,3.009999990463257,3.0299999713897705,57739756,601618.SS,2
2021-06-03,2.7742302417755127,3.0399999618530273,3.0899999141693115,3.009999990463257,3.0199999809265137,83439105,601618.SS,3
2021-06-04,2.7651047706604004,3.0299999713897705,3.049999952316284,3.0,3.0299999713897705,64176200,601618.SS,4
2021-06-07,2.783355951309204,3.049999952316284,3.069999933242798,3.009999990463257,3.0199999809265137,62030820,601618.SS,0
2021-06-08,2.75597882270813,3.0199999809265137,3.059999942779541,3.0199999809265137,3.0399999618530273,50536102,601618.SS,1
2021-06-09,2.75597882270813,3.0199999809265137,3.0399999618530273,3.0,3.0299999713897705,53553019,601618.SS,2
2021-06-10,2.7468531131744385,3.009999990463257,3.0399999618530273,3.009999990463257,3.0199999809265137,61045401,601618.SS,3
2021-06-11,2.75597882270813,3.0199999809265137,3.0299999713897705,3.0,3.009999990463257,93342814,601618.SS,4
2021-06-15,2.692098617553711,2.950000047683716,3.0199999809265137,2.930000066757202,3.0199999809265137,96007927,601618.SS,1
2021-06-16,2.75597882270813,3.0199999809265137,3.059999942779541,2.930000066757202,2.950000047683716,127083436,601618.SS,2
2021-06-17,2.7103497982025146,2.9700000286102295,3.0199999809265137,2.950000047683716,3.0199999809265137,79878939,601618.SS,3
2021-06-18,2.7103497982025146,2.9700000286102295,2.990000009536743,2.940000057220459,2.9700000286102295,55016322,601618.SS,4
2021-06-21,2.692098617553711,2.950000047683716,2.990000009536743,2.930000066757202,2.9700000286102295,66117846,601618.SS,0
2021-06-22,2.7286016941070557,2.990000009536743,3.0199999809265137,2.940000057220459,2.950000047683716,84139463,601618.SS,1
2021-06-23,2.737727165222168,3.0,3.0199999809265137,2.9600000381469727,2.9800000190734863,79254170,601618.SS,2
2021-06-24,2.75597882270813,3.0199999809265137,3.049999952316284,2.9700000286102295,2.990000009536743,72578921,601618.SS,3
2021-06-25,2.7651047706604004,3.0299999713897705,3.0399999618530273,3.0,3.009999990463257,74284882,601618.SS,4
2021-06-28,2.75597882270813,3.0199999809265137,3.059999942779541,3.009999990463257,3.0299999713897705,66494018,601618.SS,0
2021-06-29,2.7103497982025146,2.9700000286102295,3.0199999809265137,2.9600000381469727,3.009999990463257,58272370,601618.SS,1
2021-06-30,2.719475746154785,2.9800000190734863,2.990000009536743,2.9600000381469727,2.9700000286102295,39350896,601618.SS,2
2021-07-01,2.75597882270813,3.0199999809265137,3.059999942779541,2.9600000381469727,2.9800000190734863,97227291,601618.SS,3
2021-07-02,2.7012240886688232,2.9600000381469727,3.0199999809265137,2.950000047683716,3.0,81759665,601618.SS,4
2021-07-05,2.692098617553711,2.950000047683716,2.9700000286102295,2.940000057220459,2.950000047683716,50749840,601618.SS,0
2021-07-06,2.7286016941070557,2.990000009536743,3.0,2.930000066757202,2.940000057220459,71034815,601618.SS,1
2021-07-07,2.7286016941070557,2.990000009536743,2.990000009536743,2.930000066757202,2.9700000286102295,70646688,601618.SS,2
2021-07-08,2.7012240886688232,2.9600000381469727,3.0299999713897705,2.9600000381469727,2.9800000190734863,62323797,601618.SS,3
2021-07-09,2.8107330799102783,3.0799999237060547,3.0899999141693115,2.930000066757202,2.940000057220459,215984176,601618.SS,4
2021-07-12,2.9202425479888916,3.200000047683716,3.3499999046325684,3.1700000762939453,3.2200000286102295,356909916,601618.SS,0
2021-07-13,2.9202425479888916,3.200000047683716,3.3299999237060547,3.180000066757202,3.240000009536743,238165951,601618.SS,1
2021-07-14,2.8928651809692383,3.1700000762939453,3.25,3.140000104904175,3.2100000381469727,186517204,601618.SS,2
2021-07-15,2.8928651809692383,3.1700000762939453,3.200000047683716,3.0899999141693115,3.1500000953674316,146430861,601618.SS,3
2021-07-16,2.9816606044769287,3.190000057220459,3.25,3.0999999046325684,3.119999885559082,235043986,601618.SS,4
2021-07-19,2.9068853855133057,3.109999895095825,3.2200000286102295,3.0799999237060547,3.1700000762939453,169104802,601618.SS,0
2021-07-20,3.1966392993927,3.4200000762939453,3.4200000762939453,3.059999942779541,3.0899999141693115,323839627,601618.SS,1
2021-07-21,3.1872923374176025,3.4100000858306885,3.5299999713897705,3.3399999141693115,3.5,494095136,601618.SS,2
2021-07-22,3.346189498901367,3.5799999237060547,3.75,3.359999895095825,3.390000104904175,737611114,601618.SS,3
2021-07-23,3.682677984237671,3.940000057220459,3.940000057220459,3.7200000286102295,3.7200000286102295,753577772,601618.SS,4
2021-07-26,3.7481067180633545,4.010000228881836,4.21999979019165,3.799999952316284,4.199999809265137,1076742125,601618.SS,0
2021-07-27,3.37423038482666,3.609999895095825,4.050000190734863,3.609999895095825,3.950000047683716,841590720,601618.SS,1
2021-07-28,3.402271270751953,3.640000104904175,3.8399999141693115,3.4600000381469727,3.5299999713897705,609554812,601618.SS,2
2021-07-29,3.4209649562835693,3.6600000858306885,3.7799999713897705,3.549999952316284,3.75,490477856,601618.SS,3
2021-07-30,3.4957401752471924,3.740000009536743,3.8499999046325684,3.5299999713897705,3.630000114440918,529795082,601618.SS,4
2021-08-02,3.50508713722229,3.75,3.819999933242798,3.609999895095825,3.690000057220459,427974721,601618.SS,0
2021-08-03,3.6172494888305664,3.869999885559082,4.039999961853027,3.7100000381469727,3.75,702223126,601618.SS,1
2021-08-04,3.533127546310425,3.7799999713897705,3.8299999237060547,3.6500000953674316,3.7699999809265137,430934426,601618.SS,2
2021-08-05,3.402271270751953,3.640000104904175,3.7300000190734863,3.5799999237060547,3.7300000190734863,352157916,601618.SS,3
2021-08-06,3.449005365371704,3.690000057220459,3.75,3.619999885559082,3.630000114440918,274180517,601618.SS,4
2021-08-09,3.4396586418151855,3.680000066757202,3.7200000286102295,3.5999999046325684,3.6600000858306885,221628973,601618.SS,0
2021-08-10,3.411618232727051,3.6500000953674316,3.700000047683716,3.609999895095825,3.690000057220459,178666153,601618.SS,1
2021-08-11,3.449005365371704,3.690000057220459,3.799999952316284,3.630000114440918,3.6600000858306885,262419988,601618.SS,2
2021-08-12,3.5424745082855225,3.7899999618530273,3.859999895095825,3.640000104904175,3.700000047683716,361682104,601618.SS,3
2021-08-13,3.477046489715576,3.7200000286102295,3.799999952316284,3.690000057220459,3.740000009536743,245115567,601618.SS,4
2021-08-16,3.5892088413238525,3.8399999141693115,4.090000152587891,3.819999933242798,3.880000114440918,518688914,601618.SS,0
2021-08-17,3.785494089126587,4.050000190734863,4.210000038146973,3.8299999237060547,3.869999885559082,703274220,601618.SS,1
2021-08-18,3.77614688873291,4.039999961853027,4.090000152587891,3.930000066757202,4.010000228881836,457732674,601618.SS,2
2021-08-19,3.607902765274048,3.859999895095825,4.010000228881836,3.809999942779541,4.010000228881836,367722708,601618.SS,3
2021-08-20,3.458352565765381,3.700000047683716,3.819999933242798,3.609999895095825,3.7899999618530273,388256070,601618.SS,4
2021-08-23,3.533127546310425,3.7799999713897705,3.799999952316284,3.6600000858306885,3.680000066757202,255925825,601618.SS,0
2021-08-24,3.7200655937194824,3.9800000190734863,4.019999980926514,3.740000009536743,3.759999990463257,464832864,601618.SS,1
2021-08-25,4.093941688537598,4.380000114440918,4.380000114440918,3.9800000190734863,4.0,576652500,601618.SS,2
2021-08-26,4.206104278564453,4.5,4.679999828338623,4.349999904632568,4.510000228881836,788583843,601618.SS,3
2021-08-27,4.262185573577881,4.559999942779541,4.699999809265137,4.440000057220459,4.510000228881836,478786381,601618.SS,4
2021-08-30,4.252839088439941,4.550000190734863,4.710000038146973,4.449999809265137,4.659999847412109,413591172,601618.SS,0
2021-08-31,4.682796955108643,5.010000228881836,5.010000228881836,4.440000057220459,4.550000190734863,740956627,601618.SS,1
2021-09-01,4.589326858520508,4.909999847412109,5.269999980926514,4.769999980926514,5.050000190734863,901469358,601618.SS,2
2021-09-02,4.757571220397949,5.090000152587891,5.179999828338623,4.699999809265137,4.699999809265137,540621559,601618.SS,3
2021-09-03,4.617367744445801,4.940000057220459,5.28000020980835,4.900000095367432,5.0,414742313,601618.SS,4
2021-09-06,4.738877773284912,5.070000171661377,5.25,4.940000057220459,5.039999961853027,470698915,601618.SS,0
2021-09-07,4.972550392150879,5.320000171661377,5.429999828338623,4.96999979019165,5.03000020980835,539718198,601618.SS,1
2021-09-08,5.2062225341796875,5.570000171661377,5.75,5.159999847412109,5.320000171661377,623076592,601618.SS,2
2021-09-09,5.421201229095459,5.800000190734863,5.869999885559082,5.320000171661377,5.46999979019165,599011717,601618.SS,3
2021-09-10,5.309038162231445,5.679999828338623,6.300000190734863,5.659999847412109,5.789999961853027,691431653,601618.SS,4
2021-09-13,5.514670372009277,5.900000095367432,6.0,5.659999847412109,5.739999771118164,503615351,601618.SS,0
2021-09-14,5.009937763214111,5.360000133514404,5.789999961853027,5.309999942779541,5.78000020980835,725859316,601618.SS,1
2021-09-15,4.944509506225586,5.289999961853027,5.389999866485596,5.170000076293945,5.269999980926514,357267165,601618.SS,2
2021-09-16,4.79495906829834,5.130000114440918,5.400000095367432,5.130000114440918,5.349999904632568,341821732,601618.SS,3
2021-09-17,4.804305553436279,5.139999866485596,5.25,4.960000038146973,5.110000133514404,285515709,601618.SS,4
2021-09-22,4.907121658325195,5.25,5.320000171661377,5.010000228881836,5.099999904632568,315499252,601618.SS,2
2021-09-23,4.935162544250488,5.28000020980835,5.420000076293945,5.119999885559082,5.309999942779541,353207925,601618.SS,3
2021-09-24,4.692143440246582,5.019999980926514,5.400000095367432,5.010000228881836,5.28000020980835,315917241,601618.SS,4
2021-09-27,4.224798202514648,4.519999980926514,5.010000228881836,4.519999980926514,4.900000095367432,424453754,601618.SS,0
2021-09-28,4.234145164489746,4.53000020980835,4.579999923706055,4.420000076293945,4.480000019073486,301216281,601618.SS,1
2021-09-29,4.075247764587402,4.360000133514404,4.550000190734863,4.269999980926514,4.480000019073486,256109230,601618.SS,2
2021-09-30,4.065900802612305,4.349999904632568,4.409999847412109,4.28000020980835,4.360000133514404,172458034,601618.SS,3
2021-10-08,4.0004730224609375,4.28000020980835,4.449999809265137,4.159999847412109,4.420000076293945,268350606,601618.SS,4
2021-10-11,3.935044050216675,4.210000038146973,4.309999942779541,4.179999828338623,4.260000228881836,167465797,601618.SS,0
2021-10-12,3.8228816986083984,4.090000152587891,4.239999771118164,4.010000228881836,4.199999809265137,211185728,601618.SS,1
2021-10-13,3.7481067180633545,4.010000228881836,4.099999904632568,3.9600000381469727,4.099999904632568,181189128,601618.SS,2
2021-10-14,3.7668001651763916,4.03000020980835,4.119999885559082,3.9700000286102295,4.010000228881836,145181713,601618.SS,3
2021-10-15,3.757452964782715,4.019999980926514,4.099999904632568,3.9800000190734863,4.059999942779541,145823402,601618.SS,4
2021-10-18,3.878962993621826,4.150000095367432,4.179999828338623,4.03000020980835,4.039999961853027,228877142,601618.SS,0
2021-10-19,3.95373797416687,4.230000019073486,4.320000171661377,4.099999904632568,4.139999866485596,244182269,601618.SS,1
2021-10-20,3.9163503646850586,4.190000057220459,4.269999980926514,4.119999885559082,4.190000057220459,144447470,601618.SS,2
2021-10-21,3.9443907737731934,4.21999979019165,4.400000095367432,4.199999809265137,4.289999961853027,236313104,601618.SS,3
2021-10-22,3.7948408126831055,4.059999942779541,4.230000019073486,4.050000190734863,4.190000057220459,194182227,601618.SS,4
2021-10-25,3.9163503646850586,4.190000057220459,4.21999979019165,4.019999980926514,4.03000020980835,175927989,601618.SS,0
2021-10-26,3.9443907737731934,4.21999979019165,4.440000057220459,4.170000076293945,4.190000057220459,252272529,601618.SS,1
2021-10-27,3.878962993621826,4.150000095367432,4.269999980926514,4.130000114440918,4.210000038146973,134443004,601618.SS,2
2021-10-28,3.7200655937194824,3.9800000190734863,4.159999847412109,3.9700000286102295,4.150000095367432,172160849,601618.SS,3
2021-10-29,3.7948408126831055,4.059999942779541,4.090000152587891,3.8499999046325684,3.9800000190734863,146213837,601618.SS,4
2021-11-01,3.710718870162964,3.9700000286102295,4.090000152587891,3.950000047683716,4.039999961853027,161486200,601618.SS,0
2021-11-02,3.551821231842041,3.799999952316284,3.9700000286102295,3.7200000286102295,3.9700000286102295,225760578,601618.SS,1
2021-11-03,3.626596689224243,3.880000114440918,3.9200000762939453,3.7699999809265137,3.7899999618530273,119125246,601618.SS,2
2021-11-04,3.579862356185913,3.8299999237060547,3.869999885559082,3.799999952316284,3.859999895095825,90147384,601618.SS,3
2021-11-05,3.4676995277404785,3.7100000381469727,3.819999933242798,3.690000057220459,3.799999952316284,135667565,601618.SS,4
2021-11-08,3.551821231842041,3.799999952316284,3.8399999141693115,3.700000047683716,3.7300000190734863,110975251,601618.SS,0
2021-11-09,3.533127546310425,3.7799999713897705,3.819999933242798,3.7300000190734863,3.819999933242798,81983293,601618.SS,1
2021-11-10,3.5144338607788086,3.759999990463257,3.759999990463257,3.6500000953674316,3.759999990463257,111464054,601618.SS,2
2021-11-11,3.5892088413238525,3.8399999141693115,3.8399999141693115,3.7300000190734863,3.75,112197093,601618.SS,3
2021-11-12,3.5144338607788086,3.759999990463257,3.859999895095825,3.7300000190734863,3.8499999046325684,102063008,601618.SS,4
2021-11-15,3.4676995277404785,3.7100000381469727,3.7899999618530273,3.680000066757202,3.7699999809265137,84343974,601618.SS,0
2021-11-16,3.37423038482666,3.609999895095825,3.7300000190734863,3.5999999046325684,3.7300000190734863,105010469,601618.SS,1
2021-11-17,3.449005365371704,3.690000057220459,3.700000047683716,3.5799999237060547,3.619999885559082,99224998,601618.SS,2
2021-11-18,3.4676995277404785,3.7100000381469727,3.759999990463257,3.6600000858306885,3.690000057220459,105221381,601618.SS,3
2021-11-19,3.5611681938171387,3.809999942779541,3.809999942779541,3.680000066757202,3.75,138724656,601618.SS,4
2021-11-22,3.5705153942108154,3.819999933242798,3.859999895095825,3.7699999809265137,3.819999933242798,130475622,601618.SS,0
2021-11-23,3.59855580329895,3.8499999046325684,3.9200000762939453,3.7799999713897705,3.809999942779541,145902235,601618.SS,1
2021-11-24,3.579862356185913,3.8299999237060547,3.859999895095825,3.7699999809265137,3.859999895095825,97121429,601618.SS,2
2021-11-25,3.6733310222625732,3.930000066757202,4.010000228881836,3.8499999046325684,3.859999895095825,210831604,601618.SS,3
2021-11-26,3.626596689224243,3.880000114440918,3.9700000286102295,3.8499999046325684,3.9000000953674316,138070889,601618.SS,4
2021-11-29,3.533127546310425,3.7799999713897705,3.819999933242798,3.740000009536743,3.7899999618530273,142169427,601618.SS,0
2021-11-30,3.5424745082855225,3.7899999618530273,3.869999885559082,3.7699999809265137,3.799999952316284,121261989,601618.SS,1
2021-12-01,3.5705153942108154,3.819999933242798,3.819999933242798,3.75,3.799999952316284,98028377,601618.SS,2
2021-12-02,3.6920249462127686,3.950000047683716,3.9700000286102295,3.7899999618530273,3.809999942779541,231417221,601618.SS,3
2021-12-03,3.8883097171783447,4.159999847412109,4.190000057220459,3.859999895095825,3.930000066757202,352216225,601618.SS,4
2021-12-06,3.832228422164917,4.099999904632568,4.260000228881836,4.079999923706055,4.159999847412109,250448545,601618.SS,0
2021-12-07,3.878962993621826,4.150000095367432,4.190000057220459,4.070000171661377,4.130000114440918,181624924,601618.SS,1
2021-12-08,3.8415753841400146,4.110000133514404,4.170000076293945,4.079999923706055,4.150000095367432,133060778,601618.SS,2
2021-12-09,3.8228816986083984,4.090000152587891,4.150000095367432,4.059999942779541,4.110000133514404,140641068,601618.SS,3
2021-12-10,3.7948408126831055,4.059999942779541,4.130000114440918,4.03000020980835,4.079999923706055,134812867,601618.SS,4
2021-12-13,3.8041880130767822,4.070000171661377,4.190000057220459,4.039999961853027,4.090000152587891,190289575,601618.SS,0
2021-12-14,3.682677984237671,3.940000057220459,4.059999942779541,3.9100000858306885,4.039999961853027,201602074,601618.SS,1
2021-12-15,3.6920249462127686,3.950000047683716,3.990000009536743,3.9100000858306885,3.9200000762939453,115611045,601618.SS,2
2021-12-16,3.8041880130767822,4.070000171661377,4.090000152587891,3.940000057220459,3.9600000381469727,169180689,601618.SS,3
2021-12-17,3.850922107696533,4.119999885559082,4.239999771118164,4.079999923706055,4.090000152587891,220926448,601618.SS,4
2021-12-20,3.832228422164917,4.099999904632568,4.139999866485596,4.019999980926514,4.070000171661377,175287039,601618.SS,0
2021-12-21,3.850922107696533,4.119999885559082,4.139999866485596,4.039999961853027,4.090000152587891,136081533,601618.SS,1
2021-12-22,3.785494089126587,4.050000190734863,4.139999866485596,4.010000228881836,4.119999885559082,159306817,601618.SS,2
2021-12-23,3.813534736633301,4.079999923706055,4.090000152587891,4.0,4.050000190734863,125754914,601618.SS,3
2021-12-24,3.701371908187866,3.9600000381469727,4.079999923706055,3.950000047683716,4.070000171661377,135443431,601618.SS,4
2021-12-27,3.6639842987060547,3.9200000762939453,3.990000009536743,3.9100000858306885,3.930000066757202,94536506,601618.SS,0
2021-12-28,3.59855580329895,3.8499999046325684,3.930000066757202,3.809999942779541,3.9200000762939453,151308518,601618.SS,1
2021-12-29,3.6172494888305664,3.869999885559082,3.9100000858306885,3.8499999046325684,3.869999885559082,93549446,601618.SS,2
2021-12-30,3.5892088413238525,3.8399999141693115,3.880000114440918,3.8299999237060547,3.859999895095825,83266709,601618.SS,3
2021-12-31,3.579862356185913,3.8299999237060547,3.869999885559082,3.819999933242798,3.8399999141693115,79113808,601618.SS,4
2022-01-04,3.607902765274048,3.859999895095825,3.880000114440918,3.819999933242798,3.8399999141693115,90947721,601618.SS,1
2022-01-05,3.533127546310425,3.7799999713897705,3.880000114440918,3.7699999809265137,3.869999885559082,110366534,601618.SS,2
2022-01-06,3.6639842987060547,3.9200000762939453,3.950000047683716,3.75,3.7799999713897705,179276314,601618.SS,3
2022-01-07,3.813534736633301,4.079999923706055,4.159999847412109,3.9000000953674316,3.9100000858306885,386413585,601618.SS,4
2022-01-10,3.860269069671631,4.130000114440918,4.150000095367432,4.059999942779541,4.139999866485596,168446905,601618.SS,0
2022-01-11,3.8041880130767822,4.070000171661377,4.139999866485596,4.050000190734863,4.119999885559082,115630110,601618.SS,1
2022-01-12,3.813534736633301,4.079999923706055,4.110000133514404,3.990000009536743,4.110000133514404,145034007,601618.SS,2
2022-01-13,3.77614688873291,4.039999961853027,4.130000114440918,4.019999980926514,4.070000171661377,97466700,601618.SS,3
2022-01-14,3.6172494888305664,3.869999885559082,4.050000190734863,3.859999895095825,4.039999961853027,186724167,601618.SS,4
2022-01-17,3.579862356185913,3.8299999237060547,3.890000104904175,3.809999942779541,3.8499999046325684,103333562,601618.SS,0
2022-01-18,3.7668001651763916,4.03000020980835,4.099999904632568,3.819999933242798,3.8399999141693115,260355643,601618.SS,1
2022-01-19,3.8041880130767822,4.070000171661377,4.190000057220459,3.9700000286102295,3.990000009536743,278170313,601618.SS,2
2022-01-20,3.860269069671631,4.130000114440918,4.179999828338623,4.059999942779541,4.139999866485596,275793366,601618.SS,3
2022-01-21,3.7200655937194824,3.9800000190734863,4.119999885559082,3.9600000381469727,4.110000133514404,194758736,601618.SS,4
2022-01-24,3.7668001651763916,4.03000020980835,4.119999885559082,3.940000057220459,3.9600000381469727,147372247,601618.SS,0
2022-01-25,3.5705153942108154,3.819999933242798,3.990000009536743,3.799999952316284,3.9700000286102295,174643292,601618.SS,1
2022-01-26,3.6172494888305664,3.869999885559082,3.9000000953674316,3.7699999809265137,3.859999895095825,133653558,601618.SS,2
2022-01-27,3.607902765274048,3.859999895095825,4.079999923706055,3.819999933242798,3.8499999046325684,175075757,601618.SS,3
2022-01-28,3.430311679840088,3.6700000762939453,3.869999885559082,3.630000114440918,3.8499999046325684,226487842,601618.SS,4
2022-02-07,3.77614688873291,4.039999961853027,4.039999961853027,3.7100000381469727,3.7300000190734863,371655609,601618.SS,0
2022-02-08,3.8415753841400146,4.110000133514404,4.119999885559082,3.990000009536743,4.110000133514404,305383115,601618.SS,1
2022-02-09,3.860269069671631,4.130000114440918,4.139999866485596,4.039999961853027,4.059999942779541,217308782,601618.SS,2
2022-02-10,3.9443907737731934,4.21999979019165,4.300000190734863,4.070000171661377,4.110000133514404,303559333,601618.SS,3
2022-02-11,3.907003402709961,4.179999828338623,4.320000171661377,4.170000076293945,4.179999828338623,227541909,601618.SS,4
2022-02-14,3.832228422164917,4.099999904632568,4.210000038146973,4.050000190734863,4.179999828338623,188350174,601618.SS,0
2022-02-15,3.813534736633301,4.079999923706055,4.119999885559082,4.039999961853027,4.099999904632568,130401020,601618.SS,1
2022-02-16,4.0004730224609375,4.28000020980835,4.300000190734863,4.099999904632568,4.099999904632568,285680071,601618.SS,2
2022-02-17,3.935044050216675,4.210000038146973,4.269999980926514,4.170000076293945,4.269999980926514,198026912,601618.SS,3
2022-02-18,4.084594249725342,4.369999885559082,4.389999866485596,4.179999828338623,4.210000038146973,316816718,601618.SS,4
2022-02-21,4.019166946411133,4.300000190734863,4.369999885559082,4.25,4.360000133514404,247279676,601618.SS,0
2022-02-22,3.925696849822998,4.199999809265137,4.25,4.110000133514404,4.25,258484965,601618.SS,1
2022-02-23,3.9163503646850586,4.190000057220459,4.210000038146973,4.119999885559082,4.179999828338623,190890566,601618.SS,2
2022-02-24,3.757452964782715,4.019999980926514,4.179999828338623,3.9700000286102295,4.150000095367432,254450405,601618.SS,3
2022-02-25,3.8041880130767822,4.070000171661377,4.150000095367432,4.03000020980835,4.050000190734863,178553620,601618.SS,4
2022-02-28,3.8041880130767822,4.070000171661377,4.079999923706055,3.990000009536743,4.059999942779541,123336843,601618.SS,0
2022-03-01,3.832228422164917,4.099999904632568,4.119999885559082,4.039999961853027,4.070000171661377,134474557,601618.SS,1
2022-03-02,3.832228422164917,4.099999904632568,4.150000095367432,4.050000190734863,4.059999942779541,125887421,601618.SS,2
2022-03-03,3.9630849361419678,4.239999771118164,4.28000020980835,4.099999904632568,4.099999904632568,283674955,601618.SS,3
2022-03-04,3.8883097171783447,4.159999847412109,4.230000019073486,4.139999866485596,4.210000038146973,151276736,601618.SS,4
2022-03-07,4.121982097625732,4.409999847412109,4.559999942779541,4.190000057220459,4.21999979019165,517907215,601618.SS,0
2022-03-08,4.243492126464844,4.539999961853027,4.829999923706055,4.400000095367432,4.639999866485596,838694809,601618.SS,1
2022-03-09,3.935044050216675,4.210000038146973,4.409999847412109,4.090000152587891,4.300000190734863,565891157,601618.SS,2
2022-03-10,3.860269069671631,4.130000114440918,4.25,4.119999885559082,4.210000038146973,328820334,601618.SS,3
2022-03-11,3.813534736633301,4.079999923706055,4.090000152587891,3.890000104904175,4.010000228881836,295584769,601618.SS,4
2022-03-14,3.6733310222625732,3.930000066757202,4.130000114440918,3.930000066757202,4.0,187816095,601618.SS,0
2022-03-15,3.3835771083831787,3.619999885559082,3.9200000762939453,3.609999895095825,3.9100000858306885,294044793,601618.SS,1
2022-03-16,3.4863932132720947,3.7300000190734863,3.740000009536743,3.509999990463257,3.680000066757202,231990090,601618.SS,2
2022-03-17,3.50508713722229,3.75,3.819999933242798,3.7300000190734863,3.7799999713897705,198826511,601618.SS,3
2022-03-18,3.607902765274048,3.859999895095825,3.869999885559082,3.7100000381469727,3.75,180721589,601618.SS,4
2022-03-21,3.5705153942108154,3.819999933242798,3.859999895095825,3.75,3.859999895095825,152565364,601618.SS,0
2022-03-22,3.579862356185913,3.8299999237060547,3.859999895095825,3.759999990463257,3.7799999713897705,129166885,601618.SS,1
2022-03-23,3.5611681938171387,3.809999942779541,3.8499999046325684,3.7699999809265137,3.8499999046325684,124629875,601618.SS,2
2022-03-24,3.5705153942108154,3.819999933242798,3.9000000953674316,3.799999952316284,3.880000114440918,159512231,601618.SS,3
2022-03-25,3.5144338607788086,3.759999990463257,3.869999885559082,3.740000009536743,3.799999952316284,136386330,601618.SS,4
2022-03-28,3.523780584335327,3.7699999809265137,3.7899999618530273,3.619999885559082,3.690000057220459,130019486,601618.SS,0
2022-03-29,3.50508713722229,3.75,3.7899999618530273,3.7200000286102295,3.7799999713897705,79820518,601618.SS,1
2022-03-30,3.5611681938171387,3.809999942779541,3.819999933242798,3.7100000381469727,3.7100000381469727,149811958,601618.SS,2
2022-03-31,3.50508713722229,3.75,3.869999885559082,3.7300000190734863,3.7899999618530273,145098498,601618.SS,3
2022-04-01,3.4863932132720947,3.7300000190734863,3.759999990463257,3.690000057220459,3.7100000381469727,116810741,601618.SS,4
2022-04-06,3.5892088413238525,3.8399999141693115,3.8499999046325684,3.680000066757202,3.7100000381469727,196265217,601618.SS,2
2022-04-07,3.523780584335327,3.7699999809265137,3.8499999046325684,3.7699999809265137,3.809999942779541,147537439,601618.SS,3
2022-04-08,3.6733310222625732,3.930000066757202,3.940000057220459,3.7799999713897705,3.7899999618530273,284715000,601618.SS,4
2022-04-11,3.59855580329895,3.8499999046325684,3.9800000190734863,3.8299999237060547,3.950000047683716,203164874,601618.SS,0
2022-04-12,3.551821231842041,3.799999952316284,3.8399999141693115,3.700000047683716,3.819999933242798,213686016,601618.SS,1
2022-04-13,3.523780584335327,3.7699999809265137,3.8499999046325684,3.7100000381469727,3.7699999809265137,145745159,601618.SS,2
2022-04-14,3.5611681938171387,3.809999942779541,3.8499999046325684,3.75,3.799999952316284,129641123,601618.SS,3
2022-04-15,3.4957401752471924,3.740000009536743,3.8299999237060547,3.7200000286102295,3.7799999713897705,137119868,601618.SS,4
2022-04-18,3.430311679840088,3.6700000762939453,3.7100000381469727,3.6500000953674316,3.700000047683716,122058521,601618.SS,0
2022-04-19,3.4396586418151855,3.680000066757202,3.7200000286102295,3.6700000762939453,3.680000066757202,90763606,601618.SS,1
2022-04-20,3.327495813369751,3.559999942779541,3.700000047683716,3.5299999713897705,3.690000057220459,148110302,601618.SS,2
2022-04-21,3.1966392993927,3.4200000762939453,3.559999942779541,3.4100000858306885,3.5199999809265137,122941281,601618.SS,3
2022-04-22,3.234027147293091,3.4600000381469727,3.490000009536743,3.3399999141693115,3.4000000953674316,89329786,601618.SS,4
2022-04-25,3.0190482139587402,3.2300000190734863,3.450000047683716,3.2200000286102295,3.4000000953674316,132715746,601618.SS,0
2022-04-26,3.028395175933838,3.240000009536743,3.3499999046325684,3.190000057220459,3.2300000190734863,120896613,601618.SS,1
2022-04-27,3.1405580043792725,3.359999895095825,3.369999885559082,3.259999990463257,3.259999990463257,144885576,601618.SS,2
2022-04-28,3.2153329849243164,3.440000057220459,3.450000047683716,3.319999933242798,3.3299999237060547,127952873,601618.SS,3
2022-04-29,3.2620675563812256,3.490000009536743,3.509999990463257,3.4000000953674316,3.4600000381469727,116424734,601618.SS,4
2022-05-05,3.299455165863037,3.5299999713897705,3.569999933242798,3.490000009536743,3.5199999809265137,110255176,601618.SS,3
2022-05-06,3.2433738708496094,3.4700000286102295,3.5,3.430000066757202,3.450000047683716,68081227,601618.SS,4
2022-05-09,3.252720832824707,3.4800000190734863,3.5299999713897705,3.450000047683716,3.4700000286102295,50231627,601618.SS,0
2022-05-10,3.3181488513946533,3.549999952316284,3.549999952316284,3.4000000953674316,3.430000066757202,101496502,601618.SS,1
2022-05-11,3.280761241912842,3.509999990463257,3.5799999237060547,3.509999990463257,3.5299999713897705,102194574,601618.SS,2
2022-05-12,3.2620675563812256,3.490000009536743,3.5399999618530273,3.430000066757202,3.490000009536743,74483411,601618.SS,3
2022-05-13,3.2714145183563232,3.5,3.509999990463257,3.4600000381469727,3.5,49504653,601618.SS,4
2022-05-16,3.252720832824707,3.4800000190734863,3.5299999713897705,3.4600000381469727,3.5199999809265137,49136904,601618.SS,0
2022-05-17,3.2153329849243164,3.440000057220459,3.4800000190734863,3.390000104904175,3.4700000286102295,67524796,601618.SS,1
2022-05-18,3.1872923374176025,3.4100000858306885,3.450000047683716,3.4000000953674316,3.440000057220459,48683453,601618.SS,2
2022-05-19,3.234027147293091,3.4600000381469727,3.4700000286102295,3.3399999141693115,3.359999895095825,78114632,601618.SS,3
2022-05-20,3.3088021278381348,3.5399999618530273,3.5399999618530273,3.4600000381469727,3.4700000286102295,90305903,601618.SS,4
2022-05-23,3.3181488513946533,3.549999952316284,3.559999942779541,3.5,3.5399999618530273,70991935,601618.SS,0
2022-05-24,3.1872923374176025,3.4100000858306885,3.559999942779541,3.4000000953674316,3.559999942779541,80296249,601618.SS,1
2022-05-25,3.2620675563812256,3.490000009536743,3.490000009536743,3.390000104904175,3.4100000858306885,76798698,601618.SS,2
2022-05-26,3.299455165863037,3.5299999713897705,3.559999942779541,3.490000009536743,3.509999990463257,93556284,601618.SS,3
2022-05-27,3.3088021278381348,3.5399999618530273,3.559999942779541,3.5,3.549999952316284,88642702,601618.SS,4
2022-05-30,3.299455165863037,3.5299999713897705,3.5799999237060547,3.5199999809265137,3.549999952316284,61372988,601618.SS,0
2022-05-31,3.299455165863037,3.5299999713897705,3.549999952316284,3.490000009536743,3.5299999713897705,68356274,601618.SS,1
2022-06-01,3.2714145183563232,3.5,3.5399999618530273,3.4700000286102295,3.5199999809265137,74942052,601618.SS,2
2022-06-02,3.2901082038879395,3.5199999809265137,3.5399999618530273,3.4800000190734863,3.5,66616724,601618.SS,3
2022-06-06,3.3368427753448486,3.569999933242798,3.5799999237060547,3.4800000190734863,3.509999990463257,102013894,601618.SS,0
2022-06-07,3.346189498901367,3.5799999237060547,3.609999895095825,3.5399999618530273,3.559999942779541,90511891,601618.SS,1
2022-06-08,3.3181488513946533,3.549999952316284,3.5799999237060547,3.5,3.5799999237060547,95418320,601618.SS,2
2022-06-09,3.3368427753448486,3.569999933242798,3.619999885559082,3.5199999809265137,3.549999952316284,119386834,601618.SS,3
2022-06-10,3.3368427753448486,3.569999933242798,3.5899999141693115,3.5199999809265137,3.5299999713897705,107568934,601618.SS,4
2022-06-13,3.2714145183563232,3.5,3.549999952316284,3.4600000381469727,3.5399999618530273,117559110,601618.SS,0
2022-06-14,3.280761241912842,3.509999990463257,3.5199999809265137,3.4000000953674316,3.4700000286102295,112947652,601618.SS,1
2022-06-15,3.3835771083831787,3.619999885559082,3.680000066757202,3.490000009536743,3.5,259820213,601618.SS,2
2022-06-16,3.3088021278381348,3.5399999618530273,3.700000047683716,3.5299999713897705,3.640000104904175,169872120,601618.SS,3
2022-06-17,3.2620675563812256,3.490000009536743,3.5199999809265137,3.430000066757202,3.5,151921862,601618.SS,4
2022-06-20,3.2433738708496094,3.4700000286102295,3.490000009536743,3.450000047683716,3.4700000286102295,108865707,601618.SS,0
2022-06-21,3.224679946899414,3.450000047683716,3.5,3.4200000762939453,3.4700000286102295,105074914,601618.SS,1
2022-06-22,3.1872923374176025,3.4100000858306885,3.450000047683716,3.4000000953674316,3.450000047683716,75229570,601618.SS,2
2022-06-23,3.2153329849243164,3.440000057220459,3.450000047683716,3.380000114440918,3.4100000858306885,72200444,601618.SS,3
2022-06-24,3.205986261367798,3.430000066757202,3.450000047683716,3.390000104904175,3.440000057220459,86680495,601618.SS,4
2022-06-27,3.2153329849243164,3.440000057220459,3.4700000286102295,3.4100000858306885,3.4200000762939453,78780470,601618.SS,0
2022-06-28,3.2433738708496094,3.4700000286102295,3.4800000190734863,3.4100000858306885,3.440000057220459,78779056,601618.SS,1
2022-06-29,3.2433738708496094,3.4700000286102295,3.5399999618530273,3.4600000381469727,3.4700000286102295,110120465,601618.SS,2
2022-06-30,3.2714145183563232,3.5,3.5399999618530273,3.450000047683716,3.4700000286102295,106570960,601618.SS,3
2022-07-01,3.299455165863037,3.5299999713897705,3.5799999237060547,3.490000009536743,3.5,115832391,601618.SS,4
2022-07-04,3.2901082038879395,3.5199999809265137,3.5399999618530273,3.5,3.5299999713897705,65410253,601618.SS,0
2022-07-05,3.3368427753448486,3.569999933242798,3.5799999237060547,3.509999990463257,3.5199999809265137,121436443,601618.SS,1
2022-07-06,3.2433738708496094,3.4700000286102295,3.559999942779541,3.440000057220459,3.549999952316284,108169917,601618.SS,2
2022-07-07,3.2433738708496094,3.4700000286102295,3.490000009536743,3.4600000381469727,3.4600000381469727,57919746,601618.SS,3
2022-07-08,3.2620675563812256,3.490000009536743,3.5299999713897705,3.4800000190734863,3.490000009536743,51973237,601618.SS,4
2022-07-11,3.234027147293091,3.4600000381469727,3.5,3.450000047683716,3.4800000190734863,55312196,601618.SS,0
2022-07-12,3.299455165863037,3.5299999713897705,3.5399999618530273,3.450000047683716,3.4600000381469727,97149666,601618.SS,1
2022-07-13,3.327495813369751,3.559999942779541,3.5799999237060547,3.5199999809265137,3.5299999713897705,98102919,601618.SS,2
2022-07-14,3.2901082038879395,3.5199999809265137,3.549999952316284,3.4800000190734863,3.549999952316284,72802737,601618.SS,3
2022-07-15,3.1592519283294678,3.380000114440918,3.509999990463257,3.380000114440918,3.5,115538777,601618.SS,4
2022-07-18,3.2153329849243164,3.440000057220459,3.440000057220459,3.380000114440918,3.380000114440918,64378015,601618.SS,0
2022-07-19,3.224679946899414,3.450000047683716,3.4600000381469727,3.4200000762939453,3.450000047683716,50358015,601618.SS,1
2022-07-20,3.224679946899414,3.450000047683716,3.4800000190734863,3.440000057220459,3.4700000286102295,37936420,601618.SS,2
2022-07-21,3.1872923374176025,3.4100000858306885,3.4600000381469727,3.4100000858306885,3.450000047683716,43063353,601618.SS,3
2022-07-22,3.1685988903045654,3.390000104904175,3.430000066757202,3.380000114440918,3.4200000762939453,64585744,601618.SS,4
2022-07-25,3.1685988903045654,3.390000104904175,3.4100000858306885,3.380000114440918,3.390000104904175,44199623,601618.SS,0
2022-07-26,3.185818910598755,3.3299999237060547,3.3399999141693115,3.299999952316284,3.3299999237060547,34488751,601618.SS,1
2022-07-27,3.166685104370117,3.309999942779541,3.3299999237060547,3.299999952316284,3.319999933242798,34335510,601618.SS,2
2022-07-28,3.166685104370117,3.309999942779541,3.3299999237060547,3.299999952316284,3.319999933242798,38880510,601618.SS,3
2022-07-29,3.118849992752075,3.259999990463257,3.3299999237060547,3.259999990463257,3.309999942779541,67210803,601618.SS,4
2022-08-01,3.09014892578125,3.2300000190734863,3.2799999713897705,3.2200000286102295,3.2699999809265137,59245659,601618.SS,0
2022-08-02,2.9849116802215576,3.119999885559082,3.2100000381469727,3.049999952316284,3.2100000381469727,109174821,601618.SS,1
2022-08-03,2.9370763301849365,3.069999933242798,3.140000104904175,3.059999942779541,3.0999999046325684,55241073,601618.SS,2
2022-08-04,2.9562106132507324,3.0899999141693115,3.109999895095825,3.059999942779541,3.0799999237060547,36499914,601618.SS,3
2022-08-05,2.994478940963745,3.130000114440918,3.140000104904175,3.069999933242798,3.0999999046325684,47100425,601618.SS,4
2022-08-08,2.994478940963745,3.130000114440918,3.1700000762939453,3.109999895095825,3.119999885559082,35002711,601618.SS,0
2022-08-09,2.994478940963745,3.130000114440918,3.1500000953674316,3.109999895095825,3.130000114440918,28849131,601618.SS,1
2022-08-10,3.0327467918395996,3.1700000762939453,3.2200000286102295,3.119999885559082,3.130000114440918,61081840,601618.SS,2
2022-08-11,3.0518808364868164,3.190000057220459,3.200000047683716,3.1700000762939453,3.180000066757202,40900639,601618.SS,3
2022-08-12,3.09014892578125,3.2300000190734863,3.25,3.180000066757202,3.190000057220459,58525389,601618.SS,4
2022-08-15,3.071014881134033,3.2100000381469727,3.2300000190734863,3.190000057220459,3.2200000286102295,42279545,601618.SS,0
2022-08-16,3.071014881134033,3.2100000381469727,3.2300000190734863,3.200000047683716,3.2100000381469727,32470621,601618.SS,1
2022-08-17,3.071014881134033,3.2100000381469727,3.2300000190734863,3.190000057220459,3.2200000286102295,39227331,601618.SS,2
2022-08-18,3.042313814163208,3.180000066757202,3.2300000190734863,3.1700000762939453,3.2100000381469727,39076192,601618.SS,3
2022-08-19,3.0518808364868164,3.190000057220459,3.2200000286102295,3.180000066757202,3.180000066757202,36235398,601618.SS,4
2022-08-22,3.0997159481048584,3.240000009536743,3.25,3.180000066757202,3.190000057220459,52050842,601618.SS,0
2022-08-23,3.09014892578125,3.2300000190734863,3.240000009536743,3.200000047683716,3.240000009536743,38815918,601618.SS,1
2022-08-24,3.013612747192383,3.1500000953674316,3.240000009536743,3.140000104904175,3.2300000190734863,58108687,601618.SS,2
2022-08-25,3.09014892578125,3.2300000190734863,3.240000009536743,3.1600000858306885,3.180000066757202,65413559,601618.SS,3
2022-08-26,3.0518808364868164,3.190000057220459,3.240000009536743,3.180000066757202,3.240000009536743,41583622,601618.SS,4
2022-08-29,3.071014881134033,3.2100000381469727,3.2200000286102295,3.1500000953674316,3.1600000858306885,35777076,601618.SS,0
2022-08-30,3.071014881134033,3.2100000381469727,3.240000009536743,3.190000057220459,3.2100000381469727,36241576,601618.SS,1
2022-08-31,3.071014881134033,3.2100000381469727,3.240000009536743,3.180000066757202,3.2300000190734863,61682486,601618.SS,2
2022-09-01,3.071014881134033,3.2100000381469727,3.240000009536743,3.190000057220459,3.2100000381469727,74493484,601618.SS,3
2022-09-02,3.042313814163208,3.180000066757202,3.2200000286102295,3.1600000858306885,3.2200000286102295,55922807,601618.SS,4
2022-09-05,3.09014892578125,3.2300000190734863,3.2300000190734863,3.1700000762939453,3.180000066757202,65855855,601618.SS,0
2022-09-06,3.1284170150756836,3.2699999809265137,3.2799999713897705,3.2300000190734863,3.240000009536743,77538922,601618.SS,1
2022-09-07,3.1762518882751465,3.319999933242798,3.3399999141693115,3.240000009536743,3.2699999809265137,101174295,601618.SS,2
2022-09-08,3.166685104370117,3.309999942779541,3.3299999237060547,3.2699999809265137,3.299999952316284,69877456,601618.SS,3
2022-09-09,3.1953861713409424,3.3399999141693115,3.359999895095825,3.299999952316284,3.309999942779541,83140471,601618.SS,4
2022-09-13,3.166685104370117,3.309999942779541,3.4200000762939453,3.299999952316284,3.4000000953674316,95657353,601618.SS,1
2022-09-14,3.1284170150756836,3.2699999809265137,3.309999942779541,3.25,3.2699999809265137,65554218,601618.SS,2
2022-09-15,3.157118082046509,3.299999952316284,3.3399999141693115,3.2300000190734863,3.2799999713897705,69355357,601618.SS,3
2022-09-16,3.0040457248687744,3.140000104904175,3.2899999618530273,3.140000104904175,3.2899999618530273,92041064,601618.SS,4
2022-09-19,2.9849116802215576,3.119999885559082,3.1600000858306885,3.0999999046325684,3.1500000953674316,53667849,601618.SS,0
2022-09-20,2.9849116802215576,3.119999885559082,3.1500000953674316,3.109999895095825,3.130000114440918,45959452,601618.SS,1
2022-09-21,3.0040457248687744,3.140000104904175,3.1500000953674316,3.059999942779541,3.0999999046325684,56203735,601618.SS,2
2022-09-22,2.975344657897949,3.109999895095825,3.140000104904175,3.0999999046325684,3.119999885559082,38379460,601618.SS,3
2022-09-23,2.994478940963745,3.130000114440918,3.1600000858306885,3.0899999141693115,3.109999895095825,43357141,601618.SS,4
2022-09-26,2.898808479309082,3.0299999713897705,3.130000114440918,3.0199999809265137,3.109999895095825,59716060,601618.SS,0
2022-09-27,2.927509307861328,3.059999942779541,3.059999942779541,3.009999990463257,3.0299999713897705,44156415,601618.SS,1
2022-09-28,2.8796744346618652,3.009999990463257,3.059999942779541,3.0,3.049999952316284,42227410,601618.SS,2
2022-09-29,2.8414061069488525,2.9700000286102295,3.0399999618530273,2.9600000381469727,3.0299999713897705,43541240,601618.SS,3
2022-09-30,2.8605403900146484,2.990000009536743,3.009999990463257,2.950000047683716,2.9600000381469727,41858640,601618.SS,4
2022-10-10,2.8605403900146484,2.990000009536743,3.0399999618530273,2.9600000381469727,2.990000009536743,44278282,601618.SS,0
2022-10-11,2.8796744346618652,3.009999990463257,3.0299999713897705,2.9600000381469727,3.0,35597930,601618.SS,1
2022-10-12,2.927509307861328,3.059999942779541,3.059999942779541,2.990000009536743,3.0199999809265137,48052366,601618.SS,2
2022-10-13,2.8892414569854736,3.0199999809265137,3.049999952316284,3.009999990463257,3.049999952316284,34399223,601618.SS,3
2022-10-14,2.9179422855377197,3.049999952316284,3.069999933242798,3.0399999618530273,3.0399999618530273,38453578,601618.SS,4
2022-10-17,2.927509307861328,3.059999942779541,3.0799999237060547,3.0199999809265137,3.0399999618530273,40560617,601618.SS,0
2022-10-18,2.9179422855377197,3.049999952316284,3.0899999141693115,3.0399999618530273,3.069999933242798,33994242,601618.SS,1
2022-10-19,2.8892414569854736,3.0199999809265137,3.069999933242798,3.0199999809265137,3.0399999618530273,34168422,601618.SS,2
2022-10-20,2.8892414569854736,3.0199999809265137,3.049999952316284,3.0,3.0299999713897705,33338811,601618.SS,3
2022-10-21,2.927509307861328,3.059999942779541,3.0899999141693115,3.0299999713897705,3.0299999713897705,67031965,601618.SS,4
2022-10-24,2.8605403900146484,2.990000009536743,3.0799999237060547,2.990000009536743,3.049999952316284,60113982,601618.SS,0
2022-10-25,2.8892414569854736,3.0199999809265137,3.0399999618530273,2.9600000381469727,2.990000009536743,46837705,601618.SS,1
2022-10-26,2.898808479309082,3.0299999713897705,3.059999942779541,3.009999990463257,3.009999990463257,45941946,601618.SS,2
2022-10-27,2.9370763301849365,3.069999933242798,3.0899999141693115,3.0299999713897705,3.0399999618530273,62618348,601618.SS,3
2022-10-28,2.8605403900146484,2.990000009536743,3.049999952316284,2.9700000286102295,3.049999952316284,86653065,601618.SS,4
2022-10-31,2.755303144454956,2.880000114440918,2.9800000190734863,2.859999895095825,2.9700000286102295,101505338,601618.SS,0
2022-11-01,2.7935712337493896,2.9200000762939453,2.930000066757202,2.859999895095825,2.880000114440918,52165474,601618.SS,1
2022-11-02,2.8127052783966064,2.940000057220459,2.950000047683716,2.9100000858306885,2.9200000762939453,43768086,601618.SS,2
2022-11-03,2.803138256072998,2.930000066757202,2.940000057220459,2.9100000858306885,2.930000066757202,26803521,601618.SS,3
2022-11-04,2.8414061069488525,2.9700000286102295,2.990000009536743,2.9100000858306885,2.9200000762939453,61347560,601618.SS,4
2022-11-07,2.8892414569854736,3.0199999809265137,3.049999952316284,2.9700000286102295,2.9800000190734863,66652243,601618.SS,0
2022-11-08,2.9083755016326904,3.0399999618530273,3.049999952316284,3.0,3.0199999809265137,54492199,601618.SS,1
2022-11-09,2.946643352508545,3.0799999237060547,3.200000047683716,3.0299999713897705,3.0399999618530273,102714721,601618.SS,2
2022-11-10,2.9562106132507324,3.0899999141693115,3.0999999046325684,3.049999952316284,3.069999933242798,51271210,601618.SS,3
2022-11-11,3.023179769515991,3.1600000858306885,3.180000066757202,3.0999999046325684,3.1600000858306885,119886366,601618.SS,4
2022-11-14,3.0327467918395996,3.1700000762939453,3.2100000381469727,3.1600000858306885,3.180000066757202,76870117,601618.SS,0
2022-11-15,3.042313814163208,3.180000066757202,3.180000066757202,3.140000104904175,3.1700000762939453,67322130,601618.SS,1
2022-11-16,2.994478940963745,3.130000114440918,3.190000057220459,3.130000114440918,3.180000066757202,56977293,601618.SS,2
2022-11-17,2.9849116802215576,3.119999885559082,3.130000114440918,3.0999999046325684,3.109999895095825,45876075,601618.SS,3
2022-11-18,2.965777635574341,3.0999999046325684,3.1500000953674316,3.0999999046325684,3.140000104904175,43673104,601618.SS,4
2022-11-21,2.9370763301849365,3.069999933242798,3.0899999141693115,3.049999952316284,3.0899999141693115,32097513,601618.SS,0
2022-11-22,3.137984037399292,3.2799999713897705,3.380000114440918,3.059999942779541,3.069999933242798,365881611,601618.SS,1
2022-11-23,3.214520215988159,3.359999895095825,3.4600000381469727,3.240000009536743,3.2799999713897705,399167003,601618.SS,2
2022-11-24,3.1475510597229004,3.2899999618530273,3.319999933242798,3.25,3.299999952316284,161093685,601618.SS,3
2022-11-25,3.2240872383117676,3.369999885559082,3.4000000953674316,3.2799999713897705,3.2899999618530273,200333712,601618.SS,4
2022-11-28,3.185818910598755,3.3299999237060547,3.369999885559082,3.2799999713897705,3.309999942779541,119456917,601618.SS,0
2022-11-29,3.2240872383117676,3.369999885559082,3.4000000953674316,3.299999952316284,3.359999895095825,157772449,601618.SS,1
2022-11-30,3.185818910598755,3.3299999237060547,3.4000000953674316,3.319999933242798,3.3499999046325684,108152689,601618.SS,2
2022-12-01,3.185818910598755,3.3299999237060547,3.380000114440918,3.319999933242798,3.359999895095825,97643053,601618.SS,3
2022-12-02,3.214520215988159,3.359999895095825,3.369999885559082,3.2799999713897705,3.319999933242798,105804077,601618.SS,4
2022-12-05,3.453695774078369,3.609999895095825,3.630000114440918,3.4000000953674316,3.450000047683716,371190642,601618.SS,0
2022-12-06,3.3675925731658936,3.5199999809265137,3.5799999237060547,3.490000009536743,3.559999942779541,194640335,601618.SS,1
2022-12-07,3.3006234169006348,3.450000047683716,3.509999990463257,3.4200000762939453,3.5,137002896,601618.SS,2
2022-12-08,3.3197576999664307,3.4700000286102295,3.490000009536743,3.4200000762939453,3.450000047683716,94265851,601618.SS,3
2022-12-09,3.3101906776428223,3.4600000381469727,3.4700000286102295,3.4100000858306885,3.4600000381469727,93381741,601618.SS,4
2022-12-12,3.233654499053955,3.380000114440918,3.4700000286102295,3.380000114440918,3.440000057220459,104283119,601618.SS,0
2022-12-13,3.262355327606201,3.4100000858306885,3.4800000190734863,3.369999885559082,3.380000114440918,86556536,601618.SS,1
2022-12-14,3.233654499053955,3.380000114440918,3.4100000858306885,3.3499999046325684,3.4000000953674316,68807500,601618.SS,2
2022-12-15,3.185818910598755,3.3299999237060547,3.390000104904175,3.319999933242798,3.369999885559082,56905287,601618.SS,3
2022-12-16,3.214520215988159,3.359999895095825,3.4000000953674316,3.319999933242798,3.319999933242798,66390953,601618.SS,4
2022-12-19,3.0997159481048584,3.240000009536743,3.380000114440918,3.2300000190734863,3.369999885559082,89785827,601618.SS,0
2022-12-20,3.0805821418762207,3.2200000286102295,3.2799999713897705,3.190000057220459,3.240000009536743,65158569,601618.SS,1
2022-12-21,3.071014881134033,3.2100000381469727,3.25,3.190000057220459,3.240000009536743,37011189,601618.SS,2
2022-12-22,3.0518808364868164,3.190000057220459,3.259999990463257,3.180000066757202,3.2200000286102295,56501548,601618.SS,3
2022-12-23,3.0518808364868164,3.190000057220459,3.2100000381469727,3.1600000858306885,3.1700000762939453,35652300,601618.SS,4
2022-12-26,3.042313814163208,3.180000066757202,3.190000057220459,3.130000114440918,3.190000057220459,50569604,601618.SS,0
2022-12-27,3.061447858810425,3.200000047683716,3.240000009536743,3.180000066757202,3.190000057220459,47335343,601618.SS,1
2022-12-28,3.042313814163208,3.180000066757202,3.240000009536743,3.1600000858306885,3.200000047683716,58351675,601618.SS,2
2022-12-29,3.013612747192383,3.1500000953674316,3.190000057220459,3.140000104904175,3.1700000762939453,33065552,601618.SS,3
2022-12-30,3.042313814163208,3.180000066757202,3.200000047683716,3.1500000953674316,3.1600000858306885,37641220,601618.SS,4
2023-01-03,3.071014881134033,3.2100000381469727,3.2300000190734863,3.1600000858306885,3.180000066757202,53584796,601618.SS,1
2023-01-04,3.0805821418762207,3.2200000286102295,3.240000009536743,3.190000057220459,3.2100000381469727,50696849,601618.SS,2
2023-01-05,3.09014892578125,3.2300000190734863,3.25,3.2100000381469727,3.2200000286102295,52449650,601618.SS,3
2023-01-06,3.071014881134033,3.2100000381469727,3.259999990463257,3.2100000381469727,3.240000009536743,49646610,601618.SS,4
2023-01-09,3.109282970428467,3.25,3.259999990463257,3.200000047683716,3.200000047683716,61113762,601618.SS,0
2023-01-10,3.0518808364868164,3.190000057220459,3.25,3.190000057220459,3.25,62529499,601618.SS,1
2023-01-11,3.0518808364868164,3.190000057220459,3.2200000286102295,3.190000057220459,3.190000057220459,34636928,601618.SS,2
2023-01-12,3.0518808364868164,3.190000057220459,3.200000047683716,3.1700000762939453,3.200000047683716,32509534,601618.SS,3
2023-01-13,3.061447858810425,3.200000047683716,3.2100000381469727,3.1700000762939453,3.180000066757202,30227000,601618.SS,4
2023-01-16,3.09014892578125,3.2300000190734863,3.25,3.190000057220459,3.200000047683716,70640158,601618.SS,0
2023-01-17,3.109282970428467,3.25,3.25,3.2300000190734863,3.2300000190734863,39286225,601618.SS,1
2023-01-18,3.137984037399292,3.2799999713897705,3.299999952316284,3.240000009536743,3.25,55575959,601618.SS,2
2023-01-19,3.1475510597229004,3.2899999618530273,3.299999952316284,3.259999990463257,3.2699999809265137,32637568,601618.SS,3
2023-01-20,3.233654499053955,3.380000114440918,3.380000114440918,3.2899999618530273,3.2899999618530273,74918435,601618.SS,4
2023-01-30,3.1953861713409424,3.3399999141693115,3.430000066757202,3.3399999141693115,3.4100000858306885,74093766,601618.SS,0
2023-01-31,3.2240872383117676,3.369999885559082,3.390000104904175,3.3299999237060547,3.3399999141693115,58206182,601618.SS,1
2023-02-01,3.2910563945770264,3.440000057220459,3.4600000381469727,3.359999895095825,3.369999885559082,99352910,601618.SS,2
2023-02-02,3.2910563945770264,3.440000057220459,3.4700000286102295,3.4100000858306885,3.440000057220459,78149295,601618.SS,3
2023-02-03,3.2240872383117676,3.369999885559082,3.450000047683716,3.3399999141693115,3.440000057220459,86329146,601618.SS,4
2023-02-06,3.2240872383117676,3.369999885559082,3.390000104904175,3.3299999237060547,3.359999895095825,43431851,601618.SS,0
2023-02-07,3.262355327606201,3.4100000858306885,3.4200000762939453,3.359999895095825,3.380000114440918,58624479,601618.SS,1
2023-02-08,3.214520215988159,3.359999895095825,3.4200000762939453,3.3499999046325684,3.4100000858306885,41949573,601618.SS,2
2023-02-09,3.214520215988159,3.359999895095825,3.390000104904175,3.3399999141693115,3.3499999046325684,74302938,601618.SS,3
2023-02-10,3.214520215988159,3.359999895095825,3.380000114440918,3.3499999046325684,3.359999895095825,45462815,601618.SS,4
2023-02-13,3.233654499053955,3.380000114440918,3.4100000858306885,3.3299999237060547,3.3499999046325684,70623402,601618.SS,0
2023-02-14,3.2527883052825928,3.4000000953674316,3.4100000858306885,3.369999885559082,3.380000114440918,59394897,601618.SS,1
2023-02-15,3.214520215988159,3.359999895095825,3.4000000953674316,3.3399999141693115,3.390000104904175,65586974,601618.SS,2
2023-02-16,3.185818910598755,3.3299999237060547,3.4100000858306885,3.309999942779541,3.359999895095825,97348467,601618.SS,3
2023-02-17,3.1762518882751465,3.319999933242798,3.359999895095825,3.309999942779541,3.3299999237060547,55198572,601618.SS,4
2023-02-20,3.281489372253418,3.430000066757202,3.440000057220459,3.319999933242798,3.319999933242798,121024037,601618.SS,0
2023-02-21,3.329324722290039,3.4800000190734863,3.5,3.430000066757202,3.440000057220459,115890026,601618.SS,1
2023-02-22,3.3101906776428223,3.4600000381469727,3.490000009536743,3.450000047683716,3.4600000381469727,54824770,601618.SS,2
2023-02-23,3.3006234169006348,3.450000047683716,3.4700000286102295,3.4200000762939453,3.4600000381469727,50170143,601618.SS,3
2023-02-24,3.2719223499298096,3.4200000762939453,3.450000047683716,3.390000104904175,3.440000057220459,57085915,601618.SS,4
2023-02-27,3.233654499053955,3.380000114440918,3.430000066757202,3.369999885559082,3.4100000858306885,56762247,601618.SS,0
2023-02-28,3.262355327606201,3.4100000858306885,3.4200000762939453,3.359999895095825,3.390000104904175,50056497,601618.SS,1
2023-03-01,3.329324722290039,3.4800000190734863,3.4800000190734863,3.4000000953674316,3.4100000858306885,119833801,601618.SS,2
2023-03-02,3.424994707107544,3.5799999237060547,3.619999885559082,3.4600000381469727,3.4800000190734863,223498603,601618.SS,3
2023-03-03,3.5302319526672363,3.690000057220459,3.7100000381469727,3.569999933242798,3.5799999237060547,247677025,601618.SS,4
2023-03-06,3.4823970794677734,3.640000104904175,3.7799999713897705,3.609999895095825,3.7100000381469727,172971218,601618.SS,0
2023-03-07,3.5589332580566406,3.7200000286102295,3.890000104904175,3.630000114440918,3.640000104904175,346107158,601618.SS,1
2023-03-08,3.5302319526672363,3.690000057220459,3.740000009536743,3.630000114440918,3.690000057220459,149169024,601618.SS,2
2023-03-09,3.568500280380249,3.7300000190734863,3.7799999713897705,3.6600000858306885,3.7100000381469727,162755227,601618.SS,3
2023-03-10,3.4632627964019775,3.619999885559082,3.700000047683716,3.619999885559082,3.680000066757202,139046294,601618.SS,4
2023-03-13,3.5589332580566406,3.7200000286102295,3.740000009536743,3.640000104904175,3.6600000858306885,163262292,601618.SS,0
2023-03-14,3.6259021759033203,3.7899999618530273,3.9100000858306885,3.680000066757202,3.7100000381469727,314591643,601618.SS,1
2023-03-15,3.7215726375579834,3.890000104904175,3.930000066757202,3.700000047683716,3.7899999618530273,317428749,601618.SS,2
2023-03-16,3.692871332168579,3.859999895095825,3.950000047683716,3.8299999237060547,3.8499999046325684,263953845,601618.SS,3
2023-03-17,3.8937792778015137,4.070000171661377,4.150000095367432,3.869999885559082,3.890000104904175,340446910,601618.SS,4
2023-03-20,3.7981088161468506,3.9700000286102295,4.230000019073486,3.930000066757202,4.070000171661377,353472444,601618.SS,0
2023-03-21,3.731139659881592,3.9000000953674316,4.03000020980835,3.8499999046325684,3.930000066757202,223304470,601618.SS,1
2023-03-22,3.7024383544921875,3.869999885559082,3.950000047683716,3.8299999237060547,3.9000000953674316,147339987,601618.SS,2
2023-03-23,3.7502737045288086,3.9200000762939453,3.940000057220459,3.819999933242798,3.869999885559082,154936211,601618.SS,3
2023-03-24,3.6354691982269287,3.799999952316284,3.9100000858306885,3.799999952316284,3.9000000953674316,166565624,601618.SS,4
2023-03-27,3.5780673027038574,3.740000009536743,3.819999933242798,3.700000047683716,3.799999952316284,152957561,601618.SS,0
2023-03-28,3.587634325027466,3.75,3.819999933242798,3.740000009536743,3.759999990463257,92200121,601618.SS,1
2023-03-29,3.539799213409424,3.700000047683716,3.7699999809265137,3.6700000762939453,3.759999990463257,116733398,601618.SS,2
2023-03-30,3.645036220550537,3.809999942779541,3.859999895095825,3.7300000190734863,3.75,192481245,601618.SS,3
2023-03-31,3.731139659881592,3.9000000953674316,3.9200000762939453,3.7699999809265137,3.799999952316284,192012393,601618.SS,4
2023-04-03,3.759840488433838,3.930000066757202,3.9800000190734863,3.869999885559082,3.9200000762939453,136172380,601618.SS,0
2023-04-04,3.9607479572296143,4.139999866485596,4.179999828338623,3.930000066757202,3.930000066757202,270723334,601618.SS,1
2023-04-06,3.9129133224487305,4.090000152587891,4.159999847412109,4.059999942779541,4.130000114440918,145124750,601618.SS,3
2023-04-07,3.855510950088501,4.03000020980835,4.110000133514404,4.010000228881836,4.090000152587891,100896268,601618.SS,4
2023-04-10,3.9224801063537598,4.099999904632568,4.150000095367432,4.0,4.039999961853027,133276580,601618.SS,0
2023-04-11,3.951181173324585,4.130000114440918,4.139999866485596,4.010000228881836,4.090000152587891,103679884,601618.SS,1
2023-04-12,3.9894492626190186,4.170000076293945,4.21999979019165,4.079999923706055,4.119999885559082,126363925,601618.SS,2
2023-04-13,3.9703152179718018,4.150000095367432,4.230000019073486,4.119999885559082,4.170000076293945,103879321,601618.SS,3
2023-04-14,4.123387813568115,4.309999942779541,4.329999923706055,4.150000095367432,4.170000076293945,202831874,601618.SS,4
2023-04-17,4.161655426025391,4.349999904632568,4.400000095367432,4.21999979019165,4.320000171661377,213019238,601618.SS,0
2023-04-18,4.180789470672607,4.369999885559082,4.380000114440918,4.28000020980835,4.320000171661377,123750724,601618.SS,1
2023-04-19,4.104253768920898,4.289999961853027,4.429999828338623,4.269999980926514,4.349999904632568,137902126,601618.SS,2
2023-04-20,4.199923515319824,4.389999866485596,4.409999847412109,4.260000228881836,4.289999961853027,177209523,601618.SS,3
2023-04-21,4.094686985015869,4.28000020980835,4.420000076293945,4.28000020980835,4.380000114440918,132518699,601618.SS,4
2023-04-24,4.113821029663086,4.300000190734863,4.380000114440918,4.199999809265137,4.300000190734863,178622424,601618.SS,0
2023-04-25,4.132955074310303,4.320000171661377,4.389999866485596,4.239999771118164,4.300000190734863,138768678,601618.SS,1
2023-04-26,4.027717113494873,4.210000038146973,4.329999923706055,4.170000076293945,4.289999961853027,137326608,601618.SS,2
2023-04-27,4.075552940368652,4.260000228881836,4.329999923706055,4.190000057220459,4.199999809265137,102751811,601618.SS,3
2023-04-28,4.286026954650879,4.480000019073486,4.510000228881836,4.349999904632568,4.349999904632568,239007372,601618.SS,4
2023-05-04,4.39126443862915,4.590000152587891,4.639999866485596,4.440000057220459,4.489999771118164,231564077,601618.SS,3
2023-05-05,4.343429088592529,4.539999961853027,4.670000076293945,4.510000228881836,4.590000152587891,174586485,601618.SS,4
2023-05-08,4.39126443862915,4.590000152587891,4.679999828338623,4.539999961853027,4.599999904632568,218610234,601618.SS,0
2023-05-09,4.209490776062012,4.400000095367432,4.630000114440918,4.380000114440918,4.630000114440918,268851293,601618.SS,1
2023-05-10,4.142521381378174,4.329999923706055,4.440000057220459,4.289999961853027,4.400000095367432,180491397,601618.SS,2
2023-05-11,4.104253768920898,4.289999961853027,4.340000152587891,4.25,4.340000152587891,103546680,601618.SS,3
2023-05-12,3.9894492626190186,4.170000076293945,4.320000171661377,4.139999866485596,4.28000020980835,139445213,601618.SS,4
2023-05-15,3.979882001876831,4.159999847412109,4.199999809265137,4.039999961853027,4.179999828338623,129255604,601618.SS,0
2023-05-16,3.9224801063537598,4.099999904632568,4.190000057220459,4.090000152587891,4.170000076293945,94226766,601618.SS,1
2023-05-17,3.8937792778015137,4.070000171661377,4.119999885559082,4.03000020980835,4.079999923706055,95689576,601618.SS,2
2023-05-18,3.9129133224487305,4.090000152587891,4.139999866485596,4.059999942779541,4.079999923706055,89155943,601618.SS,3
2023-05-19,3.8650777339935303,4.039999961853027,4.090000152587891,3.9700000286102295,4.059999942779541,98092103,601618.SS,4
2023-05-22,3.8459436893463135,4.019999980926514,4.070000171661377,4.0,4.010000228881836,68185966,601618.SS,0
2023-05-23,3.778974771499634,3.950000047683716,4.059999942779541,3.940000057220459,4.019999980926514,90110569,601618.SS,1
2023-05-24,3.7024383544921875,3.869999885559082,3.930000066757202,3.8499999046325684,3.930000066757202,118469259,601618.SS,2
2023-05-25,3.6833043098449707,3.8499999046325684,3.890000104904175,3.799999952316284,3.869999885559082,77308946,601618.SS,3
2023-05-26,3.6833043098449707,3.8499999046325684,3.869999885559082,3.7799999713897705,3.8499999046325684,48876800,601618.SS,4
2023-05-29,3.7694075107574463,3.940000057220459,3.9600000381469727,3.859999895095825,3.859999895095825,90866166,601618.SS,0
2023-05-30,3.8363771438598633,4.010000228881836,4.099999904632568,3.9100000858306885,3.930000066757202,122786500,601618.SS,1
2023-05-31,3.855510950088501,4.03000020980835,4.059999942779541,3.9700000286102295,4.0,83816679,601618.SS,2
2023-06-01,3.884212017059326,4.059999942779541,4.099999904632568,4.010000228881836,4.019999980926514,76918512,601618.SS,3
2023-06-02,3.855510950088501,4.03000020980835,4.090000152587891,4.019999980926514,4.079999923706055,64259498,601618.SS,4
2023-06-05,3.7981088161468506,3.9700000286102295,4.059999942779541,3.940000057220459,4.039999961853027,100995496,601618.SS,0
2023-06-06,3.788541793823242,3.9600000381469727,4.059999942779541,3.950000047683716,3.9700000286102295,71141816,601618.SS,1
2023-06-07,3.788541793823242,3.9600000381469727,4.0,3.930000066757202,3.9700000286102295,61359065,601618.SS,2
2023-06-08,3.8746449947357178,4.050000190734863,4.059999942779541,3.940000057220459,3.950000047683716,73323403,601618.SS,3
2023-06-09,3.9129133224487305,4.090000152587891,4.099999904632568,4.03000020980835,4.039999961853027,77190971,601618.SS,4
2023-06-12,3.8650777339935303,4.039999961853027,4.119999885559082,4.039999961853027,4.119999885559082,54577480,601618.SS,0
2023-06-13,3.807675838470459,3.9800000190734863,4.050000190734863,3.950000047683716,4.019999980926514,62227122,601618.SS,1
2023-06-14,3.778974771499634,3.950000047683716,4.019999980926514,3.930000066757202,3.990000009536743,64428311,601618.SS,2
2023-06-15,3.788541793823242,3.9600000381469727,3.9700000286102295,3.9000000953674316,3.9600000381469727,53207474,601618.SS,3
2023-06-16,3.9224801063537598,4.099999904632568,4.119999885559082,3.950000047683716,3.9600000381469727,111821702,601618.SS,4
2023-06-19,3.826809883117676,4.0,4.110000133514404,3.9800000190734863,4.099999904632568,84205429,601618.SS,0
2023-06-20,3.7407066822052,3.9100000858306885,4.010000228881836,3.880000114440918,4.0,93380310,601618.SS,1
2023-06-21,3.712005615234375,3.880000114440918,3.940000057220459,3.8499999046325684,3.9000000953674316,59746098,601618.SS,2
2023-06-26,3.6067681312561035,3.7699999809265137,3.859999895095825,3.759999990463257,3.859999895095825,78581526,601618.SS,0
2023-06-27,3.807675838470459,3.9800000190734863,4.039999961853027,3.7799999713897705,3.7799999713897705,115326915,601618.SS,1
2023-06-28,3.7981088161468506,3.9700000286102295,3.990000009536743,3.9200000762939453,3.9700000286102295,50785951,601618.SS,2
2023-06-29,3.788541793823242,3.9600000381469727,3.990000009536743,3.930000066757202,3.940000057220459,37700788,601618.SS,3
2023-06-30,3.7981088161468506,3.9700000286102295,4.010000228881836,3.930000066757202,3.9600000381469727,52299766,601618.SS,4
2023-07-03,3.8650777339935303,4.039999961853027,4.079999923706055,3.9700000286102295,3.9700000286102295,65833017,601618.SS,0
2023-07-04,3.8459436893463135,4.019999980926514,4.070000171661377,4.0,4.03000020980835,52751259,601618.SS,1
2023-07-05,3.8746449947357178,4.050000190734863,4.139999866485596,4.010000228881836,4.010000228881836,73154253,601618.SS,2
2023-07-06,3.8459436893463135,4.019999980926514,4.070000171661377,4.0,4.050000190734863,46176815,601618.SS,3
2023-07-07,3.8746449947357178,4.050000190734863,4.090000152587891,3.990000009536743,4.010000228881836,43092601,601618.SS,4
2023-07-10,3.884212017059326,4.059999942779541,4.079999923706055,4.03000020980835,4.059999942779541,40656166,601618.SS,0
2023-07-11,3.8937792778015137,4.070000171661377,4.090000152587891,4.050000190734863,4.070000171661377,37560778,601618.SS,1
2023-07-12,3.826809883117676,4.0,4.079999923706055,3.990000009536743,4.070000171661377,45228214,601618.SS,2
2023-07-13,3.8937792778015137,4.070000171661377,4.090000152587891,4.010000228881836,4.019999980926514,51331563,601618.SS,3
2023-07-14,3.9129133224487305,4.090000152587891,4.110000133514404,4.059999942779541,4.079999923706055,58683500,601618.SS,4
2023-07-17,3.884212017059326,4.059999942779541,4.079999923706055,4.039999961853027,4.079999923706055,37826610,601618.SS,0
2023-07-18,3.855510950088501,4.03000020980835,4.090000152587891,4.019999980926514,4.070000171661377,44488677,601618.SS,1
2023-07-19,3.8650777339935303,4.039999961853027,4.050000190734863,4.0,4.03000020980835,35194611,601618.SS,2
2023-07-20,3.8172428607940674,3.990000009536743,4.070000171661377,3.9800000190734863,4.039999961853027,40235978,601618.SS,3
2023-07-21,3.8172428607940674,3.990000009536743,4.019999980926514,3.9700000286102295,3.990000009536743,30501851,601618.SS,4
2023-07-24,3.8363771438598633,4.010000228881836,4.039999961853027,3.9700000286102295,4.0,42028843,601618.SS,0
2023-07-25,3.917461633682251,4.010000228881836,4.019999980926514,3.9700000286102295,3.9800000190734863,60359339,601618.SS,1
2023-07-26,3.8881537914276123,3.9800000190734863,4.039999961853027,3.9600000381469727,4.010000228881836,52750478,601618.SS,2
2023-07-27,3.8881537914276123,3.9800000190734863,4.039999961853027,3.950000047683716,3.9800000190734863,63697090,601618.SS,3
2023-07-28,3.976077079772949,4.070000171661377,4.079999923706055,3.950000047683716,3.9700000286102295,102871750,601618.SS,4
2023-07-31,4.0933074951171875,4.190000057220459,4.230000019073486,4.070000171661377,4.079999923706055,126557938,601618.SS,0
2023-08-01,4.103076457977295,4.199999809265137,4.230000019073486,4.150000095367432,4.179999828338623,72687876,601618.SS,1
2023-08-02,4.054230690002441,4.150000095367432,4.21999979019165,4.119999885559082,4.199999809265137,67291331,601618.SS,2
2023-08-03,4.044461250305176,4.139999866485596,4.159999847412109,4.090000152587891,4.139999866485596,49455516,601618.SS,3
2023-08-04,4.054230690002441,4.150000095367432,4.179999828338623,4.130000114440918,4.159999847412109,53188936,601618.SS,4
2023-08-07,3.9956154823303223,4.090000152587891,4.139999866485596,4.070000171661377,4.139999866485596,54636889,601618.SS,0
2023-08-08,3.9663076400756836,4.059999942779541,4.110000133514404,4.050000190734863,4.079999923706055,65631505,601618.SS,1
2023-08-09,3.9467689990997314,4.039999961853027,4.090000152587891,4.019999980926514,4.059999942779541,57730132,601618.SS,2
2023-08-10,3.9272305965423584,4.019999980926514,4.050000190734863,3.990000009536743,4.039999961853027,52350801,601618.SS,3
2023-08-11,3.790461540222168,3.880000114440918,4.03000020980835,3.869999885559082,4.019999980926514,100608477,601618.SS,4
2023-08-14,3.8002307415008545,3.890000104904175,3.930000066757202,3.7899999618530273,3.8499999046325684,93672432,601618.SS,0
2023-08-15,3.8393075466156006,3.930000066757202,3.950000047683716,3.859999895095825,3.890000104904175,70767753,601618.SS,1
2023-08-16,3.7806921005249023,3.869999885559082,3.930000066757202,3.8499999046325684,3.930000066757202,45338935,601618.SS,2
2023-08-17,3.8002307415008545,3.890000104904175,3.9100000858306885,3.819999933242798,3.8499999046325684,55052206,601618.SS,3
2023-08-18,3.7416152954101562,3.8299999237060547,3.9200000762939453,3.8299999237060547,3.890000104904175,43411007,601618.SS,4
2023-08-21,3.722076654434204,3.809999942779541,3.880000114440918,3.799999952316284,3.8299999237060547,46406822,601618.SS,0
2023-08-22,3.770922899246216,3.859999895095825,3.890000104904175,3.809999942779541,3.809999942779541,57171220,601618.SS,1
2023-08-23,3.7123074531555176,3.799999952316284,3.869999885559082,3.7899999618530273,3.869999885559082,47101600,601618.SS,2
2023-08-24,3.555999994277954,3.640000104904175,3.8299999237060547,3.630000114440918,3.819999933242798,134946239,601618.SS,3
2023-08-25,3.555999994277954,3.640000104904175,3.680000066757202,3.5999999046325684,3.630000114440918,66564447,601618.SS,4
2023-08-28,3.6536922454833984,3.740000009536743,3.880000114440918,3.7200000286102295,3.8399999141693115,108052410,601618.SS,0
2023-08-29,3.6341538429260254,3.7200000286102295,3.7699999809265137,3.7100000381469727,3.740000009536743,84465537,601618.SS,1
2023-08-30,3.575538396835327,3.6600000858306885,3.740000009536743,3.640000104904175,3.7200000286102295,84426384,601618.SS,2
2023-08-31,3.555999994277954,3.640000104904175,3.7200000286102295,3.630000114440918,3.690000057220459,73836940,601618.SS,3
2023-09-01,3.6146154403686523,3.700000047683716,3.7100000381469727,3.6500000953674316,3.6500000953674316,75904733,601618.SS,4
2023-09-04,3.6927690505981445,3.7799999713897705,3.799999952316284,3.700000047683716,3.7100000381469727,103467908,601618.SS,0
2023-09-05,3.6146154403686523,3.700000047683716,3.7699999809265137,3.680000066757202,3.759999990463257,74773488,601618.SS,1
2023-09-06,3.5950767993927,3.680000066757202,3.700000047683716,3.6600000858306885,3.680000066757202,56639037,601618.SS,2
2023-09-07,3.5657691955566406,3.6500000953674316,3.700000047683716,3.6500000953674316,3.680000066757202,48677700,601618.SS,3
2023-09-08,3.5462307929992676,3.630000114440918,3.6600000858306885,3.609999895095825,3.6500000953674316,40243272,601618.SS,4
2023-09-11,3.5950767993927,3.680000066757202,3.690000057220459,3.609999895095825,3.6500000953674316,73681613,601618.SS,0
2023-09-12,3.5950767993927,3.680000066757202,3.7200000286102295,3.6600000858306885,3.6700000762939453,53411449,601618.SS,1
2023-09-13,3.575538396835327,3.6600000858306885,3.7100000381469727,3.6500000953674316,3.680000066757202,46696043,601618.SS,2
2023-09-14,3.6146154403686523,3.700000047683716,3.7100000381469727,3.6500000953674316,3.680000066757202,65113800,601618.SS,3
2023-09-15,3.5853075981140137,3.6700000762939453,3.7300000190734863,3.6600000858306885,3.700000047683716,65194145,601618.SS,4
2023-09-18,3.575538396835327,3.6600000858306885,3.6700000762939453,3.619999885559082,3.6600000858306885,54598402,601618.SS,0
2023-09-19,3.5950767993927,3.680000066757202,3.700000047683716,3.640000104904175,3.6500000953674316,51580792,601618.SS,1
2023-09-20,3.5950767993927,3.680000066757202,3.700000047683716,3.6600000858306885,3.680000066757202,46419560,601618.SS,2
2023-09-21,3.5462307929992676,3.630000114440918,3.700000047683716,3.619999885559082,3.690000057220459,55515600,601618.SS,3
2023-09-22,3.6048460006713867,3.690000057220459,3.690000057220459,3.5999999046325684,3.619999885559082,63168110,601618.SS,4
2023-09-25,3.555999994277954,3.640000104904175,3.700000047683716,3.640000104904175,3.680000066757202,44657510,601618.SS,0
2023-09-26,3.516922950744629,3.5999999046325684,3.6600000858306885,3.5999999046325684,3.6500000953674316,46229857,601618.SS,1
2023-09-27,3.5657691955566406,3.6500000953674316,3.6700000762939453,3.5999999046325684,3.609999895095825,52761264,601618.SS,2
2023-09-28,3.5853075981140137,3.6700000762939453,3.680000066757202,3.640000104904175,3.6600000858306885,44043799,601618.SS,3
2023-10-09,3.555999994277954,3.640000104904175,3.6700000762939453,3.609999895095825,3.6600000858306885,65011050,601618.SS,0
2023-10-10,3.2922306060791016,3.369999885559082,3.6600000858306885,3.3399999141693115,3.640000104904175,202093696,601618.SS,1
2023-10-11,3.3606152534484863,3.440000057220459,3.450000047683716,3.369999885559082,3.380000114440918,116407146,601618.SS,2
2023-10-12,3.3996922969818115,3.4800000190734863,3.509999990463257,3.450000047683716,3.450000047683716,69760628,601618.SS,3
2023-10-13,3.3508460521698,3.430000066757202,3.4600000381469727,3.4100000858306885,3.4600000381469727,53046844,601618.SS,4
2023-10-16,3.370384454727173,3.450000047683716,3.4600000381469727,3.4000000953674316,3.430000066757202,56588976,601618.SS,0
2023-10-17,3.3801538944244385,3.4600000381469727,3.4700000286102295,3.430000066757202,3.450000047683716,49127481,601618.SS,1
2023-10-18,3.3313076496124268,3.4100000858306885,3.4600000381469727,3.4000000953674316,3.4600000381469727,35866248,601618.SS,2
2023-10-19,3.282461404800415,3.359999895095825,3.4200000762939453,3.3499999046325684,3.4100000858306885,56132276,601618.SS,3
2023-10-20,3.2726922035217285,3.3499999046325684,3.4000000953674316,3.3399999141693115,3.3499999046325684,42392282,601618.SS,4
2023-10-23,3.2043075561523438,3.2799999713897705,3.3499999046325684,3.25,3.3299999237060547,56196488,601618.SS,0
2023-10-24,3.2336151599884033,3.309999942779541,3.3299999237060547,3.259999990463257,3.299999952316284,52895174,601618.SS,1
2023-10-25,3.3313076496124268,3.4100000858306885,3.4200000762939453,3.359999895095825,3.359999895095825,68915965,601618.SS,2
2023-10-26,3.3215384483337402,3.4000000953674316,3.4100000858306885,3.359999895095825,3.390000104904175,40885777,601618.SS,3
2023-10-27,3.2922306060791016,3.369999885559082,3.390000104904175,3.3299999237060547,3.380000114440918,110575215,601618.SS,4
2023-10-30,3.2336151599884033,3.309999942779541,3.359999895095825,3.2799999713897705,3.359999895095825,119235617,601618.SS,0
2023-10-31,3.2336151599884033,3.309999942779541,3.319999933242798,3.2799999713897705,3.299999952316284,62008625,601618.SS,1
2023-11-01,3.2043075561523438,3.2799999713897705,3.319999933242798,3.2699999809265137,3.319999933242798,53302613,601618.SS,2
2023-11-02,3.1847691535949707,3.259999990463257,3.319999933242798,3.259999990463257,3.2899999618530273,55319151,601618.SS,3
2023-11-03,3.1945383548736572,3.2699999809265137,3.2899999618530273,3.25,3.259999990463257,57717181,601618.SS,4
2023-11-06,3.2336151599884033,3.309999942779541,3.319999933242798,3.259999990463257,3.2799999713897705,78044609,601618.SS,0
2023-11-07,3.2043075561523438,3.2799999713897705,3.309999942779541,3.2699999809265137,3.309999942779541,59823469,601618.SS,1
2023-11-08,3.174999952316284,3.25,3.2799999713897705,3.2300000190734863,3.2699999809265137,80567386,601618.SS,2
2023-11-09,3.174999952316284,3.25,3.2899999618530273,3.2300000190734863,3.240000009536743,64557776,601618.SS,3
2023-11-10,3.1456923484802246,3.2200000286102295,3.25,3.190000057220459,3.240000009536743,75060437,601618.SS,4
2023-11-13,3.1847691535949707,3.259999990463257,3.2699999809265137,3.200000047683716,3.2300000190734863,69564365,601618.SS,0
2023-11-14,3.2043075561523438,3.2799999713897705,3.299999952316284,3.25,3.25,57876595,601618.SS,1
2023-11-15,3.1945383548736572,3.2699999809265137,3.299999952316284,3.259999990463257,3.299999952316284,61716800,601618.SS,2
2023-11-16,3.155461549758911,3.2300000190734863,3.2699999809265137,3.2300000190734863,3.2699999809265137,51273811,601618.SS,3
2023-11-17,3.1456923484802246,3.2200000286102295,3.240000009536743,3.2100000381469727,3.2200000286102295,51764353,601618.SS,4
2023-11-20,3.155461549758911,3.2300000190734863,3.25,3.2100000381469727,3.2300000190734863,54108817,601618.SS,0
2023-11-21,3.155461549758911,3.2300000190734863,3.2799999713897705,3.2300000190734863,3.240000009536743,86774442,601618.SS,1
2023-11-22,3.116384506225586,3.190000057220459,3.240000009536743,3.190000057220459,3.2300000190734863,61158274,601618.SS,2
2023-11-23,3.1261537075042725,3.200000047683716,3.2100000381469727,3.1500000953674316,3.190000057220459,57444945,601618.SS,3
2023-11-24,3.1066153049468994,3.180000066757202,3.2300000190734863,3.1700000762939453,3.200000047683716,45525313,601618.SS,4
2023-11-27,3.0675384998321533,3.140000104904175,3.180000066757202,3.119999885559082,3.180000066757202,65549551,601618.SS,0
2023-11-28,3.057769298553467,3.130000114440918,3.1500000953674316,3.109999895095825,3.130000114440918,53366632,601618.SS,1
2023-11-29,3.008922815322876,3.0799999237060547,3.140000104904175,3.069999933242798,3.140000104904175,63753095,601618.SS,2
2023-11-30,3.028461456298828,3.0999999046325684,3.119999885559082,3.059999942779541,3.0799999237060547,56248025,601618.SS,3
2023-12-01,3.0675384998321533,3.140000104904175,3.1500000953674316,3.0799999237060547,3.0999999046325684,64743119,601618.SS,4
2023-12-04,3.0675384998321533,3.140000104904175,3.1600000858306885,3.130000114440918,3.1500000953674316,48793691,601618.SS,0
2023-12-05,3.008922815322876,3.0799999237060547,3.140000104904175,3.0799999237060547,3.130000114440918,48578900,601618.SS,1
2023-12-06,3.0186922550201416,3.0899999141693115,3.109999895095825,3.049999952316284,3.069999933242798,46723246,601618.SS,2
2023-12-07,3.0186922550201416,3.0899999141693115,3.109999895095825,3.059999942779541,3.0899999141693115,57213213,601618.SS,3
2023-12-08,2.9991536140441895,3.069999933242798,3.109999895095825,3.059999942779541,3.0899999141693115,62774230,601618.SS,4
2023-12-11,3.008922815322876,3.0799999237060547,3.0899999141693115,3.0,3.059999942779541,79384271,601618.SS,0
2023-12-12,3.028461456298828,3.0999999046325684,3.0999999046325684,3.059999942779541,3.0799999237060547,50373300,601618.SS,1
2023-12-13,2.9796152114868164,3.049999952316284,3.0999999046325684,3.049999952316284,3.0999999046325684,52879609,601618.SS,2
2023-12-14,2.9796152114868164,3.049999952316284,3.0799999237060547,3.049999952316284,3.069999933242798,37686986,601618.SS,3
2023-12-15,2.9600768089294434,3.0299999713897705,3.0799999237060547,3.0299999713897705,3.059999942779541,44369783,601618.SS,4
2023-12-18,2.930769205093384,3.0,3.049999952316284,2.990000009536743,3.0199999809265137,50063076,601618.SS,0
2023-12-19,2.901461362838745,2.9700000286102295,3.009999990463257,2.950000047683716,3.0,64378313,601618.SS,1
2023-12-20,2.901461362838745,2.9700000286102295,3.0199999809265137,2.9600000381469727,2.9700000286102295,58599142,601618.SS,2
2023-12-21,2.930769205093384,3.0,3.009999990463257,2.950000047683716,2.950000047683716,50234249,601618.SS,3
2023-12-22,2.9600768089294434,3.0299999713897705,3.059999942779541,2.9800000190734863,3.0,71447342,601618.SS,4
2023-12-25,2.9405384063720703,3.009999990463257,3.0299999713897705,2.990000009536743,3.0199999809265137,33312200,601618.SS,0
2023-12-26,2.9112308025360107,2.9800000190734863,3.0199999809265137,2.9700000286102295,3.009999990463257,32057600,601618.SS,1
2023-12-27,2.930769205093384,3.0,3.009999990463257,2.9600000381469727,2.9800000190734863,40865733,601618.SS,2
2023-12-28,2.9991536140441895,3.069999933242798,3.0899999141693115,2.990000009536743,3.0,84613194,601618.SS,3
2023-12-29,2.989384412765503,3.059999942779541,3.0899999141693115,3.049999952316284,3.069999933242798,62749637,601618.SS,4
2024-01-02,3.008922815322876,3.0799999237060547,3.0899999141693115,3.049999952316284,3.059999942779541,57517002,601618.SS,1
2024-01-03,3.028461456298828,3.0999999046325684,3.0999999046325684,3.069999933242798,3.069999933242798,51853234,601618.SS,2
2024-01-04,2.989384412765503,3.059999942779541,3.0999999046325684,3.0399999618530273,3.0999999046325684,52109784,601618.SS,3
2024-01-05,2.9991536140441895,3.069999933242798,3.119999885559082,3.049999952316284,3.059999942779541,90233553,601618.SS,4
2024-01-08,2.9405384063720703,3.009999990463257,3.0799999237060547,3.0,3.059999942779541,73783800,601618.SS,0
2024-01-09,2.9600768089294434,3.0299999713897705,3.0399999618530273,2.990000009536743,3.009999990463257,55631642,601618.SS,1
2024-01-10,2.950307607650757,3.0199999809265137,3.059999942779541,3.009999990463257,3.0299999713897705,48972811,601618.SS,2
2024-01-11,2.950307607650757,3.0199999809265137,3.0399999618530273,2.9800000190734863,3.0199999809265137,59800987,601618.SS,3
2024-01-12,2.9600768089294434,3.0299999713897705,3.069999933242798,3.009999990463257,3.009999990463257,55107812,601618.SS,4
2024-01-15,2.9796152114868164,3.049999952316284,3.059999942779541,3.009999990463257,3.0199999809265137,55813402,601618.SS,0
2024-01-16,2.989384412765503,3.059999942779541,3.069999933242798,3.0199999809265137,3.049999952316284,64055310,601618.SS,1
2024-01-17,2.930769205093384,3.0,3.069999933242798,3.0,3.049999952316284,67430321,601618.SS,2
2024-01-18,2.930769205093384,3.0,3.009999990463257,2.890000104904175,2.990000009536743,116313061,601618.SS,3
2024-01-19,2.930769205093384,3.0,3.0299999713897705,2.9600000381469727,2.990000009536743,65051273,601618.SS,4
2024-01-22,2.8721537590026855,2.940000057220459,3.0399999618530273,2.9200000762939453,3.0,100966193,601618.SS,0
2024-01-23,2.901461362838745,2.9700000286102295,2.990000009536743,2.890000104904175,2.930000066757202,85026993,601618.SS,1
2024-01-24,3.0382306575775146,3.109999895095825,3.119999885559082,2.9700000286102295,2.990000009536743,141285292,601618.SS,2
2024-01-25,3.2140767574310303,3.2899999618530273,3.299999952316284,3.0999999046325684,3.109999895095825,255798251,601618.SS,3
2024-01-26,3.223845958709717,3.299999952316284,3.3299999237060547,3.25,3.2699999809265137,197229205,601618.SS,4
2024-01-29,3.24338436126709,3.319999933242798,3.4600000381469727,3.2799999713897705,3.299999952316284,280100561,601618.SS,0
2024-01-30,3.2043075561523438,3.2799999713897705,3.359999895095825,3.259999990463257,3.2699999809265137,159845547,601618.SS,1
2024-01-31,3.1652307510375977,3.240000009536743,3.299999952316284,3.190000057220459,3.2699999809265137,154689025,601618.SS,2
2024-02-01,3.0870769023895264,3.1600000858306885,3.2300000190734863,3.1500000953674316,3.200000047683716,143397334,601618.SS,3
2024-02-02,3.0870769023895264,3.1600000858306885,3.240000009536743,3.059999942779541,3.1600000858306885,147039155,601618.SS,4
2024-02-05,3.0186922550201416,3.0899999141693115,3.1600000858306885,3.0399999618530273,3.140000104904175,146985473,601618.SS,0
2024-02-06,3.116384506225586,3.190000057220459,3.2100000381469727,3.059999942779541,3.0899999141693115,154262254,601618.SS,1
2024-02-07,3.1456923484802246,3.2200000286102295,3.2300000190734863,3.1500000953674316,3.200000047683716,166889041,601618.SS,2
2024-02-08,3.135922908782959,3.2100000381469727,3.240000009536743,3.1500000953674316,3.2100000381469727,179650014,601618.SS,3
2024-02-19,3.174999952316284,3.25,3.25,3.180000066757202,3.2300000190734863,150701137,601618.SS,0
2024-02-20,3.174999952316284,3.25,3.259999990463257,3.200000047683716,3.240000009536743,91955819,601618.SS,1
2024-02-21,3.2140767574310303,3.2899999618530273,3.3499999046325684,3.2100000381469727,3.2300000190734863,149436915,601618.SS,2
2024-02-22,3.2531535625457764,3.3299999237060547,3.3299999237060547,3.25,3.2699999809265137,100456962,601618.SS,3
2024-02-23,3.2531535625457764,3.3299999237060547,3.3499999046325684,3.299999952316284,3.3299999237060547,97444888,601618.SS,4
2024-02-26,3.174999952316284,3.25,3.3399999141693115,3.25,3.3299999237060547,110519557,601618.SS,0
2024-02-27,3.223845958709717,3.299999952316284,3.299999952316284,3.2300000190734863,3.240000009536743,78601192,601618.SS,1
2024-02-28,3.2140767574310303,3.2899999618530273,3.3499999046325684,3.2799999713897705,3.2799999713897705,137571649,601618.SS,2
2024-02-29,3.2531535625457764,3.3299999237060547,3.3299999237060547,3.2699999809265137,3.2799999713897705,94267943,601618.SS,3
2024-03-01,3.262923002243042,3.3399999141693115,3.3499999046325684,3.309999942779541,3.3299999237060547,100236090,601618.SS,4
2024-03-04,3.2336151599884033,3.309999942779541,3.3499999046325684,3.2799999713897705,3.3399999141693115,84711117,601618.SS,0
2024-03-05,3.223845958709717,3.299999952316284,3.3299999237060547,3.2799999713897705,3.2899999618530273,82092426,601618.SS,1
2024-03-06,3.2140767574310303,3.2899999618530273,3.309999942779541,3.259999990463257,3.299999952316284,83728033,601618.SS,2
2024-03-07,3.2531535625457764,3.3299999237060547,3.4100000858306885,3.2699999809265137,3.2799999713897705,159791225,601618.SS,3
2024-03-08,3.262923002243042,3.3399999141693115,3.3499999046325684,3.2799999713897705,3.3399999141693115,96959508,601618.SS,4
2024-03-11,3.262923002243042,3.3399999141693115,3.390000104904175,3.299999952316284,3.3499999046325684,91738087,601618.SS,0
2024-03-12,3.2043075561523438,3.2799999713897705,3.3399999141693115,3.2799999713897705,3.3399999141693115,103310531,601618.SS,1
2024-03-13,3.1456923484802246,3.2200000286102295,3.2799999713897705,3.2100000381469727,3.2799999713897705,96495660,601618.SS,2
2024-03-14,3.24338436126709,3.319999933242798,3.359999895095825,3.2300000190734863,3.2300000190734863,204190694,601618.SS,3
2024-03-15,3.2922306060791016,3.369999885559082,3.4100000858306885,3.25,3.319999933242798,164614980,601618.SS,4
2024-03-18,3.3801538944244385,3.4600000381469727,3.490000009536743,3.4100000858306885,3.430000066757202,195588147,601618.SS,0
2024-03-19,3.3215384483337402,3.4000000953674316,3.5299999713897705,3.390000104904175,3.4600000381469727,129667129,601618.SS,1
2024-03-20,3.3313076496124268,3.4100000858306885,3.4200000762939453,3.359999895095825,3.4000000953674316,88396286,601618.SS,2
2024-03-21,3.3410768508911133,3.4200000762939453,3.4600000381469727,3.390000104904175,3.440000057220459,76863987,601618.SS,3
2024-03-22,3.282461404800415,3.359999895095825,3.4000000953674316,3.3399999141693115,3.390000104904175,82805714,601618.SS,4
2024-03-25,3.302000045776367,3.380000114440918,3.440000057220459,3.3299999237060547,3.3499999046325684,88048970,601618.SS,0
2024-03-26,3.3215384483337402,3.4000000953674316,3.4100000858306885,3.3499999046325684,3.380000114440918,75407614,601618.SS,1
2024-03-27,3.282461404800415,3.359999895095825,3.430000066757202,3.359999895095825,3.4000000953674316,67632372,601618.SS,2
2024-03-28,3.3508460521698,3.430000066757202,3.430000066757202,3.3499999046325684,3.3499999046325684,96846176,601618.SS,3
2024-03-29,3.282461404800415,3.359999895095825,3.3499999046325684,3.25,3.3399999141693115,143631318,601618.SS,4
2024-04-01,3.2922306060791016,3.369999885559082,3.4200000762939453,3.3499999046325684,3.369999885559082,132662530,601618.SS,0
2024-04-02,3.2043075561523438,3.2799999713897705,3.359999895095825,3.259999990463257,3.359999895095825,174619947,601618.SS,1
2024-04-03,3.302000045776367,3.380000114440918,3.380000114440918,3.259999990463257,3.2699999809265137,218364425,601618.SS,2
2024-04-08,3.282461404800415,3.359999895095825,3.490000009536743,3.319999933242798,3.3299999237060547,259676928,601618.SS,0
2024-04-09,3.223845958709717,3.299999952316284,3.369999885559082,3.2799999713897705,3.3499999046325684,177129102,601618.SS,1
2024-04-10,3.2140767574310303,3.2899999618530273,3.359999895095825,3.259999990463257,3.2899999618530273,142501730,601618.SS,2
2024-04-11,3.282461404800415,3.359999895095825,3.390000104904175,3.25,3.2699999809265137,192210824,601618.SS,3
2024-04-12,3.2140767574310303,3.2899999618530273,3.380000114440918,3.2799999713897705,3.3399999141693115,141432506,601618.SS,4
2024-04-15,3.389923095703125,3.4700000286102295,3.5,3.240000009536743,3.2899999618530273,376760354,601618.SS,0
2024-04-16,3.2922306060791016,3.369999885559082,3.4700000286102295,3.3499999046325684,3.4100000858306885,261023638,601618.SS,1
2024-04-17,3.370384454727173,3.450000047683716,3.4600000381469727,3.319999933242798,3.3499999046325684,210919244,601618.SS,2
2024-04-18,3.3606152534484863,3.440000057220459,3.490000009536743,3.4000000953674316,3.440000057220459,210750203,601618.SS,3
2024-04-19,3.389923095703125,3.4700000286102295,3.5199999809265137,3.4100000858306885,3.4100000858306885,265042625,601618.SS,4
2024-04-22,3.302000045776367,3.380000114440918,3.509999990463257,3.369999885559082,3.490000009536743,222993312,601618.SS,0
2024-04-23,3.223845958709717,3.299999952316284,3.369999885559082,3.2899999618530273,3.359999895095825,183540400,601618.SS,1
2024-04-24,3.2531535625457764,3.3299999237060547,3.3299999237060547,3.2799999713897705,3.299999952316284,93277838,601618.SS,2
2024-04-25,3.2336151599884033,3.309999942779541,3.319999933242798,3.2799999713897705,3.319999933242798,100528611,601618.SS,3
2024-04-26,3.262923002243042,3.3399999141693115,3.3399999141693115,3.2799999713897705,3.299999952316284,132420409,601618.SS,4
2024-04-29,3.2531535625457764,3.3299999237060547,3.3499999046325684,3.299999952316284,3.3299999237060547,133721515,601618.SS,0
2024-04-30,3.1945383548736572,3.2699999809265137,3.319999933242798,3.25,3.309999942779541,162742282,601618.SS,1
2024-05-06,3.24338436126709,3.319999933242798,3.3299999237060547,3.2799999713897705,3.299999952316284,123162051,601618.SS,0
2024-05-07,3.2140767574310303,3.2899999618530273,3.319999933242798,3.2799999713897705,3.309999942779541,119451894,601618.SS,1
2024-05-08,3.174999952316284,3.25,3.2899999618530273,3.25,3.2899999618530273,99392940,601618.SS,2
2024-05-09,3.223845958709717,3.299999952316284,3.299999952316284,3.25,3.25,92308715,601618.SS,3
2024-05-10,3.24338436126709,3.319999933242798,3.3299999237060547,3.2799999713897705,3.299999952316284,125788101,601618.SS,4
2024-05-13,3.2922306060791016,3.369999885559082,3.390000104904175,3.2799999713897705,3.309999942779541,202876539,601618.SS,0
2024-05-14,3.282461404800415,3.359999895095825,3.380000114440918,3.3299999237060547,3.359999895095825,149275804,601618.SS,1
2024-05-15,3.262923002243042,3.3399999141693115,3.380000114440918,3.3399999141693115,3.359999895095825,97269601,601618.SS,2
2024-05-16,3.2726922035217285,3.3499999046325684,3.380000114440918,3.3399999141693115,3.3499999046325684,119183795,601618.SS,3
2024-05-17,3.3313076496124268,3.4100000858306885,3.4100000858306885,3.3299999237060547,3.359999895095825,149593118,601618.SS,4
2024-05-20,3.370384454727173,3.450000047683716,3.4600000381469727,3.4200000762939453,3.430000066757202,196155800,601618.SS,0
2024-05-21,3.3313076496124268,3.4100000858306885,3.4700000286102295,3.390000104904175,3.450000047683716,134624617,601618.SS,1
2024-05-22,3.3410768508911133,3.4200000762939453,3.450000047683716,3.380000114440918,3.4000000953674316,116918088,601618.SS,2
2024-05-23,3.2336151599884033,3.309999942779541,3.4000000953674316,3.309999942779541,3.4000000953674316,141168527,601618.SS,3
2024-05-24,3.2140767574310303,3.2899999618530273,3.3399999141693115,3.2799999713897705,3.299999952316284,93423700,601618.SS,4
2024-05-27,3.2336151599884033,3.309999942779541,3.3299999237060547,3.2799999713897705,3.2899999618530273,99555850,601618.SS,0
2024-05-28,3.2336151599884033,3.309999942779541,3.369999885559082,3.299999952316284,3.319999933242798,114114265,601618.SS,1
2024-05-29,3.223845958709717,3.299999952316284,3.3499999046325684,3.2899999618530273,3.309999942779541,79221688,601618.SS,2
2024-05-30,3.1945383548736572,3.2699999809265137,3.319999933242798,3.259999990463257,3.299999952316284,97878944,601618.SS,3
2024-05-31,3.1847691535949707,3.259999990463257,3.2899999618530273,3.259999990463257,3.2699999809265137,71104116,601618.SS,4
2024-06-03,3.1847691535949707,3.259999990463257,3.2799999713897705,3.2300000190734863,3.259999990463257,90979056,601618.SS,0
2024-06-04,3.2140767574310303,3.2899999618530273,3.299999952316284,3.240000009536743,3.25,88083915,601618.SS,1
2024-06-05,3.174999952316284,3.25,3.2899999618530273,3.240000009536743,3.2899999618530273,70722599,601618.SS,2
2024-06-06,3.1261537075042725,3.200000047683716,3.2699999809265137,3.200000047683716,3.25,110438949,601618.SS,3
2024-06-07,3.135922908782959,3.2100000381469727,3.2300000190734863,3.1700000762939453,3.2100000381469727,92549943,601618.SS,4
2024-06-11,3.0675384998321533,3.140000104904175,3.200000047683716,3.130000114440918,3.200000047683716,91597224,601618.SS,1
2024-06-12,3.0675384998321533,3.140000104904175,3.1500000953674316,3.0999999046325684,3.140000104904175,84219660,601618.SS,2
2024-06-13,3.008922815322876,3.0799999237060547,3.140000104904175,3.069999933242798,3.130000114440918,81427044,601618.SS,3
2024-06-14,3.028461456298828,3.0999999046325684,3.109999895095825,3.069999933242798,3.0799999237060547,71425927,601618.SS,4
2024-06-17,3.008922815322876,3.0799999237060547,3.130000114440918,3.069999933242798,3.0899999141693115,64859788,601618.SS,0
2024-06-18,3.057769298553467,3.130000114440918,3.130000114440918,3.069999933242798,3.0799999237060547,79236700,601618.SS,1
2024-06-19,3.047999858856201,3.119999885559082,3.1500000953674316,3.119999885559082,3.130000114440918,42699826,601618.SS,2
2024-06-20,3.008922815322876,3.0799999237060547,3.130000114440918,3.069999933242798,3.119999885559082,58504994,601618.SS,3
2024-06-21,3.0186922550201416,3.0899999141693115,3.109999895095825,3.069999933242798,3.0799999237060547,51516154,601618.SS,4
2024-06-24,2.9600768089294434,3.0299999713897705,3.0899999141693115,3.0199999809265137,3.0799999237060547,81080000,601618.SS,0
2024-06-25,2.989384412765503,3.059999942779541,3.0799999237060547,3.0299999713897705,3.0299999713897705,82161866,601618.SS,1
2024-06-26,3.008922815322876,3.0799999237060547,3.0899999141693115,3.0299999713897705,3.049999952316284,54966873,601618.SS,2
2024-06-27,2.9796152114868164,3.049999952316284,3.0799999237060547,3.0399999618530273,3.069999933242798,57717840,601618.SS,3
2024-06-28,3.028461456298828,3.0999999046325684,3.119999885559082,3.0399999618530273,3.049999952316284,75644676,601618.SS,4
2024-07-01,3.0675384998321533,3.140000104904175,3.1500000953674316,3.0899999141693115,3.0899999141693115,60641300,601618.SS,0
2024-07-02,3.0675384998321533,3.140000104904175,3.1600000858306885,3.130000114440918,3.140000104904175,58880963,601618.SS,1
2024-07-03,3.0675384998321533,3.140000104904175,3.1700000762939453,3.140000104904175,3.1500000953674316,45665117,601618.SS,2
2024-07-04,3.07730770111084,3.1500000953674316,3.180000066757202,3.140000104904175,3.1500000953674316,80683320,601618.SS,3
2024-07-05,3.07730770111084,3.1500000953674316,3.1500000953674316,3.1500000953674316,3.1500000953674316,0,601618.SS,4
2024-07-08,3.008922815322876,3.0799999237060547,3.140000104904175,3.069999933242798,3.119999885559082,56947300,601618.SS,0
2024-07-09,3.0382306575775146,3.109999895095825,3.119999885559082,3.049999952316284,3.0799999237060547,56257800,601618.SS,1
2024-07-10,3.008922815322876,3.0799999237060547,3.130000114440918,3.069999933242798,3.109999895095825,51870994,601618.SS,2
2024-07-11,3.057769298553467,3.130000114440918,3.130000114440918,3.0999999046325684,3.0999999046325684,60050872,601618.SS,3
2024-07-12,3.057769298553467,3.130000114440918,3.1600000858306885,3.119999885559082,3.130000114440918,56061300,601618.SS,4
2024-07-15,3.047999858856201,3.119999885559082,3.140000104904175,3.0999999046325684,3.119999885559082,49319332,601618.SS,0
2024-07-16,3.047999858856201,3.119999885559082,3.130000114440918,3.0999999046325684,3.109999895095825,59364111,601618.SS,1
2024-07-17,3.0382306575775146,3.109999895095825,3.140000104904175,3.109999895095825,3.109999895095825,68624888,601618.SS,2
2024-07-18,3.047999858856201,3.119999885559082,3.130000114440918,3.049999952316284,3.109999895095825,87398796,601618.SS,3
2024-07-19,3.069999933242798,3.069999933242798,3.0899999141693115,3.049999952316284,3.059999942779541,85728074,601618.SS,4
2024-07-22,3.0999999046325684,3.0999999046325684,3.109999895095825,3.059999942779541,3.069999933242798,84654935,601618.SS,0
2024-07-23,3.0399999618530273,3.0399999618530273,3.109999895095825,3.0399999618530273,3.0899999141693115,78704769,601618.SS,1
2024-07-24,3.0999999046325684,3.0999999046325684,3.109999895095825,3.0299999713897705,3.049999952316284,93556269,601618.SS,2
2024-07-25,3.059999942779541,3.059999942779541,3.119999885559082,3.049999952316284,3.0899999141693115,86949622,601618.SS,3
2024-07-26,3.0799999237060547,3.0799999237060547,3.0999999046325684,3.059999942779541,3.069999933242798,70847203,601618.SS,4
2024-07-29,3.140000104904175,3.140000104904175,3.1500000953674316,3.069999933242798,3.0799999237060547,114306135,601618.SS,0
2024-07-30,3.130000114440918,3.130000114440918,3.1500000953674316,3.119999885559082,3.130000114440918,54369675,601618.SS,1
2024-07-31,3.1600000858306885,3.1600000858306885,3.1700000762939453,3.130000114440918,3.140000104904175,93391691,601618.SS,2
2024-08-01,3.180000066757202,3.180000066757202,3.200000047683716,3.1500000953674316,3.1600000858306885,97514531,601618.SS,3
2024-08-02,3.1700000762939453,3.1700000762939453,3.200000047683716,3.1600000858306885,3.1700000762939453,73665145,601618.SS,4
2024-08-05,3.140000104904175,3.140000104904175,3.200000047683716,3.140000104904175,3.1600000858306885,93311310,601618.SS,0
2024-08-06,3.140000104904175,3.140000104904175,3.180000066757202,3.119999885559082,3.1500000953674316,81168574,601618.SS,1
2024-08-07,3.1500000953674316,3.1500000953674316,3.190000057220459,3.140000104904175,3.140000104904175,68245987,601618.SS,2
2024-08-08,3.1600000858306885,3.1600000858306885,3.1700000762939453,3.140000104904175,3.140000104904175,47062995,601618.SS,3
2024-08-09,3.1700000762939453,3.1700000762939453,3.200000047683716,3.1600000858306885,3.1700000762939453,67086695,601618.SS,4
2024-08-12,3.1700000762939453,3.1700000762939453,3.190000057220459,3.1600000858306885,3.1700000762939453,54463095,601618.SS,0
2024-08-13,3.190000057220459,3.190000057220459,3.190000057220459,3.1500000953674316,3.1700000762939453,56565000,601618.SS,1
2024-08-14,3.200000047683716,3.200000047683716,3.2200000286102295,3.180000066757202,3.190000057220459,62052116,601618.SS,2
2024-08-15,3.25,3.25,3.25,3.190000057220459,3.200000047683716,96111209,601618.SS,3
2024-08-16,3.2300000190734863,3.2300000190734863,3.2799999713897705,3.2200000286102295,3.25,74019400,601618.SS,4
2024-08-19,3.2699999809265137,3.2699999809265137,3.2699999809265137,3.2200000286102295,3.2300000190734863,56006520,601618.SS,0
2024-08-20,3.259999990463257,3.259999990463257,3.2799999713897705,3.240000009536743,3.2699999809265137,68320840,601618.SS,1
2024-08-21,3.2200000286102295,3.2200000286102295,3.259999990463257,3.2100000381469727,3.259999990463257,62687378,601618.SS,2
2024-08-22,3.2200000286102295,3.2200000286102295,3.25,3.2100000381469727,3.2300000190734863,50805537,601618.SS,3
2024-08-23,3.240000009536743,3.240000009536743,3.25,3.200000047683716,3.2100000381469727,53111383,601618.SS,4
2024-08-26,3.2100000381469727,3.2100000381469727,3.25,3.190000057220459,3.240000009536743,65605074,601618.SS,0
2024-08-27,3.190000057220459,3.190000057220459,3.2300000190734863,3.1700000762939453,3.2200000286102295,56978069,601618.SS,1
2024-08-28,3.1700000762939453,3.1700000762939453,3.2100000381469727,3.1600000858306885,3.190000057220459,57019401,601618.SS,2
2024-08-29,3.069999933242798,3.069999933242798,3.1700000762939453,3.069999933242798,3.1600000858306885,104520802,601618.SS,3
2024-08-30,2.950000047683716,2.950000047683716,3.0399999618530273,2.9100000858306885,3.0299999713897705,261818457,601618.SS,4
2024-09-02,2.8299999237060547,2.8299999237060547,2.950000047683716,2.819999933242798,2.940000057220459,191683319,601618.SS,0
2024-09-03,2.8299999237060547,2.8299999237060547,2.8299999237060547,2.799999952316284,2.819999933242798,87930940,601618.SS,1
2024-09-04,2.740000009536743,2.740000009536743,2.819999933242798,2.7300000190734863,2.819999933242798,108861539,601618.SS,2
2024-09-05,2.75,2.75,2.759999990463257,2.7300000190734863,2.740000009536743,72396440,601618.SS,3
2024-09-06,2.740000009536743,2.740000009536743,2.7699999809265137,2.7300000190734863,2.75,59388661,601618.SS,4
2024-09-09,2.690000057220459,2.690000057220459,2.7300000190734863,2.6700000762939453,2.7200000286102295,89879483,601618.SS,0
2024-09-10,2.6600000858306885,2.6600000858306885,2.700000047683716,2.5999999046325684,2.700000047683716,103097370,601618.SS,1
2024-09-11,2.619999885559082,2.619999885559082,2.6500000953674316,2.5999999046325684,2.6500000953674316,65198571,601618.SS,2
2024-09-12,2.619999885559082,2.619999885559082,2.640000104904175,2.609999895095825,2.630000114440918,53693878,601618.SS,3
2024-09-13,2.569999933242798,2.569999933242798,2.630000114440918,2.569999933242798,2.619999885559082,64355803,601618.SS,4
2024-09-18,2.5999999046325684,2.5999999046325684,2.609999895095825,2.5399999618530273,2.5799999237060547,65736386,601618.SS,2
2024-09-19,2.680000066757202,2.680000066757202,2.680000066757202,2.5899999141693115,2.609999895095825,92224040,601618.SS,3
2024-09-20,2.6700000762939453,2.6700000762939453,2.680000066757202,2.630000114440918,2.6700000762939453,66528891,601618.SS,4
2024-09-23,2.680000066757202,2.680000066757202,2.700000047683716,2.6500000953674316,2.6600000858306885,47323800,601618.SS,0
2024-09-24,2.7699999809265137,2.7699999809265137,2.7699999809265137,2.680000066757202,2.690000057220459,108459685,601618.SS,1
2024-09-25,2.869999885559082,2.869999885559082,2.950000047683716,2.799999952316284,2.799999952316284,211984573,601618.SS,2
2024-09-26,2.9800000190734863,2.9800000190734863,2.9800000190734863,2.8399999141693115,2.859999895095825,169317487,601618.SS,3
2024-09-27,3.049999952316284,3.049999952316284,3.0799999237060547,2.990000009536743,3.0299999713897705,151912615,601618.SS,4
2024-09-30,3.3399999141693115,3.3399999141693115,3.359999895095825,3.109999895095825,3.140000104904175,342723574,601618.SS,0
2024-10-08,3.549999952316284,3.549999952316284,3.6700000762939453,3.380000114440918,3.6700000762939453,384431136,601618.SS,1
2024-10-09,3.200000047683716,3.200000047683716,3.4800000190734863,3.200000047683716,3.4800000190734863,282695967,601618.SS,2
2024-10-10,3.5199999809265137,3.5199999809265137,3.5199999809265137,3.190000057220459,3.200000047683716,507931630,601618.SS,3
2024-10-11,3.309999942779541,3.309999942779541,3.4700000286102295,3.2799999713897705,3.4700000286102295,317514809,601618.SS,4
2024-10-14,3.369999885559082,3.369999885559082,3.440000057220459,3.319999933242798,3.3499999046325684,208060426,601618.SS,0
2024-10-15,3.2899999618530273,3.2899999618530273,3.4200000762939453,3.2899999618530273,3.359999895095825,164919906,601618.SS,1
2024-10-16,3.309999942779541,3.309999942779541,3.3499999046325684,3.240000009536743,3.25,131048730,601618.SS,2
2024-10-17,3.2300000190734863,3.2300000190734863,3.3299999237060547,3.2300000190734863,3.319999933242798,131589779,601618.SS,3
2024-10-18,3.299999952316284,3.299999952316284,3.3499999046325684,3.1700000762939453,3.2200000286102295,168681835,601618.SS,4
2024-10-21,3.319999933242798,3.319999933242798,3.3499999046325684,3.2799999713897705,3.3299999237060547,135986893,601618.SS,0
2024-10-22,3.319999933242798,3.319999933242798,3.3299999237060547,3.2799999713897705,3.309999942779541,93094639,601618.SS,1
2024-10-23,3.359999895095825,3.359999895095825,3.380000114440918,3.299999952316284,3.309999942779541,134654767,601618.SS,2
2024-10-24,3.2899999618530273,3.2899999618530273,3.3499999046325684,3.2799999713897705,3.3399999141693115,84326855,601618.SS,3
2024-10-25,3.299999952316284,3.299999952316284,3.319999933242798,3.2799999713897705,3.2799999713897705,76895114,601618.SS,4
2024-10-28,3.3499999046325684,3.3499999046325684,3.359999895095825,3.2799999713897705,3.299999952316284,133891321,601618.SS,0
2024-10-29,3.2699999809265137,3.2699999809265137,3.369999885559082,3.2699999809265137,3.359999895095825,117834315,601618.SS,1
2024-10-30,3.319999933242798,3.319999933242798,3.359999895095825,3.2899999618530273,3.2899999618530273,142441688,601618.SS,2
2024-10-31,3.3399999141693115,3.3399999141693115,3.380000114440918,3.309999942779541,3.319999933242798,135360982,601618.SS,3
2024-11-01,3.4100000858306885,3.4100000858306885,3.490000009536743,3.319999933242798,3.3399999141693115,269104848,601618.SS,4
2024-11-04,3.430000066757202,3.430000066757202,3.440000057220459,3.369999885559082,3.430000066757202,138535464,601618.SS,0
2024-11-05,3.490000009536743,3.490000009536743,3.490000009536743,3.4000000953674316,3.4200000762939453,169627222,601618.SS,1
2024-11-06,3.490000009536743,3.490000009536743,3.5199999809265137,3.430000066757202,3.490000009536743,180738435,601618.SS,2
2024-11-07,3.5899999141693115,3.5899999141693115,3.5899999141693115,3.450000047683716,3.4800000190734863,207126441,601618.SS,3
2024-11-08,3.5299999713897705,3.5299999713897705,3.640000104904175,3.509999990463257,3.630000114440918,189303294,601618.SS,4
2024-11-11,3.5,3.5,3.5399999618530273,3.450000047683716,3.5,135006775,601618.SS,0
2024-11-12,3.440000057220459,3.440000057220459,3.509999990463257,3.4100000858306885,3.4700000286102295,125074843,601618.SS,1
2024-11-13,3.4700000286102295,3.4700000286102295,3.5299999713897705,3.4100000858306885,3.4200000762939453,122154422,601618.SS,2
2024-11-14,3.440000057220459,3.440000057220459,3.490000009536743,3.430000066757202,3.4600000381469727,92196754,601618.SS,3
2024-11-15,3.380000114440918,3.380000114440918,3.4600000381469727,3.380000114440918,3.4200000762939453,113105113,601618.SS,4
2024-11-18,3.640000104904175,3.640000104904175,3.7200000286102295,3.490000009536743,3.490000009536743,644734044,601618.SS,0
2024-11-19,3.4700000286102295,3.4700000286102295,3.559999942779541,3.380000114440918,3.5299999713897705,448505649,601618.SS,1
2024-11-20,3.4600000381469727,3.4600000381469727,3.5199999809265137,3.430000066757202,3.430000066757202,185108454,601618.SS,2
2024-11-21,3.440000057220459,3.440000057220459,3.509999990463257,3.4100000858306885,3.4600000381469727,131345200,601618.SS,3
2024-11-22,3.319999933242798,3.319999933242798,3.4600000381469727,3.319999933242798,3.440000057220459,152904389,601618.SS,4
2024-11-25,3.309999942779541,3.309999942779541,3.359999895095825,3.2699999809265137,3.319999933242798,114320427,601618.SS,0
2024-11-26,3.2899999618530273,3.2899999618530273,3.319999933242798,3.2699999809265137,3.299999952316284,86797649,601618.SS,1
2024-11-27,3.3399999141693115,3.3399999141693115,3.3399999141693115,3.240000009536743,3.2899999618530273,81814227,601618.SS,2
2024-11-28,3.3299999237060547,3.3299999237060547,3.369999885559082,3.309999942779541,3.3399999141693115,86282693,601618.SS,3
2024-11-29,3.3399999141693115,3.3399999141693115,3.380000114440918,3.3299999237060547,3.3399999141693115,90222881,601618.SS,4
2024-12-02,3.390000104904175,3.390000104904175,3.390000104904175,3.3299999237060547,3.3499999046325684,104009502,601618.SS,0
2024-12-03,3.4200000762939453,3.4200000762939453,3.4200000762939453,3.3499999046325684,3.390000104904175,108434590,601618.SS,1
2024-12-04,3.369999885559082,3.369999885559082,3.4100000858306885,3.3499999046325684,3.4000000953674316,82418648,601618.SS,2
2024-12-05,3.359999895095825,3.359999895095825,3.380000114440918,3.3399999141693115,3.369999885559082,68255966,601618.SS,3
2024-12-06,3.4200000762939453,3.4200000762939453,3.430000066757202,3.3499999046325684,3.359999895095825,111157372,601618.SS,4
2024-12-09,3.4100000858306885,3.4100000858306885,3.450000047683716,3.390000104904175,3.4200000762939453,99262300,601618.SS,0
2024-12-10,3.4000000953674316,3.4000000953674316,3.5199999809265137,3.390000104904175,3.490000009536743,141279813,601618.SS,1
2024-12-11,3.430000066757202,3.430000066757202,3.440000057220459,3.390000104904175,3.390000104904175,83213692,601618.SS,2
2024-12-12,3.450000047683716,3.450000047683716,3.450000047683716,3.4000000953674316,3.4200000762939453,87289578,601618.SS,3
2024-12-13,3.359999895095825,3.359999895095825,3.430000066757202,3.3499999046325684,3.430000066757202,112066418,601618.SS,4
2024-12-16,3.359999895095825,3.359999895095825,3.390000104904175,3.3399999141693115,3.3499999046325684,70033910,601618.SS,0
2024-12-17,3.319999933242798,3.319999933242798,3.369999885559082,3.309999942779541,3.3499999046325684,80367503,601618.SS,1
2024-12-18,3.359999895095825,3.359999895095825,3.430000066757202,3.3499999046325684,3.369999885559082,114189300,601618.SS,2
2024-12-19,3.380000114440918,3.380000114440918,3.4000000953674316,3.309999942779541,3.3299999237060547,97559786,601618.SS,3
2024-12-20,3.3299999237060547,3.3299999237060547,3.390000104904175,3.319999933242798,3.380000114440918,84601670,601618.SS,4
2024-12-23,3.3399999141693115,3.3399999141693115,3.380000114440918,3.319999933242798,3.3299999237060547,87621070,601618.SS,0
2024-12-24,3.369999885559082,3.369999885559082,3.380000114440918,3.3299999237060547,3.3399999141693115,74401583,601618.SS,1
2024-12-25,3.369999885559082,3.369999885559082,3.390000104904175,3.3499999046325684,3.369999885559082,77867772,601618.SS,2
2024-12-26,3.319999933242798,3.319999933242798,3.380000114440918,3.309999942779541,3.369999885559082,89931400,601618.SS,3
2024-12-27,3.3499999046325684,3.3499999046325684,3.359999895095825,3.319999933242798,3.3299999237060547,76129803,601618.SS,4
