index,price,close,high,low,open,volume,ticker,day,macd,boll_ub,boll_lb,rsi_30,cci_30,dx_30,close_30_sma,close_60_sma,dopen,dhigh,dlow,dclose,dvolume
2010-01-04,3.712751626968384,0.047977998471893595,0.04892201820910658,0.04537542617085285,0.04641855092571412,26.467352277203215,300124.SZ,-0.7192638422508947,-0.11452648634118473,-0.9929889412412534,-0.9573460911617169,-6.013981363439345,-0.7086637392341458,5.85328995369533,-0.9756867233980661,-0.9714008740522002,0.005640991556480242,-0.004405379406813503,0.0020952703492797525,-0.004942614071356288,-26.814797923448104
2010-01-05,3.712751626968384,0.047977998471893595,0.04892201820910658,0.04537542617085285,0.04641855092571412,26.467352277203215,300124.SZ,-0.7192638422508947,-0.11452648634118473,-0.9929889412412534,-0.9573460911617169,-6.013981363439345,-0.7086637392341458,5.85328995369533,-0.9756867233980661,-0.9714008740522002,0.005640991556480242,-0.004405379406813503,0.0020952703492797525,-0.004942614071356288,-26.814797923448104
2010-01-06,3.712751626968384,0.047977998471893595,0.04892201820910658,0.04537542617085285,0.04641855092571412,26.467352277203215,300124.SZ,-0.7192638422508947,-0.11452648634118473,-0.9929889412412534,-0.9573460911617169,-6.013981363439345,-0.7086637392341458,5.85328995369533,-0.9756867233980661,-0.9714008740522002,0.005640991556480242,-0.004405379406813503,0.0020952703492797525,-0.004942614071356288,-26.814797923448104
2010-01-07,3.712751626968384,0.047977998471893595,0.04892201820910658,0.04537542617085285,0.04641855092571412,26.467352277203215,300124.SZ,-0.7192638422508947,-0.11452648634118473,-0.9929889412412534,-0.9573460911617169,-6.013981363439345,-0.7086637392341458,5.85328995369533,-0.9756867233980661,-0.9714008740522002,0.005640991556480242,-0.004405379406813503,0.0020952703492797525,-0.004942614071356288,-26.814797923448104
2010-01-08,3.712751626968384,0.047977998471893595,0.04892201820910658,0.04537542617085285,0.04641855092571412,26.467352277203215,300124.SZ,-0.7192638422508947,-0.11452648634118473,-0.9929889412412534,-0.9573460911617169,-6.013981363439345,-0.7086637392341458,5.85328995369533,-0.9756867233980661,-0.9714008740522002,0.005640991556480242,-0.004405379406813503,0.0020952703492797525,-0.004942614071356288,-26.814797923448104
2010-01-11,3.712751626968384,0.047977998471893595,0.04892201820910658,0.04537542617085285,0.04641855092571412,26.467352277203215,300124.SZ,-0.7192638422508947,-0.11452648634118473,-0.9929889412412534,-0.9573460911617169,-6.013981363439345,-0.7086637392341458,5.85328995369533,-0.9756867233980661,-0.9714008740522002,0.005640991556480242,-0.004405379406813503,0.0020952703492797525,-0.004942614071356288,-26.814797923448104
2010-01-12,3.712751626968384,0.047977998471893595,0.04892201820910658,0.04537542617085285,0.04641855092571412,26.467352277203215,300124.SZ,-0.7192638422508947,-0.11452648634118473,-0.9929889412412534,-0.9573460911617169,-6.013981363439345,-0.7086637392341458,5.85328995369533,-0.9756867233980661,-0.9714008740522002,0.005640991556480242,-0.004405379406813503,0.0020952703492797525,-0.004942614071356288,-26.814797923448104
2010-01-13,3.712751626968384,0.047977998471893595,0.04892201820910658,0.04537542617085285,0.04641855092571412,26.467352277203215,300124.SZ,-0.7192638422508947,-0.11452648634118473,-0.9929889412412534,-0.9573460911617169,-6.013981363439345,-0.7086637392341458,5.85328995369533,-0.9756867233980661,-0.9714008740522002,0.005640991556480242,-0.004405379406813503,0.0020952703492797525,-0.004942614071356288,-26.814797923448104
2010-01-14,3.712751626968384,0.047977998471893595,0.04892201820910658,0.04537542617085285,0.04641855092571412,26.467352277203215,300124.SZ,-0.7192638422508947,-0.11452648634118473,-0.9929889412412534,-0.9573460911617169,-6.013981363439345,-0.7086637392341458,5.85328995369533,-0.9756867233980661,-0.9714008740522002,0.005640991556480242,-0.004405379406813503,0.0020952703492797525,-0.004942614071356288,-26.814797923448104
2010-01-15,3.712751626968384,0.047977998471893595,0.04892201820910658,0.04537542617085285,0.04641855092571412,26.467352277203215,300124.SZ,-0.7192638422508947,-0.11452648634118473,-0.9929889412412534,-0.9573460911617169,-6.013981363439345,-0.7086637392341458,5.85328995369533,-0.9756867233980661,-0.9714008740522002,0.005640991556480242,-0.004405379406813503,0.0020952703492797525,-0.004942614071356288,-26.814797923448104
2010-01-18,3.712751626968384,0.047977998471893595,0.04892201820910658,0.04537542617085285,0.04641855092571412,26.467352277203215,300124.SZ,-0.7192638422508947,-0.11452648634118473,-0.9929889412412534,-0.9573460911617169,-6.013981363439345,-0.7086637392341458,5.85328995369533,-0.9756867233980661,-0.9714008740522002,0.005640991556480242,-0.004405379406813503,0.0020952703492797525,-0.004942614071356288,-26.814797923448104
2010-01-19,3.712751626968384,0.047977998471893595,0.04892201820910658,0.04537542617085285,0.04641855092571412,26.467352277203215,300124.SZ,-0.7192638422508947,-0.11452648634118473,-0.9929889412412534,-0.9573460911617169,-6.013981363439345,-0.7086637392341458,5.85328995369533,-0.9756867233980661,-0.9714008740522002,0.005640991556480242,-0.004405379406813503,0.0020952703492797525,-0.004942614071356288,-26.814797923448104
2010-01-20,3.712751626968384,0.047977998471893595,0.04892201820910658,0.04537542617085285,0.04641855092571412,26.467352277203215,300124.SZ,-0.7192638422508947,-0.11452648634118473,-0.9929889412412534,-0.9573460911617169,-6.013981363439345,-0.7086637392341458,5.85328995369533,-0.9756867233980661,-0.9714008740522002,0.005640991556480242,-0.004405379406813503,0.0020952703492797525,-0.004942614071356288,-26.814797923448104
2010-01-21,3.712751626968384,0.047977998471893595,0.04892201820910658,0.04537542617085285,0.04641855092571412,26.467352277203215,300124.SZ,-0.7192638422508947,-0.11452648634118473,-0.9929889412412534,-0.9573460911617169,-6.013981363439345,-0.7086637392341458,5.85328995369533,-0.9756867233980661,-0.9714008740522002,0.005640991556480242,-0.004405379406813503,0.0020952703492797525,-0.004942614071356288,-26.814797923448104
2010-01-22,3.712751626968384,0.047977998471893595,0.04892201820910658,0.04537542617085285,0.04641855092571412,26.467352277203215,300124.SZ,-0.7192638422508947,-0.11452648634118473,-0.9929889412412534,-0.9573460911617169,-6.013981363439345,-0.7086637392341458,5.85328995369533,-0.9756867233980661,-0.9714008740522002,0.005640991556480242,-0.004405379406813503,0.0020952703492797525,-0.004942614071356288,-26.814797923448104
2010-01-25,3.712751626968384,0.047977998471893595,0.04892201820910658,0.04537542617085285,0.04641855092571412,26.467352277203215,300124.SZ,-0.7192638422508947,-0.11452648634118473,-0.9929889412412534,-0.9573460911617169,-6.013981363439345,-0.7086637392341458,5.85328995369533,-0.9756867233980661,-0.9714008740522002,0.005640991556480242,-0.004405379406813503,0.0020952703492797525,-0.004942614071356288,-26.814797923448104
2010-01-26,3.712751626968384,0.047977998471893595,0.04892201820910658,0.04537542617085285,0.04641855092571412,26.467352277203215,300124.SZ,-0.7192638422508947,-0.11452648634118473,-0.9929889412412534,-0.9573460911617169,-6.013981363439345,-0.7086637392341458,5.85328995369533,-0.9756867233980661,-0.9714008740522002,0.005640991556480242,-0.004405379406813503,0.0020952703492797525,-0.004942614071356288,-26.814797923448104
2010-01-27,3.712751626968384,0.047977998471893595,0.04892201820910658,0.04537542617085285,0.04641855092571412,26.467352277203215,300124.SZ,-0.7192638422508947,-0.11452648634118473,-0.9929889412412534,-0.9573460911617169,-6.013981363439345,-0.7086637392341458,5.85328995369533,-0.9756867233980661,-0.9714008740522002,0.005640991556480242,-0.004405379406813503,0.0020952703492797525,-0.004942614071356288,-26.814797923448104
2010-01-28,3.712751626968384,0.047977998471893595,0.04892201820910658,0.04537542617085285,0.04641855092571412,26.467352277203215,300124.SZ,-0.7192638422508947,-0.11452648634118473,-0.9929889412412534,-0.9573460911617169,-6.013981363439345,-0.7086637392341458,5.85328995369533,-0.9756867233980661,-0.9714008740522002,0.005640991556480242,-0.004405379406813503,0.0020952703492797525,-0.004942614071356288,-26.814797923448104
2010-01-29,3.712751626968384,0.047977998471893595,0.04892201820910658,0.04537542617085285,0.04641855092571412,26.467352277203215,300124.SZ,-0.7192638422508947,-0.11452648634118473,-0.9929889412412534,-0.9573460911617169,-6.013981363439345,-0.7086637392341458,5.85328995369533,-0.9756867233980661,-0.9714008740522002,0.005640991556480242,-0.004405379406813503,0.0020952703492797525,-0.004942614071356288,-26.814797923448104
2010-02-01,3.712751626968384,0.047977998471893595,0.04892201820910658,0.04537542617085285,0.04641855092571412,26.467352277203215,300124.SZ,-0.7192638422508947,-0.11452648634118473,-0.9929889412412534,-0.9573460911617169,-6.013981363439345,-0.7086637392341458,5.85328995369533,-0.9756867233980661,-0.9714008740522002,0.005640991556480242,-0.004405379406813503,0.0020952703492797525,-0.004942614071356288,-26.814797923448104
2010-02-02,3.712751626968384,0.047977998471893595,0.04892201820910658,0.04537542617085285,0.04641855092571412,26.467352277203215,300124.SZ,-0.7192638422508947,-0.11452648634118473,-0.9929889412412534,-0.9573460911617169,-6.013981363439345,-0.7086637392341458,5.85328995369533,-0.9756867233980661,-0.9714008740522002,0.005640991556480242,-0.004405379406813503,0.0020952703492797525,-0.004942614071356288,-26.814797923448104
2010-02-03,3.712751626968384,0.047977998471893595,0.04892201820910658,0.04537542617085285,0.04641855092571412,26.467352277203215,300124.SZ,-0.7192638422508947,-0.11452648634118473,-0.9929889412412534,-0.9573460911617169,-6.013981363439345,-0.7086637392341458,5.85328995369533,-0.9756867233980661,-0.9714008740522002,0.005640991556480242,-0.004405379406813503,0.0020952703492797525,-0.004942614071356288,-26.814797923448104
2010-02-04,3.712751626968384,0.047977998471893595,0.04892201820910658,0.04537542617085285,0.04641855092571412,26.467352277203215,300124.SZ,-0.7192638422508947,-0.11452648634118473,-0.9929889412412534,-0.9573460911617169,-6.013981363439345,-0.7086637392341458,5.85328995369533,-0.9756867233980661,-0.9714008740522002,0.005640991556480242,-0.004405379406813503,0.0020952703492797525,-0.004942614071356288,-26.814797923448104
2010-02-05,3.712751626968384,0.047977998471893595,0.04892201820910658,0.04537542617085285,0.04641855092571412,26.467352277203215,300124.SZ,-0.7192638422508947,-0.11452648634118473,-0.9929889412412534,-0.9573460911617169,-6.013981363439345,-0.7086637392341458,5.85328995369533,-0.9756867233980661,-0.9714008740522002,0.005640991556480242,-0.004405379406813503,0.0020952703492797525,-0.004942614071356288,-26.814797923448104
2010-02-08,3.712751626968384,0.047977998471893595,0.04892201820910658,0.04537542617085285,0.04641855092571412,26.467352277203215,300124.SZ,-0.7192638422508947,-0.11452648634118473,-0.9929889412412534,-0.9573460911617169,-6.013981363439345,-0.7086637392341458,5.85328995369533,-0.9756867233980661,-0.9714008740522002,0.005640991556480242,-0.004405379406813503,0.0020952703492797525,-0.004942614071356288,-26.814797923448104
2010-02-09,3.712751626968384,0.047977998471893595,0.04892201820910658,0.04537542617085285,0.04641855092571412,26.467352277203215,300124.SZ,-0.7192638422508947,-0.11452648634118473,-0.9929889412412534,-0.9573460911617169,-6.013981363439345,-0.7086637392341458,5.85328995369533,-0.9756867233980661,-0.9714008740522002,0.005640991556480242,-0.004405379406813503,0.0020952703492797525,-0.004942614071356288,-26.814797923448104
2010-02-10,3.712751626968384,0.047977998471893595,0.04892201820910658,0.04537542617085285,0.04641855092571412,26.467352277203215,300124.SZ,-0.7192638422508947,-0.11452648634118473,-0.9929889412412534,-0.9573460911617169,-6.013981363439345,-0.7086637392341458,5.85328995369533,-0.9756867233980661,-0.9714008740522002,0.005640991556480242,-0.004405379406813503,0.0020952703492797525,-0.004942614071356288,-26.814797923448104
2010-02-11,3.712751626968384,0.047977998471893595,0.04892201820910658,0.04537542617085285,0.04641855092571412,26.467352277203215,300124.SZ,-0.7192638422508947,-0.11452648634118473,-0.9929889412412534,-0.9573460911617169,-6.013981363439345,-0.7086637392341458,5.85328995369533,-0.9756867233980661,-0.9714008740522002,0.005640991556480242,-0.004405379406813503,0.0020952703492797525,-0.004942614071356288,-26.814797923448104
2010-02-12,3.712751626968384,0.047977998471893595,0.04892201820910658,0.04537542617085285,0.04641855092571412,26.467352277203215,300124.SZ,-0.7192638422508947,-0.11452648634118473,-0.9929889412412534,-0.9573460911617169,-6.013981363439345,-0.7086637392341458,5.85328995369533,-0.9756867233980661,-0.9714008740522002,0.005640991556480242,-0.004405379406813503,0.0020952703492797525,-0.004942614071356288,-26.814797923448104
2010-02-22,3.712751626968384,0.047977998471893595,0.04892201820910658,0.04537542617085285,0.04641855092571412,26.467352277203215,300124.SZ,-0.7192638422508947,-0.11452648634118473,-0.9929889412412534,-0.9573460911617169,-6.013981363439345,-0.7086637392341458,5.85328995369533,-0.9756867233980661,-0.9714008740522002,0.005640991556480242,-0.004405379406813503,0.0020952703492797525,-0.004942614071356288,-26.814797923448104
2010-02-23,3.712751626968384,0.047977998471893595,0.04892201820910658,0.04537542617085285,0.04641855092571412,26.467352277203215,300124.SZ,-0.7192638422508947,-0.11452648634118473,-0.9929889412412534,-0.9573460911617169,-6.013981363439345,-0.7086637392341458,5.85328995369533,-0.9756867233980661,-0.9714008740522002,0.005640991556480242,-0.004405379406813503,0.0020952703492797525,-0.004942614071356288,-26.814797923448104
2010-02-24,3.712751626968384,0.047977998471893595,0.04892201820910658,0.04537542617085285,0.04641855092571412,26.467352277203215,300124.SZ,-0.7192638422508947,-0.11452648634118473,-0.9929889412412534,-0.9573460911617169,-6.013981363439345,-0.7086637392341458,5.85328995369533,-0.9756867233980661,-0.9714008740522002,0.005640991556480242,-0.004405379406813503,0.0020952703492797525,-0.004942614071356288,-26.814797923448104
2010-02-25,3.712751626968384,0.047977998471893595,0.04892201820910658,0.04537542617085285,0.04641855092571412,26.467352277203215,300124.SZ,-0.7192638422508947,-0.11452648634118473,-0.9929889412412534,-0.9573460911617169,-6.013981363439345,-0.7086637392341458,5.85328995369533,-0.9756867233980661,-0.9714008740522002,0.005640991556480242,-0.004405379406813503,0.0020952703492797525,-0.004942614071356288,-26.814797923448104
2010-02-26,3.712751626968384,0.047977998471893595,0.04892201820910658,0.04537542617085285,0.04641855092571412,26.467352277203215,300124.SZ,-0.7192638422508947,-0.11452648634118473,-0.9929889412412534,-0.9573460911617169,-6.013981363439345,-0.7086637392341458,5.85328995369533,-0.9756867233980661,-0.9714008740522002,0.005640991556480242,-0.004405379406813503,0.0020952703492797525,-0.004942614071356288,-26.814797923448104
2010-03-01,3.712751626968384,0.047977998471893595,0.04892201820910658,0.04537542617085285,0.04641855092571412,26.467352277203215,300124.SZ,-0.7192638422508947,-0.11452648634118473,-0.9929889412412534,-0.9573460911617169,-6.013981363439345,-0.7086637392341458,5.85328995369533,-0.9756867233980661,-0.9714008740522002,0.005640991556480242,-0.004405379406813503,0.0020952703492797525,-0.004942614071356288,-26.814797923448104
2010-03-02,3.712751626968384,0.047977998471893595,0.04892201820910658,0.04537542617085285,0.04641855092571412,26.467352277203215,300124.SZ,-0.7192638422508947,-0.11452648634118473,-0.9929889412412534,-0.9573460911617169,-6.013981363439345,-0.7086637392341458,5.85328995369533,-0.9756867233980661,-0.9714008740522002,0.005640991556480242,-0.004405379406813503,0.0020952703492797525,-0.004942614071356288,-26.814797923448104
2010-03-03,3.712751626968384,0.047977998471893595,0.04892201820910658,0.04537542617085285,0.04641855092571412,26.467352277203215,300124.SZ,-0.7192638422508947,-0.11452648634118473,-0.9929889412412534,-0.9573460911617169,-6.013981363439345,-0.7086637392341458,5.85328995369533,-0.9756867233980661,-0.9714008740522002,0.005640991556480242,-0.004405379406813503,0.0020952703492797525,-0.004942614071356288,-26.814797923448104
2010-03-04,3.712751626968384,0.047977998471893595,0.04892201820910658,0.04537542617085285,0.04641855092571412,26.467352277203215,300124.SZ,-0.7192638422508947,-0.11452648634118473,-0.9929889412412534,-0.9573460911617169,-6.013981363439345,-0.7086637392341458,5.85328995369533,-0.9756867233980661,-0.9714008740522002,0.005640991556480242,-0.004405379406813503,0.0020952703492797525,-0.004942614071356288,-26.814797923448104
2010-03-05,3.712751626968384,0.047977998471893595,0.04892201820910658,0.04537542617085285,0.04641855092571412,26.467352277203215,300124.SZ,-0.7192638422508947,-0.11452648634118473,-0.9929889412412534,-0.9573460911617169,-6.013981363439345,-0.7086637392341458,5.85328995369533,-0.9756867233980661,-0.9714008740522002,0.005640991556480242,-0.004405379406813503,0.0020952703492797525,-0.004942614071356288,-26.814797923448104
2010-03-08,3.712751626968384,0.047977998471893595,0.04892201820910658,0.04537542617085285,0.04641855092571412,26.467352277203215,300124.SZ,-0.7192638422508947,-0.11452648634118473,-0.9929889412412534,-0.9573460911617169,-6.013981363439345,-0.7086637392341458,5.85328995369533,-0.9756867233980661,-0.9714008740522002,0.005640991556480242,-0.004405379406813503,0.0020952703492797525,-0.004942614071356288,-26.814797923448104
2010-03-09,3.712751626968384,0.047977998471893595,0.04892201820910658,0.04537542617085285,0.04641855092571412,26.467352277203215,300124.SZ,-0.7192638422508947,-0.11452648634118473,-0.9929889412412534,-0.9573460911617169,-6.013981363439345,-0.7086637392341458,5.85328995369533,-0.9756867233980661,-0.9714008740522002,0.005640991556480242,-0.004405379406813503,0.0020952703492797525,-0.004942614071356288,-26.814797923448104
2010-03-10,3.712751626968384,0.047977998471893595,0.04892201820910658,0.04537542617085285,0.04641855092571412,26.467352277203215,300124.SZ,-0.7192638422508947,-0.11452648634118473,-0.9929889412412534,-0.9573460911617169,-6.013981363439345,-0.7086637392341458,5.85328995369533,-0.9756867233980661,-0.9714008740522002,0.005640991556480242,-0.004405379406813503,0.0020952703492797525,-0.004942614071356288,-26.814797923448104
2010-03-11,3.712751626968384,0.047977998471893595,0.04892201820910658,0.04537542617085285,0.04641855092571412,26.467352277203215,300124.SZ,-0.7192638422508947,-0.11452648634118473,-0.9929889412412534,-0.9573460911617169,-6.013981363439345,-0.7086637392341458,5.85328995369533,-0.9756867233980661,-0.9714008740522002,0.005640991556480242,-0.004405379406813503,0.0020952703492797525,-0.004942614071356288,-26.814797923448104
2010-03-12,3.712751626968384,0.047977998471893595,0.04892201820910658,0.04537542617085285,0.04641855092571412,26.467352277203215,300124.SZ,-0.7192638422508947,-0.11452648634118473,-0.9929889412412534,-0.9573460911617169,-6.013981363439345,-0.7086637392341458,5.85328995369533,-0.9756867233980661,-0.9714008740522002,0.005640991556480242,-0.004405379406813503,0.0020952703492797525,-0.004942614071356288,-26.814797923448104
2010-03-15,3.712751626968384,0.047977998471893595,0.04892201820910658,0.04537542617085285,0.04641855092571412,26.467352277203215,300124.SZ,-0.7192638422508947,-0.11452648634118473,-0.9929889412412534,-0.9573460911617169,-6.013981363439345,-0.7086637392341458,5.85328995369533,-0.9756867233980661,-0.9714008740522002,0.005640991556480242,-0.004405379406813503,0.0020952703492797525,-0.004942614071356288,-26.814797923448104
2010-03-16,3.712751626968384,0.047977998471893595,0.04892201820910658,0.04537542617085285,0.04641855092571412,26.467352277203215,300124.SZ,-0.7192638422508947,-0.11452648634118473,-0.9929889412412534,-0.9573460911617169,-6.013981363439345,-0.7086637392341458,5.85328995369533,-0.9756867233980661,-0.9714008740522002,0.005640991556480242,-0.004405379406813503,0.0020952703492797525,-0.004942614071356288,-26.814797923448104
2010-03-17,3.712751626968384,0.047977998471893595,0.04892201820910658,0.04537542617085285,0.04641855092571412,26.467352277203215,300124.SZ,-0.7192638422508947,-0.11452648634118473,-0.9929889412412534,-0.9573460911617169,-6.013981363439345,-0.7086637392341458,5.85328995369533,-0.9756867233980661,-0.9714008740522002,0.005640991556480242,-0.004405379406813503,0.0020952703492797525,-0.004942614071356288,-26.814797923448104
2010-03-18,3.712751626968384,0.047977998471893595,0.04892201820910658,0.04537542617085285,0.04641855092571412,26.467352277203215,300124.SZ,-0.7192638422508947,-0.11452648634118473,-0.9929889412412534,-0.9573460911617169,-6.013981363439345,-0.7086637392341458,5.85328995369533,-0.9756867233980661,-0.9714008740522002,0.005640991556480242,-0.004405379406813503,0.0020952703492797525,-0.004942614071356288,-26.814797923448104
2010-03-19,3.712751626968384,0.047977998471893595,0.04892201820910658,0.04537542617085285,0.04641855092571412,26.467352277203215,300124.SZ,-0.7192638422508947,-0.11452648634118473,-0.9929889412412534,-0.9573460911617169,-6.013981363439345,-0.7086637392341458,5.85328995369533,-0.9756867233980661,-0.9714008740522002,0.005640991556480242,-0.004405379406813503,0.0020952703492797525,-0.004942614071356288,-26.814797923448104
2010-03-22,3.712751626968384,0.047977998471893595,0.04892201820910658,0.04537542617085285,0.04641855092571412,26.467352277203215,300124.SZ,-0.7192638422508947,-0.11452648634118473,-0.9929889412412534,-0.9573460911617169,-6.013981363439345,-0.7086637392341458,5.85328995369533,-0.9756867233980661,-0.9714008740522002,0.005640991556480242,-0.004405379406813503,0.0020952703492797525,-0.004942614071356288,-26.814797923448104
2010-03-23,3.712751626968384,0.047977998471893595,0.04892201820910658,0.04537542617085285,0.04641855092571412,26.467352277203215,300124.SZ,-0.7192638422508947,-0.11452648634118473,-0.9929889412412534,-0.9573460911617169,-6.013981363439345,-0.7086637392341458,5.85328995369533,-0.9756867233980661,-0.9714008740522002,0.005640991556480242,-0.004405379406813503,0.0020952703492797525,-0.004942614071356288,-26.814797923448104
2010-03-24,3.712751626968384,0.047977998471893595,0.04892201820910658,0.04537542617085285,0.04641855092571412,26.467352277203215,300124.SZ,-0.7192638422508947,-0.11452648634118473,-0.9929889412412534,-0.9573460911617169,-6.013981363439345,-0.7086637392341458,5.85328995369533,-0.9756867233980661,-0.9714008740522002,0.005640991556480242,-0.004405379406813503,0.0020952703492797525,-0.004942614071356288,-26.814797923448104
2010-03-25,3.712751626968384,0.047977998471893595,0.04892201820910658,0.04537542617085285,0.04641855092571412,26.467352277203215,300124.SZ,-0.7192638422508947,-0.11452648634118473,-0.9929889412412534,-0.9573460911617169,-6.013981363439345,-0.7086637392341458,5.85328995369533,-0.9756867233980661,-0.9714008740522002,0.005640991556480242,-0.004405379406813503,0.0020952703492797525,-0.004942614071356288,-26.814797923448104
2010-03-26,3.712751626968384,0.047977998471893595,0.04892201820910658,0.04537542617085285,0.04641855092571412,26.467352277203215,300124.SZ,-0.7192638422508947,-0.11452648634118473,-0.9929889412412534,-0.9573460911617169,-6.013981363439345,-0.7086637392341458,5.85328995369533,-0.9756867233980661,-0.9714008740522002,0.005640991556480242,-0.004405379406813503,0.0020952703492797525,-0.004942614071356288,-26.814797923448104
2010-03-29,3.712751626968384,0.047977998471893595,0.04892201820910658,0.04537542617085285,0.04641855092571412,26.467352277203215,300124.SZ,-0.7192638422508947,-0.11452648634118473,-0.9929889412412534,-0.9573460911617169,-6.013981363439345,-0.7086637392341458,5.85328995369533,-0.9756867233980661,-0.9714008740522002,0.005640991556480242,-0.004405379406813503,0.0020952703492797525,-0.004942614071356288,-26.814797923448104
2010-03-30,3.712751626968384,0.047977998471893595,0.04892201820910658,0.04537542617085285,0.04641855092571412,26.467352277203215,300124.SZ,-0.7192638422508947,-0.11452648634118473,-0.9929889412412534,-0.9573460911617169,-6.013981363439345,-0.7086637392341458,5.85328995369533,-0.9756867233980661,-0.9714008740522002,0.005640991556480242,-0.004405379406813503,0.0020952703492797525,-0.004942614071356288,-26.814797923448104
2010-03-31,3.712751626968384,0.047977998471893595,0.04892201820910658,0.04537542617085285,0.04641855092571412,26.467352277203215,300124.SZ,-0.7192638422508947,-0.11452648634118473,-0.9929889412412534,-0.9573460911617169,-6.013981363439345,-0.7086637392341458,5.85328995369533,-0.9756867233980661,-0.9714008740522002,0.005640991556480242,-0.004405379406813503,0.0020952703492797525,-0.004942614071356288,-26.814797923448104
2010-04-01,3.712751626968384,0.047977998471893595,0.04892201820910658,0.04537542617085285,0.04641855092571412,26.467352277203215,300124.SZ,-0.7192638422508947,-0.11452648634118473,-0.9929889412412534,-0.9573460911617169,-6.013981363439345,-0.7086637392341458,5.85328995369533,-0.9756867233980661,-0.9714008740522002,0.005640991556480242,-0.004405379406813503,0.0020952703492797525,-0.004942614071356288,-26.814797923448104
2010-04-02,3.712751626968384,0.047977998471893595,0.04892201820910658,0.04537542617085285,0.04641855092571412,26.467352277203215,300124.SZ,-0.7192638422508947,-0.11452648634118473,-0.9929889412412534,-0.9573460911617169,-6.013981363439345,-0.7086637392341458,5.85328995369533,-0.9756867233980661,-0.9714008740522002,0.005640991556480242,-0.004405379406813503,0.0020952703492797525,-0.004942614071356288,-26.814797923448104
2010-04-06,3.712751626968384,0.047977998471893595,0.04892201820910658,0.04537542617085285,0.04641855092571412,26.467352277203215,300124.SZ,-0.7192638422508947,-0.11452648634118473,-0.9929889412412534,-0.9573460911617169,-6.013981363439345,-0.7086637392341458,5.85328995369533,-0.9756867233980661,-0.9714008740522002,0.005640991556480242,-0.004405379406813503,0.0020952703492797525,-0.004942614071356288,-26.814797923448104
2010-04-07,3.712751626968384,0.047977998471893595,0.04892201820910658,0.04537542617085285,0.04641855092571412,26.467352277203215,300124.SZ,-0.7192638422508947,-0.11452648634118473,-0.9929889412412534,-0.9573460911617169,-6.013981363439345,-0.7086637392341458,5.85328995369533,-0.9756867233980661,-0.9714008740522002,0.005640991556480242,-0.004405379406813503,0.0020952703492797525,-0.004942614071356288,-26.814797923448104
2010-04-08,3.712751626968384,0.047977998471893595,0.04892201820910658,0.04537542617085285,0.04641855092571412,26.467352277203215,300124.SZ,-0.7192638422508947,-0.11452648634118473,-0.9929889412412534,-0.9573460911617169,-6.013981363439345,-0.7086637392341458,5.85328995369533,-0.9756867233980661,-0.9714008740522002,0.005640991556480242,-0.004405379406813503,0.0020952703492797525,-0.004942614071356288,-26.814797923448104
2010-04-09,3.712751626968384,0.047977998471893595,0.04892201820910658,0.04537542617085285,0.04641855092571412,26.467352277203215,300124.SZ,-0.7192638422508947,-0.11452648634118473,-0.9929889412412534,-0.9573460911617169,-6.013981363439345,-0.7086637392341458,5.85328995369533,-0.9756867233980661,-0.9714008740522002,0.005640991556480242,-0.004405379406813503,0.0020952703492797525,-0.004942614071356288,-26.814797923448104
2010-04-12,3.712751626968384,0.047977998471893595,0.04892201820910658,0.04537542617085285,0.04641855092571412,26.467352277203215,300124.SZ,-0.7192638422508947,-0.11452648634118473,-0.9929889412412534,-0.9573460911617169,-6.013981363439345,-0.7086637392341458,5.85328995369533,-0.9756867233980661,-0.9714008740522002,0.005640991556480242,-0.004405379406813503,0.0020952703492797525,-0.004942614071356288,-26.814797923448104
2010-04-13,3.712751626968384,0.047977998471893595,0.04892201820910658,0.04537542617085285,0.04641855092571412,26.467352277203215,300124.SZ,-0.7192638422508947,-0.11452648634118473,-0.9929889412412534,-0.9573460911617169,-6.013981363439345,-0.7086637392341458,5.85328995369533,-0.9756867233980661,-0.9714008740522002,0.005640991556480242,-0.004405379406813503,0.0020952703492797525,-0.004942614071356288,-26.814797923448104
2010-04-14,3.712751626968384,0.047977998471893595,0.04892201820910658,0.04537542617085285,0.04641855092571412,26.467352277203215,300124.SZ,-0.7192638422508947,-0.11452648634118473,-0.9929889412412534,-0.9573460911617169,-6.013981363439345,-0.7086637392341458,5.85328995369533,-0.9756867233980661,-0.9714008740522002,0.005640991556480242,-0.004405379406813503,0.0020952703492797525,-0.004942614071356288,-26.814797923448104
2010-04-15,3.712751626968384,0.047977998471893595,0.04892201820910658,0.04537542617085285,0.04641855092571412,26.467352277203215,300124.SZ,-0.7192638422508947,-0.11452648634118473,-0.9929889412412534,-0.9573460911617169,-6.013981363439345,-0.7086637392341458,5.85328995369533,-0.9756867233980661,-0.9714008740522002,0.005640991556480242,-0.004405379406813503,0.0020952703492797525,-0.004942614071356288,-26.814797923448104
2010-04-16,3.712751626968384,0.047977998471893595,0.04892201820910658,0.04537542617085285,0.04641855092571412,26.467352277203215,300124.SZ,-0.7192638422508947,-0.11452648634118473,-0.9929889412412534,-0.9573460911617169,-6.013981363439345,-0.7086637392341458,5.85328995369533,-0.9756867233980661,-0.9714008740522002,0.005640991556480242,-0.004405379406813503,0.0020952703492797525,-0.004942614071356288,-26.814797923448104
2010-04-19,3.712751626968384,0.047977998471893595,0.04892201820910658,0.04537542617085285,0.04641855092571412,26.467352277203215,300124.SZ,-0.7192638422508947,-0.11452648634118473,-0.9929889412412534,-0.9573460911617169,-6.013981363439345,-0.7086637392341458,5.85328995369533,-0.9756867233980661,-0.9714008740522002,0.005640991556480242,-0.004405379406813503,0.0020952703492797525,-0.004942614071356288,-26.814797923448104
2010-04-20,3.712751626968384,0.047977998471893595,0.04892201820910658,0.04537542617085285,0.04641855092571412,26.467352277203215,300124.SZ,-0.7192638422508947,-0.11452648634118473,-0.9929889412412534,-0.9573460911617169,-6.013981363439345,-0.7086637392341458,5.85328995369533,-0.9756867233980661,-0.9714008740522002,0.005640991556480242,-0.004405379406813503,0.0020952703492797525,-0.004942614071356288,-26.814797923448104
2010-04-21,3.712751626968384,0.047977998471893595,0.04892201820910658,0.04537542617085285,0.04641855092571412,26.467352277203215,300124.SZ,-0.7192638422508947,-0.11452648634118473,-0.9929889412412534,-0.9573460911617169,-6.013981363439345,-0.7086637392341458,5.85328995369533,-0.9756867233980661,-0.9714008740522002,0.005640991556480242,-0.004405379406813503,0.0020952703492797525,-0.004942614071356288,-26.814797923448104
2010-04-22,3.712751626968384,0.047977998471893595,0.04892201820910658,0.04537542617085285,0.04641855092571412,26.467352277203215,300124.SZ,-0.7192638422508947,-0.11452648634118473,-0.9929889412412534,-0.9573460911617169,-6.013981363439345,-0.7086637392341458,5.85328995369533,-0.9756867233980661,-0.9714008740522002,0.005640991556480242,-0.004405379406813503,0.0020952703492797525,-0.004942614071356288,-26.814797923448104
2010-04-23,3.712751626968384,0.047977998471893595,0.04892201820910658,0.04537542617085285,0.04641855092571412,26.467352277203215,300124.SZ,-0.7192638422508947,-0.11452648634118473,-0.9929889412412534,-0.9573460911617169,-6.013981363439345,-0.7086637392341458,5.85328995369533,-0.9756867233980661,-0.9714008740522002,0.005640991556480242,-0.004405379406813503,0.0020952703492797525,-0.004942614071356288,-26.814797923448104
2010-04-26,3.712751626968384,0.047977998471893595,0.04892201820910658,0.04537542617085285,0.04641855092571412,26.467352277203215,300124.SZ,-0.7192638422508947,-0.11452648634118473,-0.9929889412412534,-0.9573460911617169,-6.013981363439345,-0.7086637392341458,5.85328995369533,-0.9756867233980661,-0.9714008740522002,0.005640991556480242,-0.004405379406813503,0.0020952703492797525,-0.004942614071356288,-26.814797923448104
2010-04-27,3.712751626968384,0.047977998471893595,0.04892201820910658,0.04537542617085285,0.04641855092571412,26.467352277203215,300124.SZ,-0.7192638422508947,-0.11452648634118473,-0.9929889412412534,-0.9573460911617169,-6.013981363439345,-0.7086637392341458,5.85328995369533,-0.9756867233980661,-0.9714008740522002,0.005640991556480242,-0.004405379406813503,0.0020952703492797525,-0.004942614071356288,-26.814797923448104
2010-04-28,3.712751626968384,0.047977998471893595,0.04892201820910658,0.04537542617085285,0.04641855092571412,26.467352277203215,300124.SZ,-0.7192638422508947,-0.11452648634118473,-0.9929889412412534,-0.9573460911617169,-6.013981363439345,-0.7086637392341458,5.85328995369533,-0.9756867233980661,-0.9714008740522002,0.005640991556480242,-0.004405379406813503,0.0020952703492797525,-0.004942614071356288,-26.814797923448104
2010-04-29,3.712751626968384,0.047977998471893595,0.04892201820910658,0.04537542617085285,0.04641855092571412,26.467352277203215,300124.SZ,-0.7192638422508947,-0.11452648634118473,-0.9929889412412534,-0.9573460911617169,-6.013981363439345,-0.7086637392341458,5.85328995369533,-0.9756867233980661,-0.9714008740522002,0.005640991556480242,-0.004405379406813503,0.0020952703492797525,-0.004942614071356288,-26.814797923448104
2010-04-30,3.712751626968384,0.047977998471893595,0.04892201820910658,0.04537542617085285,0.04641855092571412,26.467352277203215,300124.SZ,-0.7192638422508947,-0.11452648634118473,-0.9929889412412534,-0.9573460911617169,-6.013981363439345,-0.7086637392341458,5.85328995369533,-0.9756867233980661,-0.9714008740522002,0.005640991556480242,-0.004405379406813503,0.0020952703492797525,-0.004942614071356288,-26.814797923448104
2010-05-04,3.712751626968384,0.047977998471893595,0.04892201820910658,0.04537542617085285,0.04641855092571412,26.467352277203215,300124.SZ,-0.7192638422508947,-0.11452648634118473,-0.9929889412412534,-0.9573460911617169,-6.013981363439345,-0.7086637392341458,5.85328995369533,-0.9756867233980661,-0.9714008740522002,0.005640991556480242,-0.004405379406813503,0.0020952703492797525,-0.004942614071356288,-26.814797923448104
2010-05-05,3.712751626968384,0.047977998471893595,0.04892201820910658,0.04537542617085285,0.04641855092571412,26.467352277203215,300124.SZ,-0.7192638422508947,-0.11452648634118473,-0.9929889412412534,-0.9573460911617169,-6.013981363439345,-0.7086637392341458,5.85328995369533,-0.9756867233980661,-0.9714008740522002,0.005640991556480242,-0.004405379406813503,0.0020952703492797525,-0.004942614071356288,-26.814797923448104
2010-05-06,3.712751626968384,0.047977998471893595,0.04892201820910658,0.04537542617085285,0.04641855092571412,26.467352277203215,300124.SZ,-0.7192638422508947,-0.11452648634118473,-0.9929889412412534,-0.9573460911617169,-6.013981363439345,-0.7086637392341458,5.85328995369533,-0.9756867233980661,-0.9714008740522002,0.005640991556480242,-0.004405379406813503,0.0020952703492797525,-0.004942614071356288,-26.814797923448104
2010-05-07,3.712751626968384,0.047977998471893595,0.04892201820910658,0.04537542617085285,0.04641855092571412,26.467352277203215,300124.SZ,-0.7192638422508947,-0.11452648634118473,-0.9929889412412534,-0.9573460911617169,-6.013981363439345,-0.7086637392341458,5.85328995369533,-0.9756867233980661,-0.9714008740522002,0.005640991556480242,-0.004405379406813503,0.0020952703492797525,-0.004942614071356288,-26.814797923448104
2010-05-10,3.712751626968384,0.047977998471893595,0.04892201820910658,0.04537542617085285,0.04641855092571412,26.467352277203215,300124.SZ,-0.7192638422508947,-0.11452648634118473,-0.9929889412412534,-0.9573460911617169,-6.013981363439345,-0.7086637392341458,5.85328995369533,-0.9756867233980661,-0.9714008740522002,0.005640991556480242,-0.004405379406813503,0.0020952703492797525,-0.004942614071356288,-26.814797923448104
2010-05-11,3.712751626968384,0.047977998471893595,0.04892201820910658,0.04537542617085285,0.04641855092571412,26.467352277203215,300124.SZ,-0.7192638422508947,-0.11452648634118473,-0.9929889412412534,-0.9573460911617169,-6.013981363439345,-0.7086637392341458,5.85328995369533,-0.9756867233980661,-0.9714008740522002,0.005640991556480242,-0.004405379406813503,0.0020952703492797525,-0.004942614071356288,-26.814797923448104
2010-05-12,3.712751626968384,0.047977998471893595,0.04892201820910658,0.04537542617085285,0.04641855092571412,26.467352277203215,300124.SZ,-0.7192638422508947,-0.11452648634118473,-0.9929889412412534,-0.9573460911617169,-6.013981363439345,-0.7086637392341458,5.85328995369533,-0.9756867233980661,-0.9714008740522002,0.005640991556480242,-0.004405379406813503,0.0020952703492797525,-0.004942614071356288,-26.814797923448104
2010-05-13,3.712751626968384,0.047977998471893595,0.04892201820910658,0.04537542617085285,0.04641855092571412,26.467352277203215,300124.SZ,-0.7192638422508947,-0.11452648634118473,-0.9929889412412534,-0.9573460911617169,-6.013981363439345,-0.7086637392341458,5.85328995369533,-0.9756867233980661,-0.9714008740522002,0.005640991556480242,-0.004405379406813503,0.0020952703492797525,-0.004942614071356288,-26.814797923448104
2010-05-14,3.712751626968384,0.047977998471893595,0.04892201820910658,0.04537542617085285,0.04641855092571412,26.467352277203215,300124.SZ,-0.7192638422508947,-0.11452648634118473,-0.9929889412412534,-0.9573460911617169,-6.013981363439345,-0.7086637392341458,5.85328995369533,-0.9756867233980661,-0.9714008740522002,0.005640991556480242,-0.004405379406813503,0.0020952703492797525,-0.004942614071356288,-26.814797923448104
2010-05-17,3.712751626968384,0.047977998471893595,0.04892201820910658,0.04537542617085285,0.04641855092571412,26.467352277203215,300124.SZ,-0.7192638422508947,-0.11452648634118473,-0.9929889412412534,-0.9573460911617169,-6.013981363439345,-0.7086637392341458,5.85328995369533,-0.9756867233980661,-0.9714008740522002,0.005640991556480242,-0.004405379406813503,0.0020952703492797525,-0.004942614071356288,-26.814797923448104
2010-05-18,3.712751626968384,0.047977998471893595,0.04892201820910658,0.04537542617085285,0.04641855092571412,26.467352277203215,300124.SZ,-0.7192638422508947,-0.11452648634118473,-0.9929889412412534,-0.9573460911617169,-6.013981363439345,-0.7086637392341458,5.85328995369533,-0.9756867233980661,-0.9714008740522002,0.005640991556480242,-0.004405379406813503,0.0020952703492797525,-0.004942614071356288,-26.814797923448104
2010-05-19,3.712751626968384,0.047977998471893595,0.04892201820910658,0.04537542617085285,0.04641855092571412,26.467352277203215,300124.SZ,-0.7192638422508947,-0.11452648634118473,-0.9929889412412534,-0.9573460911617169,-6.013981363439345,-0.7086637392341458,5.85328995369533,-0.9756867233980661,-0.9714008740522002,0.005640991556480242,-0.004405379406813503,0.0020952703492797525,-0.004942614071356288,-26.814797923448104
2010-05-20,3.712751626968384,0.047977998471893595,0.04892201820910658,0.04537542617085285,0.04641855092571412,26.467352277203215,300124.SZ,-0.7192638422508947,-0.11452648634118473,-0.9929889412412534,-0.9573460911617169,-6.013981363439345,-0.7086637392341458,5.85328995369533,-0.9756867233980661,-0.9714008740522002,0.005640991556480242,-0.004405379406813503,0.0020952703492797525,-0.004942614071356288,-26.814797923448104
2010-05-21,3.712751626968384,0.047977998471893595,0.04892201820910658,0.04537542617085285,0.04641855092571412,26.467352277203215,300124.SZ,-0.7192638422508947,-0.11452648634118473,-0.9929889412412534,-0.9573460911617169,-6.013981363439345,-0.7086637392341458,5.85328995369533,-0.9756867233980661,-0.9714008740522002,0.005640991556480242,-0.004405379406813503,0.0020952703492797525,-0.004942614071356288,-26.814797923448104
2010-05-24,3.712751626968384,0.047977998471893595,0.04892201820910658,0.04537542617085285,0.04641855092571412,26.467352277203215,300124.SZ,-0.7192638422508947,-0.11452648634118473,-0.9929889412412534,-0.9573460911617169,-6.013981363439345,-0.7086637392341458,5.85328995369533,-0.9756867233980661,-0.9714008740522002,0.005640991556480242,-0.004405379406813503,0.0020952703492797525,-0.004942614071356288,-26.814797923448104
2010-05-25,3.712751626968384,0.047977998471893595,0.04892201820910658,0.04537542617085285,0.04641855092571412,26.467352277203215,300124.SZ,-0.7192638422508947,-0.11452648634118473,-0.9929889412412534,-0.9573460911617169,-6.013981363439345,-0.7086637392341458,5.85328995369533,-0.9756867233980661,-0.9714008740522002,0.005640991556480242,-0.004405379406813503,0.0020952703492797525,-0.004942614071356288,-26.814797923448104
2010-05-26,3.712751626968384,0.047977998471893595,0.04892201820910658,0.04537542617085285,0.04641855092571412,26.467352277203215,300124.SZ,-0.7192638422508947,-0.11452648634118473,-0.9929889412412534,-0.9573460911617169,-6.013981363439345,-0.7086637392341458,5.85328995369533,-0.9756867233980661,-0.9714008740522002,0.005640991556480242,-0.004405379406813503,0.0020952703492797525,-0.004942614071356288,-26.814797923448104
2010-05-27,3.712751626968384,0.047977998471893595,0.04892201820910658,0.04537542617085285,0.04641855092571412,26.467352277203215,300124.SZ,-0.7192638422508947,-0.11452648634118473,-0.9929889412412534,-0.9573460911617169,-6.013981363439345,-0.7086637392341458,5.85328995369533,-0.9756867233980661,-0.9714008740522002,0.005640991556480242,-0.004405379406813503,0.0020952703492797525,-0.004942614071356288,-26.814797923448104
2010-05-28,3.712751626968384,0.047977998471893595,0.04892201820910658,0.04537542617085285,0.04641855092571412,26.467352277203215,300124.SZ,-0.7192638422508947,-0.11452648634118473,-0.9929889412412534,-0.9573460911617169,-6.013981363439345,-0.7086637392341458,5.85328995369533,-0.9756867233980661,-0.9714008740522002,0.005640991556480242,-0.004405379406813503,0.0020952703492797525,-0.004942614071356288,-26.814797923448104
2010-05-31,3.712751626968384,0.047977998471893595,0.04892201820910658,0.04537542617085285,0.04641855092571412,26.467352277203215,300124.SZ,-0.7192638422508947,-0.11452648634118473,-0.9929889412412534,-0.9573460911617169,-6.013981363439345,-0.7086637392341458,5.85328995369533,-0.9756867233980661,-0.9714008740522002,0.005640991556480242,-0.004405379406813503,0.0020952703492797525,-0.004942614071356288,-26.814797923448104
2010-06-01,3.712751626968384,0.047977998471893595,0.04892201820910658,0.04537542617085285,0.04641855092571412,26.467352277203215,300124.SZ,-0.7192638422508947,-0.11452648634118473,-0.9929889412412534,-0.9573460911617169,-6.013981363439345,-0.7086637392341458,5.85328995369533,-0.9756867233980661,-0.9714008740522002,0.005640991556480242,-0.004405379406813503,0.0020952703492797525,-0.004942614071356288,-26.814797923448104
2010-06-02,3.712751626968384,0.047977998471893595,0.04892201820910658,0.04537542617085285,0.04641855092571412,26.467352277203215,300124.SZ,-0.7192638422508947,-0.11452648634118473,-0.9929889412412534,-0.9573460911617169,-6.013981363439345,-0.7086637392341458,5.85328995369533,-0.9756867233980661,-0.9714008740522002,0.005640991556480242,-0.004405379406813503,0.0020952703492797525,-0.004942614071356288,-26.814797923448104
2010-06-03,3.712751626968384,0.047977998471893595,0.04892201820910658,0.04537542617085285,0.04641855092571412,26.467352277203215,300124.SZ,-0.7192638422508947,-0.11452648634118473,-0.9929889412412534,-0.9573460911617169,-6.013981363439345,-0.7086637392341458,5.85328995369533,-0.9756867233980661,-0.9714008740522002,0.005640991556480242,-0.004405379406813503,0.0020952703492797525,-0.004942614071356288,-26.814797923448104
2010-06-04,3.712751626968384,0.047977998471893595,0.04892201820910658,0.04537542617085285,0.04641855092571412,26.467352277203215,300124.SZ,-0.7192638422508947,-0.11452648634118473,-0.9929889412412534,-0.9573460911617169,-6.013981363439345,-0.7086637392341458,5.85328995369533,-0.9756867233980661,-0.9714008740522002,0.005640991556480242,-0.004405379406813503,0.0020952703492797525,-0.004942614071356288,-26.814797923448104
2010-06-07,3.712751626968384,0.047977998471893595,0.04892201820910658,0.04537542617085285,0.04641855092571412,26.467352277203215,300124.SZ,-0.7192638422508947,-0.11452648634118473,-0.9929889412412534,-0.9573460911617169,-6.013981363439345,-0.7086637392341458,5.85328995369533,-0.9756867233980661,-0.9714008740522002,0.005640991556480242,-0.004405379406813503,0.0020952703492797525,-0.004942614071356288,-26.814797923448104
2010-06-08,3.712751626968384,0.047977998471893595,0.04892201820910658,0.04537542617085285,0.04641855092571412,26.467352277203215,300124.SZ,-0.7192638422508947,-0.11452648634118473,-0.9929889412412534,-0.9573460911617169,-6.013981363439345,-0.7086637392341458,5.85328995369533,-0.9756867233980661,-0.9714008740522002,0.005640991556480242,-0.004405379406813503,0.0020952703492797525,-0.004942614071356288,-26.814797923448104
2010-06-09,3.712751626968384,0.047977998471893595,0.04892201820910658,0.04537542617085285,0.04641855092571412,26.467352277203215,300124.SZ,-0.7192638422508947,-0.11452648634118473,-0.9929889412412534,-0.9573460911617169,-6.013981363439345,-0.7086637392341458,5.85328995369533,-0.9756867233980661,-0.9714008740522002,0.005640991556480242,-0.004405379406813503,0.0020952703492797525,-0.004942614071356288,-26.814797923448104
2010-06-10,3.712751626968384,0.047977998471893595,0.04892201820910658,0.04537542617085285,0.04641855092571412,26.467352277203215,300124.SZ,-0.7192638422508947,-0.11452648634118473,-0.9929889412412534,-0.9573460911617169,-6.013981363439345,-0.7086637392341458,5.85328995369533,-0.9756867233980661,-0.9714008740522002,0.005640991556480242,-0.004405379406813503,0.0020952703492797525,-0.004942614071356288,-26.814797923448104
2010-06-11,3.712751626968384,0.047977998471893595,0.04892201820910658,0.04537542617085285,0.04641855092571412,26.467352277203215,300124.SZ,-0.7192638422508947,-0.11452648634118473,-0.9929889412412534,-0.9573460911617169,-6.013981363439345,-0.7086637392341458,5.85328995369533,-0.9756867233980661,-0.9714008740522002,0.005640991556480242,-0.004405379406813503,0.0020952703492797525,-0.004942614071356288,-26.814797923448104
2010-06-15,3.712751626968384,0.047977998471893595,0.04892201820910658,0.04537542617085285,0.04641855092571412,26.467352277203215,300124.SZ,-0.7192638422508947,-0.11452648634118473,-0.9929889412412534,-0.9573460911617169,-6.013981363439345,-0.7086637392341458,5.85328995369533,-0.9756867233980661,-0.9714008740522002,0.005640991556480242,-0.004405379406813503,0.0020952703492797525,-0.004942614071356288,-26.814797923448104
2010-06-17,3.712751626968384,0.047977998471893595,0.04892201820910658,0.04537542617085285,0.04641855092571412,26.467352277203215,300124.SZ,-0.7192638422508947,-0.11452648634118473,-0.9929889412412534,-0.9573460911617169,-6.013981363439345,-0.7086637392341458,5.85328995369533,-0.9756867233980661,-0.9714008740522002,0.005640991556480242,-0.004405379406813503,0.0020952703492797525,-0.004942614071356288,-26.814797923448104
2010-06-18,3.712751626968384,0.047977998471893595,0.04892201820910658,0.04537542617085285,0.04641855092571412,26.467352277203215,300124.SZ,-0.7192638422508947,-0.11452648634118473,-0.9929889412412534,-0.9573460911617169,-6.013981363439345,-0.7086637392341458,5.85328995369533,-0.9756867233980661,-0.9714008740522002,0.005640991556480242,-0.004405379406813503,0.0020952703492797525,-0.004942614071356288,-26.814797923448104
2010-06-21,3.712751626968384,0.047977998471893595,0.04892201820910658,0.04537542617085285,0.04641855092571412,26.467352277203215,300124.SZ,-0.7192638422508947,-0.11452648634118473,-0.9929889412412534,-0.9573460911617169,-6.013981363439345,-0.7086637392341458,5.85328995369533,-0.9756867233980661,-0.9714008740522002,0.005640991556480242,-0.004405379406813503,0.0020952703492797525,-0.004942614071356288,-26.814797923448104
2010-06-22,3.712751626968384,0.047977998471893595,0.04892201820910658,0.04537542617085285,0.04641855092571412,26.467352277203215,300124.SZ,-0.7192638422508947,-0.11452648634118473,-0.9929889412412534,-0.9573460911617169,-6.013981363439345,-0.7086637392341458,5.85328995369533,-0.9756867233980661,-0.9714008740522002,0.005640991556480242,-0.004405379406813503,0.0020952703492797525,-0.004942614071356288,-26.814797923448104
2010-06-23,3.712751626968384,0.047977998471893595,0.04892201820910658,0.04537542617085285,0.04641855092571412,26.467352277203215,300124.SZ,-0.7192638422508947,-0.11452648634118473,-0.9929889412412534,-0.9573460911617169,-6.013981363439345,-0.7086637392341458,5.85328995369533,-0.9756867233980661,-0.9714008740522002,0.005640991556480242,-0.004405379406813503,0.0020952703492797525,-0.004942614071356288,-26.814797923448104
2010-06-24,3.712751626968384,0.047977998471893595,0.04892201820910658,0.04537542617085285,0.04641855092571412,26.467352277203215,300124.SZ,-0.7192638422508947,-0.11452648634118473,-0.9929889412412534,-0.9573460911617169,-6.013981363439345,-0.7086637392341458,5.85328995369533,-0.9756867233980661,-0.9714008740522002,0.005640991556480242,-0.004405379406813503,0.0020952703492797525,-0.004942614071356288,-26.814797923448104
2010-06-25,3.712751626968384,0.047977998471893595,0.04892201820910658,0.04537542617085285,0.04641855092571412,26.467352277203215,300124.SZ,-0.7192638422508947,-0.11452648634118473,-0.9929889412412534,-0.9573460911617169,-6.013981363439345,-0.7086637392341458,5.85328995369533,-0.9756867233980661,-0.9714008740522002,0.005640991556480242,-0.004405379406813503,0.0020952703492797525,-0.004942614071356288,-26.814797923448104
2010-06-28,3.712751626968384,0.047977998471893595,0.04892201820910658,0.04537542617085285,0.04641855092571412,26.467352277203215,300124.SZ,-0.7192638422508947,-0.11452648634118473,-0.9929889412412534,-0.9573460911617169,-6.013981363439345,-0.7086637392341458,5.85328995369533,-0.9756867233980661,-0.9714008740522002,0.005640991556480242,-0.004405379406813503,0.0020952703492797525,-0.004942614071356288,-26.814797923448104
2010-06-29,3.712751626968384,0.047977998471893595,0.04892201820910658,0.04537542617085285,0.04641855092571412,26.467352277203215,300124.SZ,-0.7192638422508947,-0.11452648634118473,-0.9929889412412534,-0.9573460911617169,-6.013981363439345,-0.7086637392341458,5.85328995369533,-0.9756867233980661,-0.9714008740522002,0.005640991556480242,-0.004405379406813503,0.0020952703492797525,-0.004942614071356288,-26.814797923448104
2010-06-30,3.712751626968384,0.047977998471893595,0.04892201820910658,0.04537542617085285,0.04641855092571412,26.467352277203215,300124.SZ,-0.7192638422508947,-0.11452648634118473,-0.9929889412412534,-0.9573460911617169,-6.013981363439345,-0.7086637392341458,5.85328995369533,-0.9756867233980661,-0.9714008740522002,0.005640991556480242,-0.004405379406813503,0.0020952703492797525,-0.004942614071356288,-26.814797923448104
2010-07-01,3.712751626968384,0.047977998471893595,0.04892201820910658,0.04537542617085285,0.04641855092571412,26.467352277203215,300124.SZ,-0.7192638422508947,-0.11452648634118473,-0.9929889412412534,-0.9573460911617169,-6.013981363439345,-0.7086637392341458,5.85328995369533,-0.9756867233980661,-0.9714008740522002,0.005640991556480242,-0.004405379406813503,0.0020952703492797525,-0.004942614071356288,-26.814797923448104
2010-07-02,3.712751626968384,0.047977998471893595,0.04892201820910658,0.04537542617085285,0.04641855092571412,26.467352277203215,300124.SZ,-0.7192638422508947,-0.11452648634118473,-0.9929889412412534,-0.9573460911617169,-6.013981363439345,-0.7086637392341458,5.85328995369533,-0.9756867233980661,-0.9714008740522002,0.005640991556480242,-0.004405379406813503,0.0020952703492797525,-0.004942614071356288,-26.814797923448104
2010-07-05,3.712751626968384,0.047977998471893595,0.04892201820910658,0.04537542617085285,0.04641855092571412,26.467352277203215,300124.SZ,-0.7192638422508947,-0.11452648634118473,-0.9929889412412534,-0.9573460911617169,-6.013981363439345,-0.7086637392341458,5.85328995369533,-0.9756867233980661,-0.9714008740522002,0.005640991556480242,-0.004405379406813503,0.0020952703492797525,-0.004942614071356288,-26.814797923448104
2010-07-06,3.712751626968384,0.047977998471893595,0.04892201820910658,0.04537542617085285,0.04641855092571412,26.467352277203215,300124.SZ,-0.7192638422508947,-0.11452648634118473,-0.9929889412412534,-0.9573460911617169,-6.013981363439345,-0.7086637392341458,5.85328995369533,-0.9756867233980661,-0.9714008740522002,0.005640991556480242,-0.004405379406813503,0.0020952703492797525,-0.004942614071356288,-26.814797923448104
2010-07-07,3.712751626968384,0.047977998471893595,0.04892201820910658,0.04537542617085285,0.04641855092571412,26.467352277203215,300124.SZ,-0.7192638422508947,-0.11452648634118473,-0.9929889412412534,-0.9573460911617169,-6.013981363439345,-0.7086637392341458,5.85328995369533,-0.9756867233980661,-0.9714008740522002,0.005640991556480242,-0.004405379406813503,0.0020952703492797525,-0.004942614071356288,-26.814797923448104
2010-07-08,3.712751626968384,0.047977998471893595,0.04892201820910658,0.04537542617085285,0.04641855092571412,26.467352277203215,300124.SZ,-0.7192638422508947,-0.11452648634118473,-0.9929889412412534,-0.9573460911617169,-6.013981363439345,-0.7086637392341458,5.85328995369533,-0.9756867233980661,-0.9714008740522002,0.005640991556480242,-0.004405379406813503,0.0020952703492797525,-0.004942614071356288,-26.814797923448104
2010-07-09,3.712751626968384,0.047977998471893595,0.04892201820910658,0.04537542617085285,0.04641855092571412,26.467352277203215,300124.SZ,-0.7192638422508947,-0.11452648634118473,-0.9929889412412534,-0.9573460911617169,-6.013981363439345,-0.7086637392341458,5.85328995369533,-0.9756867233980661,-0.9714008740522002,0.005640991556480242,-0.004405379406813503,0.0020952703492797525,-0.004942614071356288,-26.814797923448104
2010-07-12,3.712751626968384,0.047977998471893595,0.04892201820910658,0.04537542617085285,0.04641855092571412,26.467352277203215,300124.SZ,-0.7192638422508947,-0.11452648634118473,-0.9929889412412534,-0.9573460911617169,-6.013981363439345,-0.7086637392341458,5.85328995369533,-0.9756867233980661,-0.9714008740522002,0.005640991556480242,-0.004405379406813503,0.0020952703492797525,-0.004942614071356288,-26.814797923448104
2010-07-13,3.712751626968384,0.047977998471893595,0.04892201820910658,0.04537542617085285,0.04641855092571412,26.467352277203215,300124.SZ,-0.7192638422508947,-0.11452648634118473,-0.9929889412412534,-0.9573460911617169,-6.013981363439345,-0.7086637392341458,5.85328995369533,-0.9756867233980661,-0.9714008740522002,0.005640991556480242,-0.004405379406813503,0.0020952703492797525,-0.004942614071356288,-26.814797923448104
2010-07-14,3.712751626968384,0.047977998471893595,0.04892201820910658,0.04537542617085285,0.04641855092571412,26.467352277203215,300124.SZ,-0.7192638422508947,-0.11452648634118473,-0.9929889412412534,-0.9573460911617169,-6.013981363439345,-0.7086637392341458,5.85328995369533,-0.9756867233980661,-0.9714008740522002,0.005640991556480242,-0.004405379406813503,0.0020952703492797525,-0.004942614071356288,-26.814797923448104
2010-07-15,3.712751626968384,0.047977998471893595,0.04892201820910658,0.04537542617085285,0.04641855092571412,26.467352277203215,300124.SZ,-0.7192638422508947,-0.11452648634118473,-0.9929889412412534,-0.9573460911617169,-6.013981363439345,-0.7086637392341458,5.85328995369533,-0.9756867233980661,-0.9714008740522002,0.005640991556480242,-0.004405379406813503,0.0020952703492797525,-0.004942614071356288,-26.814797923448104
2010-07-16,3.712751626968384,0.047977998471893595,0.04892201820910658,0.04537542617085285,0.04641855092571412,26.467352277203215,300124.SZ,-0.7192638422508947,-0.11452648634118473,-0.9929889412412534,-0.9573460911617169,-6.013981363439345,-0.7086637392341458,5.85328995369533,-0.9756867233980661,-0.9714008740522002,0.005640991556480242,-0.004405379406813503,0.0020952703492797525,-0.004942614071356288,-26.814797923448104
2010-07-19,3.712751626968384,0.047977998471893595,0.04892201820910658,0.04537542617085285,0.04641855092571412,26.467352277203215,300124.SZ,-0.7192638422508947,-0.11452648634118473,-0.9929889412412534,-0.9573460911617169,-6.013981363439345,-0.7086637392341458,5.85328995369533,-0.9756867233980661,-0.9714008740522002,0.005640991556480242,-0.004405379406813503,0.0020952703492797525,-0.004942614071356288,-26.814797923448104
2010-07-20,3.712751626968384,0.047977998471893595,0.04892201820910658,0.04537542617085285,0.04641855092571412,26.467352277203215,300124.SZ,-0.7192638422508947,-0.11452648634118473,-0.9929889412412534,-0.9573460911617169,-6.013981363439345,-0.7086637392341458,5.85328995369533,-0.9756867233980661,-0.9714008740522002,0.005640991556480242,-0.004405379406813503,0.0020952703492797525,-0.004942614071356288,-26.814797923448104
2010-07-21,3.712751626968384,0.047977998471893595,0.04892201820910658,0.04537542617085285,0.04641855092571412,26.467352277203215,300124.SZ,-0.7192638422508947,-0.11452648634118473,-0.9929889412412534,-0.9573460911617169,-6.013981363439345,-0.7086637392341458,5.85328995369533,-0.9756867233980661,-0.9714008740522002,0.005640991556480242,-0.004405379406813503,0.0020952703492797525,-0.004942614071356288,-26.814797923448104
2010-07-22,3.712751626968384,0.047977998471893595,0.04892201820910658,0.04537542617085285,0.04641855092571412,26.467352277203215,300124.SZ,-0.7192638422508947,-0.11452648634118473,-0.9929889412412534,-0.9573460911617169,-6.013981363439345,-0.7086637392341458,5.85328995369533,-0.9756867233980661,-0.9714008740522002,0.005640991556480242,-0.004405379406813503,0.0020952703492797525,-0.004942614071356288,-26.814797923448104
2010-07-23,3.712751626968384,0.047977998471893595,0.04892201820910658,0.04537542617085285,0.04641855092571412,26.467352277203215,300124.SZ,-0.7192638422508947,-0.11452648634118473,-0.9929889412412534,-0.9573460911617169,-6.013981363439345,-0.7086637392341458,5.85328995369533,-0.9756867233980661,-0.9714008740522002,0.005640991556480242,-0.004405379406813503,0.0020952703492797525,-0.004942614071356288,-26.814797923448104
2010-07-26,3.712751626968384,0.047977998471893595,0.04892201820910658,0.04537542617085285,0.04641855092571412,26.467352277203215,300124.SZ,-0.7192638422508947,-0.11452648634118473,-0.9929889412412534,-0.9573460911617169,-6.013981363439345,-0.7086637392341458,5.85328995369533,-0.9756867233980661,-0.9714008740522002,0.005640991556480242,-0.004405379406813503,0.0020952703492797525,-0.004942614071356288,-26.814797923448104
2010-07-27,3.712751626968384,0.047977998471893595,0.04892201820910658,0.04537542617085285,0.04641855092571412,26.467352277203215,300124.SZ,-0.7192638422508947,-0.11452648634118473,-0.9929889412412534,-0.9573460911617169,-6.013981363439345,-0.7086637392341458,5.85328995369533,-0.9756867233980661,-0.9714008740522002,0.005640991556480242,-0.004405379406813503,0.0020952703492797525,-0.004942614071356288,-26.814797923448104
2010-07-28,3.712751626968384,0.047977998471893595,0.04892201820910658,0.04537542617085285,0.04641855092571412,26.467352277203215,300124.SZ,-0.7192638422508947,-0.11452648634118473,-0.9929889412412534,-0.9573460911617169,-6.013981363439345,-0.7086637392341458,5.85328995369533,-0.9756867233980661,-0.9714008740522002,0.005640991556480242,-0.004405379406813503,0.0020952703492797525,-0.004942614071356288,-26.814797923448104
2010-07-29,3.712751626968384,0.047977998471893595,0.04892201820910658,0.04537542617085285,0.04641855092571412,26.467352277203215,300124.SZ,-0.7192638422508947,-0.11452648634118473,-0.9929889412412534,-0.9573460911617169,-6.013981363439345,-0.7086637392341458,5.85328995369533,-0.9756867233980661,-0.9714008740522002,0.005640991556480242,-0.004405379406813503,0.0020952703492797525,-0.004942614071356288,-26.814797923448104
2010-07-30,3.712751626968384,0.047977998471893595,0.04892201820910658,0.04537542617085285,0.04641855092571412,26.467352277203215,300124.SZ,-0.7192638422508947,-0.11452648634118473,-0.9929889412412534,-0.9573460911617169,-6.013981363439345,-0.7086637392341458,5.85328995369533,-0.9756867233980661,-0.9714008740522002,0.005640991556480242,-0.004405379406813503,0.0020952703492797525,-0.004942614071356288,-26.814797923448104
2010-08-02,3.712751626968384,0.047977998471893595,0.04892201820910658,0.04537542617085285,0.04641855092571412,26.467352277203215,300124.SZ,-0.7192638422508947,-0.11452648634118473,-0.9929889412412534,-0.9573460911617169,-6.013981363439345,-0.7086637392341458,5.85328995369533,-0.9756867233980661,-0.9714008740522002,0.005640991556480242,-0.004405379406813503,0.0020952703492797525,-0.004942614071356288,-26.814797923448104
2010-08-03,3.712751626968384,0.047977998471893595,0.04892201820910658,0.04537542617085285,0.04641855092571412,26.467352277203215,300124.SZ,-0.7192638422508947,-0.11452648634118473,-0.9929889412412534,-0.9573460911617169,-6.013981363439345,-0.7086637392341458,5.85328995369533,-0.9756867233980661,-0.9714008740522002,0.005640991556480242,-0.004405379406813503,0.0020952703492797525,-0.004942614071356288,-26.814797923448104
2010-08-04,3.712751626968384,0.047977998471893595,0.04892201820910658,0.04537542617085285,0.04641855092571412,26.467352277203215,300124.SZ,-0.7192638422508947,-0.11452648634118473,-0.9929889412412534,-0.9573460911617169,-6.013981363439345,-0.7086637392341458,5.85328995369533,-0.9756867233980661,-0.9714008740522002,0.005640991556480242,-0.004405379406813503,0.0020952703492797525,-0.004942614071356288,-26.814797923448104
2010-08-05,3.712751626968384,0.047977998471893595,0.04892201820910658,0.04537542617085285,0.04641855092571412,26.467352277203215,300124.SZ,-0.7192638422508947,-0.11452648634118473,-0.9929889412412534,-0.9573460911617169,-6.013981363439345,-0.7086637392341458,5.85328995369533,-0.9756867233980661,-0.9714008740522002,0.005640991556480242,-0.004405379406813503,0.0020952703492797525,-0.004942614071356288,-26.814797923448104
2010-08-06,3.712751626968384,0.047977998471893595,0.04892201820910658,0.04537542617085285,0.04641855092571412,26.467352277203215,300124.SZ,-0.7192638422508947,-0.11452648634118473,-0.9929889412412534,-0.9573460911617169,-6.013981363439345,-0.7086637392341458,5.85328995369533,-0.9756867233980661,-0.9714008740522002,0.005640991556480242,-0.004405379406813503,0.0020952703492797525,-0.004942614071356288,-26.814797923448104
2010-08-09,3.712751626968384,0.047977998471893595,0.04892201820910658,0.04537542617085285,0.04641855092571412,26.467352277203215,300124.SZ,-0.7192638422508947,-0.11452648634118473,-0.9929889412412534,-0.9573460911617169,-6.013981363439345,-0.7086637392341458,5.85328995369533,-0.9756867233980661,-0.9714008740522002,0.005640991556480242,-0.004405379406813503,0.0020952703492797525,-0.004942614071356288,-26.814797923448104
2010-08-10,3.712751626968384,0.047977998471893595,0.04892201820910658,0.04537542617085285,0.04641855092571412,26.467352277203215,300124.SZ,-0.7192638422508947,-0.11452648634118473,-0.9929889412412534,-0.9573460911617169,-6.013981363439345,-0.7086637392341458,5.85328995369533,-0.9756867233980661,-0.9714008740522002,0.005640991556480242,-0.004405379406813503,0.0020952703492797525,-0.004942614071356288,-26.814797923448104
2010-08-11,3.712751626968384,0.047977998471893595,0.04892201820910658,0.04537542617085285,0.04641855092571412,26.467352277203215,300124.SZ,-0.7192638422508947,-0.11452648634118473,-0.9929889412412534,-0.9573460911617169,-6.013981363439345,-0.7086637392341458,5.85328995369533,-0.9756867233980661,-0.9714008740522002,0.005640991556480242,-0.004405379406813503,0.0020952703492797525,-0.004942614071356288,-26.814797923448104
2010-08-12,3.712751626968384,0.047977998471893595,0.04892201820910658,0.04537542617085285,0.04641855092571412,26.467352277203215,300124.SZ,-0.7192638422508947,-0.11452648634118473,-0.9929889412412534,-0.9573460911617169,-6.013981363439345,-0.7086637392341458,5.85328995369533,-0.9756867233980661,-0.9714008740522002,0.005640991556480242,-0.004405379406813503,0.0020952703492797525,-0.004942614071356288,-26.814797923448104
2010-08-13,3.712751626968384,0.047977998471893595,0.04892201820910658,0.04537542617085285,0.04641855092571412,26.467352277203215,300124.SZ,-0.7192638422508947,-0.11452648634118473,-0.9929889412412534,-0.9573460911617169,-6.013981363439345,-0.7086637392341458,5.85328995369533,-0.9756867233980661,-0.9714008740522002,0.005640991556480242,-0.004405379406813503,0.0020952703492797525,-0.004942614071356288,-26.814797923448104
2010-08-16,3.712751626968384,0.047977998471893595,0.04892201820910658,0.04537542617085285,0.04641855092571412,26.467352277203215,300124.SZ,-0.7192638422508947,-0.11452648634118473,-0.9929889412412534,-0.9573460911617169,-6.013981363439345,-0.7086637392341458,5.85328995369533,-0.9756867233980661,-0.9714008740522002,0.005640991556480242,-0.004405379406813503,0.0020952703492797525,-0.004942614071356288,-26.814797923448104
2010-08-17,3.712751626968384,0.047977998471893595,0.04892201820910658,0.04537542617085285,0.04641855092571412,26.467352277203215,300124.SZ,-0.7192638422508947,-0.11452648634118473,-0.9929889412412534,-0.9573460911617169,-6.013981363439345,-0.7086637392341458,5.85328995369533,-0.9756867233980661,-0.9714008740522002,0.005640991556480242,-0.004405379406813503,0.0020952703492797525,-0.004942614071356288,-26.814797923448104
2010-08-18,3.712751626968384,0.047977998471893595,0.04892201820910658,0.04537542617085285,0.04641855092571412,26.467352277203215,300124.SZ,-0.7192638422508947,-0.11452648634118473,-0.9929889412412534,-0.9573460911617169,-6.013981363439345,-0.7086637392341458,5.85328995369533,-0.9756867233980661,-0.9714008740522002,0.005640991556480242,-0.004405379406813503,0.0020952703492797525,-0.004942614071356288,-26.814797923448104
2010-08-19,3.712751626968384,0.047977998471893595,0.04892201820910658,0.04537542617085285,0.04641855092571412,26.467352277203215,300124.SZ,-0.7192638422508947,-0.11452648634118473,-0.9929889412412534,-0.9573460911617169,-6.013981363439345,-0.7086637392341458,5.85328995369533,-0.9756867233980661,-0.9714008740522002,0.005640991556480242,-0.004405379406813503,0.0020952703492797525,-0.004942614071356288,-26.814797923448104
2010-08-20,3.712751626968384,0.047977998471893595,0.04892201820910658,0.04537542617085285,0.04641855092571412,26.467352277203215,300124.SZ,-0.7192638422508947,-0.11452648634118473,-0.9929889412412534,-0.9573460911617169,-6.013981363439345,-0.7086637392341458,5.85328995369533,-0.9756867233980661,-0.9714008740522002,0.005640991556480242,-0.004405379406813503,0.0020952703492797525,-0.004942614071356288,-26.814797923448104
2010-08-23,3.712751626968384,0.047977998471893595,0.04892201820910658,0.04537542617085285,0.04641855092571412,26.467352277203215,300124.SZ,-0.7192638422508947,-0.11452648634118473,-0.9929889412412534,-0.9573460911617169,-6.013981363439345,-0.7086637392341458,5.85328995369533,-0.9756867233980661,-0.9714008740522002,0.005640991556480242,-0.004405379406813503,0.0020952703492797525,-0.004942614071356288,-26.814797923448104
2010-08-24,3.712751626968384,0.047977998471893595,0.04892201820910658,0.04537542617085285,0.04641855092571412,26.467352277203215,300124.SZ,-0.7192638422508947,-0.11452648634118473,-0.9929889412412534,-0.9573460911617169,-6.013981363439345,-0.7086637392341458,5.85328995369533,-0.9756867233980661,-0.9714008740522002,0.005640991556480242,-0.004405379406813503,0.0020952703492797525,-0.004942614071356288,-26.814797923448104
2010-08-25,3.712751626968384,0.047977998471893595,0.04892201820910658,0.04537542617085285,0.04641855092571412,26.467352277203215,300124.SZ,-0.7192638422508947,-0.11452648634118473,-0.9929889412412534,-0.9573460911617169,-6.013981363439345,-0.7086637392341458,5.85328995369533,-0.9756867233980661,-0.9714008740522002,0.005640991556480242,-0.004405379406813503,0.0020952703492797525,-0.004942614071356288,-26.814797923448104
2010-08-26,3.712751626968384,0.047977998471893595,0.04892201820910658,0.04537542617085285,0.04641855092571412,26.467352277203215,300124.SZ,-0.7192638422508947,-0.11452648634118473,-0.9929889412412534,-0.9573460911617169,-6.013981363439345,-0.7086637392341458,5.85328995369533,-0.9756867233980661,-0.9714008740522002,0.005640991556480242,-0.004405379406813503,0.0020952703492797525,-0.004942614071356288,-26.814797923448104
2010-08-27,3.712751626968384,0.047977998471893595,0.04892201820910658,0.04537542617085285,0.04641855092571412,26.467352277203215,300124.SZ,-0.7192638422508947,-0.11452648634118473,-0.9929889412412534,-0.9573460911617169,-6.013981363439345,-0.7086637392341458,5.85328995369533,-0.9756867233980661,-0.9714008740522002,0.005640991556480242,-0.004405379406813503,0.0020952703492797525,-0.004942614071356288,-26.814797923448104
2010-08-30,3.712751626968384,0.047977998471893595,0.04892201820910658,0.04537542617085285,0.04641855092571412,26.467352277203215,300124.SZ,-0.7192638422508947,-0.11452648634118473,-0.9929889412412534,-0.9573460911617169,-6.013981363439345,-0.7086637392341458,5.85328995369533,-0.9756867233980661,-0.9714008740522002,0.005640991556480242,-0.004405379406813503,0.0020952703492797525,-0.004942614071356288,-26.814797923448104
2010-08-31,3.712751626968384,0.047977998471893595,0.04892201820910658,0.04537542617085285,0.04641855092571412,26.467352277203215,300124.SZ,-0.7192638422508947,-0.11452648634118473,-0.9929889412412534,-0.9573460911617169,-6.013981363439345,-0.7086637392341458,5.85328995369533,-0.9756867233980661,-0.9714008740522002,0.005640991556480242,-0.004405379406813503,0.0020952703492797525,-0.004942614071356288,-26.814797923448104
2010-09-01,3.712751626968384,0.047977998471893595,0.04892201820910658,0.04537542617085285,0.04641855092571412,26.467352277203215,300124.SZ,-0.7192638422508947,-0.11452648634118473,-0.9929889412412534,-0.9573460911617169,-6.013981363439345,-0.7086637392341458,5.85328995369533,-0.9756867233980661,-0.9714008740522002,0.005640991556480242,-0.004405379406813503,0.0020952703492797525,-0.004942614071356288,-26.814797923448104
2010-09-02,3.712751626968384,0.047977998471893595,0.04892201820910658,0.04537542617085285,0.04641855092571412,26.467352277203215,300124.SZ,-0.7192638422508947,-0.11452648634118473,-0.9929889412412534,-0.9573460911617169,-6.013981363439345,-0.7086637392341458,5.85328995369533,-0.9756867233980661,-0.9714008740522002,0.005640991556480242,-0.004405379406813503,0.0020952703492797525,-0.004942614071356288,-26.814797923448104
2010-09-03,3.712751626968384,0.047977998471893595,0.04892201820910658,0.04537542617085285,0.04641855092571412,26.467352277203215,300124.SZ,-0.7192638422508947,-0.11452648634118473,-0.9929889412412534,-0.9573460911617169,-6.013981363439345,-0.7086637392341458,5.85328995369533,-0.9756867233980661,-0.9714008740522002,0.005640991556480242,-0.004405379406813503,0.0020952703492797525,-0.004942614071356288,-26.814797923448104
2010-09-06,3.712751626968384,0.047977998471893595,0.04892201820910658,0.04537542617085285,0.04641855092571412,26.467352277203215,300124.SZ,-0.7192638422508947,-0.11452648634118473,-0.9929889412412534,-0.9573460911617169,-6.013981363439345,-0.7086637392341458,5.85328995369533,-0.9756867233980661,-0.9714008740522002,0.005640991556480242,-0.004405379406813503,0.0020952703492797525,-0.004942614071356288,-26.814797923448104
2010-09-07,3.712751626968384,0.047977998471893595,0.04892201820910658,0.04537542617085285,0.04641855092571412,26.467352277203215,300124.SZ,-0.7192638422508947,-0.11452648634118473,-0.9929889412412534,-0.9573460911617169,-6.013981363439345,-0.7086637392341458,5.85328995369533,-0.9756867233980661,-0.9714008740522002,0.005640991556480242,-0.004405379406813503,0.0020952703492797525,-0.004942614071356288,-26.814797923448104
2010-09-08,3.712751626968384,0.047977998471893595,0.04892201820910658,0.04537542617085285,0.04641855092571412,26.467352277203215,300124.SZ,-0.7192638422508947,-0.11452648634118473,-0.9929889412412534,-0.9573460911617169,-6.013981363439345,-0.7086637392341458,5.85328995369533,-0.9756867233980661,-0.9714008740522002,0.005640991556480242,-0.004405379406813503,0.0020952703492797525,-0.004942614071356288,-26.814797923448104
2010-09-09,3.712751626968384,0.047977998471893595,0.04892201820910658,0.04537542617085285,0.04641855092571412,26.467352277203215,300124.SZ,-0.7192638422508947,-0.11452648634118473,-0.9929889412412534,-0.9573460911617169,-6.013981363439345,-0.7086637392341458,5.85328995369533,-0.9756867233980661,-0.9714008740522002,0.005640991556480242,-0.004405379406813503,0.0020952703492797525,-0.004942614071356288,-26.814797923448104
2010-09-10,3.712751626968384,0.047977998471893595,0.04892201820910658,0.04537542617085285,0.04641855092571412,26.467352277203215,300124.SZ,-0.7192638422508947,-0.11452648634118473,-0.9929889412412534,-0.9573460911617169,-6.013981363439345,-0.7086637392341458,5.85328995369533,-0.9756867233980661,-0.9714008740522002,0.005640991556480242,-0.004405379406813503,0.0020952703492797525,-0.004942614071356288,-26.814797923448104
2010-09-13,3.712751626968384,0.047977998471893595,0.04892201820910658,0.04537542617085285,0.04641855092571412,26.467352277203215,300124.SZ,-0.7192638422508947,-0.11452648634118473,-0.9929889412412534,-0.9573460911617169,-6.013981363439345,-0.7086637392341458,5.85328995369533,-0.9756867233980661,-0.9714008740522002,0.005640991556480242,-0.004405379406813503,0.0020952703492797525,-0.004942614071356288,-26.814797923448104
2010-09-14,3.712751626968384,0.047977998471893595,0.04892201820910658,0.04537542617085285,0.04641855092571412,26.467352277203215,300124.SZ,-0.7192638422508947,-0.11452648634118473,-0.9929889412412534,-0.9573460911617169,-6.013981363439345,-0.7086637392341458,5.85328995369533,-0.9756867233980661,-0.9714008740522002,0.005640991556480242,-0.004405379406813503,0.0020952703492797525,-0.004942614071356288,-26.814797923448104
2010-09-15,3.712751626968384,0.047977998471893595,0.04892201820910658,0.04537542617085285,0.04641855092571412,26.467352277203215,300124.SZ,-0.7192638422508947,-0.11452648634118473,-0.9929889412412534,-0.9573460911617169,-6.013981363439345,-0.7086637392341458,5.85328995369533,-0.9756867233980661,-0.9714008740522002,0.005640991556480242,-0.004405379406813503,0.0020952703492797525,-0.004942614071356288,-26.814797923448104
2010-09-16,3.712751626968384,0.047977998471893595,0.04892201820910658,0.04537542617085285,0.04641855092571412,26.467352277203215,300124.SZ,-0.7192638422508947,-0.11452648634118473,-0.9929889412412534,-0.9573460911617169,-6.013981363439345,-0.7086637392341458,5.85328995369533,-0.9756867233980661,-0.9714008740522002,0.005640991556480242,-0.004405379406813503,0.0020952703492797525,-0.004942614071356288,-26.814797923448104
2010-09-17,3.712751626968384,0.047977998471893595,0.04892201820910658,0.04537542617085285,0.04641855092571412,26.467352277203215,300124.SZ,-0.7192638422508947,-0.11452648634118473,-0.9929889412412534,-0.9573460911617169,-6.013981363439345,-0.7086637392341458,5.85328995369533,-0.9756867233980661,-0.9714008740522002,0.005640991556480242,-0.004405379406813503,0.0020952703492797525,-0.004942614071356288,-26.814797923448104
2010-09-20,3.712751626968384,0.047977998471893595,0.04892201820910658,0.04537542617085285,0.04641855092571412,26.467352277203215,300124.SZ,-0.7192638422508947,-0.11452648634118473,-0.9929889412412534,-0.9573460911617169,-6.013981363439345,-0.7086637392341458,5.85328995369533,-0.9756867233980661,-0.9714008740522002,0.005640991556480242,-0.004405379406813503,0.0020952703492797525,-0.004942614071356288,-26.814797923448104
2010-09-21,3.712751626968384,0.047977998471893595,0.04892201820910658,0.04537542617085285,0.04641855092571412,26.467352277203215,300124.SZ,-0.7192638422508947,-0.11452648634118473,-0.9929889412412534,-0.9573460911617169,-6.013981363439345,-0.7086637392341458,5.85328995369533,-0.9756867233980661,-0.9714008740522002,0.005640991556480242,-0.004405379406813503,0.0020952703492797525,-0.004942614071356288,-26.814797923448104
2010-09-27,3.712751626968384,0.047977998471893595,0.04892201820910658,0.04537542617085285,0.04641855092571412,26.467352277203215,300124.SZ,-0.7192638422508947,-0.11452648634118473,-0.9929889412412534,-0.9573460911617169,-6.013981363439345,-0.7086637392341458,5.85328995369533,-0.9756867233980661,-0.9714008740522002,0.005640991556480242,-0.004405379406813503,0.0020952703492797525,-0.004942614071356288,-26.814797923448104
2010-09-28,3.712751626968384,0.047977998471893595,0.04892201820910658,0.04537542617085285,0.04641855092571412,26.467352277203215,300124.SZ,-0.7192638422508947,-0.11452648634118473,-0.9929889412412534,-0.9573460911617169,-6.013981363439345,-0.7086637392341458,5.85328995369533,-0.9756867233980661,-0.9714008740522002,0.005640991556480242,-0.004405379406813503,0.0020952703492797525,-0.004942614071356288,-26.814797923448104
2010-09-29,3.63848876953125,0.04701833761967354,0.04806666715501644,0.04578224509298437,0.04751380916079062,6.09781733060769,300124.SZ,-0.008217810251367088,-0.11651999922910326,-0.9929889412412534,-0.9573460911617169,-6.013981363439345,-0.7086637392341458,5.85328995369533,-0.9775112294430363,-0.973236096311371,0.005640991556480242,-0.004405379406813503,0.0020952703492797525,-0.004942614071356288,-26.814797923448104
2010-09-30,3.794278860092163,0.04903154349714298,0.050173757205515236,0.04720088512111331,0.04798321931651252,4.337417224758484,300124.SZ,0.7028282217481605,-0.11128636320959874,-0.9888862412074426,-0.9579437828110661,1.9409070961259296,0.7647634716900262,5.85328995369533,-0.9755677284143536,-0.9712811801528893,0.002417638726786991,0.010852305696452486,0.007306529331688903,0.01036876691958248,-2.3013057771177343
2010-10-08,4.173666954040527,0.05393417897522285,0.05393417897522285,0.04903154349714298,0.04903154349714298,4.194917672111126,300124.SZ,1.413874253747688,-0.09259649545956546,-0.9691573488258498,-0.9688338584014227,4.261085903997544,1.0594489138748522,5.85328995369533,-0.9699355355961766,-0.965615906718277,0.0053992635362175075,0.019367585444581042,0.00942857867785115,0.025250415336450154,-0.1700733021067423
2010-10-11,4.338740825653076,0.05606734112054169,0.056223816527161415,0.05249989783208684,0.05313620366481659,4.065068289808614,300124.SZ,-1.430309874250422,-0.07504313881510767,-0.9582629565930559,-0.9707647668351673,4.559399795206219,0.8917078136443878,5.85328995369533,-0.9649339937948556,-0.9605849884216446,0.02114054257391665,0.011792493938183764,0.01786332838386134,0.010986586783806571,-0.15340945104370915
2010-10-12,4.379100799560547,0.05658890082061611,0.057308654491849784,0.05502945327443664,0.055300658749574405,1.5234123880681272,300124.SZ,-0.7192638422508947,-0.06316841586812727,-0.9528060276561402,-0.9692288248051666,4.615004066876307,0.7820537797266703,5.85328995369533,-0.9612691030381784,-0.9568985719734096,0.011147757183169443,0.005587323247589063,0.01302816124541365,0.0026862284802767586,-3.3304405531698995
2010-10-13,4.641041278839111,0.05997381267176847,0.05997381267176847,0.05417931235554057,0.055399753057797825,1.7990631872175418,300124.SZ,-0.008217810251367088,-0.042239914632863904,-0.9436784160378716,-0.9702723467184767,4.875587204448143,0.8117846279575338,5.85328995369533,-0.9568126409850606,-0.9524159349442927,0.0005103729313155961,0.013726566309319201,-0.004378545252367914,0.017433568231008698,0.380748939361006
2010-10-14,4.452154159545898,0.05753292591254153,0.06042234480372709,0.05678709479177537,0.05997902280696253,2.260559391330678,300124.SZ,0.7028282217481605,-0.04011742694465883,-0.9423046701697154,-0.9671668617945552,3.090538710579658,0.6709366014571442,5.85328995369533,-0.954630447179648,-0.9502209240499424,0.023584960297586083,0.002310109057533751,0.013431059665039151,-0.012571484201770778,0.6255598837706642
2010-10-15,4.419057846069336,0.0571052396760716,0.05997902280696253,0.055394542922603755,0.05815357456612693,0.9601853922377487,300124.SZ,1.413874253747688,-0.04174445517260415,-0.9420370547478645,-0.9642059570343818,2.8278258777952483,0.48282328544020076,4.224864855949018,-0.9531138778982305,-0.948695447217183,-0.00940174452340556,-0.0022832749030881616,-0.007172165507990124,-0.0022027448609698466,-1.695321326385222
2010-10-18,4.480003356933594,0.05789280007080215,0.05794494961515467,0.053391757315522446,0.05580656662521691,1.1656742912042513,300124.SZ,-1.430309874250422,-0.04020150289414291,-0.9413123331063448,-0.9617873570545278,2.972602884240796,0.2961296426449072,2.3906458916737376,-0.9516011607001921,-0.9471738450929675,-0.012087973003682318,-0.010476241431272574,-0.010315098610691301,0.004056232032423822,0.2883258791906035
2010-10-19,4.47919511795044,0.05788236909098916,0.06125682854347881,0.05668800583826438,0.057266925217885394,1.4806208179654545,300124.SZ,-0.7192638422508947,-0.040180340979634716,-0.9409265870562747,-0.959574225734689,2.9661920254599825,0.5684420492889171,3.079903317298692,-0.9503670886956394,-0.9459325247814135,0.007521395618724449,0.017057421229484143,0.016976918766147375,-5.372346645427328e-05,0.4325125231299163
2010-10-20,4.562337875366211,0.05895677607586454,0.05895677607586454,0.0555510022650862,0.05658369068542204,0.13204522768068835,300124.SZ,-0.008217810251367088,-0.03571187365883337,-0.9398973316162206,-0.9578219484804477,3.152709821918484,0.4160945003006849,2.3218926771222144,-0.9489982518163779,-0.9445556480552884,-0.003518914631536447,-0.011846134668293448,-0.005855995737423524,0.00553359978113479,-1.7588164505397597
2010-10-21,4.841228485107422,0.06256072779366485,0.0646469612392501,0.05841434906145171,0.06023458716709324,0.26064798708869785,300124.SZ,0.7028282217481605,-0.014594186031859349,-0.9357879225268427,-0.9578471120741512,3.6357907097786155,0.9454774860406162,3.2215074499550687,-0.9467858777458851,-0.9423302796324359,0.01880348904681112,0.02930659221131083,0.014747312171950393,0.018561705868985343,0.18704509454595905
2010-10-22,4.996614456176758,0.06456872353594023,0.06696788102120278,0.06206525089783534,0.062070466387741836,-0.18524904408147283,300124.SZ,1.413874253747688,0.010689847352404988,-0.9307004435069414,-0.9585198685821414,3.8366216963913886,1.1795660916447466,3.4769406092648247,-0.9443441858193464,-0.9398742464578819,0.009455467989859833,0.01195360917998354,0.018803516625592667,0.01034193276513689,-0.5697335641572236
2010-10-25,5.403448104858398,0.06982601768237423,0.07102559107029306,0.06493380782939492,0.06493380782939492,0.33237256983193936,300124.SZ,-1.430309874250422,0.05704563663360643,-0.9210284141618018,-0.9623743819696499,4.2194610559140795,1.5048712897846257,3.831790756621244,-0.9408953646514713,-0.9364051686805666,0.014747284593168847,0.020898731817309325,0.014774146326395983,0.027077040774676993,0.699492917419071
2010-10-26,5.432507514953613,0.07020153831035433,0.07138546522855369,0.06833436079555434,0.06884548951581576,-0.3250348124389344,300124.SZ,-0.7192638422508947,0.09217237397379605,-0.9136762696160639,-0.9642567226327863,4.241281707640015,1.4158333713998883,3.8591114453696584,-0.937788403709436,-0.9332799590409954,0.020146630865731048,0.0018534871714539754,0.017514125851908563,0.001934072371135334,-0.8483524991558549
2010-10-27,5.615339756011963,0.07256418736627142,0.07434269084323612,0.07020153831035433,0.07093171225197614,-0.22961073906540283,300124.SZ,-0.008217810251367088,0.12993381734097564,-0.9058327924851294,-0.9663613502706749,4.3680855840765505,1.4056360687370915,4.064609572435898,-0.9345185128180714,-0.9299908624850071,0.010744831184762393,0.015230823370038853,0.009616665968004201,0.012168530624582181,0.14333938407139737
2010-10-28,5.581438064575195,0.07212608621412578,0.07562051264388969,0.0704414454913407,0.07301794034284896,0.04064772304182297,300124.SZ,0.7028282217481605,0.15329442629245724,-0.900195896080169,-0.9668722528347239,4.186344494710053,1.1829321012285103,4.14337357881499,-0.9317044895121454,-0.9271603110472096,0.01074485876354394,0.006581262534556214,0.001235612149666738,-0.0022563855910794775,0.3736457068429295
2010-10-29,5.643188953399658,0.07292406152453204,0.07562051264388969,0.0704414454913407,0.07301794034284896,-0.35546141012809856,300124.SZ,1.413874253747688,0.1727292501428596,-0.8951093496164947,-0.967034912364653,4.231690597519551,1.0270922184227498,4.14337357881499,-0.9290269834289969,-0.9244670786644477,0.0,0.0,0.0,0.004109872762533453,-0.5041488254224025
2010-11-01,6.033876419067383,0.07797273071999378,0.07823872605993748,0.073476908809333,0.073476908809333,0.16387432733479884,300124.SZ,-1.430309874250422,0.21471259408743523,-0.8870314179055888,-0.9691981888899434,4.4693387276440655,1.1406313780540613,4.293937402210401,-0.9256573755808102,-0.9210776794652965,0.0023638601027695717,0.013484783131493424,0.01563377694722745,0.02600254386680993,0.7017509027863511
2010-11-02,6.012890815734863,0.077701525244856,0.07818135567096603,0.07539623586848553,0.07801967012915223,-0.13783688513337822,300124.SZ,-0.7192638422508947,0.24154270184257226,-0.8806397723109879,-0.9644670683411557,4.369593131949575,1.0366951787697236,4.293937402210401,-0.922657789005732,-0.918060474854729,0.02339692816499613,-0.000295479065498503,0.009885255721494072,-0.0013968101278111053,-0.3798000737176549
2010-11-03,5.616147994995117,0.0725746183460844,0.07797273071999378,0.07198526263193797,0.076767936487456,0.04843778470808155,300124.SZ,-0.008217810251367088,0.22623148966430062,-0.8798520850912835,-0.9548995591916288,2.7406276811263997,0.7481423591349867,2.9059338394628047,-0.9208170074974704,-0.9162088815385299,-0.006446898710857435,-0.001074496907867013,-0.01756779416079979,-0.026405497443998525,0.26301530678703244
2010-11-04,5.734403610229492,0.07410278366224976,0.07533887618893893,0.07172447742718835,0.07223560614744975,-0.2763671544337621,300124.SZ,0.7028282217481605,0.219929778545535,-0.878734777467138,-0.9459161605154062,2.872860511215756,0.6590100452952292,2.808996510167296,-0.9188836551603331,-0.9142641736798108,-0.023343204698541856,-0.013565340752393287,-0.0013431418189198752,0.007870625729458772,-0.410221041284878
2010-11-05,5.743283271789551,0.07421752444019265,0.0761472878338706,0.07239729168926355,0.07436355815757453,-0.25179302039901447,300124.SZ,1.413874253747688,0.211818064904106,-0.8766558393751116,-0.9400209722619902,2.8826225487800126,0.6461044472752868,2.8904568233642465,-0.9170932367656688,-0.9124632392843481,0.010959752629361033,0.004163623807769273,0.003465246322645217,0.000590958130997006,0.050009981795992614
2010-11-08,6.134778022766113,0.07927661926075497,0.07957912303004414,0.07384721930211904,0.07399846850940742,-0.06308675995935441,300124.SZ,-1.430309874250422,0.23423031329048138,-0.8715838597475394,-0.9364215131104092,3.264152014526836,0.804358873188233,3.2020100562227056,-0.9146765842490343,-0.9100323925883698,-0.0018803489046811121,0.017675241093708285,0.007467672152270175,0.026056239754482707,0.2662183991146543
2010-11-09,6.203390598297119,0.08016326325428406,0.08023629082239987,0.07827523448928295,0.07957912303004414,-0.4778235444644908,300124.SZ,-0.7192638422508947,0.25335425691071206,-0.8669476372908954,-0.9321631820232835,3.3221615904867527,0.8653964528992784,3.25611041509742,-0.9123161598889071,-0.9076581043042963,0.028742468234759413,0.00338466112296391,0.022805942455217575,0.004566549806176272,-0.5286867090273157
2010-11-10,6.464926719665527,0.08354295961552993,0.08461737195511775,0.07876028040529946,0.07927661926075497,-0.3765499433980096,300124.SZ,-0.008217810251367088,0.2861362859596688,-0.8600160035474829,-0.9305884833222952,3.5253941824007664,0.9598640119692002,3.576511269784433,-0.9096546206953705,-0.9049809325924791,-0.0015580081059554211,0.022564214434954842,0.002498168768905255,0.017406706497781563,0.15104486594296151
2010-11-11,6.336580753326416,0.08188441240641461,0.08501374383329897,0.08188441240641461,0.0835533852406305,-0.35787531667932354,300124.SZ,0.7028282217481605,0.29604707978030037,-0.8563606802620317,-0.9248653559619693,3.1131570890217124,0.9249515193548594,3.6024991952189223,-0.9074084220111308,-0.9027215408874197,0.02202695219163056,0.0020414641464808372,0.01609045399087032,-0.00854214148135564,0.04223866262951317
2010-11-12,6.126706123352051,0.07917231481733748,0.08344908079721301,0.0761472878338706,0.08240596139706417,-0.16985415943406834,300124.SZ,1.413874253747688,0.28090349021804384,-0.8557884673251158,-0.9164780164842216,2.4913988017765916,0.6849871700777296,1.8505097977788367,-0.9056727361077027,-0.900975660453819,-0.005909664046314702,-0.008058602704485633,-0.02954834781035506,-0.01396832190836343,0.26531592450102
2010-11-15,6.537977695465088,0.08448696864331806,0.08453390805247653,0.07875506491539297,0.07979817896082939,-0.2609179203601321,300124.SZ,-1.430309874250422,0.30023150472319965,-0.8529791031830433,-0.9088462996016874,2.869378788556796,0.8127763642885033,1.9616234572893534,-0.903379148371867,-0.8986686013581415,-0.013431059665039151,0.005587268090025968,0.013431032086257604,0.02737246468261235,-0.10231782141456981
2010-11-16,6.296220302581787,0.08136284735162777,0.08703739140000627,0.07973559308195143,0.08449219484264942,-0.24343256287008314,300124.SZ,-0.7192638422508947,0.28936628145180127,-0.8539512928112721,-0.8980747673808332,2.258947777509228,0.7739433088753869,2.2034933185529617,-0.8991477327663374,-0.89689583392188,0.024175946007364637,0.012893880158059513,0.00505008858304633,-0.016090398833307224,0.04067205880050364
2010-11-17,5.95920991897583,0.0770078490231548,0.08108121089667701,0.0765019411475123,0.07939136003869786,-0.2579409919889886,300124.SZ,-0.008217810251367088,0.24652310458416427,-0.8580039934018738,-0.8859326895020245,1.5130701671767708,0.475040523071581,1.3904008997282706,-0.8953466645928065,-0.8957543862219938,-0.02627121635664439,-0.030676568184676345,-0.016654522809858643,-0.022429878190037663,-0.0014728041112706336
2010-11-18,6.216710090637207,0.08033537977591085,0.08162362184695256,0.07665840048999474,0.07718518638940051,-0.4786718324939194,300124.SZ,0.7028282217481605,0.23167988430217282,-0.8600894431324471,-0.8762021842582582,1.7853737443323856,0.5306981116316396,1.4490019315437035,-0.8913790102289935,-0.8942964532402119,-0.011362623470204988,0.0027936202556222106,0.0008058244180325518,0.0171380340079471,-0.27312602738953784
2010-11-19,6.4572577476501465,0.08344385995259408,0.08397062978786257,0.07955304558051166,0.08060138047056699,-0.5186687769490944,300124.SZ,1.413874253747688,0.23751112143750977,-0.860703403365774,-0.8677390559689206,2.0161801910891994,0.6840429779039461,1.6934970802200444,-0.8876387589236283,-0.8925746016045761,0.017594683472808424,0.012087973003682318,0.014908510150094761,0.016009841212407363,-0.03504838545152626
2010-11-22,6.47219181060791,0.08363684378855929,0.08605686323344781,0.08142022309531165,0.08344908079721301,-0.270482395203209,300124.SZ,-1.430309874250422,0.23935140003518526,-0.8592375585546803,-0.8637838203594314,2.0300542657419953,0.750022070026787,1.8955270986456758,-0.8841444185943854,-0.8909300525983683,0.014666726972268984,0.010744886342325488,0.009616665968004201,0.0009939392869671505,0.3445705363301024
2010-11-23,6.449589729309082,0.0833447709990831,0.08428356989167717,0.08152974302863564,0.08347515824674549,-0.6395270162326699,300124.SZ,-0.7192638422508947,0.23468274070220704,-0.8585828367951988,-0.8591549976914367,1.9816790918271743,0.6787811343792952,1.8955270986456758,-0.8807532034051079,-0.8894078979765048,0.00013430866613568318,-0.009133127191134193,0.0005640688189883221,-0.0015042846395011992,-0.46849721069248107
2010-11-24,6.603363037109375,0.08533189942702006,0.0855353035333734,0.08219212631089785,0.08326653329577324,-0.5678847086886768,300124.SZ,-0.008217810251367088,0.24090955775743272,-0.8562995467175253,-0.8565827679212934,2.1288716347540206,0.745074565827002,2.0152157834240207,-0.8775391524921,-0.887762610320485,-0.001074496907867013,0.006446898710857435,0.003411522856190995,0.010234458253446797,0.112012074399172
2010-11-25,6.679643154144287,0.08631763772877259,0.08762153697895864,0.0837098552925378,0.08408016578532383,-0.09841033654087601,300124.SZ,0.7028282217481605,0.24861812610065245,-0.8542570853349323,-0.8531448933852356,2.1998595238440766,0.8274734074036937,2.205418655183944,-0.8738907885525584,-0.8861047013899018,0.004190513119777957,0.010744886342325488,0.00781687468422295,0.005076922737491919,0.6360693868256708
2010-11-26,6.452818870544434,0.08338648956362264,0.08605164238882888,0.08324566598143483,0.08566048064584172,-0.48722046466943036,300124.SZ,1.413874253747688,0.22982004900983216,-0.8543669173625174,-0.8487230591831354,1.7145682327800749,0.6556060870745478,2.0858049287670855,-0.8705597298646004,-0.884819271198577,0.00813921548294859,-0.008085547174057413,-0.0023907494147782558,-0.01509651470390317,-0.49453397205663446
2010-11-29,6.445553302764893,0.08329260539059329,0.08391848024351005,0.08188441240641461,0.08365248490356635,-0.42622456790817326,300124.SZ,-1.430309874250422,0.21048986900018965,-0.8534142241732541,-0.8476528437104863,1.699468032185217,0.5266988466021955,1.7388987339335906,-0.8673403912659818,-0.8836070895592669,-0.01034193276513689,-0.010986586783806622,-0.0070109675298457574,-0.00048353877687000685,0.09798774122395278
2010-11-30,6.332542896270752,0.0818322467979248,0.0840958069003309,0.07823350521531855,0.08391325939889112,-0.3240424574631041,300124.SZ,-0.7192638422508947,0.18126730486535278,-0.8531060714962382,-0.8463176779196353,1.4643532191292097,0.3422564968004447,0.8864871388743144,-0.8643048260416274,-0.8825902699179603,0.001343086661356832,0.0009132989297226458,-0.018803544204374214,-0.007521395618724449,0.15224162966720084
2010-12-01,6.215499401092529,0.08031973866090379,0.08343864981740003,0.07927661926075497,0.08191569463642874,-0.6096149628601327,300124.SZ,-0.008217810251367088,0.14423379709679363,-0.8554654180080732,-0.8403830858618918,1.2278477985419172,0.26664130240085576,0.8864871388743147,-0.8615971434761523,-0.8817596068456072,-0.010288209298682616,-0.003384605965400764,0.005372429381772021,-0.007789985372214267,-0.3585408334345286
2010-12-02,6.185227870941162,0.07992856620849177,0.08188441240641461,0.07985554934980083,0.08136284735162777,-0.6747226395167712,300124.SZ,0.7028282217481605,0.10948185273459579,-0.8575151968957573,-0.8355977797542239,1.167087611046463,0.17064962674290718,0.8864871388743152,-0.8593958292582101,-0.8810023729712082,-0.002847371300858031,-0.008004906816812908,0.0029817075457752103,-0.002014685149598343,-0.06812631958854905
2010-12-03,6.185227870941162,0.07992856620849177,0.07992856620849177,0.07992856620849177,0.07992856620849177,-1.131685036343195,300124.SZ,1.413874253747688,0.07970533076618648,-0.860264930273024,-0.8300418759205489,1.167087611046463,0.03645482884485922,0.8864871388743152,-0.8574490216444555,-0.880279558818373,-0.007387086952588765,-0.01007334301164707,0.0003760642651799129,0.0,-0.5843097793564871
2010-12-06,6.066165924072266,0.07838998062193828,0.0803093076810908,0.07838998062193828,0.07875506491539297,-0.5514784194549937,300124.SZ,-1.430309874250422,0.0431304030599691,-0.8600044935700002,-0.8307099724067039,0.9221322554945762,-0.15573321144428454,0.5243669818928848,-0.856363568582853,-0.879719640313231,-0.006043972712450386,0.0019609616831440693,-0.00792429403834995,-0.00792429403834995,0.7819350616686436
2010-12-07,6.278461456298828,0.08113336044102953,0.08136284735162777,0.07814484724162056,0.07828567082380837,-0.32622851974885875,300124.SZ,-0.7192638422508947,0.032403005029785194,-0.8600170170995418,-0.830297237911216,1.1994214851544527,-0.000900291184383695,0.6675982325416548,-0.8549779974536486,-0.8789559641436595,-0.0024175559904422977,0.005426125269444696,-0.0012625290404569695,0.014129437150163156,0.3143567044052153
2010-12-08,6.215499401092529,0.08031973866090379,0.08135241637181477,0.07906800501920756,0.08084128765155335,0.13902230113329542,300124.SZ,-0.008217810251367088,0.016460989686731476,-0.8606368195965973,-0.8308959189711366,1.070754087472573,-0.037591964120381655,0.6675982325416544,-0.8539950078077821,-0.8782909951380311,0.01316238717520469,-5.372346645432465e-05,0.004754609517547827,-0.004190457962214863,0.6305057756386877
2010-12-09,6.187247753143311,0.0799546543674491,0.08025714742731342,0.07884372288909097,0.07932877951453235,-0.6815204144853733,300124.SZ,0.7028282217481605,-0.00015684601815962656,-0.8607463494314121,-0.8315598928473341,1.0125752923288067,-0.20847957135602468,0.6124091894329847,-0.8530027635243872,-0.8776828237822111,-0.007789985372214267,-0.005641046714043285,-0.0011551372651115175,-0.0018803213258995646,-1.0632478581842588
2010-12-10,6.35877799987793,0.08217125899655944,0.08329783158992464,0.07979817896082939,0.08005895345615416,-0.2761363742068248,300124.SZ,1.413874253747688,0.0015426682711099729,-0.8607060934997892,-0.8303762251490541,1.2378949189580446,0.21811882679940114,1.0245722983374275,-0.8518307128186461,-0.8769264570485523,0.0037606702305806768,0.015660666259236133,0.004915807495692194,0.011416346936659261,0.551644298804243
2010-12-13,6.4572577476501465,0.08344385995259408,0.08397062978786257,0.08201479965407701,0.08260937621284237,-0.340751628675099,300124.SZ,-1.430309874250422,0.01076033539751792,-0.8612524321655961,-0.8301660607921887,1.3615507689190138,0.5154451398915001,1.1099579941587252,-0.8511372658691605,-0.8761029978601532,0.013135635757103742,0.0034651635863006264,0.011416429673003903,0.0065543732225475295,-0.06747766033864569
2010-12-14,6.316398620605469,0.08162362184695256,0.08390804926369705,0.08085171863136635,0.08318829559246337,-0.29706172264171216,300124.SZ,-0.7192638422508947,0.0033499709680120406,-0.8612173952528153,-0.830099975221248,1.065061599145158,0.23241530212399408,0.8184292050032818,-0.8506401535165393,-0.8754483394425605,0.0029816523882121157,-0.0003223132199440923,-0.005990304403559207,-0.00937491036895997,0.07519085832624685
2010-12-15,6.195318222045898,0.08005895345615416,0.08151931204882264,0.07921403338187702,0.08109685201168407,-0.3505277658564911,300124.SZ,-0.008217810251367088,-0.01516186480541693,-0.8623869506698983,-0.8274816044873305,0.8207444590413365,-0.31778100056945685,0.424395600348688,-0.8496915395960196,-0.8749339454938747,-0.010771720496771026,-0.012302894448281011,-0.008434694548447095,-0.008058630283267181,-0.0527909967812456
2010-12-16,6.134778022766113,0.07927661926075497,0.0807943482423949,0.07875506491539297,0.07930791220019394,-0.44493012463952286,300124.SZ,0.7028282217481605,-0.03648460011144418,-0.8621836936994134,-0.8281535384714916,0.7008747746874021,-0.606451908071638,0.3163792654502894,-0.8490357735995694,-0.8744954195767239,-0.009213712390815604,-0.003733836076135036,-0.0023638601027695717,-0.004029315141633539,-0.1067156987499171
2010-12-17,6.013697624206543,0.07771195622466899,0.08016326325428406,0.07745117101991936,0.07927661926075497,-0.2401997961822728,300124.SZ,1.413874253747688,-0.06546655360718862,-0.8620940326602098,-0.83061051561099,0.46575071080121944,-1.0889756812044318,0.013704949572318503,-0.8485928663023532,-0.8741839578614611,-0.00016117039936276847,-0.003250324878046628,-0.006715543621910349,-0.008058602704485685,0.2873266273511101
2010-12-20,5.864363193511963,0.07578218747627863,0.07823350521531855,0.07510416307900934,0.07760764642653908,0.4227762856533278,300124.SZ,-1.430309874250422,-0.10279002179745947,-0.8614725435786648,-0.8345598991524809,0.18864609058544882,-1.7405301857436315,-0.49728661290804,-0.8490357735995694,-0.8740180192298176,-0.008595837369028417,-0.009938979187948293,-0.012087973003682318,-0.009939034345511388,0.8909658493064136
2010-12-21,5.934590816497803,0.07668969878414614,0.07689311359992433,0.07459825520336684,0.07580827563523596,-0.19798592770685336,300124.SZ,-0.7192638422508947,-0.12554135551396092,-0.8617095382818393,-0.8370141242446388,0.2990638429315661,-1.7017932321119635,-0.6028814543034858,-0.8494760360359429,-0.873796025075296,-0.009267435857269878,-0.006903520596937211,-0.0026056157018138014,0.004674024317866417,-0.8000804506172896
2010-12-22,5.844183444976807,0.07552141298095384,0.07708608137175224,0.07520847823185169,0.07640285219400132,-0.5622572216164372,300124.SZ,-0.008217810251367088,-0.15176688275257402,-0.8632011881252716,-0.8392975713348458,0.13224576906685334,-1.5766297808698242,-0.5690229378203483,-0.8504927396829267,-0.8736602128001533,0.0030622927454566715,0.0009938565506225083,0.0031428779451380816,-0.006017110979223249,-0.4622093892614295
2010-12-23,5.969704627990723,0.07714345711543612,0.0782178641003115,0.07526584862082313,0.07526584862082313,0.3825779205858851,300124.SZ,0.7028282217481605,-0.16003340498774676,-0.8669297657948538,-0.8387067219342411,0.33240975482602453,-1.214246367430516,-0.3709696270798486,-0.8510936395784342,-0.8734221202184992,-0.005855995737423524,0.00582910642541484,0.000295479065498503,0.008354136927547232,1.2622539248564424
2010-12-24,5.61049747467041,0.07250160148739347,0.07712781064571664,0.07201655021666452,0.076778367467269,-0.0425127710060704,300124.SZ,1.413874253747688,-0.19993461882447203,-0.86624875332817,-0.8439691747227002,-0.28746796250848256,-1.8608702729818216,-1.0446762485543404,-0.8519391297163714,-0.8734930112611391,0.007790040529777362,-0.0056141849808161995,-0.01673510800954005,-0.023907301096311725,-0.5423257321322928
2010-12-27,5.351382732391357,0.069153203420299,0.07345604684970701,0.06832392981574134,0.07246509841276043,-0.42578062322310045,300124.SZ,-1.430309874250422,-0.2547216767851203,-0.8640852838513402,-0.8522990032281917,-0.6764990866622396,-2.4152386674012187,-0.8420904787842777,-0.8538826321024371,-0.8737749846284304,-0.02221495674543902,-0.018910963558501213,-0.019018382912628213,-0.017245508519637194,-0.487233227653812
2010-12-28,5.223036766052246,0.06749465085647126,0.06905411446678801,0.06573700933913253,0.06806315532041657,2.324413139328233,300124.SZ,-0.7192638422508947,-0.3081869319760866,-0.8615647527024249,-0.8611272840673354,-0.8560489696593997,-2.5828898258003923,-0.433051786031942,-0.855640378656317,-0.8725308855699692,-0.02267166136786344,-0.022671606210300344,-0.013323612732130605,-0.008542169060137187,3.640421676338028
2010-12-29,5.336045742034912,0.06895500944913974,0.06936703850646532,0.06622727609976797,0.06757809869497519,1.2966321013777993,300124.SZ,-0.008217810251367088,-0.33715993607732564,-0.8606738620160553,-0.8668318311751502,-0.6639183854317531,-2.069414353077032,-0.493499396765563,-0.8566610485765273,-0.8711325211255432,-0.0024982239264683495,0.001611676414846651,0.002525058080913939,0.007521395618724449,-1.3362393234175054
2010-12-30,5.431296825408936,0.07018589184063485,0.07108818230388345,0.06832392981574134,0.06867859383880791,0.18736065350695338,300124.SZ,0.7028282217481605,-0.3482921117247913,-0.8608051162734655,-0.8706766595632128,-0.5054820075825756,-1.5485263972925247,-0.8207035978407785,-0.8579474615176843,-0.8697840262946728,0.005667963604833568,0.008864537437644374,0.010798554651216666,0.006339506935511984,-1.4435852339437336
2010-12-31,5.645610809326172,0.07295535981868344,0.07299186824802892,0.06988859820653975,0.07060835187777342,-0.04741992334630165,300124.SZ,1.413874253747688,-0.33402892673588086,-0.8618930103518782,-0.8722674213571758,-0.1659937841458098,-1.110894256322976,-1.163372464705139,-0.8592768430974874,-0.8685715113247964,0.009938979187948293,0.009804698100594209,0.008058630283267233,0.014263800973861934,-0.2916335025935192
2011-01-04,5.8114914894104,0.07509895294381527,0.07533365534432,0.07299186824802892,0.07347169867413893,0.05788905433924658,300124.SZ,-0.7192638422508947,-0.30461740666696085,-0.8625476738645689,-0.8728532041390271,0.07980361111441331,-0.683691184134659,-0.9901211665021531,-0.8603589916100927,-0.8673583314267395,0.014747312171950393,0.012061083691673583,0.015983007057961775,0.011040310250260895,0.15636059791575524
2011-01-05,5.941048622131348,0.07677314662265007,0.0779205704662164,0.0737429041492767,0.07510416307900934,0.07365878615999001,300124.SZ,-0.008217810251367088,-0.2671136739195467,-0.8642313758285225,-0.8726756357867814,0.2636164800484418,-0.4067765185670815,-0.5895878385879567,-0.8611919225615038,-0.8660716762820331,0.00840780523643841,0.013323585153349056,0.0038681171634891718,0.00862272668103705,0.03841209471670972
2011-01-06,6.128725528717041,0.07919839226686996,0.08162362184695256,0.07854644531913316,0.07859859486348568,0.9640988240386767,300124.SZ,0.7028282217481605,-0.21817526500877032,-0.8647527478493723,-0.8725267442555061,0.5172669774477351,0.16631813453342506,-0.07572262923657098,-0.8619693236516685,-0.8648461955539714,0.01799763704999702,0.019072106379082486,0.024740042405134506,0.012490926580870915,1.1906001927486694
2011-01-07,6.132760047912598,0.07925054181122249,0.07973559308195143,0.07719039652459458,0.07823872605993748,-0.031015136232438824,300124.SZ,1.413874253747688,-0.1782704042707945,-0.8650755262664334,-0.8724386264027735,0.522635711234066,0.04803962750627364,-0.31987025859642276,-0.8628650539291671,-0.8634617949426798,-0.001853459592672428,-0.009724057743349652,-0.006984160954181715,0.000268589753489819,-1.2932075457992285
2011-01-10,5.6310811042785645,0.07276758611791231,0.07924533167602842,0.07201655021666452,0.07924011083140949,-0.01620239129357491,300124.SZ,-1.430309874250422,-0.19394410005636556,-0.8680008796258788,-0.8728802791600608,-0.25822008501192606,-0.5631585165603042,-1.158204948397965,-0.8642109636834888,-0.8624633906017292,0.005157507937173329,-0.0025250305021323914,-0.026647253043042756,-0.03338965839818024,0.037151472414068916
2011-01-11,5.467621803283691,0.07065529128693188,0.07276237598271824,0.06956523247762458,0.0721469374643269,-0.00743916081828174,300124.SZ,-0.7192638422508947,-0.22085275863536435,-0.8722214700118337,-0.8731979199966252,-0.4810028144399435,-1.090048769544476,-1.0385462384855975,-0.8658127000969991,-0.8616498390257347,-0.03653250876453677,-0.03338965839818024,-0.012625207668225051,-0.010879112272116529,0.029182551421183794
2011-01-12,5.447440147399902,0.07039450608218224,0.07145327195205056,0.06884548951581576,0.07065007044231296,-0.4537051672388575,300124.SZ,-0.008217810251367088,-0.24264003588484231,-0.8755783894385344,-0.8738845365109489,-0.5082202859984157,-1.1269923665633086,-0.9387207269765933,-0.867262394679441,-0.8608522464087559,-0.007709427751314404,-0.006742377776355939,-0.0037069467641264037,-0.0013431418189199266,-0.5702196088863526
2011-01-13,5.735211372375488,0.07411321464206275,0.07562051264388969,0.07072830814562282,0.07144806181685649,-0.08282283916560465,300124.SZ,0.7028282217481605,-0.23088192041884442,-0.8782610197888542,-0.8731906845506064,-0.0945328419441609,-0.576975553641529,-1.0127971445492474,-0.8680490504071344,-0.8598860914259099,0.004109955498878095,0.021462855793860744,0.009697223588904064,0.01915274673632699,0.5061957887892796
2011-01-14,5.714223384857178,0.07384199845750011,0.07540145671310446,0.07243380011860902,0.0735395053976358,-0.5057348425145597,300124.SZ,1.413874253747688,-0.22233986842151324,-0.8806694976622673,-0.8726073460949868,-0.12459463037667477,-0.482199818747154,-1.012797144549246,-0.8688205020874591,-0.8591669610169359,0.010771720496771076,-0.001128220374321235,0.008783924659181418,-0.0013968652853742,-0.5394557837122753
2011-01-17,5.60161828994751,0.07238686070945057,0.07552141298095384,0.07041015790661416,0.07510416307900934,-0.2535174539527209,300124.SZ,-1.430309874250422,-0.2251324474976662,-0.8823876490529015,-0.872785498270419,-0.28604661562602657,-0.6254596029537031,-1.2401205167407436,-0.8697763875088941,-0.858668589836017,0.008058575125704086,0.0006178198642240913,-0.010422517964818299,-0.0074945063067157645,0.34988051203667403
2011-01-18,5.60161828994751,0.07238686070945057,0.07238686070945057,0.07238686070945057,0.07238686070945057,-1.131685036343195,300124.SZ,-0.7192638422508947,-0.22605922597401684,-0.8832165316095709,-0.8732105607630024,-0.2860466156260274,-0.6483305233782285,-1.2401205167407445,-0.8705372624606147,-0.8585053475782736,-0.013995128484027473,-0.016144122299761497,0.01018076236577407,0.0,-1.1391561006217847
2011-01-19,5.804630279541016,0.07501028426069242,0.07535972743914005,0.07119249745672579,0.07275194500290526,-0.4064944289030306,300124.SZ,-0.008217810251367088,-0.20618905136908383,-0.8839809589808139,-0.8730067504892983,0.009959895489278912,-0.3838761882847634,-0.8850943870816491,-0.8713133414597038,-0.8581988115908865,0.0018803213258995646,0.015311380990938716,-0.006151419645358932,0.013511617285939014,0.9729199701103435
2011-01-20,5.529775619506836,0.07145848208724463,0.07510416307900934,0.0712655089607043,0.0749424882466204,-0.2785252909464938,300124.SZ,0.7028282217481605,-0.21574527066550775,-0.8848326139183357,-0.8736791790335532,-0.38600482623998505,-0.5579217525176922,-0.8850943870816492,-0.8724364754743419,-0.8582692953434004,0.01128212100686822,-0.0013162525069112428,0.00037603668639836556,-0.018293116115495524,0.18621043594375397
2011-01-21,5.493048667907715,0.07098387250575354,0.07275716584752417,0.06936703850646532,0.07056662260380904,-0.5256267325130795,300124.SZ,1.413874253747688,-0.22557560306540209,-0.8867143688665451,-0.8740086643095308,-0.43668180634978904,-0.7851321781166803,-1.176055183586239,-0.873573491445273,-0.8583421063445467,-0.022537352701727704,-0.012087917846119223,-0.00977783636736702,-0.0024444177236693826,-0.307863565031721
2011-01-24,5.194381713867188,0.06712435642782251,0.0719226713983476,0.06660279137303565,0.07092650211678209,0.041165203319916924,300124.SZ,-1.430309874250422,-0.2604570005682317,-0.8859462444556453,-0.8771126767896029,-0.8294090207902006,-1.1642787542755588,-0.973061259679434,-0.8754806349693788,-0.8587118115331205,0.0018535147502354715,-0.0042979600526865044,-0.01423691166185325,-0.019877958375896638,0.7642641338417214
2011-01-25,5.170165538787842,0.0668114163240079,0.06712435642782251,0.06415147363399572,0.06660279137303565,-0.1529318237639379,300124.SZ,-0.7192638422508947,-0.28842828789783054,-0.8852480480830762,-0.8788893206338652,-0.859851081161794,-1.5443960093851894,-0.6446010428594122,-0.8775887404091135,-0.8594232952680161,-0.02226873536945639,-0.024713125514344274,-0.012625207668225051,-0.0016117591511912931,-0.2380417646491326
2011-01-26,5.227880954742432,0.06755724744477407,0.06816746511854647,0.06571614737950655,0.06664973613690654,-0.746698690773566,300124.SZ,-0.008217810251367088,-0.30286155595419684,-0.8852686663930573,-0.878839546256527,-0.7675772035598931,-1.2684417740222491,-0.8054713415512764,-0.8793716053360453,-0.8600699474812729,0.0002417831778257771,0.005372401802990422,0.008058657862048728,0.0038413105878251814,-0.764519946788665
2011-01-27,5.431699752807617,0.07019110197582891,0.0708273970991338,0.0665141226899128,0.06728081577030494,-0.49313314967300637,300124.SZ,0.7028282217481605,-0.2926017737065225,-0.8854204087852192,-0.8781550186452974,-0.4517558455574796,-0.8473143234625726,-1.1994766734965094,-0.880622321818163,-0.8602218859599438,0.0032502972992650807,0.01369964941852897,0.004109872762533453,0.013565340752393287,0.35165641010785287
2011-01-28,5.536636829376221,0.07154715077036748,0.07171404644737535,0.0694191987602427,0.0694191987602427,-0.7833041217871942,300124.SZ,1.413874253747688,-0.27253367425738917,-0.8854154608173522,-0.8776021709273668,-0.29599216155003205,-0.48764411736585456,-1.2211648632087073,-0.8816020055576491,-0.8603847960949358,0.011013476095815307,0.004566577384957871,0.014962233616549034,0.006984160954181715,-0.36459831427503625
2011-01-31,5.763463973999023,0.07447830429022986,0.07515632333278673,0.07041015790661416,0.07078045768997535,-0.4845860196173157,300124.SZ,-1.430309874250422,-0.2333918817494057,-0.8849618147751003,-0.8775071389984128,0.02490315126399428,0.04543268350229649,-0.754754646154033,-0.8820118598992857,-0.8603681725490785,0.007010995108627305,0.017729019717725655,0.005103812049500603,0.015096542282684717,0.41113509950591737
2011-02-01,5.774763107299805,0.07462433265289932,0.07536494828375898,0.07308052622172691,0.07406105438828536,-0.7882863118402669,300124.SZ,-0.7192638422508947,-0.20029376980085017,-0.8851592852776333,-0.8774712273429971,0.040498426495999634,0.2819795449669111,-0.7275526805073524,-0.8821586140447434,-0.8606647349550932,0.01689630598768442,0.001074496907867013,0.013753400463764791,0.0007521009515782785,-0.38242025414862896
2011-02-09,5.407887935638428,0.06988338807134567,0.0745565366388273,0.06978428840840983,0.07357600847226885,-0.6911701004891654,300124.SZ,-0.008217810251367088,-0.20835815736208022,-0.8870532815775697,-0.8780860581317413,-0.47891243901456426,-0.3286342705849042,-1.2112623297154346,-0.8830212906879709,-0.8613200308933608,-0.002498168768905255,-0.004163623807769273,-0.016976863608584282,-0.024417646448845774,0.14556840822424746
2011-02-10,5.682741641998291,0.07343519024479346,0.0735395053976358,0.06930445798229981,0.06930445798229981,-0.6131123074708371,300124.SZ,0.7028282217481605,-0.18740336117865364,-0.8908916250044024,-0.8759671971682244,-0.09953350095289819,-0.14860814149506688,-1.2683244178280266,-0.8832857122965335,-0.861964355857985,-0.022000090458403475,-0.0052380931368547394,-0.0024713070356781183,0.018293116115495524,0.12046308268815835
2011-02-11,5.730366230010986,0.07405061805375994,0.07432182888361014,0.07249117050758047,0.073476908809333,-0.7238239322027953,300124.SZ,1.413874253747688,-0.16561465543693843,-0.8951910050896903,-0.8730785988152542,-0.03647512814293932,0.24796088939907357,-1.167511846269662,-0.8836777190873418,-0.8624637251138529,0.021489689948306332,0.0040292599840704955,0.016412767210814413,0.0031696845208021235,-0.12819961329902496
2011-02-14,5.731173992156982,0.07406105438828536,0.07482252662405858,0.07285105002055353,0.07405061805375994,-0.5930263709028039,300124.SZ,-1.430309874250422,-0.14788465107316326,-0.8946427375724949,-0.8731882749013106,-0.035381356912828316,0.3181272362868716,-1.0956773926046564,-0.8834800637567849,-0.862789545042498,0.0029548182337665774,0.0025787815473682636,0.0018535147502355227,5.3751045235820644e-05,0.1899362691976706
2011-02-15,5.642380714416504,0.07291363054471904,0.07625159763200051,0.07286148100036652,0.07364380448634086,-0.5096174125809979,300124.SZ,-0.7192638422508947,-0.1420807167655293,-0.8942532018079133,-0.8727165612229233,-0.16433963751702865,0.31272121083104537,-0.8919065139894887,-0.8830034424584513,-0.8635272934405327,-0.0020952427704982054,0.007360252798143125,5.372346645427328e-05,-0.005909664046314702,0.12751208038542347
2011-02-16,5.844183444976807,0.07552141298095384,0.07561529179927076,0.07227733542141415,0.07244944123361607,-0.6137871006610208,300124.SZ,-0.008217810251367088,-0.11797467615579474,-0.8926474672097583,-0.8724884159529984,0.11419095666621498,0.39169336248725745,-0.9838705538417878,-0.8819860777659299,-0.8638996586831683,-0.006151419645358932,-0.003277214190055312,-0.0030085692790023984,0.013431059665039151,-0.11958203305623646
2011-02-17,5.788486957550049,0.07480167001914502,0.07705478843231327,0.07437398913738753,0.07536494828375898,-0.5447865439337229,300124.SZ,0.7028282217481605,-0.10436092929313237,-0.8923048742193996,-0.8726061064561279,0.030889485792195224,0.59146635750678,-0.7768581295583236,-0.8812450335016506,-0.8640402927000889,0.015015957083003307,0.0074139486858159015,0.010798554651216666,-0.0037069467641264037,0.1085321416429309
2011-02-18,5.892616748809815,0.0761472878338706,0.0765123721273253,0.07432182888361014,0.07510416307900934,-0.5778137889790451,300124.SZ,1.413874253747688,-0.08387932170073158,-0.8910349476001738,-0.8731435953402691,0.17371609419289638,0.610933130699684,-0.7855006795156024,-0.8804894469142321,-0.8643072647780441,-0.0013431418189199266,-0.0027936478344037577,-0.00026864491105291373,0.006930437487727442,-0.025867320710589614
2011-02-21,6.000378131866455,0.07753983970304221,0.07865075511726306,0.07520847823185169,0.07562572277908376,-0.5088029222475261,300124.SZ,-1.430309874250422,-0.05790342912487564,-0.8884576304025515,-0.8740397503742663,0.31872752184424563,0.9151897322078087,-0.4809604997744324,-0.8799083797422407,-0.8646836195897643,0.0026862284802767586,0.011013476095815307,0.004566577384957871,0.007172165507990124,0.10854572283354867
2011-02-22,5.610092639923096,0.07249638064277454,0.07823350521531855,0.07243380011860902,0.07750333127369674,-0.3057235600291349,300124.SZ,-0.7192638422508947,-0.07542528279148784,-0.8884395583264643,-0.8740159177693597,-0.2570006905072216,0.21623364095534237,-0.940321674717419,-0.8802382468951163,-0.8653937741509761,0.009670389434458474,-0.002148993815734026,-0.014290635128307524,-0.02597570971236434,0.2851518380190714
2011-02-23,5.702922821044922,0.07369596474011825,0.07406105438828536,0.07244423109842202,0.07244423109842202,-0.69601259339895,300124.SZ,-0.008217810251367088,-0.08074374018189394,-0.8889686693508253,-0.8739371770880346,-0.12870849896743863,-0.008706459323434309,-0.9403216747174191,-0.8806282691919284,-0.8660088422756479,-0.026056267333264202,-0.021489689948306332,5.372346645427328e-05,0.006178308957367616,-0.4964821084061778
2011-02-24,5.517263889312744,0.0712968072548557,0.07403497693875288,0.06925230308323485,0.07379505904834166,-0.11148683580199203,300124.SZ,0.7028282217481605,-0.1030063447338046,-0.888975467396878,-0.8739955830944561,-0.3835884293972547,-0.454315788198607,-1.1096669894619637,-0.8816297681128521,-0.8669035164550478,0.006957271642173032,-0.00013430866613568318,-0.016439628944041548,-0.012356562757172137,0.7876245911792352
2011-02-25,5.529372692108154,0.07145327195205056,0.07197483165212498,0.0704727437854921,0.07077524755478129,-0.735268651391848,300124.SZ,1.413874253747688,-0.11942466066552554,-0.888965461151963,-0.8738146421167491,-0.3661376938689083,-0.47023239993508653,-1.109666989461963,-0.8826180454443291,-0.8678510531074943,-0.015553164168764441,-0.010610522518626708,0.006285728311494616,0.0008058519968140992,-0.8040581205184233
2011-02-28,5.559642314910889,0.07184443369503773,0.07345083671451295,0.06858471502049099,0.07041015790661416,-0.33231032978856595,300124.SZ,-1.430309874250422,-0.12934431376985137,-0.8900392074939125,-0.8706232889338829,-0.3214744699351283,-0.4423113888301377,-0.8278044962723972,-0.882735051861896,-0.8685868074036647,-0.0018803489046811635,0.007601980818405858,-0.009724057743349652,0.0020146299920352478,0.5484489414593572
2011-03-01,5.4486517906188965,0.07041015790661416,0.07208956707535545,0.0692731596881484,0.07207392060563597,-0.05392219037934607,300124.SZ,-0.7192638422508947,-0.14753627768512412,-0.8915825359844297,-0.8673435405869002,-0.47848977214253496,-0.6494139528322453,-0.8278044962723978,-0.8827661216808624,-0.8694080056537375,0.008569003214582777,-0.007011050266190399,0.0035457487859820364,-0.0073870593738072175,0.38435479044085563
2011-03-02,5.355015754699707,0.06920014282945747,0.07041015790661416,0.06858471502049099,0.06994076381502956,-0.4862648433510238,300124.SZ,-0.008217810251367088,-0.1703466301774621,-0.8924840612126199,-0.8656161769739437,-0.6086101483114699,-0.9897512605655391,-0.7239102283953743,-0.8829175031450847,-0.8702132456274726,-0.010986559205025075,-0.008649588414264187,-0.0035457487859820364,-0.006232032423821889,-0.5518786156945136
2011-03-03,5.365912437438965,0.06934096105693284,0.07077524755478129,0.06884026867119684,0.06884548951581576,-0.7455901946243569,300124.SZ,0.7028282217481605,-0.18654203447970977,-0.8921921416165582,-0.866306073888119,-0.5910713534409742,-0.8539813389401636,-0.7888447900074346,-0.8835223699925102,-0.8709130934605441,-0.0056410742928248835,0.0018803489046811635,0.001316197349348148,0.0007252667971326892,-0.32396591031311983
2011-03-04,5.4199957847595215,0.07003985276854054,0.07041015790661416,0.06831871968054729,0.06905411446678801,-0.8966633692587814,300124.SZ,1.413874253747688,-0.19324967388180833,-0.891955592113001,-0.8672009690966491,-0.5025598870492861,-0.819050310626401,-0.7068398980257237,-0.8840042789764543,-0.871543454592034,0.001074496907867013,-0.0018803489046811635,-0.002686173322713664,0.0035995549887809517,-0.1813671863761703
2011-03-07,5.4595489501953125,0.07055098148880197,0.07116119916257438,0.06988859820653975,0.07009201302231793,-0.5286007932009297,300124.SZ,-1.430309874250422,-0.19383372969772994,-0.8924940287752049,-0.8681836479227865,-0.43725756424759155,-0.5224707055345205,-0.8457843566109948,-0.8842369703992042,-0.8721412335599898,0.005345567648544833,0.003868144742270771,0.008085464437712821,0.0026325050138224855,0.5024813781261475
2011-03-08,5.392147064208984,0.0696799732555675,0.07054055050898898,0.06917407073463741,0.07054055050898898,-0.8169369942327925,300124.SZ,-0.7192638422508947,-0.1998189029972177,-0.8930680857906894,-0.8695420825198455,-0.5404013885534894,-0.691733251199169,-0.7287937677532623,-0.8845800591415266,-0.8726964574657174,0.002310136636315298,-0.003196573832810807,-0.0036800850308993183,-0.004486019764057957,-0.36218140199503024
2011-03-09,5.400218963623047,0.06978428840840983,0.07027977065895177,0.06910626401114055,0.06969563043471183,-0.7719211260671212,300124.SZ,-0.008217810251367088,-0.20276582387492195,-0.8930467699333148,-0.8696076517535076,-0.5263482788449667,-0.6777008655630125,-0.7175287287441517,-0.885242436272046,-0.8734199099078662,-0.00435165594035923,-0.0013431142401383793,-0.0003492301107342723,0.0005372622433242288,0.07693752535801658
2011-03-10,5.453092098236084,0.07046753365029804,0.07118727661210686,0.0696799732555675,0.06972170252953189,-0.6124007806232297,300124.SZ,0.7028282217481605,-0.19902384111346513,-0.8933949889522093,-0.8704187182926906,-0.43279587924888596,-0.4575164636326294,-0.8953676097780751,-0.8853680356029123,-0.8740479437907236,0.00013428108735413582,0.00467399673908487,0.0029548182337665774,0.0035189697890995416,0.22777229701722077
2011-03-11,5.698079109191895,0.07363338421595272,0.07447830429022986,0.07005028374835354,0.0702484777195128,-0.2133602606239892,300124.SZ,1.413874253747688,-0.17175151992764823,-0.8935676978295506,-0.870388183068241,-0.021297595151466536,0.15585184089416587,-1.0521779594563214,-0.8850322190401969,-0.874450896412351,0.002713090213503895,0.016950029454138694,0.0019072382166897446,0.016305320277905867,0.543288089024602
2011-03-14,5.698885440826416,0.07364380448634086,0.07472343231583517,0.07254854089655192,0.07369596474011825,-0.6877301095443271,300124.SZ,-1.430309874250422,-0.14965526826519873,-0.8937429662888504,-0.8703546643407241,-0.019992232720564548,0.36838862759088614,-1.0099255275528143,-0.8842059012589294,-0.8749944833922378,0.017755853872171243,0.0012625014616754733,0.012866963267269282,5.366830889117854e-05,-0.6072403155605375
2011-03-15,5.587491035461426,0.07220430785329836,0.07441571841135192,0.07134895679920822,0.07359165494198833,-0.5685139603370359,300124.SZ,-0.7192638422508947,-0.14257312281644338,-0.8939055778708881,-0.8704557909831159,-0.21230303743495052,0.04621520570665824,-1.2319743478542198,-0.8835223706712017,-0.8757109544298278,-0.0005372346645427327,-0.0015848422604011132,-0.006178308957367616,-0.0074139486858159015,0.17468027493424051
2011-03-16,5.670633792877197,0.07327871483817373,0.07363338421595272,0.07098387250575354,0.07220430785329836,-0.5219074155598387,300124.SZ,-0.008217810251367088,-0.12877069440943206,-0.8950898194453251,-0.8699927131558536,-0.07164227251218863,-0.008075458975168598,-1.248046474975134,-0.8827971942145949,-0.8762429048252129,-0.007145358932326083,-0.004029315141633591,-0.0018803213258995132,0.00553359978113479,0.0790328962045222
2011-03-17,5.602020740509033,0.07239207084464462,0.07494769838181448,0.07223560614744975,0.07321613431400822,-0.3918286868720353,300124.SZ,0.7028282217481605,-0.12434216418935667,-0.8961311032561639,-0.8697651302961532,-0.19179442897570248,0.1436927591260427,-1.057960609487052,-0.88251822892551,-0.8767316342061721,0.005211286561190697,0.006769211930801528,0.006446898710857384,-0.004566549806176323,0.18898936340413447
2011-03-18,5.638346195220947,0.07286148100036652,0.07406105438828536,0.07228775569180229,0.07252246880173188,-0.722643470858559,300124.SZ,1.413874253747688,-0.11729414191489168,-0.8982098254248178,-0.8686851898321881,-0.12828831171710045,0.08154136159192378,-1.0579606094870517,-0.882351642056536,-0.8771405704987483,-0.00357263809799072,-0.004566549806176323,0.000268589753489819,0.0024176387267869394,-0.41813770617346563
2011-03-21,5.687585353851318,0.07349777612367141,0.07416536418641527,0.07260069579561688,0.07260069579561688,-0.5927984583591599,300124.SZ,-1.430309874250422,-0.10704166233808261,-0.9021071547021994,-0.8657911079751228,-0.04154367174795406,0.20379998964813748,-1.0382233432168704,-0.88247592065371,-0.8774092055798333,0.0004028984196255022,0.0005372346645427327,0.0016117591511912931,0.0032771590324922172,0.18868149310291163
2011-03-22,5.587895393371582,0.07220953405262971,0.07380027989296058,0.06989381905115867,0.07378984355843517,-0.27989686289877663,300124.SZ,-0.7192638422508947,-0.10860808308646061,-0.9022098258415255,-0.8657888828208978,-0.22494239264728313,-0.2825620225744198,-0.9847339047912863,-0.8827819881311517,-0.8776369462124473,0.0061245579121317955,-0.0018803213258995646,-0.013941432596354695,-0.006634930843447392,0.42981877042129096
2011-03-23,5.666598320007324,0.07322656529382121,0.07395673923544302,0.07044666633595963,0.07166189690302283,-0.0011971019050177742,300124.SZ,-0.008217810251367088,-0.10239192404038704,-0.9025054244600648,-0.865636195707274,-0.08227617647911926,-0.08859243182567292,-1.016173910730927,-0.8823582518332224,-0.8778577054405023,-0.010959725050579435,0.0008058244180325518,0.0028473713008579796,0.0052380931368547394,0.38476528417581946
2011-03-24,5.610092639923096,0.07249638064277454,0.07426967933925761,0.071609731294533,0.07351341723867846,-0.6277515575704562,300124.SZ,0.7028282217481605,-0.1030525308717117,-0.9022036143768704,-0.8654964932134687,-0.18813528044173813,-0.005402836972944877,-1.0803875545754487,-0.8824772427447857,-0.8780505376849665,0.009536025610759644,0.0016117591511912931,0.005990221667214565,-0.0037607253881437714,-0.8077104714363483
2011-03-25,5.662561416625977,0.07317440504004383,0.07347169867413893,0.07226168359698223,0.07291363054471904,-0.6137650468109319,300124.SZ,1.413874253747688,-0.09869350656148916,-0.9016325662055429,-0.8654572782331676,-0.09047313557957881,0.07005654453908183,-1.0803875545754478,-0.8825882997525127,-0.8783035469538041,-0.003089126899902261,-0.004109900341315,0.003357799389736722,0.0034920804770908575,0.036063088389792636
2011-03-28,5.549552917480469,0.07171404644737535,0.07368553376030525,0.07171404644737535,0.07327871483817373,-0.4451315452517906,300124.SZ,-1.430309874250422,-0.10624389607210047,-0.9016580787270783,-0.8654809823774745,-0.30486528451357814,-0.13410671372310948,-0.9692800043453584,-0.8828857749953465,-0.8783537500554665,0.0018803213258995646,0.0011013310623126022,-0.0028205371464124418,-0.007521395618724449,0.23977690028175921
2011-03-29,5.4486517906188965,0.07041015790661416,0.07220953405262971,0.06995118408541769,0.07093171225197614,-0.5195817244089695,300124.SZ,-0.7192638422508947,-0.12188346228313394,-0.9016580787270783,-0.8654809823774745,-0.4895461829383884,-0.6690063199539034,-0.6236597244643826,-0.8832030816043132,-0.878273624844332,-0.012087945424900772,-0.007601953239624311,-0.00907940372467992,-0.006715516043128802,-0.08043303688808824
2011-03-30,5.2387776374816895,0.06769806567224945,0.07039972692680117,0.06755724744477407,0.07039972692680117,-0.542524078371654,300124.SZ,-0.008217810251367088,-0.15408263622418913,-0.9008488183173198,-0.8670427741136032,-0.8490510815397238,-1.4141949149348396,-0.19334845346694934,-0.884194664163479,-0.8782606580621298,-0.0027399243679494846,-0.009321186902505697,-0.012329673445163454,-0.013968294329581884,-0.012582667744910766
2011-03-31,5.306179046630859,0.06856905784134663,0.06883505853600277,0.06765633639828506,0.06765633639828506,-0.12113802392560451,300124.SZ,0.7028282217481605,-0.17242645540994284,-0.9005573123498061,-0.867700080956903,-0.712438128739655,-1.383974679527824,-0.19334845346694898,-0.8849846264762441,-0.878285260746156,-0.014129492307726251,-0.008058630283267181,0.0005103453525340488,0.004485937027713366,0.5727234758846093
2011-04-01,5.287209987640381,0.06832392981574134,0.06846996888783566,0.06728081577030494,0.0682926422310148,-0.8415346842374494,300124.SZ,1.413874253747688,-0.18794892666855287,-0.9000532533271298,-0.8689930945855114,-0.7449017862423941,-1.4090359227838527,-0.12665593570190978,-0.8859762103927928,-0.878403952474451,0.003277214190055312,-0.0018803489046811121,-0.0019340723711353854,-0.001262501461675422,-0.9313271879726318
2011-04-06,5.327569961547852,0.06884548951581576,0.0688872080803553,0.06729646224002443,0.06830828334602186,-0.7985637473725978,300124.SZ,-0.008217810251367088,-0.19542168591396517,-0.8997869439821464,-0.8700040891829486,-0.6604356809913126,-1.2449611312314581,-0.23023523200863502,-0.8870781895928395,-0.8786659382737286,8.055762089986255e-05,0.002148938658170931,8.058519968140992e-05,0.0026862284802767586,0.07424377264939128
2011-04-07,5.288017272949219,0.06833436079555434,0.06920014282945747,0.06801098971192675,0.06801098971192675,-0.6510790687107006,300124.SZ,0.7028282217481605,-0.2041294743407805,-0.8994441735364269,-0.8709567194972849,-0.731653706511855,-1.1055388776917159,-0.3088303735134182,-0.8876057113975807,-0.8790971506843762,-0.001531173951509883,0.0016117315724097456,0.0036800850308992667,-0.0026325050138224855,0.21191792089167102
2011-04-08,5.432507514953613,0.07020153831035433,0.07062921919211183,0.0681048738849561,0.0682717749166764,-0.8613222451866318,300124.SZ,1.413874253747688,-0.19614051639012003,-0.8994721470174032,-0.8707528116445602,-0.4282745520170049,-0.6407010889323066,-0.6605701233548632,-0.8880486180161054,-0.8795160612410026,0.0013431418189199266,0.0073602803769247235,0.00048353877687000685,0.009616665968004201,-0.25931080857316846
2011-04-11,5.327569961547852,0.06884548951581576,0.07066050142212595,0.068230045642712,0.07020153831035433,-0.7579802251275951,300124.SZ,-1.430309874250422,-0.19896651724506903,-0.8992806300698031,-0.8716421890187024,-0.622172245737493,-0.7501322070038157,-0.6681814179777752,-0.8883593141696943,-0.8801760123592131,0.009939006766729841,0.0001611152417997251,0.0006446815974512793,-0.006984160954181715,0.1537695585825306
2011-04-12,5.24725341796875,0.06780759096028585,0.06879332926203838,0.06769806567224945,0.06879332926203838,-0.80891471849795,300124.SZ,-0.7192638422508947,-0.20788386547901946,-0.8998922793123835,-0.873318427748628,-0.7664024869386032,-1.096182708573322,-0.5572793033239078,-0.8888213917875056,-0.8809054491549884,-0.007252805865234629,-0.009616638389222653,-0.002739896789167937,-0.005345567648544833,-0.04945622986379319
2011-04-13,5.315059185028076,0.06868380397400198,0.06938269033089724,0.06721823524613943,0.06769806567224945,-0.9240336993390208,300124.SZ,-0.008217810251367088,-0.20733507045103075,-0.9010183131655621,-0.8740384635184554,-0.6209216134900383,-0.9189749752552937,-0.7072182301898291,-0.8892219908129219,-0.8811657719511363,-0.0056410191352617885,0.003035431012229535,-0.0024713070356781183,0.00451282633972205,-0.1340053474339753
2011-04-14,5.3481550216674805,0.06911148485575948,0.06949743646355257,0.06850647731718112,0.06871510226815337,-0.9255479043960586,300124.SZ,0.7028282217481605,-0.2026887337935316,-0.9015596780258633,-0.8746752629883715,-0.5499584614606843,-0.6738647262820725,-0.7367264138141054,-0.8893865931878994,-0.8812641826872412,0.005238120715636287,0.0005909857097785535,0.006634930843447392,0.0022027172821883507,0.01564426297509348
2011-04-15,5.3481550216674805,0.06911148485575948,0.06911148485575948,0.06911148485575948,0.06911148485575948,-1.131685036343195,300124.SZ,1.413874253747688,-0.19804373904619033,-0.9028134827334743,-0.8749207033029975,-0.5499584614606843,-0.6433630147877827,-0.7367264138141048,-0.8893978302833498,-0.8813459695361497,0.0020415193040439835,-0.001987795837589607,0.0031160162119109962,0.0,-0.25390198698256417
2011-04-18,5.225459098815918,0.06752594915062267,0.06979994023284175,0.06655063111925827,0.06930445798229981,-0.6243585420090891,300124.SZ,-1.430309874250422,-0.20516306099059045,-0.9034144837995041,-0.8762155550756255,-0.7862992819532177,-0.9889591871496383,-0.1837005322089497,-0.8896278768452572,-0.8817658781677249,0.0009938841294040042,0.0035458039435450795,-0.013189359223558067,-0.008166104794957326,0.6859313340831131
2011-04-19,5.246850490570068,0.06780238082509178,0.0688872080803553,0.06665494627210061,0.06745814242712579,-0.7503709640651619,300124.SZ,-0.7192638422508947,-0.20766632016433478,-0.9045948655113558,-0.8769127699696464,-0.7368140875956626,-1.0017150409525883,-0.18370053220895033,-0.889911468774415,-0.8821508767044557,-0.009509219035095655,-0.004700913629875101,0.0005372622433242802,0.0014237270186013367,-0.14835508953406285
2011-04-20,5.411923408508301,0.0699355376156982,0.07014937270186453,0.06728081577030494,0.06761982796893959,-0.5553065718170327,300124.SZ,-0.008217810251367088,-0.19281114465442492,-0.9065033322216747,-0.8761451622932374,-0.3676508281080077,-0.5496013621367714,-0.531980775788008,-0.8899894741839456,-0.8823071375576402,0.0008327413088227831,0.006500622177311709,0.0032234631448194912,0.010986559205025075,0.2745938564094755
2011-04-21,5.468428611755371,0.07066572226674488,0.07078045768997535,0.06926273941776027,0.06988859820653975,-0.6996496351529425,300124.SZ,0.7028282217481605,-0.17488735887558224,-0.9073228675716029,-0.8758213269548538,-0.2470216199050803,-0.20691805426310664,-0.7007897691373864,-0.8898645338625424,-0.8824168524141563,0.011685019426493774,0.003250324878046628,0.010207651677782753,0.0037607253881437714,-0.17250172691919247
2011-04-22,5.4276652336120605,0.07013895243147639,0.07144806181685649,0.06978950925302875,0.07029019628405234,-0.7511207266900134,300124.SZ,1.413874253747688,-0.16404724953840918,-0.9092937283805902,-0.8747860557459919,-0.3326349430038483,-0.14498505060666939,-0.8774150698550439,-0.8898195814085914,-0.882727377970628,0.002068381037271017,0.003438412168199679,0.002713062634722348,-0.002713062634722348,-0.050163081367535625
2011-04-25,5.587895393371582,0.07220953405262971,0.07327871483817373,0.06973734899925137,0.07041015790661416,-0.7034204338491155,300124.SZ,-1.430309874250422,-0.13969702606584666,-0.9095367323010267,-0.8746198942887106,0.00547223032869563,0.2413179626760018,-1.210151541993114,-0.8895987888055211,-0.8826795017762591,0.00061784744300569,0.009428551099069602,-0.00026864491105291373,0.01066427356386253,0.08047367165158292
2011-04-26,5.4486517906188965,0.07041015790661416,0.07223560614744975,0.06780238082509178,0.07223560614744975,-0.6323397142833943,300124.SZ,-0.7192638422508947,-0.13362225016871926,-0.9117091594784962,-0.8732164523809818,-0.28759486360847647,-0.2315612517551396,-0.88677945551906,-0.8900073217347736,-0.8827160735088776,0.00940174452340556,-0.005372401802990422,-0.009965813342393883,-0.009267463436051424,0.11127230424797191
2011-04-27,5.766287326812744,0.07451480736486292,0.07678880380179443,0.07161495749386436,0.07267892814421432,0.3392115165392523,300124.SZ,-0.008217810251367088,-0.09832893017868782,-0.9086754933008016,-0.8756110065372014,0.3197978333709451,1.0863334832615998,-0.6665638087057986,-0.8898969250938927,-0.8822449654073856,0.0022832749030882132,0.02345067921023195,0.019636202776852355,0.021140487416353607,1.2974465672968107
2011-04-28,5.59798526763916,0.0723399213002921,0.07406105438828536,0.07198004178731905,0.07301794034284896,-0.553255768593279,300124.SZ,0.7028282217481605,-0.0869254391957973,-0.907575830834389,-0.8761037002158082,-0.01884181203928923,0.6012988872402812,-0.666563808705799,-0.8898797365525278,-0.8818925480101721,0.0017460402385453776,-0.014048934686826388,0.0018803213258995646,-0.011201480649623766,-1.1579928522420024
2011-04-29,5.645610809326172,0.07295535981868344,0.07348212965395193,0.07149500122601496,0.07249638064277454,-0.4043788979706565,300124.SZ,1.413874253747688,-0.07376008383737621,-0.9059803488505832,-0.8758100700849907,0.06784403036059405,0.5535355708070514,-0.7814518952713512,-0.8899207206971775,-0.8815484425565568,-0.0026862284802767586,-0.0029816799669937144,-0.0024981411901237073,0.003169739678365218,0.21375183133336953
2011-05-03,11.388925552368164,0.14591071963736688,0.14591071963736688,0.14591071963736688,0.14591071963736688,-1.131685036343195,300124.SZ,-0.7192638422508947,0.47492868462458676,-0.7855986888395724,-0.9847003802550498,3.689803532258025,8.488478333665414,3.8395428079172604,-0.8806024829864235,-0.8767216565287331,0.3781114381341741,0.37303446023911907,0.3832689184925659,0.3757475228738414,-0.940428924169695
2011-05-04,5.5161542892456055,0.07067093775665137,0.07163059860887142,0.07009722315751199,0.07098387250575354,-0.8330838264066054,300124.SZ,-0.008217810251367088,0.3423837728292714,-0.7854020327391255,-0.9839669576795225,-0.2980667934335141,-0.363282214760671,-1.1243709407914781,-0.8808801268631244,-0.8767775111785929,-0.3859014235063883,-0.38257054100744187,-0.3904680008913462,-0.3875131550787981,0.41098111938447607
2011-05-05,5.538951396942139,0.07096300519141512,0.07228775569180229,0.0701285214516634,0.07014937270186453,-0.8552955356330602,300124.SZ,0.7028282217481605,0.23548827337028833,-0.7852113793066505,-0.9833207009115719,-0.2883386874893158,-0.31665143297040005,-1.1523139378742937,-0.8812014004240092,-0.8770015957302295,-0.004297987631468103,0.003384605965400764,0.0001611979781443672,0.0015042570607196517,-0.011620202044243012
2011-05-06,5.33458948135376,0.06834479177536733,0.07046231280567912,0.06767720371262347,0.07042059424113958,-0.2970661607229994,300124.SZ,1.413874253747688,0.12841162846566354,-0.7852108068754217,-0.9833170890007046,-0.37450286039173997,-0.572796678840198,-1.0500119488209374,-0.8816912433117894,-0.8774018882977951,0.0013968928641557472,-0.009401716944624014,-0.012625207668225051,-0.013484783131493424,0.7529848201211681
2011-05-09,5.41112232208252,0.06932531994192578,0.06988859820653975,0.06812573584458209,0.06832392981574134,-0.7032153944936442,300124.SZ,-1.430309874250422,0.0489932354831015,-0.785286390325573,-0.9835883715975271,-0.33983493989436,-0.5224889906630201,-1.050011948820937,-0.8821857128396426,-0.8774374626381424,-0.01079860980877976,-0.0029548458125480737,0.002310109057533751,0.00505008858304633,-0.5173744766593047
2011-05-10,5.422520637512207,0.06947134830459524,0.0697321388640573,0.06854298574652659,0.06932531994192578,-1.009226629781956,300124.SZ,-0.7192638422508947,-0.014014067183134393,-0.7852405250450595,-0.9833851138794097,-0.33452956743237755,-0.49111842849367066,-1.0500119488209374,-0.8825691253597685,-0.8776901397842284,0.0051575355159548765,-0.0008058244180326031,0.002148993815734026,0.0007521009515783299,-0.38546441956352484
2011-05-11,5.589431285858154,0.071609731294533,0.071953969692499,0.06884548951581576,0.06949221561893365,-0.8515034341467084,300124.SZ,-0.008217810251367088,-0.048730288488530796,-0.7849262699874112,-0.982191918697758,-0.25530329018574566,-0.3032724693421591,-1.1561613245842879,-0.882767442414555,-0.8778457353678935,0.0008595754632683725,0.011443263827449493,0.0015580081059554723,0.011013476095815255,0.22540494259172072
2011-05-12,5.726215362548828,0.07336216267667767,0.07456174677402137,0.07010765413732499,0.07091085564706259,-0.5697767651586941,300124.SZ,0.7028282217481605,-0.06373610361676817,-0.7844284982625521,-0.9808535281559344,-0.18977404357000816,-0.08686175554345742,-1.2661986030629495,-0.8825585493098559,-0.8778902865800197,0.007306529331688903,0.013431032086257604,0.006500622177311709,0.009025680258225647,0.3887525778345432
2011-05-13,5.730287551879883,0.07341432828516749,0.07385242943731311,0.071964400672312,0.07338302999101608,-0.7159949519775561,300124.SZ,1.413874253747688,-0.07568631241568353,-0.7839700124120039,-0.9796233464169146,-0.18777937910413953,-0.04934457785909634,-1.2661986030629497,-0.8821777809718809,-0.8778583693446663,0.01273262702235205,-0.0036532508764536777,0.009562942501549928,0.0002686724898344611,-0.1749717947200932
2011-05-16,5.884169578552246,0.07538581559809739,0.07812919541718864,0.07323700162834663,0.07445743697589145,-0.5398573377434027,300124.SZ,-1.430309874250422,-0.07093036928376002,-0.7832035102217119,-0.9779439374074897,-0.11085761583204876,0.20635390108773422,-1.0572033003736023,-0.8812033849180055,-0.877867013069677,0.00553359978113479,0.022026952191630613,0.0065543732225475295,0.010153900632546934,0.24966193839332726
2011-05-17,5.699347496032715,0.07301794034284896,0.07637676403504398,0.07293449250434503,0.07510416307900934,-0.7378038199794754,300124.SZ,-0.7192638422508947,-0.08518999476793301,-0.7828078455798881,-0.9761523704992081,-0.206646944878943,0.017236675490433014,-1.07294284815887,-0.8806395042513043,-0.8779807178366167,0.0033308824989464907,-0.009025680258225647,-0.0015580356847370198,-0.012195447515372413,-0.24311258548250772
2011-05-18,5.762041568756104,0.07382114185258656,0.07579261845609161,0.07103602205010606,0.07290319956490605,-0.8695628745208073,300124.SZ,-0.008217810251367088,-0.09076398811701497,-0.782343800486928,-0.9742245117454559,-0.17373396511203246,-0.06624503140617385,-1.17350796374374,-0.8799427513954382,-0.8781289992102935,-0.011335789315759398,-0.0030085692790023984,-0.00977783636736702,0.004136789653323684,-0.15592502932442837
2011-05-19,5.731915473937988,0.07343519024479346,0.07550054566661543,0.07249638064277454,0.0731222554956913,-0.7973523560156982,300124.SZ,0.7028282217481605,-0.0982524905436116,-0.78202596201389,-0.9731596363756182,-0.19012478081420353,-0.05706066550461765,-1.1735079637437396,-0.8793610224992175,-0.8783906522041418,0.001128220374321286,-0.0015042846395011992,0.007521395618724449,-0.0019877958375896588,0.11276056889136499
2011-05-20,5.849157810211182,0.07493726740200148,0.0754170978281115,0.07295535981868344,0.0735395053976358,-0.8264941633112888,300124.SZ,1.413874253747688,-0.09321074972969808,-0.7815513800930908,-0.9719611020810421,-0.12535908457687253,-0.00800134777443812,-1.1735079637437402,-0.8785241266319627,-0.8782350566204767,0.002148993815734026,-0.00042978773163418623,0.0023639152603326663,0.007736261905759994,-0.02074910062254184
2011-05-23,5.707489490509033,0.0731222554956913,0.07546926343660132,0.07301794034284896,0.07519804189732626,-0.6999561358744577,300124.SZ,-1.430309874250422,-0.10290916723891314,-0.7813102740558573,-0.9710184855667818,-0.20646880532820003,-0.08847234480886766,-1.1705756159429885,-0.8781539357012835,-0.8782716280117564,0.008542086323792546,0.0002686724898344611,0.0003223132199440923,-0.00934799347816974,0.18432525875601485
2011-05-24,5.954190254211426,0.07628288521672708,0.07646021187354791,0.07103602205010606,0.07198526263193797,-0.42758371323285177,300124.SZ,-0.7192638422508947,-0.0872957750651925,-0.7807600106848026,-0.969989696136691,-0.06572553476518174,-0.025219053684132735,-1.2599509570269596,-0.8772112711906036,-0.8779537879039578,-0.016547020719387,0.005103756891937508,-0.010207624099001207,0.016278430965897234,0.3764303905695321
2011-05-25,5.926507472991943,0.07592822654837293,0.07801444928453331,0.0753753846182844,0.07625159763200051,-0.49831525821852646,300124.SZ,-0.008217810251367088,-0.07799287569285601,-0.7801777117919382,-0.968405453201595,-0.08239658666332762,0.1541853958648092,-1.194974490233042,-0.876182008357094,-0.8776685296183545,0.02197322872517634,0.008004906816812908,0.022349348147919345,-0.0018266254382268902,-0.07553454427473734
2011-05-26,5.821476936340332,0.07458261408835978,0.07666883682452016,0.0735395053976358,0.07588649727440853,-0.42482582124277773,300124.SZ,0.7028282217481605,-0.0810592534345924,-0.7801686799755643,-0.968388177892251,-0.1469360698400788,-0.04334016938319879,-1.2402153600776797,-0.8754343543161287,-0.8774939828988607,-0.0018804040622442068,-0.0069304099089458945,-0.009455467989859833,-0.0069304099089458945,0.11444526611958737
2011-05-27,5.739243984222412,0.07352906906311038,0.07477037172499362,0.07301794034284896,0.07455131579420837,-0.6038800742207415,300124.SZ,1.413874253747688,-0.09162452021732903,-0.780054189495187,-0.9680339276672979,-0.19818915121250513,-0.1968237855294003,-1.207957234623854,-0.8748744406013457,-0.8772951663007699,-0.006876686442491621,-0.009777808788585474,-0.002686256059058306,-0.005426152848226243,-0.218226177946178
2011-05-30,5.699347496032715,0.07301794034284896,0.07408191634791135,0.07145327195205056,0.0731222554956913,-0.7419980116304525,300124.SZ,-1.430309874250422,-0.10393831894095135,-0.7800481371189792,-0.9680153164920281,-0.22357606705362332,-0.3213241313185612,-1.1096896165241947,-0.8743793107066461,-0.877051798831892,-0.007360197640580081,-0.003545803943545131,-0.008058630283267181,-0.0026325050138224855,-0.16430147597750652
2011-05-31,5.698533535003662,0.07300750936303596,0.07321613431400822,0.06994076381502956,0.07289276323038063,-0.5786678806532339,300124.SZ,-0.7192638422508947,-0.11378358738155103,-0.8932386618188023,-0.8657042337065383,-0.22410963297218398,-0.43421298296606,-1.0141198237156226,-0.873684541666085,-0.8768180728216347,-0.001181971419557107,-0.004459102873267777,-0.007789985372214267,-5.372346645427328e-05,0.23279086174629837
2011-06-01,5.683063507080078,0.07280932074658913,0.07341432828516749,0.0720374121762905,0.07214172732913283,-0.9121052975678309,300124.SZ,-0.008217810251367088,-0.12296939691356745,-0.8932923232854993,-0.864764005616192,-0.23457703861460288,-0.3728646870325056,-1.0278370071929166,-0.8730499291268431,-0.8766415316589375,-0.0038681171634892234,0.0010207734414127397,0.010798527072435117,-0.0010207458626311922,-0.421592455264985
2011-06-02,5.643982410430908,0.0723086230061407,0.07289276323038063,0.0708378280789468,0.071953969692499,-0.8507963453803882,300124.SZ,0.7028282217481605,-0.13376817775553243,-0.8933780603654086,-0.864111638654766,-0.2617555845950322,-0.4753840201768961,-0.9487442793295692,-0.8727491486563206,-0.8765294898951276,-0.000967022396176919,-0.002686256059058306,-0.006178308957367616,-0.002578781547368212,0.0984001237337707
2011-06-03,5.698533535003662,0.07300750936303596,0.07321613431400822,0.07214172732913283,0.07249638064277454,-0.9211044974112587,300124.SZ,1.413874253747688,-0.13684752882320272,-0.8947707630389921,-0.8605712207448766,-0.22217657764014817,-0.39281516348957796,-0.9725531383012788,-0.872452335137716,-0.8763173743920832,0.0027936202556222106,0.0016654826176455662,0.006715571200691896,0.003599527409999404,-0.07497681604281128
2011-06-07,5.715632438659668,0.07322656529382121,0.07337259901120309,0.07251724795711295,0.07300750936303596,-1.0301453552339994,300124.SZ,-0.7192638422508947,-0.1373878140201311,-0.8959218280508517,-0.857625573060841,-0.20945769966729785,-0.3737618847185713,-0.9844133707683813,-0.8720609907498285,-0.8760979446790508,0.0026325050138224855,0.0008058519968140992,0.0019340723711353854,0.001128220374321286,-0.12599874088566732
2011-06-08,5.74819803237915,0.07364380448634086,0.07511459405882233,0.07292406152453204,0.07329958215251214,-0.8120503936228299,300124.SZ,-0.008217810251367088,-0.1344688691541807,-0.8974907088920769,-0.854080535869933,-0.18455823004810457,-0.27875211316249016,-1.1183313648035067,-0.8718792018695608,-0.8758954716586437,0.0015042846395011992,0.008971929212989827,0.0020952427704982054,0.002148938658170931,0.3049316279414573
2011-06-09,5.671665668487549,0.07266328702920725,0.07383157283239956,0.07218345660309723,0.07333088044666355,-0.9498067298248901,300124.SZ,0.7028282217481605,-0.13919675909599055,-0.8978367095117447,-0.8532439851310983,-0.2446055426879385,-0.41342537410042307,-1.063399256571626,-0.8715936254464066,-0.8759573110034691,0.0001611979781443672,-0.0066080415314387075,-0.00381439369703495,-0.005050033425483235,-0.16382514494762743
2011-06-10,5.71400260925293,0.07320570333419522,0.07352906906311038,0.07198526263193797,0.07249638064277454,-0.9560707743100695,300124.SZ,1.413874253747688,-0.1386135302101754,-0.897841395558685,-0.8533027180564899,-0.21031679322971916,-0.4054406807796583,-1.0483445762327728,-0.8717595499124596,-0.87598523798706,-0.004297987631468052,-0.0015580081059554723,-0.0010207734414127397,0.0027936478344037577,0.009387381474985731
2011-06-13,5.696090221405029,0.07297621106888456,0.0735395053976358,0.07207914145025489,0.07280932074658913,-1.0492889847274878,300124.SZ,-1.430309874250422,-0.1395771125916428,-0.8978442067410474,-0.853479226808438,-0.2251646739018186,-0.41086930096976104,-1.0492161744599362,-0.8716789023568525,-0.8759360326190077,0.0016117591511912931,5.3751045235820644e-05,0.0004835111980884595,-0.001181971419557107,-0.1051558405453866
2011-06-14,5.696090221405029,0.07297621106888456,0.07297621106888456,0.07297621106888456,0.07297621106888456,-1.131685036343195,300124.SZ,-0.7192638422508947,-0.14004657872983406,-0.8987134533946672,-0.8534526193993287,-0.2251646739018186,-0.39872927449240586,-1.0492161744599362,-0.8716762595320846,-0.8759553158775879,0.000859547884486825,-0.0029011775036569465,0.004620245693849049,0.0,-0.09089999753804712
2011-06-15,5.696090221405029,0.07297621106888456,0.07297621106888456,0.07297621106888456,0.07297621106888456,-1.131685036343195,300124.SZ,-0.008217810251367088,-0.14012356673012263,-0.898712379754172,-0.8534709983128862,-0.2251646739018186,-0.048959031314948775,-1.0492161744599362,-0.8809204594639176,-0.8759180795581276,0.0,0.0,0.0,0.0,0.01763889916271228
2011-06-16,5.696090221405029,0.07297621106888456,0.07297621106888456,0.07297621106888456,0.07297621106888456,-1.131685036343195,300124.SZ,0.7028282217481605,-0.13989218027002573,-0.8988157970951223,-0.8536969257759841,-0.2251646739018186,-0.08043454932860067,-1.0492161744599362,-0.880628273942769,-0.8759107660308173,0.0,0.0,0.0,0.0,0.01763889916271228
2011-06-17,5.696090221405029,0.07297621106888456,0.07297621106888456,0.07297621106888456,0.07297621106888456,-1.131685036343195,300124.SZ,1.413874253747688,-0.13942182678128445,-0.8988466851854697,-0.8538491964207959,-0.2251646739018186,-0.11082190903337906,-1.0492161744599369,-0.880373106971735,-0.875944013463871,0.0,0.0,0.0,0.0,0.01763889916271228
2011-06-20,5.536509037017822,0.07093171225197614,0.071964400672312,0.06898108689867222,0.071964400672312,-0.12458538891319704,300124.SZ,-1.430309874250422,-0.15387023732624805,-0.8989234844986738,-0.8554032631855686,-0.3773650524254368,-1.4553068910742886,-0.6970366322183291,-0.8800452236341643,-0.8760254688727058,-0.005211203824846055,-0.005211203824846055,-0.020576391018583686,-0.010529937318945299,1.3442738829552876
2011-06-21,5.382627010345459,0.06896023564847109,0.07061878285758641,0.06872031240334744,0.07037886496717519,-0.7461246078895161,300124.SZ,-0.7192638422508947,-0.17930314450608661,-0.8971700695431599,-0.8591595897140036,-0.5214202245762409,-2.1444250022445646,-0.6745468783426469,-0.8800914968218075,-0.8762974282533557,-0.008166104794957276,-0.006930437487727442,-0.001343086661356832,-0.010153845474983839,-0.8011039867049076
2011-06-22,5.392396926879883,0.06908539669680214,0.07030584810848424,0.06884548951581576,0.06891850637450671,-0.9014536976438974,300124.SZ,-0.008217810251367088,-0.19756657816420392,-0.8980290628878702,-0.8611097925989003,-0.5111520393023965,-2.1684761544896194,-0.6745468783426477,-0.8801404148702936,-0.8765148631818459,-0.007521395618724449,-0.0016117315724097456,0.0006447091762328267,0.0006446264398881846,-0.18697342990986085
2011-06-23,5.5145263671875,0.07065007044231296,0.07067093775665137,0.0685325547667136,0.06894979931394568,-0.8244131811347817,300124.SZ,0.7028282217481605,-0.19937255679237492,-0.8998365577566568,-0.8611643112064834,-0.38139451778655553,-1.8078092141157507,-0.7140858665055033,-0.8802620486066248,-0.8766757781909568,0.00016117039936281984,0.0018803489046811121,-0.0016117315724097456,0.008058657862048728,0.11912304189998446
2011-06-24,5.5584917068481445,0.0712133487069269,0.07223560614744975,0.06990946552087815,0.0704936057451181,-0.811498364588869,300124.SZ,1.413874253747688,-0.19566022653152157,-0.9008739165560898,-0.8613351374578844,-0.3344670306536973,-1.0879931400875602,-0.8846154014117988,-0.8805344034403322,-0.87670769542631,0.007951183350358635,0.008058630283267181,0.007091607887090262,0.0029010947673123043,0.0346513640988216
2011-06-27,5.604899883270264,0.07180792526569227,0.07257982848127847,0.0712133487069269,0.07145327195205056,-0.947581748980155,300124.SZ,-1.430309874250422,-0.18743557172708242,-0.9013638862709789,-0.8614690724248345,-0.2840569346926901,-0.655617223435037,-0.9223733690738352,-0.8807380095381122,-0.8766185940260744,0.004942641650137783,0.0017728743929910182,0.006715488464347255,0.0030622927454566715,-0.16162139440115875
2011-06-28,5.609786987304688,0.07187052185399508,0.07197483165212498,0.07041015790661416,0.07131766385976925,-0.9784971501144801,300124.SZ,-0.7192638422508947,-0.17969854363362653,-0.9016444373521529,-0.8616122065004229,-0.2786184025241885,-0.8207301434181273,-0.8411932991185557,-0.8811835610174793,-0.8763526186577124,-0.0006984326426871,-0.00311596105434785,-0.00413673449576059,0.0003223959562887858,-0.023085425175438355
2011-06-29,5.617113590240479,0.071964400672312,0.0726945746139338,0.07094214323178914,0.07108818230388345,-0.9634352581199671,300124.SZ,-0.008217810251367088,-0.17220068042910824,-0.9019279417273148,-0.8617090843156274,-0.2702005926880198,-0.5470119103916488,-0.9242287765941605,-0.8813170935734904,-0.8761361807801542,-0.001181916261994012,0.0037069467641264037,0.0027399243679495358,0.00048351119808840814,0.037479669530388574
2011-06-30,5.609786987304688,0.07187052185399508,0.07198526263193797,0.06999291335938208,0.0712237796867399,-0.6319846677804138,300124.SZ,0.7028282217481605,-0.16636241794255524,-0.9021586808114737,-0.861824796142034,-0.27868702678361595,-0.7848654097172603,-0.8241572958042713,-0.8815643279980713,-0.8759101014439754,0.0006983774851240052,-0.00365322329767213,-0.004888890604902015,-0.00048351119808840814,0.4542530412342064
2011-07-01,5.648867607116699,0.07237121423973107,0.07257982848127847,0.07103602205010606,0.07103602205010606,-0.8902934936044445,300124.SZ,1.413874253747688,-0.15749945106164895,-0.9021428997309052,-0.8618175456129838,-0.23110028363939517,-0.40329989838355057,-0.8959557057968257,-0.8816991833238493,-0.875685352305497,-0.000967022396176919,0.003062237587893577,0.005372401802990422,0.0025787539685866133,-0.32262685888320286
2011-07-04,5.780767440795898,0.07406105438828536,0.0754170978281115,0.07243380011860902,0.07243380011860902,-0.6813329226205301,300124.SZ,-1.430309874250422,-0.13758467526616358,-0.9015433478142642,-0.8620855906975092,-0.07082474048954286,0.5955734219640496,-1.231343377517569,-0.8818102403315765,-0.8753203012728497,0.007199082398780356,0.01461300350581471,0.007199082398780356,0.00870331188071846,0.2928990528207458
2011-07-05,5.764482975006104,0.07385242943731311,0.07494769838181448,0.07343519024479346,0.07406105438828536,-0.8694422952661413,300124.SZ,-0.7192638422508947,-0.12326006041652317,-0.9012013552332506,-0.8622282657409341,-0.09159185411232887,0.642706770693934,-1.2313433775175697,-0.8817176932775982,-0.8750875733375412,0.008380971081992821,-0.0024175835692238448,0.0051575355159548765,-0.001074496907867013,-0.23015433079995412
2011-07-06,6.039680004119873,0.07737815416122842,0.07771195622466899,0.07289276323038063,0.07398803752959443,-0.15042683412906377,300124.SZ,-0.008217810251367088,-0.08589658842521943,-0.8977528075127126,-0.8647243608122367,0.23645772270685775,1.5267839745175782,-0.9966703738072977,-0.8815788716785935,-0.8745436542349029,-0.0003760642651799129,0.014236966819416344,-0.0027937029919668523,0.01815880744935984,0.9647855564635729
2011-07-07,6.107257843017578,0.07824394154984397,0.08021542886277389,0.07677314662265007,0.07737815416122842,-0.48738214738463376,300124.SZ,0.7028282217481605,-0.05055478555223218,-0.8937461888657623,-0.8671147134492846,0.31386256039403887,2.552478495363207,-0.7223884080968193,-0.8812853627089864,-0.8738783836912465,0.01746037480667274,0.012893825000496418,0.01998543288758668,0.004459130452049324,-0.426226519398758
2011-07-08,6.078762054443359,0.07787885190167686,0.07904713770486915,0.07698177157362232,0.07818135567096603,-0.8645402637889337,300124.SZ,1.413874253747688,-0.026290908726027275,-0.8908942151952398,-0.8685286321545824,0.2743224359578174,2.1523896916120306,-0.7223884080968196,-0.8808675758208967,-0.8732922406251145,0.004136789653323684,-0.006017138558004797,0.001074496907867013,-0.0018803489046811121,-0.4791849781170535
2011-07-11,6.078762054443359,0.07787885190167686,0.07875506491539297,0.0761472878338706,0.07750333127369674,-0.871549701095851,300124.SZ,-1.430309874250422,-0.008286282638172033,-0.8883561607136401,-0.8694816533691487,0.2743224359578174,1.7604828921475897,-0.830513118294019,-0.8803162556981045,-0.8727333602970706,-0.0034920804770908575,-0.0015042846395011992,-0.004297904895123409,0.0,0.008405488375818376
2011-07-12,6.203332424163818,0.07947480787720179,0.07979817896082939,0.0773155736370629,0.07787885190167686,-0.5835735991518185,300124.SZ,-0.7192638422508947,0.0163969021360298,-0.8847934445734015,-0.8709767390944405,0.42576191940178615,1.8418414844797524,-0.7109781646501667,-0.8794978697845985,-0.8720727449333573,0.0019340723711353854,0.00537242938177197,0.006017110979223249,0.008219773103848454,0.3969848480070896
2011-07-13,6.356400966644287,0.08143586421031872,0.08156104132278702,0.07881765079427092,0.07946438760681367,-0.6605596979565351,300124.SZ,-0.008217810251367088,0.04872791313131934,-0.8799747135729797,-0.8731343269917687,0.6062780613436438,1.9450190686993285,-0.5119582729666886,-0.8784296045856693,-0.871186050233465,0.008166104794957276,0.00907940372467987,0.007736261905759994,0.01010017716609266,-0.08377356007176276
2011-07-14,6.340929985046387,0.08123767023915945,0.08190526365661574,0.07979817896082939,0.08136284735162777,-0.8100863719577854,300124.SZ,0.7028282217481605,0.07073416981295394,-0.8760454403543271,-0.8743341872102414,0.5822484634066274,1.6899719611490414,-0.47321308331791145,-0.8773613400654315,-0.870329610789813,0.009777781209803925,0.0017728743929910696,0.00505008858304633,-0.0010207734414127397,-0.17933000778350378
2011-07-15,6.501326560974121,0.08329260539059329,0.08503460579292496,0.08123767023915945,0.08136284735162777,-0.5965582642693752,300124.SZ,1.413874253747688,0.10104203292650939,-0.8709295717192737,-0.8760769284213663,0.7705197412285308,1.8358811891341789,-0.1306601655609268,-0.875969157802158,-0.8694781576248388,0.0,0.01611728814531591,0.007413921107034354,0.01058368836418112,0.2989157900894001
2011-07-18,6.540409564971924,0.08379330313104172,0.0843670177301811,0.08239553041725119,0.0832821744107803,-0.8675981017958525,300124.SZ,-1.430309874250422,0.12602903587450032,-0.8663162723117543,-0.8761880824396224,0.815769376173204,1.5754265829211451,-0.13066016556092783,-0.8746020952693195,-0.8686413332211795,0.00988525572149402,-0.003438329431855037,0.005963415091550523,0.002578781547368212,-0.3393972008713449
2011-07-19,6.383269309997559,0.08178009725357228,0.0844087470041455,0.08089344790533073,0.08379330313104172,-0.8666263668284646,300124.SZ,-0.7192638422508947,0.12799485856560355,-0.8644322663129117,-0.8731280093757022,0.559915418166232,1.1710332599516016,-0.3544463506933411,-0.8735179642987924,-0.8678992624486314,0.0026325050138224855,0.00021492144459864048,-0.007736289484541542,-0.01036876691958248,0.01891894886385269
2011-07-20,6.270911693572998,0.0803406059752422,0.08353252863571695,0.08024672180221286,0.08204087174889706,-0.7531825226997249,300124.SZ,-0.008217810251367088,0.11613919074910599,-0.8639285162766287,-0.8690976214156949,0.3826664041834275,0.887345780169704,-0.4502684706121041,-0.8726691675757834,-0.8673809430809513,-0.009025680258225647,-0.004512853918503598,-0.0033308824989464907,-0.007413921107034354,0.1670765170798201
2011-07-21,6.326276302337647,0.08104991260252561,0.08217647984117837,0.07981904092045536,0.08041361747922071,-0.7881987792216475,300124.SZ,0.7028282217481605,0.1094608241181535,-0.8629971153884911,-0.8659178358923424,0.4534883093211717,0.7456210951166291,-0.5145167331985105,-0.8716061914198477,-0.8667027064377705,-0.008380971081992821,-0.006984160954181715,-0.002202717282188299,0.003653195718890583,-0.028487411199903917
2011-07-22,6.415836334228516,0.08219733644609192,0.0828857918231742,0.08089344790533073,0.0810603435823386,-0.9003474546744188,300124.SZ,1.413874253747688,0.11015078329029826,-0.8617356796662519,-0.8628838767062703,0.5678049252350802,0.8021173221077671,-0.4274338320288499,-0.8704665326241487,-0.8662129796645401,0.0033308824989464907,0.00365322329767213,0.00553359978113479,0.005909664046314702,-0.13009261541115974
2011-07-25,6.214731693267822,0.07962085230400853,0.08281277496448326,0.0783482513479739,0.08281277496448326,-0.6318589676627241,300124.SZ,-1.430309874250422,0.0891010413476487,-0.8618712876058051,-0.8595192226406244,0.24525344288887618,0.5074290204675015,-0.8126192981139198,-0.8696243470352087,-0.8657488529676071,0.009025680258225647,-0.0003760642651799129,-0.01310871886631351,-0.013269861686894783,0.37131414919799816
2011-07-26,6.260325908660889,0.08020499252824846,0.08053879459168904,0.07835868232778688,0.08011111370993154,-0.9757818637047637,300124.SZ,-0.7192638422508947,0.07460298994298543,-0.8621745580508243,-0.8557446768140885,0.30617458890129606,0.3934441470208882,-0.8126192981139209,-0.868708123667348,-0.865286721396555,-0.01391457086312761,-0.011711853580939312,5.372346645427328e-05,0.003008541700220851,-0.43540479594824333
2011-07-27,6.578675270080566,0.08428356989167717,0.08444002923415961,0.07901584476543018,0.08020499252824846,-0.634968287412575,300124.SZ,-0.008217810251367088,0.0912131242785603,-0.8608395337090884,-0.8522487572562778,0.7082074959315808,0.7237367580562629,-0.3231652312276182,-0.8672749545446585,-0.8692151757986457,0.0004835111980884595,0.02009282466293213,0.0033846335441823114,0.02100620632899942,0.4665867410316617
2011-07-28,7.01752519607544,0.08990595368627828,0.09075086305113056,0.0833447709990831,0.0840540776263665,0.13129328015428002,300124.SZ,0.7028282217481605,0.14340901755984145,-0.8553730115821314,-0.8512334234439041,1.1863234156748852,1.3058529133128445,0.3527133594033297,-0.8651291674731969,-0.8679890298010643,0.019824234909442313,0.03250316604412164,0.022295597102683525,0.028957389679358052,1.0270220370319836
2011-07-29,6.919822692871094,0.08865421468986961,0.090229314060481,0.08694351258168935,0.0893426700669519,-0.4957242380848532,300124.SZ,1.413874253747688,0.17211846897465696,-0.8523757997319135,-0.8480526049992275,1.0280151138157325,1.2586687156226006,0.35271335940332893,-0.8631420340455641,-0.8668612945395877,0.02723823875282131,-0.002686173322713664,0.018534871714539755,-0.0064469262896389825,-0.8083204557725719
2011-08-01,6.920636177062988,0.08866464566968262,0.09345254036981958,0.08763195724934676,0.08955129501792415,-0.6027106056624629,300124.SZ,-1.430309874250422,0.19142206273625786,-0.849584373166332,-0.8453205779702856,1.0288827223657,1.31216676834669,0.663140596664339,-0.8608944452825956,-0.8655659949871929,0.001074496907867013,0.016600826922185917,0.0035457487859820364,5.372346645427328e-05,-0.12329239634468118
2011-08-02,7.066376686096191,0.09053182318448261,0.09178355147146641,0.0860672942132608,0.08866464566968262,-0.6354430938321377,300124.SZ,-0.7192638422508947,0.2168503212346369,-0.8463273557472878,-0.8422805932812123,1.184066735778909,1.1710589404777823,0.41335353978130956,-0.8581603202169185,-0.8642141755154187,-0.004566577384957871,-0.008595920105373009,-0.008058602704485633,0.009616665968004201,-0.025479042565576746
2011-08-03,6.912494659423828,0.0885603358715527,0.09075086305113056,0.0885603358715527,0.0897077543604066,-0.8542753231623806,300124.SZ,-0.008217810251367088,0.21843498731098657,-0.8440654284486023,-0.840334071095436,0.9270472698955402,1.0744851079576423,0.41335353978131006,-0.8556919381721879,-0.8629973381710286,0.005372401802990422,-0.005318733494099244,0.012840101534042145,-0.010153900632546934,-0.2706250196576933
2011-08-04,7.059050559997559,0.09043794436616569,0.09050051953561877,0.08746506157233891,0.08784058220031903,-0.8099768537672507,300124.SZ,0.7028282217481605,0.2297500988357974,-0.8407676997854872,-0.8391823416872188,1.086071076185826,1.0278546736500997,0.23507178351641975,-0.8531838927165002,-0.8617971240311572,-0.009616638389222653,-0.0012893631949025587,-0.0056410742928248835,0.009670389434458474,0.07599250833933457
2011-08-05,7.181178569793701,0.09200261275696409,0.09562220558977146,0.08671402031637869,0.08762153697895864,-0.029245161136907796,300124.SZ,1.413874253747688,0.24624845931705147,-0.8370685381892787,-0.8377076386623569,1.2147320384293585,1.1781297930478238,0.7358106112300082,-0.8505489244814874,-0.8606088789398779,-0.0011281652167581915,0.02637860813198984,-0.003868144742270771,0.008058630283267181,1.0460832830348634
2011-08-08,7.1241841316223145,0.09127242275120498,0.09440177024222662,0.08742334300779937,0.09107423413475815,-0.518522525101136,300124.SZ,-1.430309874250422,0.24966995387485708,-0.8347454034829674,-0.8349251178679601,1.1167511857179573,1.0403216894673644,0.7358106112300082,-0.8480818658852156,-0.8594705055101873,0.017782688026616835,-0.006285700732713068,0.0036532784552352248,-0.003760752966925319,-0.626877727835586
2011-08-09,7.0476508140563965,0.09029189993935895,0.09271191938424748,0.08501374383329897,0.08501374383329897,-0.37049462528967864,300124.SZ,-0.7192638422508947,0.24095809370171353,-0.8331360420462692,-0.8323660943522541,0.984968556318656,0.772858495796225,0.3434391844614709,-0.8457470191112622,-0.8585203094863568,-0.03121380284921908,-0.008703367038281555,-0.012410341381189505,-0.005050061004264783,0.21263349673640636
2011-08-10,7.081846714019775,0.09073001180092945,0.09330649594301284,0.09030233091917195,0.09241985194948373,-0.7226419687387386,300124.SZ,-0.008217810251367088,0.23331734560705464,-0.8312165038070405,-0.8307943981534558,1.0241123907751482,0.939747620191168,0.4031864803318418,-0.8433685419744334,-0.8573912443685188,0.03814424033694652,0.0030622927454566715,0.027238211174039764,0.002256440748642572,-0.44623871856986136
2011-08-11,7.132327079772949,0.09137674325875975,0.09257632735610345,0.08845602071871037,0.08874809350818653,-0.8028262854753987,300124.SZ,0.7028282217481605,0.22814372418394083,-0.8293428321137186,-0.8288223837330356,1.0826250999718945,0.7890234688503585,0.10684542906317292,-0.8408961950138595,-0.8562721535147306,-0.018910935979719667,-0.0037606426517991292,-0.009509191456314106,0.003330910077728038,-0.08798651735472494
2011-08-12,7.326918601989746,0.09386977956233922,0.09461040054791131,0.090239745040294,0.09179399316070426,-0.6124749989979873,300124.SZ,1.413874253747688,0.23859878437889315,-0.8259001113379503,-0.828503541224981,1.3018183139594486,0.9420722152898942,0.3191518781653341,-0.8381713252644025,-0.8549695400936866,0.01568752799246327,0.010476241431272574,0.009186850657588468,0.012840073955260597,0.2683853635222973
2011-08-15,7.001241207122803,0.0896973233805936,0.09513194953856087,0.08960344456227667,0.09503806001081909,-0.3494766233731481,300124.SZ,-1.430309874250422,0.2119481318408421,-0.8250396535751118,-0.8270858573308719,0.7356012465280974,0.7054156145128369,0.21613232538171087,-0.836189481558455,-0.8540286527230475,0.016708163539968273,0.002686173322713664,-0.0032771866112737648,-0.02148971752708788,0.3640821202232021
2011-08-16,6.945062637329102,0.08897758041878477,0.09039620973748887,0.08772584677708854,0.08967646142096762,-0.8096012555340015,300124.SZ,-0.7192638422508947,0.18203146818032326,-0.8249731986289699,-0.8242098158379907,0.6436516345009684,0.3755557238998064,-0.08380787123971302,-0.8342724203152082,-0.8530179468694142,-0.02761424786043813,-0.02439083987318173,-0.009670334276895379,-0.003706946764126455,-0.5884753373847766
2011-08-17,6.870970726013184,0.08802833983695287,0.08892542016500739,0.08668272737693972,0.08830999235604091,-0.5036031979332042,300124.SZ,-0.008217810251367088,0.14820182739465454,-0.825999257267981,-0.8198563164002786,0.5221681915451808,0.20068951326815587,-0.24692510375563012,-0.8329225456450431,-0.8522692268150585,-0.007037829263072894,-0.007575119085178722,-0.005372456960553517,-0.0048889457624650065,0.4207248591486234
2011-08-18,6.806649684906006,0.08720428707701414,0.08892542016500739,0.0866931583567527,0.08803877081676585,-0.6816409254618656,300124.SZ,0.7028282217481605,0.11261662274494202,-0.8272057339249498,-0.8159213070206239,0.4167872433427449,0.13729026145349,-0.24692510375563012,-0.831786852443879,-0.8515504285288359,-0.0013968928641557472,0.0,5.372346645427328e-05,-0.004244181428669136,-0.21688712651626102
2011-08-19,6.56239128112793,0.08407494494070492,0.08762153697895864,0.0840540776263665,0.08655756097389625,-0.7959006254875501,300124.SZ,1.413874253747688,0.05903466129906171,-0.8278344648848671,-0.8144163001795208,0.03373930317437094,-0.21001185197223515,-0.6580670414450484,-0.8310015188072613,-0.8509453350095532,-0.0076287873940699,-0.006715488464347255,-0.013592257643183519,-0.01611728814531591,-0.13287343164639434
2011-08-22,6.518426418304443,0.08351166667609096,0.08530581662277516,0.08324045584624076,0.08413752546487042,-0.7988232044324682,300124.SZ,-1.430309874250422,0.010916219594846312,-0.8299897633327262,-0.8103017908521206,-0.032602120894745935,-0.4285111900022235,-0.7806092063291601,-0.8302875787674133,-0.8503089891830976,-0.012464092426425327,-0.011926830183101046,-0.004190457962214863,-0.0029010947673123043,0.013789036360041263
2011-08-23,6.682891368865967,0.08561875137187733,0.08595255343531791,0.08348036838193956,0.08350123034156554,-0.7166440042962737,300124.SZ,-0.7192638422508947,-0.012650054013359764,-0.8328730714508896,-0.8047118431969985,0.1970273747218494,-0.3226335425145279,-0.6953796286148508,-0.8295088549074817,-0.8495057439939047,-0.0032771590324922172,0.0033309376565095854,0.0012356397284482854,0.010852278117670939,0.12589214115219974
2011-08-24,6.627526760101318,0.08490943938988149,0.08719385609720114,0.08450262582246242,0.08657841222409737,-0.8592670038815907,300124.SZ,-0.008217810251367088,-0.03751361496549292,-0.8331254499202336,-0.8041601736956785,0.11018223282050332,-0.2746050457365628,-0.5324843862952637,-0.8290685911137251,-0.84874704933416,0.015848643234262997,0.006393175244403162,0.005265010027644971,-0.00365322329767213,-0.17023591662751672
2011-08-25,6.586002826690674,0.08437744870999409,0.08541012642090508,0.08113336044102953,0.08495115795442103,-0.6029495109920646,300124.SZ,0.7028282217481605,-0.06180053033478814,-0.8329054271515843,-0.8066859690331079,0.04445671045250131,-0.6124479427861781,-1.046148866615885,-0.8286706349130768,-0.848009633058877,-0.008380971081992821,-0.009186878236370015,-0.01735298303132729,-0.0027399519467310317,0.35528150870288266
2011-08-26,6.594959735870361,0.08449219484264942,0.08501374383329897,0.08360554549440788,0.08499288722838542,-0.9173498806422408,300124.SZ,1.413874253747688,-0.08058209216649924,-0.8326180225491389,-0.8087297069872801,0.057744038721673274,-0.5008366225107885,-1.0461488666158856,-0.8285185910459338,-0.8472329849969134,0.00021492144459864048,-0.002041519304043932,0.012732682179915146,0.0005909857097785535,-0.3965152814683884
2011-08-29,6.57053279876709,0.08417925473883482,0.08536840785636554,0.08345950106760115,0.08470081443890924,-0.8869673906532546,300124.SZ,-1.430309874250422,-0.09799519426863275,-0.8323939131085861,-0.8108322074507693,0.01709529968623885,-0.5147117050536861,-0.9957784972734255,-0.828469672997448,-0.8465208363338372,-0.0015042846395011992,0.0018266530170083861,-0.0007521836879229206,-0.0016117591511912931,0.05766122884674537
2011-08-30,6.717088222503662,0.08605686323344781,0.08709997192417179,0.08407494494070492,0.084471327528311,-0.5325957491411958,300124.SZ,-0.7192638422508947,-0.09795833094880907,-0.833283634839414,-0.8116292533029278,0.2400844499680084,-0.29859098224273206,-0.7522150679372096,-0.8279276075121844,-0.8457029623833291,-0.0011819438407755594,0.008918205746535554,0.0031697672571467652,0.009670389434458474,0.48444654634399664
2011-08-31,6.635668754577637,0.08501374383329897,0.08709997192417179,0.08188441240641461,0.08610901277780034,-0.7160897220825824,300124.SZ,-0.008217810251367088,-0.10582272998969662,-0.8334524998238734,-0.8128874218268008,0.09990313185016246,-0.5242031186487544,-1.0923277339389563,-0.8273353032447424,-0.8449781797434801,0.008434694548447095,0.0,-0.011282065849305125,-0.005372456960553517,-0.2240745444278358
2011-09-01,6.635668754577637,0.08501374383329897,0.08501374383329897,0.08501374383329897,0.08501374383329897,-1.131685036343195,300124.SZ,0.7028282217481605,-0.11208348429496214,-0.8344395721354104,-0.8139602885436938,0.09990313185016246,-0.5016698049113,-1.0923277339389563,-0.8268329011704362,-0.8441908935133026,-0.005641046714043336,-0.01074485876354394,0.016117232987752816,0.0,-0.5298176354566397
2011-09-02,6.448405742645264,0.08261458634803644,0.08426270257733876,0.08125853755349786,0.08345950106760115,-0.7289604309283171,300124.SZ,1.413874253747688,-0.13473662790153318,-0.8360975144789866,-0.8158761058341898,-0.21976102754003812,-0.9576277374002946,-0.9036286984992135,-0.8267800161700322,-0.8435911194194655,-0.008004934395594455,-0.003868144742270771,-0.019340723711353855,-0.012356562757172137,0.5481410711581344
2011-09-05,6.424793720245361,0.08231208257874725,0.08324045584624076,0.08006938443596714,0.08324045584624076,-0.8269293001119608,300124.SZ,-1.430309874250422,-0.1544887922158492,-0.8376207799226898,-0.8177737401025446,-0.25900882255822655,-1.1507518371413756,-0.7406966902255279,-0.8264389119217059,-0.8429959994815548,-0.0011281652167581915,-0.005264954870081876,-0.006124585490913343,-0.0015580081059554723,-0.11141380134541098
2011-09-06,6.407695770263672,0.08209303735738688,0.08292752109713859,0.08043448479355914,0.08188441240641461,-1.0122454809517207,300124.SZ,-0.7192638422508947,-0.17112658959876195,-0.8388553940000721,-0.8196960838827615,-0.2880618733541545,-1.2032687802411788,-0.7406966902255282,-0.8261996086861954,-0.8424148426941005,-0.006984133375400168,-0.0016117315724097456,0.0018804040622442068,-0.0011281652167581915,-0.22647490744245322
2011-09-07,6.483415126800537,0.08306312918941991,0.08324045584624076,0.08104991260252561,0.0825311385095325,-0.9233633442301243,300124.SZ,-0.008217810251367088,-0.17635179668928425,-0.8409806359547921,-0.8203596872618075,-0.15481110673618242,-1.072065502145716,-0.7923618444621355,-0.8263542953781065,-0.84177184690316,0.0033308824989464907,0.0016117315724097456,0.0031696845208021235,0.00499633753781051,0.13472180382860888
2011-09-08,6.464688777923584,0.08282321129900869,0.08449219484264942,0.08276062542013074,0.08344908079721301,-0.9800348428632536,300124.SZ,0.7028282217481605,-0.18151308916854678,-0.844032302899588,-0.8203049035134216,-0.1885029823812893,-0.8322445657045182,-0.998941016995871,-0.8272520087922183,-0.8411441448017153,0.004727747784320691,0.0064469262896389825,0.008810813971190101,-0.0012356673072298327,-0.057013487880138145
2011-09-09,6.334417819976807,0.08115422775536794,0.08312571506829786,0.08113336044102953,0.08196786024491855,-0.9899661080551787,300124.SZ,1.413874253747688,-0.19712055297271514,-0.850632696935042,-0.8178125010267226,-0.41998841341220583,-1.0608148939486088,-0.7575433824227912,-0.8282026065280428,-0.8406228329158831,-0.007628842551632995,-0.007037884420635989,-0.008381026239555915,-0.008595892526591513,0.0045566149314042815
2011-09-13,6.106443405151367,0.07823350521531855,0.08029887670127782,0.0779205704662164,0.08021542886277389,-0.7364521169757249,300124.SZ,-0.7192638422508947,-0.2299798082830826,-0.8517377055068652,-0.8212261087702386,-0.7953986769428203,-1.5089541898515535,-0.3138031214103814,-0.8295247179643135,-0.8401573763625886,-0.009025680258225647,-0.014559280039360438,-0.016547075876950097,-0.015042818816230392,0.35158850415476395
2011-09-14,6.210659503936768,0.07956868669551871,0.07974602941647685,0.07823350521531855,0.07870290466161559,-0.8682280362259481,300124.SZ,-0.008217810251367088,-0.2445468942512328,-0.853854257095905,-0.8226147436606094,-0.5984761717004697,-1.3524606402242318,-0.313803121410381,-0.8309142580815105,-0.8394811351866278,-0.007790068108558909,-0.002847371300858031,0.0016117315724097456,0.006876686442491621,-0.1559472449143793
2011-09-15,6.272538661956787,0.08036145722544333,0.08100819403798608,0.07920360240206402,0.07920360240206402,-1.0025942928281082,300124.SZ,0.7028282217481605,-0.24862274384512056,-0.8560210146594303,-0.8232298486391187,-0.483415172220852,-1.1148553643650259,-0.5357439415280651,-0.8319534379554697,-0.8387623369004054,0.002578781547368212,0.006500622177311709,0.004996365116592057,0.004083066186869411,-0.15935945160085097
2011-09-16,6.312434673309326,0.08087258594570476,0.08219733644609192,0.08000680391180164,0.08102905064289963,-0.9693612573674049,300124.SZ,1.413874253747688,-0.24651271904483885,-0.8580556491489136,-0.8234513730072228,-0.4090162064456169,-0.9237642645609174,-0.7406373920212699,-0.8331658144750888,-0.838110697384454,0.00940174452340556,0.006124530333350248,0.004136789653323684,0.0026325050138224855,0.06141620319841139
2011-09-19,6.196004867553711,0.07938092905888487,0.08188441240641461,0.07907843599902056,0.08136284735162777,-1.066240680012288,300124.SZ,-1.430309874250422,-0.2543728124101363,-0.8579515003757441,-0.8254993504664768,-0.6083877837759455,-1.0523563570696324,-0.6047577311115293,-0.8347655697880604,-0.8375900507681414,0.0017191785053182922,-0.001611676414846651,-0.0047814436719934164,-0.007682593596868815,-0.10997869222291265
2011-09-20,6.227758407592773,0.07978774798101639,0.08004853318576603,0.07835868232778688,0.07835868232778688,-1.0954037900980573,300124.SZ,-0.7192638422508947,-0.25593255426991846,-0.8579833435715295,-0.8269903579968579,-0.5466373327933489,-1.1365790078504225,-0.49976007693755864,-0.8362212131016507,-0.8370813728590822,-0.015472578969083084,-0.009455467989859833,-0.0037070019216894983,0.0020952703492797525,-0.020777162420374598
2011-09-21,6.342560291290283,0.08125853755349786,0.08185311411226322,0.07927661926075497,0.08037188820525633,-0.9329093839663156,300124.SZ,-0.008217810251367088,-0.24467987153540602,-0.8594167477147515,-0.8271051867528939,-0.32617717851725986,-0.828355721027646,-0.8194454683760186,-0.8373661609403434,-0.8364829289629455,0.01036876691958248,0.009294270011715466,0.0047277202055391945,0.007575119085178722,0.23168997583132095
2011-09-22,6.151224613189697,0.07880721981445793,0.08104991260252561,0.07875506491539297,0.08104991260252561,-1.0457269806863367,300124.SZ,0.7028282217481605,-0.25248584675660934,-0.8601243045596637,-0.8287828252424388,-0.6570952617639286,-1.0294791413488789,-0.7396857094989061,-0.8388773341151803,-0.8360467299322812,0.0034920804770908575,-0.004136789653323684,-0.0026862009014952627,-0.012625207668225051,-0.13097377385144027
2011-09-23,5.821476936340332,0.07458261408835978,0.07823350521531855,0.07426967933925761,0.07823350521531855,-0.6415483915635806,300124.SZ,1.413874253747688,-0.28823234990151037,-0.8584965311368913,-0.8347039494162286,-1.1605228562918386,-1.6942971739722417,-0.10596834418382178,-0.8410059326452771,-0.8358738462159172,-0.014505556572906165,-0.014505556572906165,-0.02310142152071608,-0.021758307280577698,0.5500563788018799
2011-09-26,5.77099609375,0.07393587727581703,0.07531278802998159,0.07301794034284896,0.07419666248056668,-0.8526471618335209,300124.SZ,-1.430309874250422,-0.31903610729991827,-0.8575881928194489,-0.8400971260987082,-1.2316973884382447,-1.897296041594914,0.05493179873920872,-0.8435324866973307,-0.8357741059647897,-0.020791257305619232,-0.015042791237448897,-0.0064469262896389825,-0.0033309376565095854,-0.2604378675111245
2011-09-27,5.740870952606201,0.07354992566802393,0.0747077912008281,0.07301794034284896,0.07426967933925761,-0.9793858588227096,300124.SZ,-0.7192638422508947,-0.3436901461320466,-0.8571849296979409,-0.8449302377283688,-1.274603892359831,-1.834698912508224,0.054931798739209226,-0.845579114223362,-0.8358066881283236,0.0003760642651799129,-0.00311596105434785,0.0,-0.0019877958375896588,-0.1493117989685085
2011-09-28,5.829617977142334,0.0746869238864897,0.07723212579855897,0.07406105438828536,0.0746764929066767,-0.9236992728444827,300124.SZ,-0.008217810251367088,-0.3519965789813089,-0.8593412632671926,-0.8470771653862252,-1.0914657539785573,-1.4231125509483609,-0.410635453576597,-0.8473904061444921,-0.8357534928498479,0.0020952427704982054,0.013001271933404964,0.00537242938177197,0.005855968158642028,0.09099387776409626
2011-09-29,5.862185478210449,0.07510416307900934,0.07510416307900934,0.07301794034284896,0.07365423546615385,-0.9679984250213493,300124.SZ,0.7028282217481605,-0.3527165314343988,-0.8614551137271016,-0.8486744256398605,-1.024470159339333,-1.4698496061748423,-0.26659034759604816,-0.8490285014199626,-0.8358984495826212,-0.005265010027644971,-0.010959807786924127,-0.00537242938177197,0.0021489386581708798,-0.04071560943050722
2011-09-30,5.711560249328613,0.07317440504004383,0.07458261408835978,0.07223560614744975,0.07426967933925761,-0.8326053329656656,300124.SZ,1.413874253747688,-0.36481935452201775,-0.863444977493094,-0.8512084530266916,-1.2523481411059452,-1.53948548091455,-0.15931537686730796,-0.8508067410642045,-0.8362216097985432,0.0031697672571467652,-0.002686173322713664,-0.004029315141633591,-0.009938979187948293,0.1959898825468103
2011-10-10,5.621999263763428,0.0720269811964775,0.07380027989296058,0.07163059860887142,0.07307009524191391,-0.9887628418009433,300124.SZ,-1.430309874250422,-0.3799241443764153,-0.8638831547263818,-0.8550414742503679,-1.382458665529178,-1.5347107610462147,-0.07616542322875378,-0.8523337793319476,-0.8365946403106985,-0.006178308957367616,-0.004029315141633591,-0.0031160162119109446,-0.005909664046314702,-0.18806469206724818
2011-10-11,5.697719097137451,0.07299707838322297,0.07458261408835978,0.07197483165212498,0.07406105438828536,-1.0161699055386064,300124.SZ,-0.7192638422508947,-0.381568778242921,-0.8650949699953097,-0.8574484891933045,-1.219332105432226,-1.292818202189224,-0.22736204370814436,-0.8536664674968227,-0.8369058314780286,0.005103812049500603,0.004029315141633591,0.0017729295505541128,0.004996365116592057,-0.01846395287402622
2011-10-12,5.927321434020996,0.07593866288289836,0.07615771881368359,0.07114033184823597,0.07218345660309723,-0.8402630715313903,300124.SZ,-0.008217810251367088,-0.3580875773085671,-0.866987303203501,-0.8577634788658827,-0.7536708236353605,-1.0066259034848035,-0.5252792743288567,-0.8548933856608895,-0.83713124486201,-0.009670334276895379,0.008112381328503001,-0.004297987631468052,0.01515026574913899,0.24935793558347238
2011-10-13,5.991641998291016,0.07676271564283708,0.07719039652459458,0.07542753416263692,0.07591779556855995,-0.5588973209692905,300124.SZ,0.7028282217481605,-0.33082855430338104,-0.8697811607085221,-0.8570852416796348,-0.6303666603441992,-0.6254094668688296,-0.7152741978233669,-0.8559259550794711,-0.8374291371243862,0.01923324919966376,0.005318678336536149,0.022080703236866433,0.004244181428669136,0.3882771462212613
2011-10-14,5.861372470855713,0.0750937428086212,0.0761472878338706,0.07334131142647654,0.0761472878338706,-0.7314537449954971,300124.SZ,1.413874253747688,-0.31933380632569025,-0.8728271353106953,-0.8566989318835717,-0.8405077116717786,-0.8352759849500627,-0.3999865907060417,-0.8571026331039765,-0.8378207849429243,0.001181971419557107,-0.005372401802990422,-0.010744831184762393,-0.008595837369028367,-0.2096667000155689
2011-10-17,5.776696681976318,0.07400890484393284,0.0761264205195322,0.0731222554956913,0.0761264205195322,-0.788389889829694,300124.SZ,-1.430309874250422,-0.316006565842939,-0.8748603507383498,-0.8572560048010601,-0.9728218444370657,-0.8474613580471264,-0.3675523864003781,-0.8584313543169332,-0.8384125792159147,-0.00010747451169009392,-0.00010747451169009392,-0.001128220374321286,-0.005587323247589063,-0.05736210175321432
2011-10-18,5.505570411682129,0.07053532430965762,0.07372726303426964,0.06988859820653975,0.0735395053976358,-0.45746121784952204,300124.SZ,-0.7192638422508947,-0.33675951655891223,-0.8744481177503286,-0.8608967223051746,-1.3665301581848988,-1.2381465048410218,0.0890127076235606,-0.8601606759126893,-0.8392577159045108,-0.013323585153349056,-0.012356562757172137,-0.016654550388640138,-0.01789024527465157,0.4535655271873038
2011-10-19,5.427407264709473,0.06953394489289805,0.0716514605684974,0.06953394489289805,0.07093171225197614,-0.8370994023553139,300124.SZ,-0.008217810251367088,-0.3578825594550455,-0.8747461247572721,-0.8646666081173331,-1.4723103528382626,-1.317804049230532,0.13661526419395628,-0.8622548993961311,-0.8400383531942198,-0.013431114822602246,-0.010691162875871213,-0.0018265978594453427,-0.005157480358391782,-0.48245192902307676
2011-10-20,5.171751022338867,0.06625855832978209,0.06953394489289805,0.0648816582850424,0.06953394489289805,0.016660166796903207,300124.SZ,0.7028282217481605,-0.395850637045517,-0.8744240270335266,-0.8708303720859302,-1.7970763144344337,-1.6904706058502905,0.7126972668174237,-0.8646320551205757,-0.8409360205744498,-0.007199027241217262,-0.010906001584125212,-0.023961024562765998,-0.01686947183323883,1.1422816443720287
2011-10-21,5.181520462036133,0.06638373544225042,0.06682185265853333,0.06520501865924512,0.06577872790367206,-1.0044193684097749,300124.SZ,1.413874253747688,-0.4214671762067755,-0.8757103743162026,-0.8752735410321361,-1.7762047948095017,-1.680150901903912,0.7126972668174237,-0.8669933450734225,-0.8418709235914623,-0.019340778868916948,-0.013968294329581884,0.0016654274600824716,0.0006447091762328267,-1.3274115495159504
2011-10-24,5.280038356781006,0.06764590541847205,0.06838652104933172,0.0659039050161404,0.06728081577030494,-0.893617343375904,300124.SZ,-1.430309874250422,-0.4287168394100412,-0.8773609880126336,-0.8781610708286256,-1.565313990927369,-1.4097638974892095,0.39373417582603243,-0.8688905742718449,-0.8427985120571477,0.0077363170633230885,0.008058630283267181,0.003599527409999404,0.006500649756093256,0.16359649438191928
2011-10-25,5.400537967681885,0.06918971184964447,0.0696799732555675,0.0671034891134841,0.06842823961387126,-0.5934849953952115,300124.SZ,-0.7192638422508947,-0.41941371869335914,-0.8803482645537372,-0.8790205230715687,-1.3151360406979982,-1.1490157138491808,0.1381636027237119,-0.8705537899564418,-0.8434634504780526,0.005909664046314702,0.006661764997893033,0.006178308957367667,0.007951183350358635,0.4129980611037055
2011-10-26,5.373669624328613,0.06884548951581576,0.07039972692680117,0.06849083620217407,0.0690332471524496,-0.6660931659836586,300124.SZ,-0.008217810251367088,-0.4111928733680668,-0.8853506243194642,-0.8782707988036598,-1.3526421591231446,-1.0117240819714395,-0.002329254114594175,-0.8722328714126365,-0.8441875678483822,0.0031160162119109446,0.0037070019216894467,0.007145358932326032,-0.0017728743929910182,-0.0780065907921519
2011-10-27,5.483586311340332,0.07025368785470686,0.07080654584893269,0.06866816285899491,0.06924187210342186,-0.7148313553422114,300124.SZ,0.7028282217481605,-0.39097028723890015,-0.8890044087660685,-0.8775126233283315,-1.1252452221348772,-0.8738006101206761,-0.08235528965756814,-0.8738564243649676,-0.8450819099050306,0.001074496907867013,0.0020952703492797525,0.0009132989297226458,0.007252750707671535,-0.04656307649556781
2011-10-28,5.641540050506592,0.07227733542141415,0.07249638064277454,0.07041015790661416,0.07041015790661416,-0.804009682781102,300124.SZ,1.413874253747688,-0.35702938258145056,-0.8898003565201458,-0.8775288306334714,-0.8133916379326958,-0.5654750176901441,-0.4095536622418794,-0.8751930781243774,-0.8462056552560839,0.006017110979223249,0.008703284301936913,0.008971929212989827,0.010422545543599848,-0.09983417242305133
2011-10-31,5.683063507080078,0.07280932074658913,0.07298664740340999,0.07135939313373364,0.07280932074658913,-0.7356523747277615,300124.SZ,-1.430309874250422,-0.32374470145460704,-0.8901956324142077,-0.8775293823056587,-0.7335183638340961,-0.42462797336833685,-0.5027925576380866,-0.8762507665947026,-0.8472156961815365,0.012356590335953686,0.00252505808091399,0.00488891818368351,0.0027399243679494846,0.10768480126670522
2011-11-01,5.797051429748535,0.07426967933925761,0.07426967933925761,0.0712550779808913,0.07157844906451889,-0.6428126985050591,300124.SZ,-0.7192638422508947,-0.28449651216262745,-0.8898966818073286,-0.8775832458499229,-0.5171628003634174,-0.2482900422795692,-0.7446290016759448,-0.8767531679903173,-0.8481333107245108,-0.006339451777948889,0.006608096689001751,-0.0005372622433242802,0.007521395618724449,0.13993500230932138
2011-11-02,5.892310619354248,0.07549011468680245,0.07560486081945779,0.07207914145025489,0.07320570333419522,-0.8207805774620764,300124.SZ,-0.008217810251367088,-0.242795402228875,-0.889458476925487,-0.8777655451992391,-0.3416778504110194,-0.015917131319243872,-0.9889472702493407,-0.8772701130664543,-0.8490921521800466,0.008380971081992821,0.0068766864424916726,0.004244236586232231,0.006285700732713068,-0.21679511619836708
2011-11-03,5.740057945251465,0.0735395053976358,0.07668969878414614,0.07322656529382121,0.07552141298095384,-0.4796332574570862,300124.SZ,0.7028282217481605,-0.22306901985604347,-0.8901774400849279,-0.8775677526240007,-0.5982822961470621,0.046367842555529365,-1.1825549950880387,-0.8781347721676036,-0.8500496627552042,0.011926775025537953,0.005587323247589012,0.005909664046314702,-0.010046370963293746,0.4670263758643749
2011-11-04,5.699347496032715,0.07301794034284896,0.07462433265289932,0.07260069579561688,0.07406105438828536,-0.8908483903216987,300124.SZ,1.413874253747688,-0.21022919949633867,-0.8902279713706984,-0.8775729314864466,-0.6652121732343905,-0.11425878422220069,-1.07454740878359,-0.8791303216786873,-0.8511601098839816,-0.007521395618724449,-0.010637411830635393,-0.0032234631448194912,-0.002686256059058306,-0.5240476981022582
2011-11-07,5.6187424659729,0.07198526263193797,0.07299707838322297,0.07147413391167655,0.07280932074658913,-0.6585140838739788,300124.SZ,-1.430309874250422,-0.2067062296029738,-0.8902361031378068,-0.8775805522775901,-0.7972633986528327,-0.34003467214993116,-0.8820210582255404,-0.8800676971463736,-0.852436126177796,-0.006446898710857435,-0.008380971081992821,-0.005802217113406156,-0.005318678336536149,0.3236888711344822
2011-11-08,5.6187424659729,0.07198526263193797,0.07247552939257342,0.07145327195205056,0.07145327195205056,-0.9548506433469425,300124.SZ,-0.7192638422508947,-0.20289558660079718,-0.8904945681000054,-0.8776938391848408,-0.7972633986528327,-0.3363901203764583,-0.8784372702435755,-0.8810566355233883,-0.8536655961336033,-0.006984160954181715,-0.002686173322713664,-0.00010744693290854656,0.0,-0.372720136089446
2011-11-09,5.797051429748535,0.07426967933925761,0.07426967933925761,0.07176620670115273,0.07218345660309723,-0.8738555232981878,300124.SZ,-0.008217810251367088,-0.18203030500221015,-0.891461574842018,-0.8772490957192733,-0.4436648149159816,0.09114643253985265,-1.2184229664668302,-0.881942449439129,-0.8546869408381284,0.0037607253881437714,0.009240546545261193,0.0016117315724097456,0.011765604626175132,0.12433237288932897
2011-11-10,5.802749156951904,0.07434269084323612,0.07562572277908376,0.07344562122460646,0.07417579516622827,-0.6573498044568976,300124.SZ,0.7028282217481605,-0.16437432560195017,-0.8930754413738564,-0.8763569019942171,-0.43263954079539035,0.44329744463124,-1.083622857769015,-0.8825083132424435,-0.855731559052996,0.010261292407892385,0.006984133375400168,0.008649615993045735,0.00037603668639836556,0.3028381458698058
2011-11-11,5.76041316986084,0.07380027989296058,0.07434269084323612,0.07213129634931985,0.07434269084323612,-0.8424343857316365,300124.SZ,1.413874253747688,-0.1539794688226773,-0.8937931813452579,-0.8760492465353718,-0.5097269422053669,0.1798532598908536,-1.2214447644193704,-0.8826074714304909,-0.8568519797631455,0.0008595754632683725,-0.006608096689001803,-0.006769267088364623,-0.0027936202556222106,-0.2261698253326817
2011-11-14,5.869512557983398,0.07519804189732626,0.07560486081945779,0.07304923863700036,0.07404018707394695,-0.7331318859474687,300124.SZ,-1.430309874250422,-0.13506188691268847,-0.8931083554549536,-0.8763612646948464,-0.29253127436183207,0.5144858358326241,-1.0972553825980285,-0.8824474963742778,-0.8580422192976283,-0.0015580081059554723,0.006500649756093308,0.004727747784320691,0.007198999662435714,0.16162119565114036
2011-11-15,5.943605899810791,0.0761472878338706,0.07674185903792353,0.0746869238864897,0.0746869238864897,-0.9442445849648337,300124.SZ,-0.7192638422508947,-0.11299527659293175,-0.890977480607549,-0.8765475310028048,-0.1489442974244384,0.8244125310811847,-0.8970394319526092,-0.8821182895882483,-0.8589059732926072,0.0033309376565096365,0.005855968158641926,0.008434694548447145,0.004888973341246605,-0.2604562156097075
2011-11-16,5.950118541717529,0.0762307303176621,0.07893239692692625,0.07574046891173909,0.076856594461154,0.20314288023347477,300124.SZ,-0.008217810251367088,-0.0951077660855456,-0.8891122923880774,-0.875978238236151,-0.13623315284227328,1.0917710382158488,-0.530538372343798,-0.8819226173943046,-0.8597185278176693,0.011174618916396527,0.011282093428086672,0.005426152848226192,0.00042976015285263886,1.52907260404142
2011-11-17,5.924878120422363,0.07590736458874695,0.07778497308335994,0.07458261408835978,0.07628288521672708,-0.601729311750764,300124.SZ,0.7028282217481605,-0.08370300689593507,-0.8890296535044554,-0.8721151387387392,-0.18781785405780932,0.8162748787705119,-0.7574428525104376,-0.8818208143454147,-0.8604911856278706,-0.002954818233766526,-0.005909664046314702,-0.005963387512768976,-0.001665455038864019,-1.042605347861835
2011-11-18,5.781580924987793,0.07407148536809835,0.07536494828375898,0.07391502067090348,0.07510416307900934,-0.758850498728939,300124.SZ,1.413874253747688,-0.088678705235925,-0.8904781659395455,-0.8672681235443087,-0.47340475163149315,0.36125006697833917,-0.8866580699188983,-0.8817071124768447,-0.8613283428369589,-0.006070862024459121,-0.012464037268862232,-0.0034383570106365845,-0.009455467989859833,-0.18933412865254157
2011-11-21,5.723773956298828,0.07333088044666355,0.07406105438828536,0.07284061368602811,0.07374811428447077,-0.9560266666098914,300124.SZ,-1.430309874250422,-0.09834170682280628,-0.8919522960232315,-0.8632130725341404,-0.58447097945267,0.0783028611448366,-1.0923577151728583,-0.8815418476989466,-0.8620132287619471,-0.006984160954181715,-0.006715543621910349,-0.00553359978113479,-0.00381439369703495,-0.24209786367754244
2011-11-22,5.776696681976318,0.07400890484393284,0.07475994074518064,0.07294492883887045,0.07301794034284896,-0.8909660336148978,300124.SZ,-0.7192638422508947,-0.10108899481920985,-0.8927574296063162,-0.8602948372012688,-0.46912623905275186,0.19831864120631384,-0.9667204599406722,-0.8814136021498545,-0.8626189872094109,-0.0037606702305806768,0.003599527409999404,0.0005372622433242802,0.0034920804770908575,0.10334214811042626
2011-11-23,5.595944881439209,0.07169318984246179,0.07444700599607848,0.07169318984246179,0.07366466644596684,-0.8464323459115433,300124.SZ,-0.008217810251367088,-0.1204984109611629,-0.8942923890199652,-0.8573330748471937,-0.8115846160895867,-0.12122451634308737,-1.2077821694960253,-0.8819517013618916,-0.8635066793015742,0.0033308824989464907,-0.0016117315724096942,-0.0064469262896389825,-0.0119268026043195,0.07630235735707128
2011-11-24,5.642353534698486,0.07228775569180229,0.0723086230061407,0.07046231280567912,0.07145327195205056,-1.0165131399175453,300124.SZ,0.7028282217481605,-0.13124570471600144,-0.8951768659660259,-0.8554650992181777,-0.7080006576325258,-0.3310685080218839,-1.1097226782450222,-0.8825188872562816,-0.8643112550298064,-0.011389512782213672,-0.011013476095815357,-0.006339479356730436,0.003062237587893577,-0.20640559531742744
2011-11-25,5.658637046813965,0.07249638064277454,0.07318483601985681,0.07145327195205056,0.07199568290232611,-1.0240363704811795,300124.SZ,1.413874253747688,-0.1379345148269785,-0.8952207909102944,-0.8553238953502574,-0.6712234509587452,-0.11883394679831855,-1.2699597722148166,-0.882848094042311,-0.8650686198331895,0.0027936202556222106,0.00451282633972205,0.005103812049500603,0.001074496907867013,0.007728677386422539
2011-11-28,5.780767440795898,0.07406105438828536,0.07440528743153893,0.07249638064277454,0.07250681162258753,-1.0018923249248117,300124.SZ,-1.430309874250422,-0.1313516121791814,-0.8951453382895229,-0.8548983574842912,-0.3998119162705802,0.2535737922442163,-1.041694595766511,-0.8828414842656249,-0.8657335582540945,0.0026325050138224855,0.00628578346905771,0.005372401802990422,0.008058657862048728,0.04680886818488468
2011-11-29,5.902896404266357,0.07562572277908376,0.07562572277908376,0.07407148536809835,0.07459304506817277,-0.9551659519528586,300124.SZ,-0.7192638422508947,-0.11444570236287338,-0.8945529773875126,-0.8550338639762949,-0.14268135631245396,0.6199016313212536,-0.8204620108411227,-0.8821962936403959,-0.8662788075544332,0.010744886342325488,0.006285700732713068,0.008112381328503001,0.008058630283267181,0.07919074381733146
2011-11-30,5.699347496032715,0.07301794034284896,0.07563615911360917,0.07197483165212498,0.07563615911360917,-0.8453973853553554,300124.SZ,-0.008217810251367088,-0.12046230802470116,-0.895204570378897,-0.8552871960213961,-0.5462588206478974,0.15766852019341873,-1.2293807088923812,-0.8817547091129468,-0.8671099804098948,0.00537242938177197,5.3751045235820644e-05,-0.010798554651216666,-0.013431059665039151,0.16223513742039167
2011-12-01,5.658637046813965,0.07249638064277454,0.0754170978281115,0.07176620670115273,0.07407148536809835,-0.7530495168174546,300124.SZ,0.7028282217481605,-0.12896076309495524,-0.8951709949995005,-0.8557544919772928,-0.622928240022049,0.0195626609589037,-1.2689820873851805,-0.8809640864333355,-0.867907906173642,-0.008058657862048728,-0.0011282479531028336,-0.001074496907867013,-0.0026862284802767586,0.1392871525343555
2011-12-02,5.32074785232544,0.06816746511854647,0.07197483165212498,0.06780238082509178,0.07197483165212498,-0.3417064306554217,300124.SZ,1.413874253747688,-0.16742793207298937,-0.892738812474821,-0.8605862781197053,-1.2022447355700352,-1.3641600386089026,-0.5799395779127254,-0.8807380047872716,-0.8689817808871232,-0.010798554651216666,-0.017728964560162562,-0.02041519304043932,-0.022295541945120432,0.5594940470979987
2011-12-05,5.130227088928223,0.06572657835931954,0.06811530486476909,0.06499639370827287,0.06811530486476909,-0.013163739453451749,300124.SZ,-1.430309874250422,-0.21499152806919805,-0.8891662804493647,-0.8673281119945683,-1.486058270306633,-2.3512455144446824,-0.14951919571216682,-0.8809812729386258,-0.8700583156546662,-0.019878013533459683,-0.019878013533459683,-0.014451888264014985,-0.012571484201770778,0.45042251588837523
2011-12-06,4.999955177307129,0.0640575948156788,0.06571614737950655,0.06346301825691344,0.0648816582850424,-0.5903419462275773,300124.SZ,-0.7192638422508947,-0.2634386493440786,-0.8855494355597611,-0.8748066227115802,-1.667403605148357,-2.6853607118514873,0.06924756642986223,-0.8816317512494654,-0.8712219573792415,-0.016654495231077093,-0.012356562757172137,-0.007897459883904362,-0.00859589252659146,-0.7426679909679814
2011-12-07,5.046365261077881,0.06465217137444416,0.06535105773133942,0.06392199743282234,0.064829498031265,-0.8191929050901912,300124.SZ,-0.008217810251367088,-0.2953072541921803,-0.8840628572639383,-0.8804900325985251,-1.5616028868198473,-2.3491720868708734,0.06924756642986274,-0.8821632400061248,-0.8723337343643803,-0.00026864491105291373,-0.0018803489046811121,0.0023639152603326663,0.0030622927454566715,-0.2838225191551031
2011-12-08,5.007284164428711,0.06415147363399572,0.06538235602549083,0.06351517851069083,0.06509028323601465,-0.7110568696246614,300124.SZ,0.7028282217481605,-0.32191350334735275,-0.8831156499849094,-0.8857787874729482,-1.617313476907449,-2.1516006639583813,0.12848370609677803,-0.8829366748230628,-0.8735392675883588,0.0013431418189199266,0.0001611979781443672,-0.0020952703492797525,-0.002578781547368212,0.16008463233647743
2011-12-09,4.722316265106201,0.06050058250703695,0.06446440838309789,0.06050058250703695,0.0636403449137343,-0.2528264788353821,300124.SZ,1.413874253747688,-0.3673609171827492,-0.8806502915221943,-0.8941166871584089,-1.9964945499357836,-2.274690165999315,0.5452038297413567,-0.8844293380441507,-0.8749622350581499,-0.00746772730983327,-0.0047277753631022375,-0.015526302435537357,-0.018803461468029574,0.6212578842445788
2011-12-12,4.688934326171875,0.06007290162527945,0.06089696509464304,0.059540916300104475,0.06050058250703695,-0.7224699760193142,300124.SZ,-1.430309874250422,-0.4032454081675262,-0.8798018815535757,-0.9013147906665092,-2.0380479252546477,-2.126531359549702,0.6694686070962789,-0.8860436356802616,-0.8763060750504164,-0.01617095645420709,-0.018373673736395386,-0.004942641650137783,-0.002202717282188299,-0.6010143739913736
2011-12-13,4.703589916229248,0.06026065926191329,0.0607092074580092,0.05966608270314794,0.05997902280696253,-0.7060519429397633,300124.SZ,-0.7192638422508947,-0.426683017634966,-0.8806192355769127,-0.9068794505223339,-2.002306850840085,-1.7815518635514513,0.6694686070962785,-0.8878192311423526,-0.8774517633727728,-0.0026862284802767586,-0.000967022396176919,0.0006446540186697319,0.000967022396176919,0.0392660907757547
2011-12-14,4.679977893829346,0.05995815549262412,0.06133506624678867,0.059269700115541855,0.060083332605092445,-0.7400957134343877,300124.SZ,-0.008217810251367088,-0.4437227676171886,-0.8822716309071269,-0.9116270008699603,-2.033325911778908,-1.5484542127236283,0.5236612663410413,-0.8897878539375449,-0.8787018467848607,0.0005372346645427327,0.0032234079872563966,-0.0020415193040438807,-0.0015580081059554723,-0.02720637214050659
2011-12-15,4.647410392761231,0.059540916300104475,0.06018764775793478,0.058967207055677526,0.05933229670384465,-0.9120273921716961,300124.SZ,0.7028282217481605,-0.456403199173977,-0.8844252284086408,-0.915827571866048,-2.0767639216493676,-1.4399090898953664,0.5661581243060925,-0.8915621273085603,-0.8800290628899311,-0.0038681171634892234,-0.005909636467533155,-0.001557952948392429,-0.002148938658170931,-0.20884373382912744
2011-12-16,4.77931022644043,0.06123075644865876,0.06152282923813494,0.059040223914368466,0.059540916300104475,-0.9706424290177749,300124.SZ,1.413874253747688,-0.44996083622548033,-0.8866509329595115,-0.9184970372254906,-1.7408500419343123,-1.1855857725911674,0.25116091735448826,-0.8930561126207238,-0.8812811414279001,0.0010744693290854655,0.006876686442491621,0.0003760642651799129,0.00870331188071846,-0.05957367722407868
2011-12-19,4.845259666442871,0.06207568723236076,0.062284301473908156,0.0594783250665141,0.06050058250703695,-0.8240934344475783,300124.SZ,-1.430309874250422,-0.43485013655241156,-0.8890675017096493,-0.9202928699304418,-1.5783700989801657,-1.0157222832400241,0.07548855614771156,-0.8943121174671438,-0.8823842729813337,0.004942641650137783,0.0039218682087250436,0.0022563855910794775,0.004351711097922325,0.21068536038686297
2011-12-20,4.723130226135254,0.06051101348684994,0.06277456287983117,0.06030238853587769,0.06203395795839637,-0.8569545586964098,300124.SZ,-0.7192638422508947,-0.430917522551975,-0.892124782632819,-0.9222605741048214,-1.7586431971018235,-0.9464149025389268,-0.037610034721461176,-0.8957664393683501,-0.8836130783502992,0.007897459883904362,0.0025250305021323914,0.004244236586232231,-0.008058657862048728,-0.02564849265248994
2011-12-21,4.592044830322266,0.058831598963396216,0.06112644129581642,0.05858125544788442,0.0607092074580092,-0.8767641734956811,300124.SZ,-0.008217810251367088,-0.43663495837784533,-0.8939329501275715,-0.9254263661552262,-1.942381581464436,-1.035512459175853,0.23466492318352658,-0.8977231633438626,-0.8850426951018976,-0.006822962976037348,-0.008488445593682914,-0.008864482280081281,-0.008649615993045735,-0.008455964513620427
2011-12-22,4.654738903045654,0.059634800473133825,0.05966608270314794,0.0569018409244307,0.057371240370727744,-0.9102463560120337,300124.SZ,0.7028282217481605,-0.43151124044822015,-0.8968007921975646,-0.9272686307226774,-1.7844909125914952,-1.0345034541468763,0.485114035666891,-0.8995873382293222,-0.8862648508477167,-0.017191785053182872,-0.007521395618724449,-0.008649615993045735,0.004136789653323684,-0.026466601989306487
2011-12-23,4.615657806396484,0.059134102732685385,0.06102213149768651,0.058122276271975526,0.05964523145294681,-1.009209696794891,300124.SZ,1.413874253747688,-0.4275827183533796,-0.9002890286352767,-0.9286772415562354,-1.840779386694169,-0.9067504998483095,0.16615097861022746,-0.9014462261078628,-0.8872496241609623,0.011711908738502355,0.006984160954181715,0.006285700732713068,-0.002578781547368212,-0.11272380161923828
2011-12-26,4.570062637329102,0.058549957153733026,0.060271090241726284,0.05813271260650095,0.059134102732685385,-1.0707641772947794,300124.SZ,-1.430309874250422,-0.4252517176666677,-0.905708525801086,-0.9287115835837719,-1.9067498194766817,-0.8964461103486108,0.16615097861022646,-0.9035563140055193,-0.8882304075637847,-0.0026325050138224855,-0.003868144742270771,5.3751045235820644e-05,-0.0030085692790023984,-0.06344575561670063
2011-12-27,4.570062637329102,0.058549957153733026,0.05862297401242396,0.05675579649762397,0.05862297401242396,-0.9896963409910872,300124.SZ,-0.7192638422508947,-0.41988440680011735,-0.9141554639711192,-0.9258513810454141,-1.9067498194766817,-0.9446656414105373,0.3796560240987457,-0.9057867155845062,-0.8891865882825807,-0.0026325050138224855,-0.008488418014901368,-0.00709163546587181,0.0,0.12442816075693118
2011-12-28,4.380356311798096,0.05611950137431907,0.05788236909098916,0.05439836828632581,0.05755899800736157,-0.7678879343496109,300124.SZ,-0.008217810251367088,-0.4301507093800361,-0.920829040077535,-0.9249900437658303,-2.1768353962066054,-1.0728537831075855,0.720917098097402,-0.9083357451848436,-0.8903701781939171,-0.005479876314680517,-0.00381439369703495,-0.012141641312573498,-0.012517760735316505,0.3098232849886694
2011-12-29,4.43734884262085,0.05684968067065332,0.05794494961515467,0.05508681295398323,0.05607777210035468,-0.7051478033642888,300124.SZ,0.7028282217481605,-0.42920415433559506,-0.9292142378148455,-0.921615512035977,-2.0209537413869123,-0.9843194515051206,0.7053268290227638,-0.9107512415504786,-0.8915338195771535,-0.007628870130414542,0.0003223132199440923,0.0035457487859820364,0.0037606978093622243,0.10028539086316952
2011-12-30,4.412923812866211,0.05653675127626358,0.058101414312349546,0.05632812632529133,0.05736080403620231,-0.038106848738604385,300124.SZ,1.413874253747688,-0.4271877745868353,-0.9338375739359506,-0.9209875108355396,-2.056096376674645,-0.9145701375834899,0.6652498068704751,-0.9129737092256293,-0.8925943953856809,0.006608096689001803,0.0008058519968140992,0.006393230401966257,-0.0016117039936281983,0.8963204360762066
2012-01-04,4.197162628173828,0.05377249878812148,0.05754856702754858,0.05374120049397008,0.05732951109676334,-0.8510013847358593,300124.SZ,-0.008217810251367088,-0.44246164056715165,-0.9354494092101201,-0.9240102367444019,-2.350711810158988,-1.070561082909022,1.0284535202966922,-0.9154526673202725,-0.8937580367689173,-0.00016117039936281984,-0.002847371300858031,-0.013323640310912151,-0.014236939240634797,-1.0531730431706807
2012-01-05,3.9081239700317374,0.05006944205267289,0.053887239566064386,0.05006944205267289,0.05376206245359606,-0.6975665363530522,300124.SZ,0.7028282217481605,-0.4780419333559855,-0.9339137822866754,-0.9315445525643353,-2.6932664327435996,-1.3948358823299736,1.4781807944107725,-0.9184869124896259,-0.895219570755869,-0.018373701315176936,-0.018857212513265394,-0.018910935979719667,-0.019072133957864033,0.21975597676966302
2012-01-06,3.8543875217437744,0.04938098667559061,0.050361514842149076,0.04753467647512903,0.05015288989117682,-0.11374636540259414,300124.SZ,1.413874253747688,-0.5068605297409905,-0.9339315068866302,-0.9377907735776575,-2.751932915282666,-1.5653091446572784,1.7512386497895065,-0.9213149080577399,-0.8969125035044453,-0.018588595180994028,-0.01815880744935984,-0.013054995399859238,-0.003545803943545131,0.7866951340676848
2012-01-09,4.019667148590088,0.051498502351189974,0.051634115798183715,0.04753467647512903,0.049339268111051084,-0.6127720090533652,300124.SZ,-1.430309874250422,-0.5093282084812746,-0.9359704131168644,-0.9406014049164815,-2.307092273844359,-1.3967060036789651,1.4325041995338719,-0.9239498749353696,-0.8985229837932546,-0.004190457962214863,0.0065543732225475295,0.0,0.010906001584125212,-0.6397189684188435
2012-01-10,4.152381420135498,0.05319878418898211,0.054241898234418516,0.05070574788540264,0.05085177624807209,-0.5744597602548323,300124.SZ,-0.7192638422508947,-0.4942041447921344,-0.9368050904213403,-0.942622819953145,-1.9720622071388236,-1.093418150734094,0.8188930960915104,-0.9263957793957416,-0.8999186892076353,0.007789985372214267,0.013431059665039151,0.01633220958991455,0.008757090504735828,0.06810696326501024
2012-01-11,4.251712799072266,0.05447138514501675,0.055796135645403915,0.052791970621563024,0.05317792222935613,-0.5581048844859076,300124.SZ,-0.008217810251367088,-0.46862857780131845,-0.9378566457811406,-0.9436931239799419,-1.7315242041260075,-0.881275037951264,0.4773208725767759,-0.9288787030849198,-0.901164118463797,0.011980526070773772,0.008004906816812908,0.010744831184762393,0.0065543732225475295,0.039182894740513355
2012-01-12,4.184135913848877,0.05360560311111363,0.05527458665475436,0.053219651503320524,0.05420017966987898,-0.8057804772147168,300124.SZ,0.7028282217481605,-0.4509500467201553,-0.9390848717059312,-0.9449893893581928,-1.825094274582461,-0.8945624641676457,0.4773208725767752,-0.9316696780668445,-0.9022433122613851,0.005265010027644971,-0.002686173322713664,0.002202717282188299,-0.004459102873267777,-0.3086198844483097
2012-01-13,3.891026020050049,0.04985038612188765,0.05392895813060392,0.049339268111051084,0.0532092151687951,-0.6401488938382749,300124.SZ,1.413874253747688,-0.46100145556368527,-0.9393918253716166,-0.948778792469605,-2.1990972079206816,-1.2429852755436224,0.9615471657817659,-0.9346060864605347,-0.9034980508534162,-0.005103839628282151,-0.006930492645290537,-0.01998543288758668,-0.019340778868916948,0.2358225252704931
2012-01-16,3.624783754348755,0.04643940217591524,0.04985038612188765,0.04641855092571412,0.04985038612188765,-0.5580887025587525,300124.SZ,-1.430309874250422,-0.49012155289947057,-0.9384060533780778,-0.9553069143625952,-2.4943797415193085,-1.611820341713756,1.2821409577597342,-0.9379087195116773,-0.9047614331704577,-0.01729923198609147,-0.02100617875021787,-0.015042791237448897,-0.017567849318362836,0.12573537283930714
2012-01-17,3.8104214668273926,0.048817708410976664,0.04954788235259847,0.04641855092571412,0.04641855092571412,-0.5200903968026627,300124.SZ,-0.7192638422508947,-0.4910900113403901,-0.9403997530779246,-0.9580718970965041,-2.0660243683860466,-1.4026409512282436,1.2821409577597347,-0.9403612351061185,-0.9058811886110877,-0.017675241093708285,-0.0015580081059554723,0.0,0.012249170981826686,0.06769341151361595
2012-01-18,3.623156785964966,0.04641855092571412,0.0493184061514251,0.04393593221516657,0.048817708410976664,-0.23299044038290814,300124.SZ,-0.008217810251367088,-0.5052776069626924,-0.942819230210427,-0.9616707837896685,-2.2724832295224764,-1.5077217494722024,1.539320038056782,-0.9428084616575659,-0.9072343372565455,0.012356562757172137,-0.0011818886832124648,-0.012786419435760192,-0.012356562757172137,0.3958307166295577
2012-01-19,3.714345693588257,0.047586836728906415,0.04806666715501644,0.04412369252915662,0.0448538771802033,-0.6325044012382383,300124.SZ,0.7028282217481605,-0.5033112926301856,-0.9453658673309385,-0.9639995817400658,-2.070251008477286,-1.3774558085501922,1.5393200380567829,-0.9448960740069385,-0.9086114236578489,-0.020415220619220867,-0.0064469262896389825,0.0009670361855676927,0.006017110979223249,-0.5086339461676785
2012-01-20,3.89835262298584,0.04994426494020457,0.0500903093670113,0.04694009991636368,0.04762855529344595,-0.7558382705420184,300124.SZ,1.413874253747688,-0.479928194792179,-0.947779148882001,-0.9648275420900265,-1.6798570275085203,-0.9892475419692162,1.074322313650414,-0.9467602509284727,-0.9098162919536467,0.014290635128307524,0.010422517964818299,0.014505556572906165,0.012141641312573498,-0.14482667822323245
2012-01-30,3.948833703994751,0.05059100175274731,0.05194705054728588,0.049026333361948914,0.0500903093670113,-0.7963924331723516,300124.SZ,-1.430309874250422,-0.4526671899832892,-0.95120374390022,-0.9645382986516194,-1.5761936771144918,-0.7413646404212066,0.671497639236213,-0.9484789944382417,-0.9110697000066382,0.012678958713460873,0.00956291492276838,0.010744886342325488,0.0033309376565095854,-0.03578239933650426
2012-01-31,3.918707609176636,0.05020505014495421,0.050883074542223496,0.04882813939078966,0.050079873032485886,-0.9714142454927154,300124.SZ,-0.7192638422508947,-0.4303060324328661,-0.9547131930587162,-0.9641028398272633,-1.6148316187433873,-0.76662597094814,0.6957109365831872,-0.949783918011839,-0.9124767092000915,-5.3751045235820644e-05,-0.005479876314680517,-0.0010207734414127397,-0.0019877958375896588,-0.21291431346475226
2012-02-01,4.002570152282715,0.051279457129829585,0.05192618323294747,0.049391417655403606,0.05025719968930673,-0.6672075340558016,300124.SZ,-0.008217810251367088,-0.4012524200400587,-0.9581753552225287,-0.9630419914441011,-1.438200491369702,-0.6104721108889046,0.4700349509073695,-0.9508984570771032,-0.9138491414454687,0.0009132989297226458,0.005372401802990422,0.0029010947673123043,0.00553359978113479,0.4183651497641996
2012-02-02,4.0449090003967285,0.05182187343481757,0.05182187343481757,0.05059100175274731,0.051279457129829585,-0.9605832788066032,300124.SZ,0.7028282217481605,-0.371215804688642,-0.9620583759029453,-0.9612669028938042,-1.349344460475856,-0.5052416322826891,0.4700349509073698,-0.9519680443671078,-0.9152800883947675,0.005265010027644971,-0.0005372346645426814,0.006178308957367616,0.0027936478344038093,-0.36881990595733155
2012-02-03,4.111671447753906,0.052677224488907694,0.053428276454292774,0.05111255074339687,0.05112298707792229,-0.8002448242860365,300124.SZ,1.413874253747688,-0.33843999488812226,-0.9639503862072575,-0.9604692901738267,-1.2091070863136606,-0.3390332175649328,0.12158369760451268,-0.9528908775116549,-0.9167343078303921,-0.0008058795755956466,0.008273579306647318,0.002686173322713664,0.004405379406813452,0.22884997798399032
2012-02-06,4.069334030151367,0.052134808183919724,0.054189743335353556,0.05174885657612662,0.05319878418898211,-0.46827306664701224,300124.SZ,-1.430309874250422,-0.31421550234168677,-0.9668809452795623,-0.9589806907479347,-1.2718266787912949,-0.2710175598952701,-0.0394703703063609,-0.9538295764277995,-0.9180987612789393,0.010691135297089666,0.003921840629943497,0.003277214190055312,-0.0027936478344037577,0.454939565922852
2012-02-07,3.9691877365112314,0.05085177624807209,0.05184274074915597,0.05079962670371956,0.05184274074915597,-0.9252252217473883,300124.SZ,-0.7192638422508947,-0.302437002299406,-0.9702856433645518,-0.9573363104000806,-1.4186077369201384,-0.4692324960241882,0.10072443476828169,-0.9551450767300012,-0.9195117548260191,-0.006984133375400168,-0.012087945424900772,-0.004888890604901963,-0.006608096689001803,-0.5842962881075291
2012-02-08,4.070962429046631,0.052155675498258135,0.0526667935090947,0.0504866919546174,0.05111255074339687,-0.7852005480603251,300124.SZ,-0.008217810251367088,-0.2814368150494851,-0.9711736121284706,-0.956962493532666,-1.1972126211026564,-0.34027227143698263,-0.07711143483605111,-0.9564024043461881,-0.9207758020712415,-0.003760752966925319,0.004244181428669136,-0.0016117315724097456,0.006715571200691896,0.20209098509228235
2012-02-09,4.154823303222656,0.05323008248313351,0.05366818363527914,0.05098738969506583,0.052155675498258135,-0.5558211161336597,300124.SZ,0.7028282217481605,-0.2551460052269312,-0.9701384262933621,-0.9568747434924958,-1.0192223740487887,-0.1489866481220585,-0.29038469810159556,-0.9573252374907351,-0.9219713606898311,0.005372484539335065,0.0051575355159548765,0.002578781547368212,0.00553359978113479,0.3197964659267634
2012-02-10,4.174365520477295,0.0534804259986453,0.05392895813060392,0.0527085227830591,0.05307360707651378,-0.7231432670896776,300124.SZ,1.413874253747688,-0.2310962559657203,-0.9690755588277705,-0.9564340705623298,-0.9777036297277004,0.04122190820364707,-0.34598290559710115,-0.9580034803928521,-0.923296582351698,0.004727692626757596,0.001343086661356832,0.008864482280081281,0.0012893631949025587,-0.20277168243974505
2012-02-13,4.274510383605957,0.054763457934492936,0.05524328836060296,0.0527502520570235,0.05319878418898211,-0.01806133284937199,300124.SZ,-1.430309874250422,-0.20144896786095534,-0.9674767410287589,-0.9569619451383337,-0.7659920695388377,0.27166438767360956,-0.6239437873531528,-0.9586209064268036,-0.9245446706379049,0.0006447091762328267,0.006769294667146169,0.00021492144459869184,0.006608096689001803,0.9464311619644356
2012-02-14,4.283466339111328,0.054878198712435836,0.05526415567494137,0.054241898234418516,0.05460698252787321,-0.2952013472442684,300124.SZ,-0.7192638422508947,-0.17638299171296373,-0.9664868071610205,-0.9574291913751687,-0.7470919677544469,0.45402322211237495,-0.6283490386484818,-0.9591603277299162,-0.9257508684487252,0.007252750707671535,0.00010747451169009392,0.007682538439305669,0.000590958130997006,-0.3474328585757426
2012-02-15,4.274510383605957,0.054763457934492936,0.05505553072396911,0.05373076951415709,0.05483646943847144,-0.2602276963027035,300124.SZ,-0.008217810251367088,-0.15688696325391024,-0.9662952547990047,-0.9575331025810813,-0.7632022827038734,0.4578054639800992,-0.5366285081141513,-0.959640253577247,-0.9270534815284305,0.0011819438407755594,-0.001074496907867013,-0.0026325050138224855,-0.000590958130997006,0.06370908592966296
2012-02-16,4.258227348327637,0.05455483298352068,0.05625510411188796,0.05447138514501675,0.054763457934492936,-0.6957648801849475,300124.SZ,0.7028282217481605,-0.14267045848579887,-0.965755317679525,-0.9577743142808092,-0.793239092265611,0.6509289886787942,-0.7978248218093005,-0.9601466219247797,-0.928429903684231,-0.00037603668639836556,0.006178253799804522,0.003814448854598045,-0.001074496907867013,-0.5560867161278509
2012-02-17,4.246013164520264,0.05439836828632581,0.054972082885465186,0.05382464833247401,0.05455483298352068,-0.6715384186104262,300124.SZ,1.413874253747688,-0.13236708899549912,-0.9645234362348627,-0.9573470117449374,-0.8163072268343724,0.5059081785793856,-0.6768546419654988,-0.9603647696670075,-0.9298216188468494,-0.001074496907867013,-0.0066080415314387075,-0.0033309376565095854,-0.0008058519968140992,0.04955199886469645
2012-02-20,4.258227348327637,0.05455483298352068,0.055493631876114745,0.054450517830678336,0.055493631876114745,-0.7432086519274421,300124.SZ,-1.430309874250422,-0.1229356900520138,-0.9645462148448243,-0.9539900242690093,-0.787082827506928,0.6537374472545118,-0.792294555643197,-0.9606556337757722,-0.9311827469718151,0.0048351671384476895,0.002686173322713664,0.0032234631448194912,0.0008058519968140992,-0.07677106221257309
2012-02-21,4.297307968139648,0.05505553072396911,0.055065961703782106,0.05372034388905653,0.05455483298352068,-0.5583893996355075,300124.SZ,-0.7192638422508947,-0.1117524372993526,-0.9636126355215265,-0.9525207764095642,-0.6922072114626622,0.6438294937424709,-0.6514884315687259,-0.9608433734232629,-0.9323949287949231,-0.0048351671384476895,-0.0022026621246252044,-0.0037606702305806768,0.002578781547368212,0.2610981103684329
2012-02-22,4.487014293670654,0.05748598114867064,0.057538136047735604,0.05462784984221162,0.05462784984221162,-0.32626231744481554,300124.SZ,-0.008217810251367088,-0.08507095922290545,-0.9626761968777412,-0.9490729138948129,-0.2554064462332797,1.1322058714293677,-1.1868170667346578,-0.9603727022134607,-0.9334049700617145,0.0003760642651799129,0.012732627022352103,0.00467399673908487,0.012517733156534958,0.3234158981972308
2012-02-23,4.531795501708984,0.05805969574781001,0.058310039263321796,0.05698528876293463,0.057371240370727744,-0.6621864254437484,300124.SZ,0.7028282217481605,-0.06026489229460671,-0.9612729941956443,-0.9464143213457786,-0.15779287675372827,1.2998163325459953,-1.202923085499853,-0.9593599648397035,-0.9344216606103135,0.014129492307726301,0.0039755916751792655,0.012141696470136592,0.002954845812548125,-0.4248681305120012
2012-02-24,4.500856399536133,0.05766331316020391,0.05825788436425684,0.057214775673532864,0.05825788436425684,-0.5317409064070968,300124.SZ,1.413874253747688,-0.04437598329644836,-0.9595854726977991,-0.9452179668275449,-0.22667273694831422,1.1831498710208477,-1.2029230854998536,-0.9583102082371402,-0.9353160023256231,0.004566549806176272,-0.00026861733227136637,0.0011819438407755594,-0.002041519304043932,0.18947253000015235
2012-02-27,4.577390193939209,0.058643835972049946,0.05945745775217568,0.05768417511982989,0.05773632466418242,-0.5537195822268839,300124.SZ,-1.430309874250422,-0.025484711745860717,-0.9573122263910372,-0.9445688764007033,-0.05623438370702322,1.2737212334811578,-0.9557539282746138,-0.9574045615978835,-0.9361857410155676,-0.0026862284802767586,0.006178253799804522,0.0024175835692238448,0.005050061004264783,-0.011313231159617364
2012-02-28,4.384427070617676,0.05617165627338403,0.05863340499223695,0.05582743393955532,0.05862297401242396,-0.6025967176688146,300124.SZ,-0.7192638422508947,-0.029958074519799927,-0.9572838525087255,-0.9421534710573536,-0.47812086633740203,0.787725381364786,-1.1960561183156673,-0.9570277602118267,-0.9372263689786731,0.004566577384957871,-0.004244181428669136,-0.00956291492276838,-0.012732654601133599,-0.04674610777309878
2012-02-29,4.298936367034912,0.0550763926835951,0.055754417080864385,0.05465914278165059,0.055754417080864385,-0.6587912249808244,300124.SZ,-0.008217810251367088,-0.042516194847775385,-0.9574643705748596,-0.9403844194222494,-0.6521370448941771,0.39444781403403634,-0.9605065037192662,-0.9569510775720632,-0.9384365560172387,-0.014774146326395983,-0.014827869792850256,-0.006017138558004797,-0.0056410191352617885,-0.05638515544533159
2012-03-01,4.298936367034912,0.0550763926835951,0.056036058890527575,0.05481560747884546,0.055065961703782106,-0.6913744570629001,300124.SZ,0.7028282217481605,-0.053175808113207615,-0.9576032257715442,-0.9388866328201902,-0.6521370448941771,0.40887108946100065,-1.0219916903632846,-0.9567646600156481,-0.939746483648271,-0.003545803943545131,0.001450561173046926,0.0008058519968140992,0.0,-0.025282430097428005
2012-03-02,4.380356311798096,0.05611950137431907,0.05628639705132693,0.05510768026832164,0.05510768026832164,-0.8663168618673088,300124.SZ,1.413874253747688,-0.05452211923991933,-0.9572911519815495,-0.9378385687911484,-0.45784998574600316,0.4829601482001146,-1.0776374398120248,-0.9559700710628101,-0.9408236833439948,0.00021486628703554575,0.0012893356161210114,0.0015042846395011992,0.005372401802990422,-0.21280971131449747
2012-03-05,4.460145950317383,0.05714174810541707,0.05752769971321017,0.05618208725319702,0.05618208725319702,-0.6854220341622598,300124.SZ,-1.430309874250422,-0.04871042733293662,-0.9568213164216522,-0.936332701483571,-0.27282067276478406,0.6823107064332522,-1.1968257412172558,-0.9546135852585758,-0.9418024723036137,0.00553359978113479,0.006393175244403162,0.00553359978113479,0.005264954870081876,0.2559285335926848
2012-03-06,4.324990272521973,0.05541018403761081,0.05755899800736157,0.05528500692514249,0.05703743830728716,-0.7313604087321174,300124.SZ,-0.7192638422508947,-0.05769646357050844,-0.9580385143025285,-0.9330401139392962,-0.5641904553121261,0.4564734564029002,-1.1552234608606615,-0.9537780114823965,-0.9426156917568566,0.004405379406813503,0.0001611979781443672,-0.004620300851412144,-0.008918205746535554,-0.04287492879707403
2012-03-07,4.307892322540283,0.05519112810682557,0.05570225682708701,0.054408788556713945,0.054972082885465186,-0.6916795239427687,300124.SZ,-0.008217810251367088,-0.06700238593693293,-0.9587994339413481,-0.9309055333380633,-0.6001479481977953,0.1909123296646119,-0.9684966591962424,-0.9526661172779749,-0.9432872794595689,-0.010637356673072298,-0.00956291492276833,-0.004512853918503598,-0.001128220374321286,0.0699098438341052
2012-03-08,4.344531536102295,0.055660538262547465,0.05628639705132693,0.05533716717891988,0.05533716717891988,-0.9115150327566259,300124.SZ,0.7028282217481605,-0.0713678770487319,-0.9591182636802027,-0.929535676879316,-0.5106776065205259,0.3342975602162088,-1.1025897313213373,-0.9516428031756136,-0.9438225541545189,0.0018803213258995646,0.0030085417002207993,0.0047814988295565115,0.0024176387267869394,-0.2719466224056245
2012-03-09,4.6417107582092285,0.059467894086701105,0.06028152657625171,0.05580656662521691,0.05599432961656318,-0.4761947003538945,300124.SZ,1.413874253747688,-0.0471588761261956,-0.9571318026616435,-0.9293991413776014,0.14937671994463864,1.109961994559468,-0.6184530418973987,-0.9504357156989881,-0.944153028580429,0.0033846335441823114,0.020576418597365233,0.0024175835692238448,0.019609313464843674,0.5910788597420035
2012-03-12,4.58064603805542,0.058685554536589475,0.05985384569449421,0.05841434906145171,0.059488756046327085,-0.5250607747316939,300124.SZ,-1.430309874250422,-0.03473778460692178,-0.9558700423819078,-0.9292635915790244,0.011180965870693407,1.1854665713834895,-0.6184530418973985,-0.9494097587718586,-0.9445014564085583,0.017997609471215474,-0.002202717282188299,0.013431059665039151,-0.004029342720415138,-0.04673153722422408
2012-03-13,4.591231346130371,0.05882116798358322,0.05943660650197456,0.05761115826113896,0.058685554536589475,-0.6991608317077815,300124.SZ,-0.7192638422508947,-0.02491379353641665,-0.9546913349497806,-0.9290224540700188,0.033588171262357414,1.015763335999907,-0.803481578875987,-0.9483176952548784,-0.9446085115523515,-0.004136789653323684,-0.002148938658170931,-0.00413673449576059,0.0006984602214686474,-0.21170010105852716
2012-03-14,4.559476852416992,0.05841434906145171,0.059582634864644005,0.05632812632529133,0.059040223914368466,0.5723271984062238,300124.SZ,-0.008217810251367088,-0.021242922349771397,-0.9539718939532575,-0.9283646648337538,-0.040646002277001374,0.787123946713244,-1.0906872814065662,-0.9474133720640804,-0.9447142368397834,0.0018266805957899335,0.0007521009515782785,-0.006608096689001803,-0.0020952703492797525,1.6925481363243648
2012-03-15,4.396639347076416,0.05632812632529133,0.05789280007080215,0.05528500692514249,0.05716261541975548,-0.47247244743918676,300124.SZ,0.7028282217481605,-0.034838765291379054,-0.9541297496006678,-0.9274525414459207,-0.40584088009776564,0.22282958953715606,-1.2312479041398452,-0.9468422198964638,-0.9449649181773105,-0.009670389434458474,-0.008703284301936913,-0.005372456960553517,-0.010744831184762393,-1.3586576418694483
2012-03-16,4.412923812866211,0.05653675127626358,0.05698528876293463,0.055305868884768475,0.055305868884768475,-0.2703897417215658,300124.SZ,1.413874253747688,-0.04485799928811907,-0.9543840925229425,-0.9262778779253134,-0.36805410971522945,0.11196473423163322,-1.231247904139846,-0.9463530380542213,-0.9451830173513038,-0.009562942501549928,-0.004674024317866417,0.00010744693290854656,0.001074496907867013,0.28383895961213307
2012-03-19,4.531795501708984,0.05805969574781001,0.05851866421429405,0.055347598158732865,0.05684968067065332,-0.05426767793801548,300124.SZ,-1.430309874250422,-0.04225331614801323,-0.9542514606111111,-0.9249945067328458,-0.09734382414434872,0.4434056224466052,-0.9844705637778693,-0.9456020787855671,-0.9452774385183241,0.007951210929140182,0.007897459883904362,0.00021492144459864048,0.007843736417450087,0.302332763683837
2012-03-20,4.396639347076416,0.05632812632529133,0.05799710986893206,0.05609863941469309,0.05799710986893206,-0.695653177092856,300124.SZ,-0.7192638422508947,-0.053825590954345436,-0.9544522959987695,-0.9242376488586402,-0.39671220115232264,0.2152080123072392,-0.9844705637778706,-0.9449079701118521,-0.9455899592006767,0.00590969162509625,-0.002686200901495211,0.003868144742270771,-0.0089182333253171,-0.8272471490525101
2012-03-21,4.246013164520264,0.05439836828632581,0.05696442144859622,0.05330309934182445,0.056338562659816745,-0.4845661506687835,300124.SZ,-0.008217810251367088,-0.07783711043423261,-0.9542142049627321,-0.9257828680828556,-0.7063257124973802,-0.6294229160978912,-0.9490974009629768,-0.9446237164584651,-0.9460793538511557,-0.00854214148135564,-0.005318733494099244,-0.01439808206121607,-0.009938979187948293,0.2957001958710772
2012-03-22,4.140169143676758,0.05304232484649967,0.05439836828632581,0.05194705054728588,0.05439836828632581,0.08071970520983938,300124.SZ,0.7028282217481605,-0.10708339082016072,-0.9537304474825512,-0.9284070003327034,-0.9107959123238298,-1.4083828816133694,-0.6779161711089299,-0.9446475140978247,-0.946555449255342,-0.009992730233184114,-0.01321613822044051,-0.006984160954181715,-0.006984133375400168,0.7622802007116093
2012-03-23,4.021296977996826,0.051519369665528385,0.05299015923800986,0.051425490847211465,0.052531196126238244,-0.26055993789568477,300124.SZ,1.413874253747688,-0.14133049717829507,-0.9525424729775688,-0.9323161149347943,-1.1294159620529007,-1.8308261061911701,-0.5759375748428751,-0.9448960712921725,-0.9470215710781562,-0.009616638389222653,-0.007252805865234629,-0.0026862284802767586,-0.007843791575013182,-0.4319228844754884
2012-03-26,4.099459648132324,0.05252075979171283,0.05308404341103921,0.05148808208080184,0.051884453958983084,-0.8634693206352322,300124.SZ,-1.430309874250422,-0.1604605590112367,-0.9529971854063602,-0.9342976845060811,-0.9386906869306813,-1.5764292194232086,-0.5986218826731416,-0.9451803256242509,-0.9474750592655363,-0.0033309652352910813,0.00048353877687000685,0.00032236837750718704,0.0051575355159548765,-0.7765632249668832
2012-03-27,3.865785837173462,0.04952702574768492,0.05079962670371956,0.0490471953215749,0.05006944205267289,0.1419419441167465,300124.SZ,-0.7192638422508947,-0.19703672483116316,-0.9510362433855513,-0.9393152471843064,-1.347340416105044,-2.295313968581775,-0.1319352587942901,-0.9458585685263681,-0.9480874673361464,-0.00934799347816979,-0.011765604626175132,-0.012571484201770778,-0.015418855502628809,1.342049805593722
2012-03-28,3.7371437549591056,0.0478789095183826,0.0493184061514251,0.04694009991636368,0.0493184061514251,-0.38898551544307236,300124.SZ,-0.008217810251367088,-0.23692594800206387,-0.9485354074600122,-0.9451903896074412,-1.5519476656575084,-2.4969335406075976,0.23122052003947324,-0.9467311615313537,-0.9487676987638693,-0.0038681171634892234,-0.007628842551632995,-0.010852333275234034,-0.008488418014901368,-0.6817426799149743
2012-03-29,3.749356031417847,0.048035374215577464,0.0489741677534591,0.047044409714493585,0.04705484604901901,-0.5261545227953945,300124.SZ,0.7028282217481605,-0.26562767596969483,-0.946953837998881,-0.9499274385588817,-1.5212560827378734,-2.1426132086357774,0.2312205200394725,-0.9475574806700041,-0.9494379562688813,-0.011658185272048132,-0.0017729571293356602,0.0005372346645427327,0.0008058519968140992,-0.16305146679071272
2012-03-30,3.796579599380493,0.04864038175415581,0.048817708410976664,0.04798321931651252,0.04847348607714796,-0.6443871931894299,300124.SZ,1.413874253747688,-0.28192425403679605,-0.9464496580771966,-0.9535856706930663,-1.4010750781389287,-1.7800109611366666,0.23122052003947424,-0.9482872858027583,-0.9499147166012485,0.007306529331688903,-0.0008058244180325518,0.004835222296010836,0.0031160162119109446,-0.13810695694220365
2012-04-05,3.840545654296875,0.04920366001876977,0.04985038612188765,0.04864038175415581,0.049026333361948914,-0.657587207666679,300124.SZ,0.7028282217481605,-0.2886241935931939,-0.946916579720649,-0.9562978147231789,-1.2890951576641516,-1.4137968292990464,-0.04388076907555672,-0.9489655287048755,-0.9504021161258462,0.002847371300858031,0.005318678336536149,0.0033846335441822598,0.0029010947673123043,0.0002507479139509514
2012-04-06,3.7583119869232178,0.04815011499352038,0.04923495831292117,0.047565974769280435,0.04921409099858276,-0.6657881673819637,300124.SZ,1.413874253747688,-0.29967088795316393,-0.9467004496823164,-0.9595296548241828,-1.4308031971999147,-1.4285066012124787,0.15169702249281522,-0.9498407665707036,-0.9509367265752932,0.000967022396176919,-0.0031696845208021235,-0.00553359978113479,-0.005426152848226192,0.006835916472038076
2012-04-09,3.8478736877441406,0.04929753883708669,0.05059100175274731,0.047586836728906415,0.048181413287671775,-0.5137145809472182,300124.SZ,-1.430309874250422,-0.2977409362892493,-0.9469869424192752,-0.9616135621903135,-1.2007814892269542,-1.1344707828879133,-0.2032560123177702,-0.9508786236748957,-0.9512219852022354,-0.005318678336536149,0.006984133375400168,0.00010744693290854656,0.005909664046314651,0.21796280989981784
2012-04-10,3.859272956848145,0.04944357790918099,0.049506163788058936,0.04767028456741035,0.04869253129850834,-0.8822358497756513,300124.SZ,-0.7192638422508947,-0.29306230875600436,-0.9476356399213239,-0.963407046829721,-1.1716112741670297,-1.0830622861813937,-0.203256012317771,-0.9519706871918759,-0.9512618812344186,0.0026324498562593905,-0.005587323247589063,0.00042978773163418623,0.0007521561091413733,-0.4678078078707244
2012-04-11,3.826704502105713,0.049026333361948914,0.04954788235259847,0.047993644941613074,0.048702962278321334,-0.5977850864935199,300124.SZ,-0.008217810251367088,-0.29044388532943005,-0.9506611433729979,-0.9641576287761416,-1.2321739303610133,-1.0002475630986103,-0.21444189477756895,-0.9530653948910073,-0.9512844887925637,5.372346645427328e-05,0.00021486628703554575,0.0016654274600824716,-0.0021489662369524785,0.3923409802324071
2012-04-12,3.875555276870728,0.049652192150728386,0.04986081710170064,0.04905762630138789,0.04953746208221034,-0.7694146343124266,300124.SZ,0.7028282217481605,-0.2817650703062856,-0.9536672713443495,-0.9643529543738939,-1.1019837666872248,-0.8252772656047066,-0.30021485088607086,-0.9542050550440894,-0.9514021827872489,0.004297987631468052,0.0016117315724097456,0.005479903893462063,0.0032234079872563966,-0.20844574198486476
2012-04-13,3.9651174545288086,0.05079962670371956,0.051634115798183715,0.049652192150728386,0.04994426494020457,-0.5030026913959518,300124.SZ,1.413874253747688,-0.26458463552622435,-0.9572683110779521,-0.963438078925111,-0.8682071251843266,-0.5878974535994458,-0.7689622909489068,-0.9548859414496661,-0.9515551183168519,0.0020951876129351103,0.009133154769915742,0.003062237587893577,0.005909719203877797,0.36857875350092234
2012-04-16,3.856015920639038,0.0494018486352166,0.05069531690558965,0.04923495831292117,0.050382376801775056,-0.7356221957750081,300124.SZ,-1.430309874250422,-0.25973809191729086,-0.9610772919273124,-0.9626869531293905,-1.0846772599751457,-0.7039323512862824,-0.6769826628391474,-0.9556051705325075,-0.9518782785327742,0.002256440748642572,-0.0048351671384476895,-0.002148911079389384,-0.007199082398780356,-0.2887867591217096
2012-04-17,3.802278757095337,0.04871339325813432,0.04953746208221034,0.0486612437137818,0.0494018486352166,-0.8679641410847906,300124.SZ,-0.7192638422508947,-0.25937103404716433,-0.9635806253097131,-0.9628874704014977,-1.188116016287195,-0.7916696995014458,-0.5504623975057348,-0.9564116589837167,-0.9521901349696236,-0.00505008858304633,-0.005963387512768976,-0.002954845812548125,-0.003545803943545131,-0.15669286127346124
2012-04-18,3.851130247116089,0.049339268111051084,0.04975650730357073,0.048369170924305614,0.04915151047441724,-0.9049562313957993,300124.SZ,-0.008217810251367088,-0.25281009733500465,-0.9667318896891998,-0.9621598474466713,-1.0566213102363406,-0.7207578183211385,-0.48578196504642834,-0.9572710303992554,-0.95222271645048,-0.0012893356161210114,0.0011281652167581915,-0.0015042846395011992,0.0032234907236010388,-0.031090142948892188
2012-04-19,3.9651174545288086,0.05079962670371956,0.0512690261500166,0.04914107413989182,0.049339268111051084,-0.5215729890653006,300124.SZ,0.7028282217481605,-0.23530768617879871,-0.9721904465940985,-0.9587625365316856,-0.7592572029264103,-0.4883491429861324,-0.8920571539156341,-0.958074872632239,-0.9519447716921867,0.000967022396176919,0.007790040529777362,0.0039755916751793175,0.007521395618724449,0.522663027384164
2012-04-20,3.9651174545288086,0.05079962670371956,0.05079962670371956,0.05079962670371956,0.05079962670371956,-1.131685036343195,300124.SZ,1.413874253747688,-0.22021854695570078,-0.9766603658154903,-0.9558095545393606,-0.7592572029264094,-0.3991353357434739,-0.8920571539156334,-0.9586592450319195,-0.9518184332898132,0.007521395618724449,-0.0024175835692238448,0.008542169060137187,0.0,-0.7860511706507858
2012-04-23,3.837289333343506,0.04916193074480537,0.05079962670371956,0.04831701067052823,0.05079962670371956,-0.26448511354248055,300124.SZ,-1.430309874250422,-0.21928811045354094,-0.9799086367537333,-0.954163842886251,-1.026388162548985,-0.6087806488561855,-0.33416170580022875,-0.9594234252113287,-0.9516435551302457,0.0,0.0,-0.012786405646369419,-0.008434749706010188,1.1599863902630057
2012-04-24,3.686663866043091,0.047232172705839855,0.04975650730357073,0.04694009991636368,0.04882813939078966,-0.5533314890878569,300124.SZ,-0.7192638422508947,-0.23161844563762013,-0.981777066968561,-0.9543654953935892,-1.3174241893842824,-0.8262707300950076,-0.0538475140833116,-0.960491691767641,-0.9516661633710687,-0.010153900632546934,-0.005372456960553517,-0.007091607887090262,-0.009938979187948293,-0.3628534460764609
2012-04-25,3.753427743911743,0.048087534469354855,0.048817708410976664,0.04694009991636368,0.04743036132228669,-0.8828650331458368,300124.SZ,-0.008217810251367088,-0.23362688959619843,-0.9828136659169339,-0.9545628864473301,-1.136994136876486,-0.8055857599650501,-0.05384751408331109,-0.9619341134917845,-0.9517845216112566,-0.007199082398780356,-0.0048351671384476895,0.0,0.004405434564376598,-0.41644995092881276
2012-04-26,3.569420099258423,0.04573009554863184,0.048390027529219164,0.04544845373896865,0.048087534469354855,-0.5691997463131774,300124.SZ,0.7028282217481605,-0.2512552084401653,-0.9840260835357548,-0.9559332693365744,-1.4742811601726526,-1.0587248588045985,0.24092417875570812,-0.9635761736830982,-0.9520943825808862,0.003384688701745406,-0.002202717282188299,-0.00768253843930572,-0.012141696470136592,0.4308247678852634
2012-04-27,3.591403007507324,0.0460117320035826,0.04651242974403104,0.044436629955615,0.0448538771802033,-0.8115557182547352,300124.SZ,1.413874253747688,-0.2614282431353401,-0.9835610407126765,-0.957919122853184,-1.4142740515554075,-1.2352924596784545,0.43080004624797497,-0.9651997259567379,-0.9523616878056096,-0.01665455038864019,-0.009670334276895379,-0.005211272771799924,0.0014505335942653784,-0.30161243979783536
2012-05-02,3.647581815719605,0.04673147496539142,0.04714872486733593,0.04620992597474186,0.04694009991636368,-0.6912163930909002,300124.SZ,-0.008217810251367088,-0.2624084607760954,-0.9833319043911509,-0.958657678703874,-1.2604247356439382,-1.0029331561738248,0.24061783134453915,-0.9666804903581462,-0.952651601271156,0.010744831184762393,0.0032771590324922172,0.009133140980524968,0.0037069467641264037,0.1761598152366407
2012-05-03,3.696433782577514,0.047357349818308185,0.04764942260778436,0.04644983315572823,0.047117437282609385,-0.8599925277547965,300124.SZ,0.7028282217481605,-0.2568684672507621,-0.9832791069051803,-0.9589976014589471,-1.1276766324033178,-0.8810918629310244,0.09174749630236913,-0.9678175056503858,-0.9529361946285786,0.0009133540872857405,0.002578781547368212,0.001235612149666738,0.0032234907236010388,-0.20468699008349048
2012-05-04,3.866600513458252,0.04953746208221034,0.049746070969045306,0.04731562054434379,0.047565974769280435,-0.6161098558504229,300124.SZ,1.413874253747688,-0.23480359743536613,-0.9830344700260788,-0.9589152452871422,-0.6891263361779207,-0.4030925261925029,-0.49801236729439163,-0.968704641657202,-0.9531363404003531,0.002310136636315298,0.010798527072435117,0.004459130452049324,0.011228397540413947,0.33890133363460756
2012-05-07,3.943948745727539,0.050528410519156935,0.05077876474409358,0.04909934486592742,0.049652192150728386,-0.7039790858659204,300124.SZ,-1.430309874250422,-0.2088264913172002,-0.9824415590407658,-0.959064236254246,-0.5020711366054229,0.07197271398414877,-0.768086858486231,-0.9696592063449446,-0.9532387410468813,0.010744803605980844,0.005318761072880792,0.009186850657588468,0.005103756891937508,-0.09810972098123254
2012-05-08,3.881255865097046,0.04972521971884419,0.05086221258259751,0.04932883713123809,0.05076832840956817,-0.8847967592347449,300124.SZ,-0.7192638422508947,-0.19333177334286158,-0.9821238828713793,-0.9587889594442266,-0.6360508872340788,0.1358336178109447,-0.7898293558390627,-0.9704961022121994,-0.9533105539730787,0.005748521225733482,0.00042978773163418623,0.001181971419557107,-0.00413673449576059,-0.22054910119177618
2012-05-09,3.777038335800171,0.048390027529219164,0.04954788235259847,0.048296148710902244,0.04954788235259847,-0.9487688333072353,300124.SZ,-0.008217810251367088,-0.1901556877590621,-0.9822827706107575,-0.9589757681081507,-0.8518331838047785,-0.3187100977193779,-0.5560847524500095,-0.9712576388881492,-0.9535505971423919,-0.006285755890276214,-0.006769294667146169,-0.005318733494099244,-0.0068767416000547164,-0.06663040990407974
2012-05-10,3.899982452392578,0.04996513225454298,0.05058057077293432,0.0489741677534591,0.0490158970274235,-0.6707563604094381,300124.SZ,0.7028282217481605,-0.1751717220260612,-0.9820830006915016,-0.9589951053278883,-0.55036141523864,0.3045481399633248,-0.8315871551841444,-0.9716476625423442,-0.9537587230763519,-0.0027399243679494846,0.005318733494099244,0.0034920528983093104,0.008112381328503001,0.38385993142907415
2012-05-11,3.791694164276123,0.04857778516585301,0.04986081710170064,0.04850476830716207,0.04954788235259847,-0.8882676801922467,300124.SZ,1.413874253747688,-0.1729879661892898,-0.9821579204867686,-0.9590916576535986,-0.773265449841143,-0.0986550489591768,-0.7229840809318989,-0.9720204983338661,-0.9540712444413822,0.0027399243679494846,-0.0037070019216894983,-0.0024175835692238448,-0.007145358932326083,-0.2688850083087429
2012-05-14,3.761568784713745,0.04819183355805991,0.0490158970274235,0.04777459436554026,0.048650812733968804,-0.7530465808559876,300124.SZ,-1.430309874250422,-0.17346145354634587,-0.9824601404088376,-0.9593379013494817,-0.8340831035142636,-0.4281075767549486,-0.5554405310629986,-0.9725691749531987,-0.9544901560220252,-0.004620245693849049,-0.00435165594035923,-0.0037606702305806768,-0.0019877958375896588,0.19576331950597467
2012-05-15,3.7452852725982666,0.04798321931651252,0.04878641011682526,0.04736778079812117,0.048181413287671775,-0.8376095768688272,300124.SZ,-0.7192638422508947,-0.17470161864793696,-0.9834414905079568,-0.9593472771630803,-0.8674784246139846,-0.5704166011351502,-0.46269747067274447,-0.9727648471471425,-0.9549296800349321,-0.0024175835692238448,-0.0011819438407755594,-0.0020952427704982054,-0.0010744417503038668,-0.09375447599259272
2012-05-16,3.6573524475097656,0.046856652077859745,0.04819183355805991,0.046335103087210186,0.04798321931651252,-0.6827096837140103,300124.SZ,-0.008217810251367088,-0.1833083162674814,-0.9836245580894463,-0.9601779056432295,-1.0463932759568433,-1.098044846511779,-0.2314668875520604,-0.97289441478731,-0.9554337034467262,-0.0010207734414126883,-0.0030622927454566715,-0.005318678336536149,-0.005802244692187755,0.22168585496228313
2012-05-17,3.6674203872680655,0.04635804267525888,0.047052757711171435,0.045438022759155657,0.04617028503862504,-0.8891425284312251,300124.SZ,0.7028282217481605,-0.1929503411619988,-0.983538379804013,-0.9612451580572554,-1.1242234723595574,-1.4825947989170092,-0.03765570952221503,-0.973107010832927,-0.955956212066748,-0.009337292910929412,-0.005866668725882355,-0.004620300851412144,-0.0025680258225647384,-0.2542915243108131
2012-05-18,3.640683650970459,0.046020074645548026,0.04637682165174972,0.04481841559713782,0.04635804267525888,-0.8968809717982043,300124.SZ,1.413874253747688,-0.20210714364386276,-0.9836629400346011,-0.9624617643480363,-1.1773587754131702,-1.5857407770016607,0.0934301538508775,-0.9734391258121077,-0.956490290710186,0.000967022396176919,-0.0034813247522873843,-0.00319120975979987,-0.0017406623761436922,0.00744518127498391
2012-05-21,3.5173959732055664,0.04446166055886748,0.0459825274019912,0.04446166055886748,0.04590742220545269,-0.8139596561926071,300124.SZ,-1.430309874250422,-0.2197936379279253,-0.9842047414499655,-0.9644297825176172,-1.4157118353515998,-1.7434376599222314,0.16877288507424618,-0.9740401580524609,-0.9571336851849638,-0.0023208647823372247,-0.002030763579240458,-0.0018374225312026077,-0.008026418266419855,0.12686971705170053
2012-05-22,3.6674203872680655,0.04635804267525888,0.04675234227972983,0.04446166055886748,0.04446166055886748,-0.7172966070800212,300124.SZ,-0.7192638422508947,-0.2184442921642236,-0.9857717288244432,-0.9644219521497654,-1.005529059953593,-1.2076339743680002,-0.07434263037235271,-0.9742672970999087,-0.9576881110403389,-0.007446215860226322,0.003964835950375844,0.0,0.009767080642563547,0.14497146542868333
2012-05-23,3.6674203872680655,0.04635804267525888,0.04694009991636368,0.04496862331285863,0.04635804267525888,-0.8427662176555759,300124.SZ,-0.008217810251367088,-0.21620286393542015,-0.9863712538342311,-0.9648722371765377,-1.0055290599535938,-1.0213246495271562,-0.13351925183244018,-0.9746398682017386,-0.9583974672098594,0.009767080642563547,0.000967022396176919,0.002611048721778633,0.0,-0.14764005333928584
2012-05-24,3.703069448471069,0.0468086684997775,0.04740951007208557,0.045250259767809387,0.045250259767809387,-0.7114170369906655,300124.SZ,0.7028282217481605,-0.20995973603457135,-0.9863978177421441,-0.965015001243114,-0.9087522477916355,-0.7999227447050365,-0.28273684630509094,-0.9749738339726867,-0.959114669736716,-0.005705498326519536,0.0024176387267869394,0.0014505335942653784,0.002320892361118772,0.19066290786655152
2012-05-25,3.772883892059326,0.04769115188174876,0.04878015581270741,0.0468086684997775,0.0468086684997775,-0.6887795450733288,300124.SZ,1.413874253747688,-0.19746282433924456,-0.9865035623350423,-0.9650541366286614,-0.7211270958113165,-0.27072775274119426,-0.7024474250782694,-0.9751430636664286,-0.9597503502936519,0.008026390687638307,0.007059340712679841,0.008026390687638307,0.0045451210929140185,0.04745887655968384
2012-05-28,3.740204095840454,0.04727806794607453,0.04731562054434379,0.04555067519925099,0.04731562054434379,-0.8243222346074798,300124.SZ,-1.430309874250422,-0.189777687180268,-0.9865991864837556,-0.9643071781724252,-0.7939205870585503,-0.6610531176592009,-0.39568676751811643,-0.9754439758031055,-0.9604748670304963,0.0026109935642155383,-0.007542907068331396,-0.006479138306486309,-0.0021275375236901733,-0.16090914639783307
2012-05-29,3.854579210281372,0.048723829592659744,0.0490054660476105,0.046395595273528135,0.04694009991636368,-0.4865132393467628,300124.SZ,-0.7192638422508947,-0.17222062316601325,-0.9862912364660472,-0.9635539447837609,-0.49033149201118437,-0.07884632088262088,-0.8844080044735817,-0.9757070759992842,-0.9609496325783214,-0.0019340723711353854,0.008703339459500008,0.00435165594035923,0.007446215860226322,0.46262885829566647
2012-05-30,4.04025411605835,0.051070837533569766,0.05255413571428694,0.048442187782996554,0.04861117179785198,0.3140124323810855,300124.SZ,-0.008217810251367088,-0.14047262756501894,-0.9844359791513807,-0.9639404803958243,-0.04051303645241733,1.0374623251038684,-0.7826405530478813,-0.9754955373550509,-0.9612049687544525,0.008606648251394934,0.018276982528290315,0.01054072062253032,0.012087973003682318,1.07215755007112
2012-05-31,4.0105462074279785,0.05069531690558965,0.052347599101162254,0.05013202257683841,0.05069531690558965,-0.6361720998921996,300124.SZ,0.7028282217481605,-0.11807675106287646,-0.9831188742327575,-0.96410929672715,-0.11257947383218321,1.1031692064641332,-0.7826405530478819,-0.9752443352998605,-0.9614842426864293,0.010734130617522014,-0.0010637411830635394,0.008703284301936913,-0.0019340723711353854,-1.2340227857451302
2012-06-01,3.96598219871521,0.05013202257683841,0.051540231625154365,0.04938098667559061,0.05067653792909881,-0.8650333004808609,300124.SZ,1.413874253747688,-0.1046501518104461,-0.982802754493625,-0.9642345934644406,-0.22102988816870228,0.7719396504055963,-0.9794603676543027,-0.9751438563781206,-0.9618659176062732,-9.671878688662032e-05,-0.0041582459453675365,-0.0038681171634892234,-0.0029011775036569465,-0.28383601040406115
2012-06-04,3.7877371311187744,0.0478789095183826,0.048967913449341254,0.04769115188174876,0.048967913449341254,-0.7434618956735103,300124.SZ,-1.430309874250422,-0.1108847586400978,-0.9839081246841159,-0.9640305950407524,-0.6304017838103642,-0.05071182167599987,-1.1467694701833113,-0.9755140473087998,-0.9624563820229021,-0.008800058246386628,-0.013248405394850931,-0.008703284301936913,-0.011604379069249217,0.1777828124862949
2012-06-05,3.665934801101685,0.046339269053480465,0.04832952998818879,0.046057627243817276,0.04789768314016101,-0.6860333286509489,300124.SZ,-0.7192638422508947,-0.1271826929452735,-0.9846049626001733,-0.9646060639308602,-0.8865422716863673,-0.5417480030874344,-0.7709967090887281,-0.9760793824114224,-0.9630346121706119,-0.0055120883315278426,-0.003287914757295691,-0.008413265835184789,-0.007929727058314783,0.09328855932854224
2012-06-06,3.61246109008789,0.04566333299405875,0.04675234227972983,0.04547557535742491,0.046733563303238995,-0.8053232182857821,300124.SZ,-0.008217810251367088,-0.14479995675255974,-0.9846728627093673,-0.9656457130852749,-0.9949930896457329,-0.8936354503735415,-0.6424643648307884,-0.9765228177306389,-0.9636419663774416,-0.005995654687179396,-0.008123109474524928,-0.0029977859754173773,-0.0034813247522873843,-0.13949961360131397
2012-06-07,3.605034351348877,0.04556945417574183,0.04652702669011431,0.04487474181718549,0.04607640622030812,-0.8700516779659682,300124.SZ,0.7028282217481605,-0.15895104755195502,-0.985635470168799,-0.9663250786908075,-1.0101991243966018,-0.9538107050449878,-0.5106046854857678,-0.9767335616271055,-0.9642852277300479,-0.003384605965400764,-0.0011604599699501597,-0.003094518551694771,-0.0004835111980884595,-0.06762678361046208
2012-06-08,3.545618772506714,0.04481841559713782,0.04652702669011431,0.04461187898401315,0.04652702669011431,-0.7864463516167445,300124.SZ,1.413874253747688,-0.1750789854147041,-0.98578289196716,-0.9676956158555239,-1.132593374088749,-1.016080751381923,-0.45267089192114185,-0.9771479112820062,-0.9652190662816951,0.0023208647823372247,0.0,-0.0013538423861602798,-0.0038681309528800227,0.12777075259877926
2012-06-11,3.639198064804077,0.04600130102376961,0.04635804267525888,0.04468698418055165,0.04481841559713782,-0.7864871819645872,300124.SZ,-1.430309874250422,-0.17828799681491153,-0.9861181659686737,-0.9682028917026658,-0.87431172059191,-0.8499176615439746,-0.45267089192114224,-0.9771135369140426,-0.966027630554995,-0.008799989299432785,-0.0008703311880718461,0.00038681998998336086,0.006092304527112174,0.017585114050199496
2012-06-12,3.6184027194976807,0.04573843819059726,0.04626416385694196,0.045250259767809387,0.045438022759155657,-0.9206781684949876,300124.SZ,-0.7192638422508947,-0.18201705499327103,-0.9864056185374567,-0.968788294710539,-0.9191996420229346,-0.8260178200415516,-0.4526708919211426,-0.9771481759716979,-0.9668615959040125,0.00319120975979987,-0.0004835111980884595,0.0029010809779215305,-0.0013538423861603056,-0.15912857136034878
2012-06-13,3.710495948791504,0.04690254731809442,0.04718418912775761,0.045775990788866516,0.04613273244035579,-0.8149168479090076,300124.SZ,-0.008217810251367088,-0.17557145966334822,-0.9863990539295926,-0.9687771291617815,-0.6681445894458721,-0.48827684464549886,-0.7234666508045733,-0.977126493135106,-0.9675954216353875,0.003578015960392457,0.004738475930342617,0.0027077123511021583,0.005995599529616302,0.15695646141140274
2012-06-14,3.683760166168213,0.04656457928838356,0.04714663652948836,0.046113958818577376,0.04690254731809442,-0.899456083117417,300124.SZ,0.7028282217481605,-0.17232205121721716,-0.986387121544999,-0.9687063108775016,-0.7292072375831679,-0.4820939012559347,-0.7234666508045738,-0.9772269740929205,-0.9682178039700474,0.003964835950375844,-0.00019340999499169328,0.0017406623761436922,-0.0017406623761436922,-0.09372317629501004
2012-06-15,3.698613405227661,0.04675234227972983,0.04684622109804675,0.04588864322896185,0.04684622109804675,-0.8425755167165713,300124.SZ,1.413874253747688,-0.16773076382505783,-0.9863597961127807,-0.9684377273379375,-0.6878864339046513,-0.49952617857811726,-0.6652585930451,-0.9775799785183094,-0.9688415161610687,-0.0002901012030967662,-0.001547252381151999,-0.0011604599699501597,0.0009670499749584664,0.0925666875676265
2012-06-18,3.728320837020874,0.04712785755299752,0.04784135692011335,0.04665845810670048,0.04694009991636368,-0.9125301926424553,300124.SZ,-1.430309874250422,-0.1607537325894526,-0.9866493440728603,-0.9670053352353906,-0.6040858488300319,-0.19087255740311848,-0.9658957409001101,-0.9780109869958458,-0.9695383718173269,0.0004835111980884595,0.005125323499107551,0.003964835950375844,0.001934044792353838,-0.0745111880704389
2012-06-19,3.7684271335601807,0.047634820306988665,0.04778503070006568,0.046583358264874405,0.04712785755299752,-0.8242405739117943,300124.SZ,-0.7192638422508947,-0.15101616932614675,-0.9864964940165194,-0.9666599353534091,-0.4907161808088476,-0.10152621965924075,-0.9452673030676264,-0.9782759379837919,-0.9700925310870198,0.000967022396176919,-0.0002901012030967662,-0.0003867924112018392,0.002611048721778633,0.13394129010555544
2012-06-20,3.772883892059326,0.04769115188174876,0.04797278833669952,0.04694009991636368,0.04797278833669952,-0.9435516980586327,300124.SZ,-0.008217810251367088,-0.14255512300681464,-0.9863481308347037,-0.9662861767958956,-0.4779493050644151,0.010564831864507936,-1.003142349551293,-0.978364518085852,-0.9705200860513344,0.004351711097922325,0.000967022396176919,0.001837353584248765,0.00029012878187831357,-0.139527585457487
2012-06-21,3.639198064804077,0.04600130102376961,0.04769115188174876,0.045869869607183436,0.04769115188174876,-0.7259456764489715,300124.SZ,0.7028282217481605,-0.14808790563258475,-0.9863275071939219,-0.9666415934566236,-0.8157281870763035,-0.4288214676371588,-0.7030232337849228,-0.9788669201601582,-0.9709689197414494,-0.0014505335942653784,-0.0014505335942653784,-0.0055120883315278426,-0.008703367038281555,0.30428755571619964
2012-06-25,3.5173959732055664,0.04446166055886748,0.04579476441064493,0.04414246882829125,0.04579476441064493,-0.8874796817901511,300124.SZ,-1.430309874250422,-0.16341201018266802,-0.9861163088886455,-0.9682136201865014,-1.0984126048814844,-1.2261538818975364,-0.25648389697757634,-0.9793886248999055,-0.9714188170435826,-0.009767108221345095,-0.009767108221345095,-0.008896763243882475,-0.007929727058314783,-0.19514705812026953
2012-06-26,3.431243896484375,0.04337265395055261,0.04534414394083874,0.042621615371948605,0.04412369252915662,-0.6804730955797547,300124.SZ,-0.7192638422508947,-0.18290436734838528,-0.9855030703735941,-0.9705326913996968,-1.2865204233139278,-1.627915182066079,0.10038194156904601,-0.9799994394604421,-0.9720019677622318,-0.008606648251394934,-0.0023208647823372247,-0.00783296690325584,-0.005608793329023689,0.290325102402868
2012-06-27,3.386682510375977,0.04280937568593867,0.04393593221516657,0.04280937568593867,0.04318489363656256,-0.8395683411145007,300124.SZ,-0.008217810251367088,-0.20155728988376778,-0.9854521203820461,-0.9730193606198801,-1.3813784064394705,-1.78357139002048,0.10038194156904576,-0.9806552064749295,-0.9724301878253966,-0.004835167138447664,-0.007252819654625403,0.0009670361855677183,-0.0029010947673122787,-0.19193452191837712
2012-06-28,3.306471347808838,0.04179546088738123,0.04312856741651489,0.041363614039353444,0.04280937568593867,-0.7217273143245222,300124.SZ,0.7028282217481605,-0.2226683639018128,-0.9870872299741906,-0.9749156223043786,-1.5482343862028944,-2.05547721192461,0.42304910945429686,-0.9812966951772779,-0.9728179803917082,-0.0019340585817446117,-0.004158232155976763,-0.007446215860226374,-0.005222042285994197,0.17286884990747212
2012-06-29,3.386682510375977,0.04280937568593867,0.04280937568593867,0.04149504545593963,0.04179546088738123,-0.8710521580444628,300124.SZ,1.413874253747688,-0.230487228139551,-0.9895193491447121,-0.9753106290910603,-1.2912279541752887,-1.717959300796061,0.42304910945429636,-0.9817464766015261,-0.9731511143596718,-0.005222042285994197,-0.0016439573786478198,0.0006769211930801784,0.005222042285994197,-0.17906414023737033
2012-07-02,3.404507160186768,0.04303468592084176,0.043447759147091126,0.042715494190265525,0.04309101481824564,-0.8043660265693817,300124.SZ,-1.430309874250422,-0.23362748976129916,-0.9920700539389505,-0.9752434801918282,-1.2347358610332704,-1.3288274725398033,0.19523480255546719,-0.9821248644290045,-0.9735084523278246,0.0066725896696503235,0.0032879147572956653,0.0062857696796669105,0.0011604323911685865,0.10548338920338927
2012-07-03,3.395594358444214,0.04292203080339021,0.043522861666273414,0.04226487104310312,0.04303468592084176,-0.9201048366708479,300124.SZ,-0.7192638422508947,-0.235562601917356,-0.99301692077578,-0.9761715371827487,-1.2548963171399763,-1.3085405782269384,0.2999353614058038,-0.9823200072435648,-0.9739088780175618,-0.0002901149924875399,0.00038680620059261284,-0.0023208785717279724,-0.0005802161955843062,-0.13482183782091686
2012-07-04,3.327266931533813,0.042058337107334656,0.04318489363656256,0.04188935309247923,0.04301590962170713,-0.9439608891533176,300124.SZ,-0.008217810251367088,-0.2420786198088673,-0.9930143563157476,-0.9779313244644966,-1.4089615340380819,-1.3617015552405458,0.3871329327651973,-0.9828649802432882,-0.9742972015365351,-9.670499749584664e-05,-0.0017406623761436664,-0.0019340585817445859,-0.004448347148464303,-0.013786267035288851
2012-07-05,3.1475350856781006,0.03978643436296314,0.042283647342237746,0.03920437712185835,0.04160770325074739,-0.6383629416501098,300124.SZ,0.7028282217481605,-0.2625104282819205,-0.9918451747075135,-0.9817088964771824,-1.781782591456388,-1.7592970861786639,0.9559142990883058,-0.9836979091586247,-0.9749034917900078,-0.00725279207584383,-0.004641757143456048,-0.013828635379826038,-0.011701153013698933,0.42019780102266197
2012-07-06,3.1490206718444824,0.039805207984741554,0.04036848892671172,0.03811535980411862,0.03978643436296314,-0.5642512173997142,300124.SZ,1.413874253747688,-0.2766931669545134,-0.9911792286172266,-0.9848523605266702,-1.7766729354157837,-1.8008128512943362,1.1607876139780964,-0.9845855738661329,-0.97551789464516,-0.009380219284407866,-0.009863785640059368,-0.0056088484865867835,9.669120810507296e-05,0.11526499440627888
2012-07-09,3.1668450832366943,0.04003052089700086,0.040668904358153325,0.03905416940613755,0.039711329166424635,-0.5567038846407816,300124.SZ,-1.430309874250422,-0.2842927869048266,-0.9907407337100048,-0.9873294456718827,-1.7138180018141445,-1.4916949063005531,1.0479914245646176,-0.9855565326868195,-0.9760913373441026,-0.00038681998998338655,0.001547252381151999,0.004835222296010785,0.001160446180559386,0.02758087034488332
2012-07-10,3.114856481552124,0.039373361136713775,0.03999296829873161,0.03884762476094422,0.039617450348107715,-0.9284162021929249,300124.SZ,-0.7192638422508947,-0.2931660220720243,-0.9907349587576061,-0.990056139039361,-1.8215083143702437,-1.4470102384535757,1.087975338615806,-0.9865584272848977,-0.9767465667212843,-0.0004835111980884595,-0.0034813247522873583,-0.0010637825512358604,-0.0033846197547915376,-0.4720113212794159
2012-07-11,3.181699275970459,0.04021828121099093,0.04044359144589402,0.0390917220044068,0.039429690034117656,-0.8375947605051451,300124.SZ,-0.008217810251367088,-0.29184163722015105,-0.9911940653442075,-0.9917851518335999,-1.582066518236102,-1.21714928293212,0.9130699517165916,-0.9876364765007389,-0.977421080039724,-0.0009670361855676927,0.0023208785717279724,0.0012571925462275537,0.004351655940359256,0.13727641678964675
2012-07-12,3.2559680938720703,0.041157080103584986,0.04121340632363265,0.039617450348107715,0.039767658063828516,-0.8271836363088073,300124.SZ,0.7028282217481605,-0.2818493686900265,-0.9926588158345423,-0.9924318365577218,-1.3252342728309126,-0.984731351728224,0.619239521461921,-0.9888930114052338,-0.9779466470563063,0.0017406623761436922,0.003964835950375844,0.0027076985617113846,0.0048351671384476895,0.03135329337853509
2012-07-13,3.1490206718444824,0.039805207984741554,0.04126973522103653,0.03939213743584841,0.04126973522103653,-0.8701517054903656,300124.SZ,1.413874253747688,-0.28209876926701116,-0.9939197489364622,-0.9937327019462611,-1.5621708772765746,-1.0314159848399411,0.6687632668914425,-0.9902732955275192,-0.9785145039147901,0.007736261905759994,0.0002901149924875399,-0.001160446180559386,-0.006962649504574794,-0.03896219677425847
2012-07-16,2.86679744720459,0.03623776469628671,0.039429690034117656,0.03601244107460254,0.039429690034117656,-0.4759056788448337,300124.SZ,-1.430309874250422,-0.3067336147475772,-0.9942131821061299,-0.9977048439618283,-2.1018476931387693,-1.5745002865556132,1.3325118810140526,-0.9920343452730134,-0.9793496659979973,-0.009476924281903686,-0.009476924281903686,-0.017406706497781563,-0.018373673736395386,0.5369723856790372
2012-07-17,2.939581155776977,0.03715778728974615,0.037326771304601575,0.03601244107460254,0.03603121737373717,-0.7287923983429643,300124.SZ,-0.7192638422508947,-0.31704874695977975,-0.9959467906307718,-0.999771125059288,-1.8603584362591912,-1.5328678820612751,1.3325118810140522,-0.9933932109090529,-0.9802192720777786,-0.017503411495277385,-0.010830821825627087,0.0,0.004738462140951843,-0.3154844118014883
2012-07-18,2.9633474349975586,0.03745820272118775,0.037908825868350156,0.03678226666176603,0.03715778728974615,-0.810058173072068,300124.SZ,-0.008217810251367088,-0.32060359177444503,-0.9988646539123414,-1.0005387256151463,-1.7821687199496212,-1.315888969210733,1.1081519654346283,-0.9945188557429588,-0.9810697280211511,0.005802258481578451,0.002997799764808151,0.003964891107938938,0.001547252381151999,-0.08941110330303599
2012-07-19,3.104459285736084,0.0392419297201276,0.03999296829873161,0.03638797241200751,0.03638797241200751,-0.7437931130938868,300124.SZ,0.7028282217481605,-0.30786567910192486,-1.002981017918046,-0.9991973599564125,-1.335654534142428,-1.0027399199880365,0.3601206742037439,-0.9953327466825461,-0.9817020835958443,-0.003964835950375844,0.010734116828131265,-0.002030763579240458,0.009186864446979241,0.10492871898789372
2012-07-20,2.970773935317993,0.03755208153950467,0.03969255286729001,0.03736432122551461,0.03864108814781954,-0.8899449335279609,300124.SZ,1.413874253747688,-0.30816373975474254,-1.00576812270234,-0.9994088295415211,-1.5972410640032018,-1.0024466529169938,0.36012067420374466,-0.9963489212894923,-0.9823191459930499,0.01160439285863999,-0.0015472523811520245,0.005028563344048609,-0.008703353248890782,-0.174884371426845
2012-07-23,2.875709295272827,0.03635041981373826,0.03858475925041566,0.03633164351460363,0.03858475925041566,-0.8947860608742725,300124.SZ,-1.430309874250422,-0.31506603265960154,-1.007263016040492,-1.0009911580333493,-1.7717342907887086,-1.1428260030146833,0.5800888215923464,-0.9974222108417234,-0.9830673344120661,-0.0002901149924875399,-0.00570555348408263,-0.005318678336536149,-0.006189009524607996,0.011261765663558389
2012-07-24,2.8875925540924072,0.03650062752945906,0.037082682093207635,0.03625654099542133,0.036312867215469,-0.9277489196018426,300124.SZ,-0.7192638422508947,-0.317079028302325,-1.0084259271915939,-1.002452763299377,-1.7342328890139471,-1.1482713405032534,0.5959274545925182,-0.9986263887678146,-0.9836556716046589,-0.011701097856135838,-0.007736261905759994,-0.00038680620059261284,0.0007736261905759994,-0.0257825057254733
2012-07-25,2.890563726425171,0.03653818012772831,0.036556956426862935,0.03520507359859465,0.03625654099542133,-0.9268093436542438,300124.SZ,-0.008217810251367088,-0.31607050743455467,-1.009552703119958,-1.0037100150838332,-1.7245960420308315,-1.1603114790136484,0.8150982145410317,-0.9997924900637157,-0.9842595680484131,-0.0002901012030967662,-0.0027076847723206112,-0.005415452280985864,0.00019340999499169328,0.018876586342124392
2012-07-26,2.871253728866577,0.03629409091633438,0.03674471406349678,0.03606876997200642,0.03612509619205408,-0.7556421073491217,300124.SZ,0.7028282217481605,-0.31478639836385824,-1.0102504553979688,-1.005152533013379,-1.762128543814194,-1.0494297710207319,0.7446725591800167,-1.0011370756908873,-0.9849249044704776,-0.0006769901400340212,0.000967022396176919,0.004448360937855077,-0.0012571511780552068,0.24311454533232268
2012-07-27,2.8430304527282715,0.035937338555420244,0.03666961154431449,0.03544916280998859,0.03629409091633438,-0.7538399732338015,300124.SZ,1.413874253747688,-0.3141331352702322,-1.0118147616422966,-1.0061452342187838,-1.8176453201659584,-1.0622598191404806,0.8745604663590049,-1.0024840421679013,-0.9856528789703977,0.0008703863456349664,-0.00038680620059261284,-0.003191209759799844,-0.0018374087418118854,0.020012819329371913
2012-07-30,2.7286555767059326,0.0344915876182599,0.035918562256285626,0.03419117218681829,0.03576835454056482,-0.7012112935406671,300124.SZ,-1.430309874250422,-0.3220249023256944,-1.0134577019062048,-1.00773183872135,-2.0354269307597863,-1.2257349888607145,1.1269517588624738,-1.004038050957847,-0.9866119859875991,-0.0027077399298837315,-0.003868186110443066,-0.006479124517095535,-0.007446160702663202,0.08696575059185946
2012-07-31,2.6751821041107178,0.0338156542361944,0.03529895509426779,0.03321480998653011,0.03529895509426779,-0.6615039168199421,300124.SZ,-0.7192638422508947,-0.330835693847533,-1.0152801680997263,-1.009339877460441,-2.1328458752110495,-1.3164013703988284,1.31179823448198,-1.0057253272747662,-0.9876773492448939,-0.0024175835692238448,-0.00319120975979987,-0.005028632291002478,-0.003481310962896636,0.0699447411980767
2012-08-01,2.6944921016693115,0.03405974077023212,0.034698124231384575,0.03340257030052017,0.034698124231384575,-0.8727925686908033,300124.SZ,-0.008217810251367088,-0.33347085265175996,-1.0170405060117427,-1.0105658879004877,-2.062695613695254,-1.2670819983527366,1.3117982344819796,-1.007445922254994,-0.9886759532691023,-0.003094504762303998,-0.003094504762303998,0.0009670361855676927,0.0012571373886644589,-0.26068799526680686
2012-08-02,2.643988132476806,0.033421346599654796,0.034698124231384575,0.03244499510879148,0.033609117623069715,-0.9130299888735739,300124.SZ,0.7028282217481605,-0.3377555164702138,-1.0173004855780317,-1.0128742595065332,-2.157278246308599,-1.3062070587160615,1.4908680901612401,-1.009254571351356,-0.9896301395446951,-0.005608793329023689,0.0,-0.004931872135943536,-0.0032879699148587855,-0.03536515997706143
2012-08-03,2.7004334926605225,0.03413484328941441,0.03413484328941441,0.03306460227080931,0.03390953305451132,-0.7797100270044276,300124.SZ,1.413874253747688,-0.3332986465534563,-1.0181526940782593,-1.014205693544072,-1.9481972852655471,-1.1874866401454305,1.4908680901612401,-1.0107586043520862,-0.990639249468293,0.001547252381151999,-0.002901108556703078,0.003191209759799844,0.0036747761154513983,0.19325898393272048
2012-08-06,2.8697681427001958,0.036275317294555964,0.036613282646910605,0.03390953305451132,0.034172395887683664,-0.4199210586386242,300124.SZ,-1.430309874250422,-0.3115041464594891,-1.0195725907605548,-1.0140880200340914,-1.3655039656963783,-0.7639465272167005,0.5169634270731878,-1.0117961954092036,-0.9914234766192321,0.0013538423861603056,0.012764894196762471,0.004351711097922325,0.011024245610009554,0.4915826975095308
2012-08-07,2.938095808029175,0.037139010990611517,0.037476979020322376,0.036425525010276766,0.036425525010276766,-0.41576189369072963,300124.SZ,-0.7192638422508947,-0.28580469043207074,-1.0205317056643615,-1.0138845086415915,-1.1480379254802866,-0.41916418351615,0.2112887910246846,-1.0125862883700858,-0.992128044486638,0.011604461805593859,0.004448360937855077,0.012958304191754165,0.004448347148464303,0.023117695364579048
2012-08-08,2.850457191467285,0.03603121737373717,0.03717656358888077,0.03574957824143019,0.03717656358888077,-0.5301608811906603,300124.SZ,-0.008217810251367088,-0.27190005361896413,-1.0224128657324008,-1.0134052137809941,-1.34141871100404,-0.5470708427323024,0.3636373530036993,-1.0134453967926615,-0.9928899310064535,0.003868130952879997,-0.001547252381151999,-0.003481379909850479,-0.005705553484082605,-0.1330569126322239
2012-08-09,2.8920485973358154,0.036556956426862935,0.036707164142583744,0.03533650769253704,0.036218977687727215,-0.402081405705505,300124.SZ,0.7028282217481605,-0.25532957284233493,-1.025530551442887,-1.0116509234676705,-1.208452381563703,-0.545334054288922,0.45577435696366225,-1.014109359346565,-0.9935464904106661,-0.0049319272935066565,-0.0024175835692238448,-0.002127468576736305,0.0027077537192744536,0.18635578166586209
2012-08-10,2.851942777633667,0.036049993672871795,0.03650062752945906,0.03556181792744014,0.03625654099542133,-0.3992628826972297,300124.SZ,1.413874253747688,-0.2444868308795381,-1.0277683914764517,-1.0105777355632033,-1.2984739269515118,-0.5576327947885145,0.45577435696366303,-1.014966087937336,-0.9942035823035656,0.0001934651525548137,-0.0010637411830635394,0.001160432391168638,-0.002611048721778633,0.021351690875969446
2012-08-13,2.7063751220703125,0.03420994848595292,0.03588100965801636,0.033984635573693606,0.03588100965801636,-0.37788321129487473,300124.SZ,-1.430309874250422,-0.2481013316093711,-1.027724099883349,-1.011461643850851,-1.6083507110725854,-0.8987599417528785,0.8021764764859365,-1.0160845932758265,-0.994956424878508,-0.00193412752869848,-0.003191264917362939,-0.008123081895743406,-0.009476924281903686,0.04580197130431506
2012-08-14,2.684094190597534,0.03392830935364594,0.034228724785087546,0.033083378569943936,0.034116069667636,-0.2753524042169746,300124.SZ,-0.7192638422508947,-0.2514911688638416,-1.028026925479119,-1.0124331840209435,-1.6537198885717987,-1.15158373142244,0.9868022243536255,-1.0172245167612175,-0.9956278787763708,-0.009090104291920274,-0.008509888096335993,-0.004641812301019091,-0.0014505473836561522,0.15270096172339281
2012-08-15,2.7316269874572754,0.03452914021652915,0.0350173159619608,0.03345890990734891,0.03390953305451132,-0.4009825367787806,300124.SZ,-0.008217810251367088,-0.24814844220578222,-1.0287311246655302,-1.0128125575885598,-1.4923867449568158,-0.9404430639408027,0.6861699147996648,-1.0181788167592682,-0.9963819182561724,-0.001063741183063565,0.004061540947871665,0.00193412752869848,0.003094504762303998,-0.14785150618128845
2012-08-16,2.7539072036743164,0.03481077934883613,0.035280178795133156,0.03404096447109749,0.03452914021652915,-0.6028098821269502,300124.SZ,0.7028282217481605,-0.24192655556443612,-1.0312598640658988,-1.0116769298787585,-1.416708105483819,-0.7812872760524093,0.5869199450785406,-1.0188094640433207,-0.9971180045044247,0.003191209759799844,0.0013538423861603312,0.002997799764808151,0.0014505473836561522,-0.24822477947935423
2012-08-17,2.840059518814087,0.035899785957150994,0.036218977687727215,0.033984635573693606,0.03473567415229762,-0.6115340574869155,300124.SZ,1.413874253747688,-0.22755661307861616,-1.0322207212364811,-1.0112325219848723,-1.1294688407573426,-0.5243983228863223,0.23830507544725837,-1.0193044629505574,-0.9978133968408107,0.0010637273936727914,0.004835167138447664,-0.0002901149924875399,0.005608793329023689,0.006146693533600827
2012-08-20,2.822234869003296,0.03567447304489168,0.035899785957150994,0.03507364218200847,0.03567447304489168,-0.6492698336653208,300124.SZ,-1.430309874250422,-0.21667417752135068,-1.0324862454081085,-1.0111997297957318,-1.1718551094072485,-0.42739094871389605,0.2383050754472589,-1.0198565771424246,-0.9985794062225519,0.004835167138447664,-0.0016439573786478198,0.005608793329023689,-0.001160446180559386,-0.032069787506566534
2012-08-21,2.94106674194336,0.03717656358888077,0.03734554492637999,0.035467939109123214,0.03567447304489168,-0.2992165818021087,300124.SZ,-0.7192638422508947,-0.19588955023464202,-1.0320459953908765,-1.011436640550024,-0.7891038553792198,0.04896814768455434,-0.28076106130189454,-1.0201350137308176,-0.999223331820661,0.0,0.007446202070835549,0.002030777368631232,0.007736330852713863,0.478758006191662
2012-08-22,2.958890676498413,0.03740187382378387,0.03811535980411862,0.036838595559169914,0.03717656358888077,-0.38322987023889155,300124.SZ,-0.008217810251367088,-0.1770139444558122,-1.031476855628775,-1.0117470686719376,-0.7335527000410623,0.4423921504880821,-0.5408870618512829,-1.0204919837507416,-0.999945055722611,0.007736330852713863,0.003964835950375844,0.007059395870242936,0.0011604323911686123,-0.09303035569018396
2012-08-23,2.9351251125335693,0.03710145839234227,0.03796515208839782,0.036763490362631414,0.03734554492637999,-0.712136962053632,300124.SZ,0.7028282217481605,-0.16373212213187235,-1.0310340084747045,-1.0119330771014943,-0.7960664124209171,0.4628326949867725,-0.5202792350926156,-1.0210060199550357,-1.000835540991008,0.0008703173986810723,-0.0007736261905759994,-0.00038681998998336086,-0.001547252381151999,-0.4156247362008783
2012-08-24,2.8489716053009038,0.03601244107460254,0.03706390579407301,0.03599366477546791,0.03706390579407301,-0.8151765780815725,300124.SZ,1.413874253747688,-0.16080885942820086,-1.0310092414028666,-1.0119311896478793,-1.0178726699286895,0.10196512526290989,-0.3096676148601061,-1.0214867402107874,-1.0017715084733858,-0.0014505473836561522,-0.004641757143455996,-0.00396489110793899,-0.0056088484865867835,-0.1180934086462045
2012-08-27,2.840059518814087,0.035899785957150994,0.0362002013885926,0.034960987064556935,0.03595611217719866,-0.924275813742784,300124.SZ,-1.430309874250422,-0.1588231890538914,-1.0308731044165986,-1.0115123337145129,-1.0404970633822404,-0.22451149687387636,-0.039450617133260105,-1.0215295778619708,-1.0026787497271339,-0.00570555348408263,-0.004448402306027398,-0.005318678336536098,-0.0005802161955843062,-0.12607564100472826
2012-08-28,2.9752302169799805,0.03760841043690855,0.038284343818974054,0.03569324934402631,0.035712025643160936,-0.43175127639610533,300124.SZ,-0.7192638422508947,-0.14414277470016923,-1.0300865655604319,-1.0108747099683086,-0.5995589185920271,0.5725138340595484,-0.7406310304432457,-1.0214724629166858,-1.0033334479809843,-0.0012571373886644589,0.010734116828131265,0.0037714259553841504,0.008800058246386628,0.6664329716139923
2012-08-29,2.9752302169799805,0.03760841043690855,0.03864108814781954,0.037326771304601575,0.03762718673604318,-0.5055371089236691,300124.SZ,-0.008217810251367088,-0.1323035180029909,-1.0294136200862096,-1.010204554040837,-0.5995589185920271,0.90433437072242,-0.8527144545841031,-1.0214534246015907,-1.0038900010603955,0.009863799429450168,0.0018373673736395131,0.00841325204579399,0.0,-0.07955790453900898
2012-08-30,2.9054172039031982,0.03672594044171837,0.0381716887015225,0.03567447304489168,0.037420650122918495,-0.4541575784174629,300124.SZ,0.7028282217481605,-0.1293430747271624,-1.029699438515676,-1.008514536054947,-0.7910584581448578,0.4314797548234205,-0.4133638039451543,-1.021772317651979,-1.0044597197519194,-0.0010637411830635394,-0.0024175835692238448,-0.008509957043289862,-0.00454505214596015,0.08532026792727515
2012-08-31,2.938095808029175,0.037139010990611517,0.03734554492637999,0.036049993672871795,0.036425525010276766,-0.8621249916742357,300124.SZ,1.413874253747688,-0.12380385400121979,-1.0296322852767736,-1.0073601460966675,-0.683337466303956,0.47106067721449163,-0.41336380394515454,-1.0218246729336538,-1.0049971226949221,-0.005125268341544456,-0.004254950942863383,0.0019340723711353854,0.002127468576736305,-0.5197695331159987
2012-09-03,3.0004818439483643,0.03792760216748478,0.03807780988320558,0.036463074931189804,0.036763490362631414,-0.8129449059758196,300124.SZ,-1.430309874250422,-0.11353375686845488,-1.028879439742948,-1.007561559861131,-0.48090998990989314,0.820486969164988,-0.6540631193869533,-1.021624770455483,-1.0054363811461633,0.001740648586752944,0.003771439744774924,0.0021275237342993996,0.004061540947871691,0.08242297724270264
2012-09-04,2.91729998588562,0.03687614815743917,0.038040257284936325,0.03678226666176603,0.037890049569215524,-0.7851375955842198,300124.SZ,-0.7192638422508947,-0.11326472683184179,-1.0289868249787646,-1.0075439853576602,-0.7160881974370881,0.6509611501391095,-0.654063119386953,-1.0215771744980728,-1.0060180687156097,0.005802203324015331,-0.00019340999499169328,0.0016439573786478454,-0.005415383334031996,0.054268989208731626
2012-09-05,2.9559202194213867,0.03736432122551461,0.03792760216748478,0.03665083524517986,0.03687614815743917,-0.8430970254069106,300124.SZ,-0.008217810251367088,-0.10946268575371097,-1.0285840210950066,-1.0074674658063645,-0.5895989270528292,0.64830348079487,-0.616612430749963,-1.021472463934723,-1.0065518811147043,-0.005221973339040277,-0.0005802161955843062,-0.0006769211930801271,0.0025142747773289177,-0.05871005740744362
2012-09-06,2.9648327827453613,0.037476979020322376,0.03792760216748478,0.03698880327489072,0.03755208153950467,-0.8161358181431825,300124.SZ,0.7028282217481605,-0.10570949638160025,-1.028234689615717,-1.0074979985755899,-0.5601466764017703,0.6861167166657359,-0.6166124307499626,-1.0213225369064223,-1.0071527188205593,0.0034813109628966106,0.0,0.0017406623761436922,0.0005802299849750798,0.053154432161476715
2012-09-07,3.08960509300232,0.03905416940613755,0.039805207984741554,0.03753330524037004,0.03755208153950467,0.682802512379179,300124.SZ,1.413874253747688,-0.0912203288968641,-1.026756973522798,-1.0079914203055402,-0.16297146108833718,1.236831702161441,-1.2460897145167762,-1.0209274892382711,-1.0076314737667993,0.0,0.0096703756450677,0.002804389769816432,0.008123123263915701,1.9921644914346763
2012-09-10,3.19803786277771,0.040424815146759385,0.04078155947560487,0.03886639838272263,0.03886639838272263,0.23411624953722882,300124.SZ,-1.430309874250422,-0.07001043802942068,-1.0246383995453885,-1.0079158998330693,0.1528106549903037,1.6469753181866844,-1.0028485826020412,-1.0201754729075787,-1.0080348252429334,0.006769225720192301,0.005028577133439383,0.006865930717688148,0.007059340712679841,-0.5734077708984607
2012-09-11,3.116342067718506,0.03939213743584841,0.040180728612721664,0.038810072162674965,0.040180728612721664,-0.11866649059581891,300124.SZ,-0.7192638422508947,-0.06152765519814472,-1.024100593459499,-1.006301939564942,-0.09949879325308485,1.2853583081157363,-1.0212079436807717,-1.019468672702492,-1.008527942706145,0.006769294667146169,-0.003094504762303998,-0.0002901012030967662,-0.005318678336536149,-0.4470757156552192
2012-09-12,3.1415934562683105,0.039711329166424635,0.03997419199959698,0.03897905617753039,0.03963622664724234,-0.5794761576729036,300124.SZ,-0.008217810251367088,-0.053128028505244076,-1.0233432066331802,-1.0050600707355228,-0.02581553898832208,1.2269961925588484,-1.0212079436807708,-1.0187523531701848,-1.0090330297299572,-0.0028043897698164576,-0.0010637411830635394,0.0008703311880718461,0.0016439573786478454,-0.5893777220567512
2012-09-13,3.0806920528411865,0.03894150357926114,0.039805207984741554,0.03894150357926114,0.039805207984741554,-0.6711510765313092,300124.SZ,0.7028282217481605,-0.05293274630830456,-1.0232730392996026,-1.0034468901339988,-0.21272262632503064,1.0238588250085197,-1.0342511984421874,-1.0180526921211674,-1.0095907805675748,0.0008703173986810723,-0.0008703311880718461,-0.00019340999499169328,-0.003964891107938938,-0.10312288921072692
2012-09-14,2.94106674194336,0.03717656358888077,0.039317034916666105,0.036857371858304545,0.039317034916666105,0.4126556168076974,300124.SZ,1.413874253747688,-0.06651750019173464,-1.023434109926027,-1.0027347691211583,-0.6125749855099683,0.3269425136119875,-0.83428734330507,-1.0176671644589281,-1.0101533180006128,-0.0025142747773289433,-0.0025142747773289433,-0.010734061670568146,-0.0090901042919203,1.4453187506264853
2012-09-17,2.8415446281433105,0.035918562256285626,0.03702635587315997,0.03588100965801636,0.03698880327489072,-0.3392996250342564,300124.SZ,-1.430309874250422,-0.08699952257923141,-1.0235225546825455,-1.0025312799008637,-0.8738088852245265,-0.42691316227953774,-0.5484549639101571,-1.0177123819419165,-1.0106979022021012,-0.01199126800618642,-0.011797858011194753,-0.005028632291002478,-0.006479179674658604,-0.9728987627453484
2012-09-18,2.8133223056793213,0.03556181792744014,0.036275317294555964,0.03529895509426779,0.03574957824143019,-0.7942211189721055,300124.SZ,-0.7192638422508947,-0.10599529889057142,-1.023237320279592,-1.0035271425868395,-0.9457175340472916,-0.6704565988132144,-0.3840488577519003,-1.01791228577747,-1.0111958079674275,-0.006382474677162809,-0.003868130952879997,-0.002997799764808151,-0.0018373673736395387,-0.5816213332057854
2012-09-19,2.8593692779541016,0.036143872491188715,0.036425525010276766,0.03569324934402631,0.036181425089457965,-0.7939287518325359,300124.SZ,-0.008217810251367088,-0.11667620171905892,-1.0231972812008436,-1.0040901695938977,-0.7945759002631244,-0.4824197686959778,-0.43863536436465533,-1.0178980071259853,-1.0116207039016971,0.0022241735742321517,0.0007736261905759994,0.002030763579240484,0.0029977997648081255,0.018024029349634936
2012-09-20,2.780644655227661,0.03514874737854698,0.036218977687727215,0.03514874737854698,0.036218977687727215,-0.7114611446908435,300124.SZ,0.7028282217481605,-0.1323699167599525,-1.0228663641041134,-1.0052780915061053,-0.9991684943484351,-0.738949870199118,-0.2819719507890515,-1.0180764928146389,-1.0120444020777601,0.00019340999499166758,-0.0010637963406266598,-0.002804389769816509,-0.005125268341544482,0.12627205472285863
2012-09-21,2.777673482894897,0.03511119478027773,0.03599366477546791,0.03486710824624001,0.035618146824844016,-0.8152619257986351,300124.SZ,1.413874253747688,-0.14473958164047063,-1.0226203178573718,-1.005935371737981,-1.0068305465726919,-0.7995518098665895,-0.20130678120240772,-1.018195482368819,-1.0125351265846005,-0.0030945047623039718,-0.001160446180559386,-0.0014505473836561266,-0.00019340999499166758,-0.11909607826876727
2012-09-24,2.73311185836792,0.034547916515663774,0.03526140249599853,0.033984635573693606,0.03526140249599853,-0.8138114242776128,300124.SZ,-1.430309874250422,-0.15824697359010445,-1.0221912926153383,-1.0069913323423303,-1.1227913379891894,-1.1311926334389482,0.04617590678140013,-1.018152646075019,-1.0130761200715115,-0.0018373673736395387,-0.003771425955384125,-0.0045450659353509235,-0.0029010947673123043,0.019549619781811974
2012-09-25,2.744995355606079,0.034698124231384575,0.03482955564797075,0.03405974077023212,0.0344915876182599,-0.7833579249880305,300124.SZ,-0.7192638422508947,-0.1672220161661346,-1.022016382743948,-1.0083899729392767,-1.0800729843158705,-1.1984670516792586,0.04617590678139937,-1.0180550746677388,-1.0136003572317323,-0.003964835950375818,-0.0022241735742321517,0.00038681998998338655,0.0007736261905759994,0.05775476817285456
2012-09-26,2.6811234951019287,0.033890756755376686,0.034698124231384575,0.03328991518306862,0.034547916515663774,-0.8320435401528727,300124.SZ,-0.008217810251367088,-0.1796164342336,-1.0216691823089243,-1.0103212070078966,-1.2482920587634074,-1.4469240251540776,0.25962468166608166,-1.0181359875917289,-1.0141210038480446,0.0002901149924875142,-0.0006769211930801528,-0.003964891107938938,-0.0041582459453675365,-0.04649382141758312
2012-09-27,2.7643051147460938,0.0349422107654223,0.03514874737854698,0.033702996441386635,0.033890756755376686,-0.7567949160330297,300124.SZ,0.7028282217481605,-0.18081936564731887,-1.0216048886716513,-1.0111283143773648,-0.9472586058754023,-1.1441033379303898,0.07106851678216838,-1.018119329108439,-1.0144298013763258,-0.0033846197547915376,0.0023208785717279724,0.0021275237342993996,0.005415383334031996,0.11676261298228288
2012-09-28,2.814807891845703,0.03558059422657476,0.035937338555420244,0.03436015620167372,0.034510363917394524,-0.6826243359969477,300124.SZ,1.413874253747688,-0.1762912647675154,-1.0217370937082977,-1.011613409629616,-0.7713412730522765,-0.8183940237479229,-0.250188358621627,-1.018159785570434,-1.0146991015562608,0.003191209759799844,0.004061540947871716,0.0033846197547915376,0.003287914757295691,0.11534252411695785
2012-10-08,2.7643051147460938,0.0349422107654223,0.03556181792744014,0.034604242735711443,0.035467939109123214,-0.9591539435194124,300124.SZ,-1.430309874250422,-0.17675482936782236,-1.0221001692977245,-1.0124143987093315,-0.9129853947182661,-0.9180609179405708,-0.250188358621627,-1.0182525973141041,-1.0150234585063727,0.004931872135943536,-0.0019340723711353596,0.0012571373886644589,-0.003287914757295691,-0.3466287801378424
2012-10-09,2.822234869003296,0.03567447304489168,0.03586223335888173,0.03492343446628767,0.03511119478027773,-0.7833603830022818,300124.SZ,-0.7192638422508947,-0.17100038394727887,-1.022234466962736,-1.0127506511679374,-0.7104675743547781,-0.6758849250756097,-0.37427266348500476,-1.018442982161783,-1.0152592460329275,-0.0018373673736395387,0.0015472523811519475,0.0016439573786478198,0.0037714259553841504,0.24920872236999628
2012-10-10,2.8638253211975098,0.0362002013885926,0.036218977687727215,0.03543038651085396,0.035655696745757054,-0.6806437910138798,300124.SZ,-0.008217810251367088,-0.16196531364255692,-1.0224884019636722,-1.0129317318942392,-0.5680148904300241,-0.44778846244208875,-0.5216276275205937,-1.0185952900399262,-1.0155153806007502,0.0028043897698164576,0.0018373673736395387,0.002610993564215564,0.0027076985617113846,0.15294569297949195
2012-10-11,2.7108314037323,0.0342662773833568,0.03606876997200642,0.0342662773833568,0.03606876997200642,-0.7390851281861929,300124.SZ,0.7028282217481605,-0.1686298855409025,-1.0227092701593024,-1.0139913090938137,-0.9984269320937833,-0.8707209418110289,-0.14960061651019718,-1.0189546395523095,-1.0159546383693137,0.0021274823661270787,-0.0007736261905759738,-0.005995599529616302,-0.009960435479992145,-0.05934486564175004
2012-10-12,2.7420246601104736,0.034660571633115325,0.0350173159619608,0.03404096447109749,0.03436015620167372,-0.7576577473134457,300124.SZ,1.413874253747688,-0.17032259974056885,-1.0239741880468716,-1.014316662923114,-0.8901340276012161,-0.9385563125605793,-0.08026908243260046,-1.0191259843881648,-1.0162825858633338,-0.008800003088823533,-0.005415383334032022,-0.001160446180559386,0.002030763579240458,-0.0068264914644663565
2012-10-15,2.9633474349975586,0.03745820272118775,0.03807780988320558,0.03529895509426779,0.03529895509426779,0.39686028067183515,300124.SZ,-1.430309874250422,-0.1503496708735612,-1.0262234484339812,-1.012906510555025,-0.19228431344119462,0.027176961805146792,-1.2420335998385372,-1.0189284603844162,-1.0162047884128402,0.0048351671384476895,0.015762693961570647,0.006479124517095535,0.014408851575410317,1.5384655713326578
2012-10-16,2.9752302169799805,0.03760841043690855,0.038284343818974054,0.03681981926003528,0.03727044240719769,-0.12310941963340326,300124.SZ,-0.7192638422508947,-0.13318369061850854,-1.0275706560781803,-1.0120647055734409,-0.15789275575501843,0.28025429391684253,-1.2360550381750661,-1.0189284603844162,-1.0161760632082273,0.010153900632546934,0.0010637273936727914,0.00783302206081891,0.0007736261905759994,-0.6673082127714302
2012-10-17,3.0019664764404297,0.037946378466619406,0.03920437712185835,0.037232889808928436,0.03740187382378387,-0.20115410324239075,300124.SZ,-0.008217810251367088,-0.11702571445989243,-1.0292087429763241,-1.0108753910424795,-0.07940158322498898,0.5036094710149531,-0.9341068550843058,-1.018885624090616,-1.016144944193896,0.0006769211930801528,0.004738517298514912,0.0021274685767363305,0.0017406623761436922,-0.08516801556406749
2012-10-18,3.1638741493225098,0.03999296829873161,0.040537472941567156,0.03796515208839782,0.03796515208839782,0.023185375296294053,300124.SZ,0.7028282217481605,-0.08922175738328088,-1.0280410998167062,-1.0118079321953843,0.3674829002154093,0.9654180444824344,-0.5267890088283762,-1.0184715394647528,-1.0160970688528743,0.0029010947673123043,0.006865944507078947,0.0037714259553841504,0.010540706833139572,0.3131574223145038
2012-10-19,3.2010087966918945,0.04046236774502865,0.04098809608872955,0.03899783247666502,0.039711329166424635,-0.2837270636060252,300124.SZ,1.413874253747688,-0.06425942351324372,-1.025357377674577,-1.0135946327791352,0.46339124676080906,1.0877648569708043,-0.39565590305790005,-1.0180503153434743,-1.0159115511597374,0.008993468241378321,0.002320878571727947,0.005318692125926923,0.0024175835692238448,-0.3866515595301741
2012-10-22,3.202493906021118,0.04048114404416327,0.04087543829392179,0.03963622664724234,0.040180728612721664,-0.5626741281447446,300124.SZ,-1.430309874250422,-0.04513620188306093,-1.0227649022924712,-1.0147507803659597,0.467284333310023,1.0510995598416888,-0.39565590305790005,-1.0177266626294759,-1.0156482360161068,0.0024175835692238448,-0.0005802299849750541,0.0032879699148587855,9.670499749579526e-05,-0.34981325454190204
2012-10-23,3.1341664791107178,0.039617450348107715,0.040668904358153325,0.03926070601926224,0.04001174459786624,-0.5132298059143027,300124.SZ,-0.7192638422508947,-0.03732362663759603,-1.021187148181128,-1.0149295736564654,0.2419456528414926,0.807664646885558,-0.5397402346259982,-1.0173792119367724,-1.0154495525401876,-0.0008703311880718461,-0.0010637273936727656,-0.0019340723711353596,-0.004448347148464277,0.0827710514658205
2012-10-24,3.1415934562683105,0.039711329166424635,0.03999296829873161,0.03907294570527217,0.0392419297201276,-0.9267399047516417,300124.SZ,-0.008217810251367088,-0.03138907974609186,-1.0197529136355943,-1.0151410434345676,0.26283590027221665,0.6645902288663399,-0.6122500825827007,-1.0170817366939386,-1.0152472785203603,-0.003964835950375844,-0.0034813247522873583,-0.0009670361855677183,0.0004835111980884595,-0.5270708171687795
2012-10-25,3.0940616130828857,0.03911049830354143,0.04006807349527012,0.03852843303036799,0.039711329166424635,-0.7761066463900447,300124.SZ,0.7028282217481605,-0.03212467177767016,-1.0188140537299306,-1.0146120092784734,0.10507305688437932,0.5141951128597546,-0.821972434764753,-1.0168746937023154,-1.0150677451808499,0.0024175835692238448,0.00038681998998336086,-0.0028044449273795526,-0.003094504762303998,0.2160654905880165
2012-10-26,3.0212771892547607,0.03819046500065713,0.039429690034117656,0.03734554492637999,0.03869741704522341,-0.5651724947967747,300124.SZ,1.413874253747688,-0.040435399464231775,-1.0184063646424022,-1.0138246119349252,-0.12922479866401046,0.24703143115401696,-1.2544182219748699,-1.0169841652866582,-1.0149241184751077,-0.005222028496603397,-0.003287914757295691,-0.006092318316502922,-0.004738517298514938,0.2954988164949633
2012-10-29,3.0331597328186035,0.038340672716377935,0.03865986444695416,0.037758618152629354,0.038228017598926384,-0.8023658857504763,300124.SZ,-1.430309874250422,-0.04668156347661233,-1.0181394583151333,-1.012579955141551,-0.09237099418066333,0.25623883908268585,-1.2544182219748696,-1.0172483232235665,-1.0146787565630264,-0.0024175835692238448,-0.003964891107938938,0.0021274823661270787,0.0007736261905759994,-0.29481186096471795
2012-10-30,3.059896945953369,0.03867864074608879,0.03869741704522341,0.03770228925522547,0.0381716887015225,-0.8196836886023879,300124.SZ,-0.7192638422508947,-0.049852214617460214,-1.017837096207002,-1.0112996653611575,-0.00839745952707593,0.3101150641297339,-1.2720560425787792,-1.0173387564928145,-1.0143687629832334,-0.0002901149924875399,0.00019340999499169328,-0.0002901149924875399,0.0017406623761436922,-0.005173543642125267
2012-10-31,3.018306016921997,0.03815291240238788,0.03869741704522341,0.03764596035782159,0.03869741704522341,-0.8175352475903145,300124.SZ,-0.008217810251367088,-0.05695639623145356,-1.018183614872545,-1.0091457772254588,-0.14750241465393765,0.27331639427388266,-1.25074771822625,-1.017536280496563,-1.0141078416493212,0.0027076985617113846,0.0,-0.0002901149924875399,-0.0027076985617113846,0.020469003427473667
2012-11-01,3.1341664791107178,0.039617450348107715,0.039805207984741554,0.037908825868350156,0.037908825868350156,-0.42313074730374084,300124.SZ,0.7028282217481605,-0.05236135671040732,-1.017738281735464,-1.0077474081060416,0.21254103035398328,0.5876053784977943,-0.886399987076456,-1.0174506065515794,-1.0137128678245237,-0.004061540947871691,0.005705539694691857,0.0013538561755510792,0.007542920857722169,0.5371811402712481
2012-11-02,3.0940616130828857,0.03911049830354143,0.039767658063828516,0.03849088043209874,0.039617450348107715,-0.5130950930776911,300124.SZ,1.413874253747688,-0.05321403197215445,-1.0175027056216976,-1.0065740196464954,0.07608312799160374,0.5589032428875963,-0.8863999870764562,-1.0172054869297664,-1.0133956921328977,0.008800058246386628,-0.0001933962056009196,0.002997799764808151,-0.0026109935642155383,-0.10086958080975231
2012-11-05,3.119313240051269,0.039429690034117656,0.03997419199959698,0.03813413610325325,0.039035395784359134,-0.48691055003923267,300124.SZ,-1.430309874250422,-0.05222325276781546,-1.0175445778262,-1.0046835511317858,0.1539156284520276,0.529067554907778,-1.032034709387989,-1.0167604634723995,-1.0131946150179298,-0.002997799764808151,0.0010637273936727656,-0.0018373673736395387,0.0016439573786478454,0.05213134578215743
2012-11-06,3.119313240051269,0.039429690034117656,0.039429690034117656,0.039429690034117656,0.039429690034117656,-1.131685036343195,300124.SZ,-0.7192638422508947,-0.05215700961425515,-1.0174943157191978,-1.0032012164471817,0.15391562845202927,0.560602402040982,-1.032034709387989,-1.0162702238894274,-1.013048594502469,0.002030763579240458,-0.0028043897698164576,0.0066725896696503235,0.0,-0.831711403332731
2012-11-07,3.119313240051269,0.039429690034117656,0.039429690034117656,0.039429690034117656,0.039429690034117656,-1.131685036343195,300124.SZ,-0.008217810251367088,-0.052815872975163006,-1.01741298056368,-1.0019709274630406,0.15391562845202927,0.5193581246392001,-1.032034709387989,-1.0158537577350304,-1.0128319571123228,0.0,0.0,0.0,0.0,0.01763889916271228
2012-11-08,3.0197913646698,0.0381716887015225,0.03969255286729001,0.03755208153950467,0.03849088043209874,-0.3413900295987273,300124.SZ,0.7028282217481605,-0.06332691705830824,-1.0191163611075669,-0.998378356940471,-0.2029139055090718,0.20279832513687396,-0.7674805273551478,-1.015470610243942,-1.012729025171794,-0.004835222296010785,0.0013538423861603056,-0.009670389434458474,-0.00647917967465863,1.0586808716619382
2012-11-09,3.08960509300232,0.03905416940613755,0.040180728612721664,0.03783372067181165,0.03811535980411862,-0.6533624273939066,300124.SZ,1.413874253747688,-0.06562754243563852,-1.0213289976001048,-0.9939905352811979,0.03115322876542902,0.3496111828587119,-0.9702651709586334,-1.014970851673095,-1.0125375224423525,-0.0019340723711353854,0.0025142885667196915,0.001450547383656178,0.004545107303523244,-0.3933169560487318
2012-11-12,3.269335985183716,0.0413260614410842,0.04275304678853478,0.03911049830354143,0.03911049830354143,0.00501778229513346,300124.SZ,-1.430309874250422,-0.05120710691039418,-1.0201931606223815,-0.9937301402087498,0.5714330258574142,0.9617229826059904,-0.6370370686579447,-1.0141117449472483,-1.0120839021568173,0.005125337288498324,0.013248405394850931,0.006575884672154451,0.011701097856135864,0.8849117862489754
2012-11-13,3.218833446502685,0.04068768065728796,0.04224609742132471,0.04051869664243252,0.04130728781930579,-0.2334337705644181,300124.SZ,-0.7192638422508947,-0.045345707587433386,-1.0197987919554543,-0.9929271819927435,0.3910135133847591,0.9600117274885419,-0.6370370686579451,-1.0133525891211406,-1.011653022551599,0.011314291655543224,-0.0026109797748247645,0.007252750707671509,-0.003287900967904917,-0.2964692159283853
2012-11-14,3.119313240051269,0.039429690034117656,0.040199504911856296,0.03864108814781954,0.03939213743584841,-0.28511140357678055,300124.SZ,-0.008217810251367088,-0.050833334746045684,-1.0199586234324334,-0.9921317519914752,0.052217792712875466,0.3469935309965771,-1.2120292487694397,-1.0126505482403183,-1.0113406344794096,-0.009863744271887073,-0.01054072062253032,-0.009670389434458448,-0.006479124517095561,-0.05043515488818977
2012-11-15,3.117827653884888,0.03941091373498303,0.040274607431038584,0.03879129586354034,0.03959867404897308,-0.7007735621693965,300124.SZ,0.7028282217481605,-0.05599728717979173,-1.0201336340299318,-0.9921661663659169,0.04726742922880205,0.3479532737846001,-1.2386779259197231,-1.0120841553969662,-1.011047396543629,0.0010637411830635394,0.00038680620059261284,0.0007736261905759994,-9.670499749584664e-05,-0.529905688341506
2012-11-16,3.1490206718444824,0.039805207984741554,0.039805207984741554,0.03841577523556022,0.03907294570527217,-0.8386071209858549,300124.SZ,1.413874253747688,-0.05779786474321785,-1.020465112657894,-0.992048616656874,0.1441029825339039,0.2562082748942821,-1.105245766115154,-1.0115487000277346,-1.0107984434049617,-0.0027076985617113846,-0.0024175835692238448,-0.0019340723711353854,0.002030763579240458,-0.16392686896477116
2012-11-19,3.059896945953369,0.03867864074608879,0.03965500026902075,0.038228017598926384,0.03963622664724234,-0.9000339213010177,300124.SZ,-1.430309874250422,-0.06817586846710234,-1.0209971560952675,-0.992166789218555,-0.15742311140106252,-0.00230040273096077,-1.0381812538952795,-1.0110751202854353,-1.0106069411875287,0.002901108556703078,-0.0007736261905759994,-0.000967022396176919,-0.005802244692187704,-0.06327756471302352
2012-11-20,3.08960509300232,0.03905416940613755,0.03950479255329995,0.03864108814781954,0.039035395784359134,-0.9282618252423019,300124.SZ,-0.7192638422508947,-0.074061344164109,-1.0211169813853302,-0.9922579666487038,-0.061718553201830395,0.06085225480497813,-1.0381812538952795,-1.0106467553113585,-1.0104872522376318,-0.003094504762303998,-0.0007736261905759994,0.002127468576736305,0.0019341137393077063,-0.019545231507184593
2012-11-21,3.104459285736084,0.0392419297201276,0.03993664207868394,0.037908825868350156,0.03867864074608879,-0.9016134685702386,300124.SZ,-0.008217810251367088,-0.0777468171952393,-1.0212531139898446,-0.9922915672192224,-0.013453688757082308,-0.0020038196380308304,-0.7716946693554886,-1.0102612266310818,-1.010369956926784,-0.0018374225312026335,0.002224187363622925,-0.0037714259553841504,0.0009670361855676927,0.05274231947663795
2012-11-22,3.0702946186065674,0.038810072162674965,0.039748881764693884,0.03858475925041566,0.03886639838272263,-0.9101200413907812,300124.SZ,0.7028282217481605,-0.0842431333599043,-1.0212711384496134,-0.9923937987644588,-0.13261228426918595,-0.06500389909888929,-0.7716946693554891,-1.009685316157238,-1.0102610404619592,0.000967022396176919,-0.0009670361855676927,0.0034813109628966106,-0.0022242287317952463,0.0064333376031296685
2012-11-23,3.0584113597869877,0.03865986444695416,0.039429690034117656,0.03849088043209874,0.038810072162674965,-0.9829000681423056,300124.SZ,1.413874253747688,-0.0907873819359009,-1.021362371581727,-0.9920945902724728,-0.1743373739103783,-0.35685931290414663,-0.7367325487194109,-1.009178419448359,-1.0100922790955122,-0.0002901012030967662,-0.0016439573786478454,-0.0004835111980884595,-0.0007736261905759994,-0.07823297394966809
2012-11-26,2.8979899883270264,0.03663205894604523,0.038565982951281025,0.03497976336369155,0.03815291240238788,-0.4812560248102276,300124.SZ,-1.430309874250422,-0.11116252524522421,-1.0204223045552578,-0.9938939475346207,-0.7007594698392402,-2.3022030333189933,0.3806688823024836,-1.0092831303510545,-1.0100455999766722,-0.0033846197547915376,-0.004448416095418172,-0.01808357253329862,-0.010443960467471378,0.6784459394528848
2012-11-27,2.8965048789978027,0.036613282646910605,0.036801042960900664,0.03567447304489168,0.03651940382859369,-0.8576951037678185,300124.SZ,-0.7192638422508947,-0.12730297391671638,-1.019714077271906,-0.995568869645975,-0.7053433980004516,-2.4427279292944117,0.38066888230248386,-1.00940925940065,-1.010109034910194,-0.008413183098840121,-0.0090901042919203,0.003578015960392457,-9.670499749584664e-05,-0.4782378024985382
2012-11-28,2.878680229187012,0.03638797241200751,0.037082682093207635,0.03516752367768161,0.03674471406349678,-0.8806952210654109,300124.SZ,-0.008217810251367088,-0.14146716281503183,-1.0190658972186324,-0.9970503604115533,-0.76159446184941,-2.272718739385171,0.520386708145198,-1.0096067820470156,-1.0101868323606877,0.0011604323911685865,0.0014505473836561522,-0.0026109797748247645,-0.0011604323911686123,-0.012658758389034205
2012-11-29,2.8697681427001958,0.036275317294555964,0.03734554492637999,0.03599366477546791,0.037082682093207635,-0.894828120229241,300124.SZ,0.7028282217481605,-0.1530895151672164,-1.0187815863270724,-0.9987540224858594,-0.7902246259477144,-1.7492218810878857,0.3998707707457288,-1.010077981618164,-1.0102155575653005,0.0017406623761436922,0.0013538423861603056,0.004254937153472584,-0.0005802161955843062,-0.00097812498280856
2012-11-30,2.99751091003418,0.037890049569215524,0.0380214809858017,0.03610631989291946,0.036613282646910605,-0.748940877718061,300124.SZ,1.413874253747688,-0.14982948501736584,-1.0189133147330918,-0.999100980587304,-0.3118804313898702,-1.0931074325129877,0.0945868494241326,-1.0104040141639674,-1.0101676822242789,-0.0024175835692238448,0.0034813247522873843,0.0005802161955843318,0.008316478101344274,0.2098136458208531
2012-12-03,2.927697896957397,0.03700757957402535,0.03811535980411862,0.03700757957402535,0.037890049569215524,-0.8486972694878637,300124.SZ,-1.430309874250422,-0.15339093186249939,-1.019055659014372,-0.9999286703223035,-0.5431717400611087,-0.9804981132816519,0.052456330309069155,-1.010844276600341,-1.010226329538364,0.006575829514591356,0.0004835111980884595,0.004641826090409864,-0.004545052145960124,-0.11376847399689045
2012-12-04,2.9321541786193848,0.03706390579407301,0.037852496970946274,0.03603121737373717,0.03681981926003528,-0.6456791527912368,300124.SZ,-0.7192638422508947,-0.1553223146362557,-1.0192914881431328,-1.0006240364337606,-0.526745189202609,-1.1297942567128445,0.34629636682491877,-1.0111679296536848,-1.0102143608311107,-0.0055120883315278426,-0.0013538423861603056,-0.005028632291002452,0.0002901012030967662,0.2850711603503022
2012-12-05,3.120798349380493,0.03944846633325228,0.039805207984741554,0.036707164142583744,0.03745820272118775,-0.4624616381749593,300124.SZ,-0.008217810251367088,-0.13875825533819663,-1.0192835866960066,-1.000625561537374,0.11558707224564696,-0.07734809087720558,-0.4834292354740182,-1.011201246620265,-1.0100815059277626,0.0032879147572957164,0.010057195635051088,0.0034813799098504534,0.012281382998673986,0.2589881689730526
2012-12-06,3.059896945953369,0.03867864074608879,0.039711329166424635,0.038228017598926384,0.039429690034117656,-0.8260201762298099,300124.SZ,0.7028282217481605,-0.13119049486846396,-1.0192036282798687,-1.0005109277779036,-0.09155973796355726,0.07123565410366064,-0.4834292354740182,-1.0112559830911279,-1.0100049053821283,0.010153900632546934,-0.0004835111980884595,0.00783296690325584,-0.003964891107938913,-0.4612704882756085
2012-12-07,3.192096710205078,0.0403497126275771,0.04036848892671172,0.038622311848684907,0.03867864074608879,-0.6687821652965197,300124.SZ,1.413874253747688,-0.11272891373124197,-1.0185973364734535,-1.0006875361418002,0.3103530220162804,0.6068930953383922,-0.7449704291523531,-1.010982305826999,-1.0099223203121976,-0.0038681861104430918,0.0033846197547915376,0.002030763579240458,0.008606648251394934,0.22476581715774774
2012-12-10,3.233687162399292,0.04087543829392179,0.041100751206181105,0.039617450348107715,0.04033093632844247,-0.3561383882198391,300124.SZ,-1.430309874250422,-0.09440219242873388,-1.0189631593593271,-1.0004451079237024,0.4292018842842664,0.9964536090760983,-1.0257975021212884,-1.010661032944806,-1.009893595107585,0.008509943253899114,0.0037714259553841504,0.005125337288498324,0.0027076847723206112,0.42947915071418685
2012-12-11,3.2901322841644287,0.04158892695161276,0.04243385505795855,0.04038726522584635,0.04038726522584635,-0.08850453910772241,300124.SZ,-0.7192638422508947,-0.07500316641767367,-1.0182334237439643,-1.00092773292136,0.5873331112788027,1.4308674600800022,-1.044837914091379,-1.0102921641052025,-1.0097535596284286,0.0002901149924874885,0.006865985875251243,0.003964835950375818,0.0036747347472790774,0.3701883494432782
2012-12-12,3.257453680038452,0.0411758537253634,0.041776684588246606,0.04061257546074944,0.041776684588246606,-0.6387541755851247,300124.SZ,-0.008217810251367088,-0.06330586239505472,-1.0172489355615513,-1.0013612252734,0.46874582340449283,1.1749181215469244,-1.044837914091379,-1.0099090166141138,-1.009660202756104,0.007156031920784966,-0.0033846749123546066,0.0011604323911685865,-0.002127482366127053,-0.7071954500825632
2012-12-13,3.1638741493225098,0.03999296829873161,0.04126973522103653,0.039955415700462356,0.0411758537253634,-0.8119942006859159,300124.SZ,0.7028282217481605,-0.0634617991587396,-1.0170150358540113,-1.0013956049677006,0.14118897635279962,0.6805768736435996,-1.2598690175891798,-1.0098614209960493,-1.0095931765959962,-0.003094504762303998,-0.00261097977482479,-0.003384619754791486,-0.006092304527112149,-0.2105671959126893
2012-12-14,3.3094425201416016,0.04183302419507534,0.042490183955362436,0.039955415700462356,0.03997419199959698,-0.48648381145391967,300124.SZ,1.413874253747688,-0.050575270442646786,-1.0157601385604091,-1.0020294049544334,0.5521521414649789,1.126639875061733,-0.8620151091115983,-1.0095163501351507,-1.0092963481163073,-0.006189009524608021,0.0062857696796669625,0.0,0.009476979439466755,0.44642811683853356
2012-12-17,3.431243896484375,0.04337265395055261,0.043917158593388156,0.04170158206906431,0.042002008209930775,0.042407729524001084,300124.SZ,-1.430309874250422,-0.029836085481132087,-1.0130366734064025,-1.0032846380794096,0.861022400791104,1.6692528379313747,-0.41073764343967273,-1.009016592921687,-1.0088211832019673,0.010444015625034473,0.0073494557051673555,0.008993413083815226,0.007929671900751688,0.7143385978308567
2012-12-18,3.407477617263794,0.04307223851911101,0.04356041426454268,0.04230242364137238,0.04341020654882186,-0.43768676630968045,300124.SZ,-0.7192638422508947,-0.016771434555084532,-1.011004230350215,-1.0040100126091436,0.7772518127994844,1.4493197482171472,-0.41073764343967323,-1.0085549123384134,-1.0083424275730497,0.007252750707671509,-0.0018373673736395131,0.0030945599198670924,-0.001547252381151999,-0.6147812941364731
2012-12-19,3.4535248279571533,0.0436542930828596,0.04412369252915662,0.042415078758823915,0.04312856741651489,-0.46710837756088913,300124.SZ,-0.008217810251367088,-0.00335056520995577,-1.0087741677803974,-1.00480443674353,0.8923798320232349,1.411357576724929,-0.23782453568140657,-1.0080194583265647,-1.007863671944132,-0.0014505473836561266,0.0029010947673122787,0.0005802161955842548,0.0029977997648081766,-0.021117681544075943
2012-12-20,3.4401562213897705,0.04348530906800415,0.0436542930828596,0.04265916797021786,0.04363551678372496,-0.8003404137291467,300124.SZ,0.7028282217481605,0.004649284542673691,-1.0068826846054137,-1.0050954565408667,0.8432822143020404,1.1952571129855938,-0.2378245356814067,-1.0073459750880578,-1.0073322535254254,0.002610979774824739,-0.002417583569223819,0.001257151178055284,-0.0008703311880719231,-0.42132191075254616
2012-12-21,3.490659236907959,0.04412369252915662,0.044292676544012054,0.042490183955362436,0.04337265395055261,-0.23911041792168578,300124.SZ,1.413874253747688,0.014273938755769057,-1.0047535700967987,-1.0053404576485463,0.9720379871029748,1.1647914831776107,-0.040503092388280086,-1.0067034303417086,-1.0067577472144646,-0.0013538423861602798,0.0032879147572956653,-0.0008703311880718204,0.003287914757295742,0.7569374862408994
2012-12-24,3.475805282592773,0.04393593221516657,0.04431145284314668,0.04333510135228336,0.04346653544622575,-0.6710146567403564,300124.SZ,-1.430309874250422,0.018960015270740965,-1.0033486501733564,-1.0039843466933167,0.9150495001086494,1.1331421867077114,-0.03469950978337597,-1.0063726381322948,-1.0061593033183283,0.0004835249874792332,9.670499749584664e-05,0.004351642150968431,-0.0009670361855676927,-0.551301100297449
2012-12-25,3.556016683578491,0.044949844336367784,0.04498739693463704,0.04341020654882186,0.04393593221516657,-0.587434661593557,300124.SZ,-0.7192638422508947,0.02859897422072404,-1.0016291384398484,-1.0025719503925383,1.1195188647356524,1.1903874166153063,0.17358228394238828,-1.0058324234387988,-1.0055058021400063,0.002417569779833071,0.003481366120459705,0.00038681998998336086,0.005222028496603397,0.127737384243023
2012-12-26,3.624344825744629,0.04581354338713577,0.04637682165174972,0.04374817457853273,0.04416124512742588,-0.6645939821248238,300124.SZ,-0.008217810251367088,0.040899078637550414,-0.9998416876106062,-1.0007920171112221,1.2854748913634477,1.2555580345267383,0.5709206884082823,-1.0050232918234758,-1.0047457779652393,0.001160446180559386,0.007156059499566461,0.0017406623761437178,0.00444837472724585,-0.08400174206247336
2012-12-27,3.624344825744629,0.04581354338713577,0.046733563303238995,0.04506250213117555,0.045775990788866516,-0.6290298615375329,300124.SZ,0.7028282217481605,0.04876468107262888,-0.9986997432446169,-0.9982117743077564,1.2854748913634477,1.2341513863867395,0.6672835446094105,-1.004211780376348,-1.004052779267902,0.008316547048298168,0.001837353584248765,0.006769280877755396,0.0,0.06448690140292478
2012-12-28,3.631771326065064,0.04590742220545269,0.04637682165174972,0.045531901577472576,0.045682111970549596,-0.6911647747916208,300124.SZ,1.413874253747688,0.053759710147332294,-0.9973000990576487,-0.9965566972779745,1.3039851596775984,1.1131487273057072,0.6672835446094102,-1.0034383455594098,-1.0033944902994738,-0.0004835111980884595,-0.001837353584248765,0.0024175835692238448,0.0004835111980884595,-0.06421034966598356
2012-12-31,3.557502508163452,0.04496862331285863,0.046339269053480465,0.04393593221516657,0.04590742220545269,-0.43074874797240126,300124.SZ,-1.430309874250422,0.04882144346156729,-0.9973624033445843,-0.9932168927725282,0.9934462782130922,0.8297346373395215,-0.061056819767322766,-1.0026411117457295,-1.0027553514674545,0.0011604323911686123,-0.00019340999499169328,-0.008219842050802322,-0.0048351671384476895,0.3606804367109177
2013-01-04,3.5500752925872803,0.04487474181718549,0.045438022759155657,0.04359796686281193,0.044949844336367784,-0.48810664708523477,300124.SZ,1.413874253747688,0.04239750840736432,-0.9980698374061412,-0.9891850913746346,0.9628187088520347,0.6700404696853227,-0.20525702351913191,-1.001903374066522,-1.0021688755958933,-0.00493188592533431,-0.004641757143455996,-0.0017406485867529184,-0.0004835249874792332,-0.057917671385307096
2013-01-07,3.5426478385925293,0.04478086299886857,0.04483719189627246,0.04356041426454268,0.04483719189627246,-0.2651540348097304,300124.SZ,-1.430309874250422,0.03488281517622593,-0.9979534267958707,-0.9871327945603064,0.9314163767142597,0.5698846668238797,-0.221513236398214,-1.0012013331856995,-1.0016218969020083,-0.0005802024061935067,-0.0030945047623039718,-0.00019340999499166758,-0.0004835111980884852,0.31133052732226346
2013-01-08,3.640683650970459,0.046020074645548026,0.046733563303238995,0.04431145284314668,0.04446166055886748,-0.24499203635625097,300124.SZ,-0.7192638422508947,0.03644537020925851,-0.9979863387471857,-0.9840815990593244,1.202116653287484,0.7756369771060521,0.3488817295097186,-1.0002874899889895,-1.0008726450416439,-0.0019341275286985057,0.009767025485000427,0.003868130952879971,0.00638240573020894,0.04419795174486186
2013-01-09,3.579782485961914,0.045250259767809387,0.04607640622030812,0.04442410796059822,0.04564455937228034,-0.6575575749393148,300124.SZ,-0.008217810251367088,0.030263271957981633,-0.9979408694386425,-0.9821236495012964,0.9432346519749172,0.6328415126860404,0.34888172950971963,-0.9994521798844648,-1.000197599917195,0.006092373474066017,-0.003384605965400764,0.0005802161955842805,-0.003964835950375844,-0.5258265642482077
2013-01-10,3.566414594650269,0.04508128110766639,0.04528781236607864,0.04472453410146469,0.04472453410146469,-0.5808673937391976,300124.SZ,0.7028282217481605,0.02252164719299203,-0.9979897723956439,-0.9803405445101671,0.8870160402890381,0.5465280604176613,0.34888172950971885,-0.9983812698246929,-0.9997116628591218,-0.004738475930342617,-0.004061554737262464,0.0015473075387151193,-0.0008703036092902987,0.1186615512439592
2013-01-11,3.505512952804565,0.04431145284314668,0.045250259767809387,0.0436542930828596,0.04468698418055165,-0.580626918011602,300124.SZ,1.413874253747688,0.00920852541639263,-0.9981737443543246,-0.9790083699280897,0.6338475175975331,0.3840281030202361,-0.1359487119800819,-0.9974055530371251,-0.9992843739684811,-0.0001933962056009196,-0.00019340999499169328,-0.005512143489090912,-0.003964904897329712,0.01795567368824745
2013-01-14,3.5842387676239014,0.04530659134256949,0.045531901577472576,0.0435791905636773,0.0435791905636773,-0.40099352956473827,300124.SZ,-1.430309874250422,0.00471801468258334,-0.9984101293024327,-0.9770370704445103,0.8663869121479655,0.4429223126257222,-0.04694231862674516,-0.9962751485396089,-0.9988151934077678,-0.005705553484082605,0.001450561173046926,-0.00038680620059261284,0.005125337288498324,0.25426686142935084
2013-01-15,3.654051542282105,0.04618905866040345,0.04671478968146058,0.04487474181718549,0.04583231700891419,-0.017664568382291374,300124.SZ,-0.7192638422508947,0.006358791695868638,-0.9997357547589271,-0.9729457526243047,1.0613682301038205,0.6810277417563629,0.3109191629836315,-0.9950186156711885,-0.9984202204363176,0.011604448016203112,0.006092318316502922,0.006672575880259524,0.004545038356569376,0.5225915237646863
2013-01-16,3.7580294609069824,0.04750338889040249,0.04821687754809346,0.04583231700891419,0.04618905866040345,-0.08450958316745621,300124.SZ,-0.008217810251367088,0.015974321182230408,-0.9989445729568746,-0.9715430273944486,1.332257768094784,0.9728315260095428,0.7199192543133738,-0.9938001577362294,-0.997971386916872,0.0018373535842487135,0.0077363170633230885,0.0049318721359435875,0.006769294667146169,-0.07041488512013404
2013-01-17,3.841210603713989,0.048554845577804324,0.04938098667559061,0.04712785755299752,0.04750338889040249,-0.22124748213135184,300124.SZ,0.7028282217481605,0.02978671596976051,-0.996601443243935,-0.9721536172007562,1.5331694549005543,1.2448741637904488,1.006659933144063,-0.9923365811974946,-0.9974567246541862,0.006769294667146169,0.005995599529616302,0.006672520722696403,0.005415397123422821,-0.16248357515123826
2013-01-18,3.784765720367432,0.04784135692011335,0.04879892943448582,0.04594497480372194,0.048554845577804324,0.013154355692666196,300124.SZ,1.413874253747688,0.03369397753666973,-0.9955559475212091,-0.9714178304728435,1.29209430793825,0.9933681912764947,0.48494150341038256,-0.9909705760660398,-0.9969324874939655,0.005415397123422821,-0.002997813554198925,-0.006092290737721375,-0.0036747347472791286,0.3264123945324749
2013-01-21,3.832298755645752,0.048442187782996554,0.048554845577804324,0.04675234227972983,0.04759726770871941,-0.2699849204299945,300124.SZ,-1.430309874250422,0.03950383123255582,-0.9940693060097004,-0.9711896834935271,1.4088977888465175,1.0636217951398483,0.48494150341038256,-0.989830652580649,-0.9963759344145542,-0.004931885925334362,-0.001257123599273634,0.0041582459453675365,0.003094504762303998,-0.3553355825070735
2013-01-22,3.6555373668670654,0.046207837636894296,0.04934343407732136,0.04600130102376961,0.04846096675948739,-0.051424984456268044,300124.SZ,-0.7192638422508947,0.025797490967081758,-0.9942233049908059,-0.969892522148625,0.7087261568167765,0.8146188340957066,0.6892666556951682,-0.9888763525825982,-0.9959235108632088,0.00444837472724585,0.004061527158480865,-0.003868144742270771,-0.01150774301870724,0.30554413064415303
2013-01-23,3.639198064804077,0.04600130102376961,0.04647070047006664,0.04487474181718549,0.046339269053480465,-0.15699847178653667,300124.SZ,-0.008217810251367088,0.011934294206561011,-0.9943009991101267,-0.969031234770504,0.6486301401838981,0.32333263142022944,0.20521244557122265,-0.9881600330502909,-0.9954256050978825,-0.010927540612513706,-0.01479565777600293,-0.005802203324015382,-0.0010637411830635394,-0.12143123358008742
2013-01-24,3.5976076126098637,0.04547557535742491,0.04609517984208653,0.04530659134256949,0.0459825274019912,-0.6962325856744506,300124.SZ,0.7028282217481605,-0.004251337947907157,-0.994583010079941,-0.9680699579559348,0.49540607625724176,0.23230580491479588,0.2052124455712229,-0.987576981384303,-0.9949707870541408,-0.001837353584248765,-0.0019340723711353854,0.002224187363622925,-0.0027076847723206112,-0.6926848922948957
2013-01-25,3.6718766689300537,0.04641437425001898,0.04671478968146058,0.04412369252915662,0.04517515992598331,-0.6998322792674565,300124.SZ,1.413874253747688,-0.011255126038387677,-0.9944688388416782,-0.9676023245833144,0.7036925764394134,0.24668220837773938,-0.2806668261590684,-0.9869653724153457,-0.994477668737582,-0.0041582459453675365,0.003191223549190618,-0.006092373474066017,0.0048351671384476895,0.012897084920594284
2013-01-28,3.7194089889526367,0.047015205112902185,0.0473343941661222,0.04570088559232801,0.04617028503862504,-0.6646201326653318,300124.SZ,-1.430309874250422,-0.013481575024787928,-0.9941302572968077,-0.9675047213890287,0.8324975482875668,0.589653267270747,-0.09857696374392282,-0.9862252545649874,-0.9939127373241562,0.005125268341544456,0.0031911959704090703,0.008123137053306475,0.003094504762303998,0.06402325214706624
2013-01-29,3.79070782661438,0.047916462116651855,0.048536066601313474,0.046583358264874405,0.047015205112902185,-0.46908769353683133,300124.SZ,-0.7192638422508947,-0.009720777288965176,-0.9933157015656441,-0.9675932955131203,1.0194953301361818,0.9789468540387651,0.23597867221910684,-0.9852209787777211,-0.9933837125444985,0.00435165594035923,0.00618906468217109,0.0045450659353509235,0.004641812301019091,0.2752104064868587
2013-01-30,3.728320837020874,0.04712785755299752,0.04832952998818879,0.0468086684997775,0.0478789095183826,-0.7670272196925779,300124.SZ,-0.008217810251367088,-0.013793276112842806,-0.9930017329217575,-0.9674592353643968,0.7786551176801302,0.8137186753576482,0.2359786722191061,-0.9845498767284023,-0.9928726418497376,0.004448402306027398,-0.0010637411830635394,0.0011604323911686123,-0.004061609894825559,-0.37483169643470127
2013-01-31,3.741689682006836,0.047296841567852944,0.04740951007208557,0.04647070047006664,0.04656457928838356,-0.8199915548873762,300124.SZ,0.7028282217481605,-0.01688382282300638,-0.9927198760344135,-0.9668330549088886,0.8150244152441211,0.5980427571736283,0.09229708759543757,-0.9840524993467437,-0.992371146223181,-0.006769294667146169,-0.0047384483515610695,-0.0017406623761436922,0.0008703311880718461,-0.052130105465620274
2013-02-01,3.8946845531463614,0.0492307762825136,0.04975650730357073,0.047052757711171435,0.047052757711171435,-0.3272109061113361,300124.SZ,1.413874253747688,-0.006133905033963216,-0.991269698161596,-0.9667395362757117,1.2073689981280604,1.2896608777608662,0.7073217296059218,-0.9832719257130818,-0.9917463709321499,0.0025143023561104653,0.012087917846119223,0.002997813554198925,0.00996049063755524,0.6667703427796035
2013-02-04,4.066989421844482,0.05140880020856819,0.05199085744967299,0.05033856989938795,0.05069531690558965,-0.4050338904904817,300124.SZ,-1.430309874250422,0.01714001590414153,-0.987967330150246,-0.9678774059658024,1.5904905950744728,2.1377665872715688,1.1968839869604873,-0.9822890684120613,-0.9909827563841439,0.01876054888394187,0.01150774301870724,0.016923167720911556,0.011217641815610474,-0.08487597499495542
2013-02-05,4.127890110015869,0.05217861508630683,0.05219739406279767,0.05031979627760954,0.05139002658678978,-0.41177547252216967,300124.SZ,-0.7192638422508947,0.03955994166789568,-0.9844094588379168,-0.9695063829315158,1.714426535398111,1.9349405176634804,1.2388625646839442,-0.9811872215568606,-0.9900898776473674,0.003578015960392457,0.0010637411830635394,-9.669120810507296e-05,0.003964835950375844,0.008758329506901415
2013-02-06,4.084813594818115,0.051634115798183715,0.0523663780776531,0.051258595170203605,0.05217861508630683,-0.8235177811655345,300124.SZ,-0.008217810251367088,0.051347773376914194,-0.9821208464720523,-0.9695601515849258,1.5437661702851277,1.7448593061472941,1.2738059725442201,-0.980235301051269,-0.9892879624852055,0.004061527158480916,0.0008703311880718461,0.0048351671384476895,-0.0028043759804256842,-0.5247421376569591
2013-02-07,4.046194553375244,0.05114593737539584,0.05229127288111459,0.05052633289073422,0.05229127288111459,-0.8636669859479492,300124.SZ,0.7028282217481605,0.05508726797154782,-0.9806473506460062,-0.9687926956248543,1.3920839445971422,1.410585443137007,0.9561822855815302,-0.9793214575152133,-0.9886619894359678,0.0005802299849750798,-0.00038681998998338655,-0.0037714259553841504,-0.0025143023561104653,-0.035248955352702706
2013-02-08,4.263060092926025,0.053887239566064386,0.05420643397399683,0.05069531690558965,0.05069531690558965,-0.6326532476567954,300124.SZ,1.413874253747688,0.07633138276404465,-0.9774658752712675,-0.9685796123998972,1.8321177924256646,1.7089118036369255,1.3556995759975417,-0.9781886731858919,-0.9878205767547906,-0.008219773103848454,0.009863799429450168,0.0008703311880718461,0.014118736582922778,0.3219493094938304
2013-02-18,4.135316848754883,0.052272499259336185,0.05418765499750599,0.05069531690558965,0.053887239566064386,-0.742227016624875,300124.SZ,-1.430309874250422,0.07887415742037816,-0.9759561086518344,-0.967484675867792,1.3627787573037924,1.3417984246824513,1.3556995759975417,-0.9773700225826943,-0.9870019052659383,0.01643960136526,-9.671878688662032e-05,0.0,-0.00831651946951657,-0.12670073553978486
2013-02-19,3.946673393249512,0.0498879387201569,0.052535362092508524,0.04938098667559061,0.05210351524448075,-0.6896579437773371,300124.SZ,-0.7192638422508947,0.061050022640389,-0.9757153155581906,-0.9662480381889231,0.7451171807579522,0.7398461001772755,0.8041936094584372,-0.9768536068859408,-0.9863340419119838,-0.009186850657588468,-0.008509929464508315,-0.006769294667146169,-0.012281382998674064,0.08688723152292356
2013-02-20,4.068475246429443,0.05142757918505903,0.05193453122962532,0.04921200266073519,0.050019370136743076,-0.7495710169826776,300124.SZ,-0.008217810251367088,0.05645614244590229,-0.9747352207804159,-0.9657825884567883,1.0025964865986057,0.728888586967604,0.7355041397937241,-0.9761539458369235,-0.9855931678736252,-0.010734130617522014,-0.003094504762303998,-0.0008703311880718461,0.007929727058314783,-0.06128355811702276
2013-02-21,4.071446418762207,0.05146513178332829,0.05311742468832575,0.05015080155332925,0.051540231625154365,-0.5322488277408798,300124.SZ,0.7028282217481605,0.051185791704760154,-0.9738527025228955,-0.9656192319953774,1.0087407878103103,0.8267312338981503,0.997883935957976,-0.9753305355701156,-0.9847780864166729,0.007833008271428162,0.00609234589528447,0.0048351671384476895,0.00019340999499169328,0.30391366823674204
2013-02-22,3.940731287002564,0.04981283352361839,0.0520096310714514,0.04975650730357073,0.0520096310714514,-0.8726431077686833,300124.SZ,1.413874253747688,0.03296428146649619,-0.9736318022863129,-0.965068240368642,0.6065659301536336,0.5005236401532196,0.8346207799537985,-0.9747046493070564,-0.9840922698311689,0.0024175835692238448,-0.00570555348408263,-0.002030763579240458,-0.008509957043289862,-0.4307566109738942
2013-02-25,4.0105462074279785,0.05069531690558965,0.050732869503858906,0.049399760297369026,0.04979405990183998,-0.6995463985543836,300124.SZ,-1.430309874250422,0.02352537675652355,-0.9731702323315791,-0.9646828149134061,0.7599158859500271,0.39187765796563784,0.6868678041455071,-0.9739550124688235,-0.9833621677658738,-0.011411024231820619,-0.006575801935809834,-0.0018373811630303125,0.0045451210929140185,0.2456562066943608
2013-02-26,4.081843376159668,0.051596563199914465,0.053305187679672024,0.04981283352361839,0.05069531690558965,-0.33901176425414764,300124.SZ,-0.7192638422508947,0.021213579349594336,-0.9727481830226685,-0.9629644482183121,0.9120288005728521,0.6610373102605512,1.237688569504753,-0.9732482115850452,-0.9825470863089215,0.004641812301019091,0.013248405394850931,0.0021274823661270787,0.004641757143455996,0.49256495037533704
2013-02-27,3.9793527126312256,0.050301022655831126,0.05217861508630683,0.04975650730357073,0.051446352806837445,-0.7273668183553242,300124.SZ,-0.008217810251367088,0.008286596732405534,-0.9730944682908299,-0.9607954165601127,0.603186936660053,0.40973299979863204,1.2144677945510671,-0.9726080446344265,-0.9818050146830258,0.0038681171634892234,-0.005802272270969251,-0.0002901012030967662,-0.006672520722696455,-0.4939345108945981
2013-02-28,3.988264322280884,0.05041367509592646,0.05084552194395424,0.0490054660476105,0.05024469108107103,-0.6055866871711253,300124.SZ,0.7028282217481605,-0.002408910556897453,-0.9739763272044171,-0.9577387544758029,0.6231755311982274,0.20731786139756284,0.9052192568516327,-0.9719321819034602,-0.9809264984632211,-0.006189009524607996,-0.006865930717688148,-0.003868144742270771,0.0005802024061935324,0.1780577641400601
2013-03-01,4.071446418762207,0.05146513178332829,0.05157778422342362,0.05013202257683841,0.05041367509592646,-0.48015264952404235,300124.SZ,1.413874253747688,-0.00430022570199167,-0.9743658087844997,-0.9552110539582872,0.8082643056225861,0.42235037834282346,1.0606931790555398,-0.971025477523474,-0.9799797596904577,0.0008703311880718461,0.0037714259553841504,0.005802189534624609,0.005415397123422769,0.18287099205999607
2013-03-04,3.795164108276367,0.04797278833669952,0.050920627140492745,0.04694009991636368,0.050920627140492745,-0.34363726912807235,300124.SZ,-1.430309874250422,-0.03283258014411227,-0.9747652039052405,-0.9543515127449474,0.03615672590631157,-0.2885896205680243,-0.1134705549173224,-0.9706875461579909,-0.9792412796324869,0.0026109935642155383,-0.003384605965400764,-0.01643960136526,-0.01798688132519355,0.19746825360763415
2013-03-05,3.8441812992095943,0.04859239817607357,0.049155676440687524,0.047202962749536025,0.04799156731319036,-0.6246375266266233,300124.SZ,-0.7192638422508947,-0.051541541267356834,-0.9749597393133717,-0.9538468692091827,0.14950785501841202,-0.4080426294656936,-0.11347055491732368,-0.9703829310803962,-0.9784561209676846,-0.015085758979099697,-0.009090159449483394,0.0013538423861603056,0.003191223549190618,-0.3525178901913535
2013-03-06,3.8991408348083496,0.04928710785727369,0.05013202257683841,0.048442187782996554,0.049155676440687524,-0.46249714282525733,300124.SZ,-0.008217810251367088,-0.061786217370179024,-0.9756986274506031,-0.9520975980847629,0.2753349610873119,-0.1377297292025126,0.11945989400418977,-0.9701568507917152,-0.9777296096169672,0.005995599529616302,0.0050285495546578355,0.006382474677162783,0.003578015960392457,0.2312236283256708
2013-03-07,4.151655673980713,0.05247903051774843,0.054225207595775246,0.04928710785727369,0.04928710785727369,0.803821819874395,300124.SZ,0.7028282217481605,-0.046838191644725156,-0.9758521432735966,-0.9497916157132992,0.8018978303148845,0.6513162977150672,0.9496655300727117,-0.9696594737494024,-0.9767433740078661,0.0006769211930801528,0.02108144124506064,0.00435165594035923,0.01643960136526,1.6857390130335739
2013-03-08,4.123433589935303,0.05212228886625916,0.053793360747747467,0.051258595170203605,0.051634115798183715,-0.5752904325154591,300124.SZ,1.413874253747688,-0.0385330424622688,-0.9755345393126339,-0.9489760324322903,0.7249412248815226,0.7172072914073284,0.9496655300727117,-0.9691168802421385,-0.9757834696229901,0.012087973003682318,-0.0022241735742321517,0.010153900632546934,-0.001837353584248765,-1.7990418684914413
2013-03-11,4.1338324546813965,0.052253720282845334,0.05279822492568088,0.05133370036674211,0.05146513178332829,-0.9082766672585763,300124.SZ,-1.430309874250422,-0.03192143017343459,-0.9752088225733462,-0.9490097988054713,0.7458574573640444,0.5957569366983543,0.9496655300727113,-0.9686337815119647,-0.9749671921145259,-0.0008703311880718461,-0.005125323499107551,0.00038681998998338655,0.0006769211930801528,-0.4209981207775528
2013-03-12,4.0105462074279785,0.05069531690558965,0.05246025689597002,0.04941853927385987,0.052253720282845334,-0.6479169699326182,300124.SZ,-0.7192638422508947,-0.039193112571292356,-0.975634754709696,-0.9491209361460505,0.40831966833319144,0.1864198173490906,0.29733886680506766,-0.9680650088368075,-0.9742011829034544,0.004061527158480916,-0.0017406623761436922,-0.009863799429450168,-0.00802636310885676,0.3606062348416484
2013-03-13,3.921421527862549,0.04956874431222446,0.050638985330829556,0.04887403463102433,0.05013202257683841,-0.9695626097014989,300124.SZ,-0.008217810251367088,-0.054069653959437525,-0.9758274180043109,-0.9497434462784827,0.1771357411068339,-0.23360863582001903,0.12245273459294867,-0.9676128475807542,-0.9736135109803811,-0.010927540612513706,-0.009380233073798613,-0.0028044035592072313,-0.005802272270969251,-0.40605935074795646
2013-03-14,3.940731287002564,0.04981283352361839,0.049831607145396806,0.0490054660476105,0.0495311917139552,-0.869550243058682,300124.SZ,0.7028282217481605,-0.06461119006220391,-0.9759406990853005,-0.9501581854357805,0.22059037651912203,-0.3511268628566342,0.12245273459294867,-0.9670631149174207,-0.973043792118188,-0.003094504762303998,-0.0041583011029306316,0.0006769211930801528,0.0012571511780552326,0.14938346360460672
2013-03-15,3.921421527862549,0.04956874431222446,0.05033856989938795,0.04859239817607357,0.05033856989938795,-0.19029295760352521,300124.SZ,1.413874253747688,-0.0752419041720978,-0.9779080350730284,-0.9496321564348962,0.16939407682463523,-0.4506725923338158,0.2350088897122838,-0.966663309282388,-0.9725351145504675,0.0041583011029306316,0.002611048721778633,-0.002127454787345531,-0.0012571511780552326,0.9124127978333765
2013-03-18,3.763970851898194,0.047578494086940995,0.04956874431222446,0.04690254731809442,0.04904301864587976,-0.42478628818023434,300124.SZ,-1.430309874250422,-0.09871846780445881,-0.9780267063659769,-0.9514198318154463,-0.2311538937699099,-1.1377706036585866,-0.3127313221494846,-0.9665919143282351,-0.9721269749428882,-0.006672575880259549,-0.003964891107938938,-0.008703367038281555,-0.010250536683088911,-0.2912551180310756
2013-03-19,3.69267201423645,0.046677237083191325,0.04707153133294985,0.0456257803957895,0.04662090550843123,-0.33485055096104355,300124.SZ,-0.7192638422508947,-0.12394861080971555,-0.9770123632410858,-0.9539223789025779,-0.4014679676704157,-1.7515598990393892,-0.6947528614607512,-0.9667489818699885,-0.9717008827864373,-0.012474792993665705,-0.012861585404867544,-0.006575829514591382,-0.004641812301019091,0.13610969357975403
2013-03-20,3.808532476425171,0.04814177235155495,0.04842341416121814,0.046207837636894296,0.046677237083191325,-0.17458003322325863,300124.SZ,-0.008217810251367088,-0.13279139882509003,-0.9773482580454935,-0.9548784037540509,-0.11805231412792948,-1.2758001779039887,-0.3726351823853697,-0.9666204716312047,-0.9712987283858318,0.00029012878187831357,0.006962704662137863,0.002997813554198925,0.007542907068331396,0.22876048603256854
2013-03-21,3.857550859451294,0.048761382190928994,0.04919322903895677,0.04755971511045015,0.04814177235155495,-0.5978817683874084,300124.SZ,0.7028282217481605,-0.13493492962902015,-0.9779184809740283,-0.9553218249557258,-0.002253492356638759,-0.9371395706936553,-0.19729913341024602,-0.9664348461077902,-0.9709552211286419,0.007542907068331396,0.003964835950375844,0.006962677083356315,0.003191223549190618,-0.5399691707059593
2013-03-22,3.7862510681152335,0.047860130541891754,0.048817708410976664,0.047578494086940995,0.048761382190928994,-0.865863153403404,300124.SZ,1.413874253747688,-0.1430383952635784,-0.9778242237357432,-0.9562332782871162,-0.1798332749921788,-1.0988692397081126,-0.19729913341024652,-0.9666085707754504,-0.9706500144856078,0.003191223549190618,-0.0019340723711353854,9.671878688662032e-05,-0.004641784722237544,-0.33536835416583033
2013-03-25,3.646624565124512,0.04609517984208653,0.047860130541891754,0.04609517984208653,0.047860130541891754,-0.49312502457034196,300124.SZ,-1.430309874250422,-0.16209825120352844,-0.9774053055046826,-0.9586104428049277,-0.5092460311808955,-1.5341391998812437,-0.6475227996949084,-0.9672820540139575,-0.970494418901943,-0.004641784722237544,-0.00493188592533431,-0.007639625855218016,-0.009090159449483394,0.5086404031004795
2013-03-26,3.6689062118530273,0.04637682165174972,0.04675234227972983,0.045438022759155657,0.04600130102376961,-0.7817567335377624,300124.SZ,-0.7192638422508947,-0.17440885469740136,-0.9778693252048765,-0.9602104328494734,-0.4527694069901505,-1.5584207444254579,-0.8377548340297163,-0.9680174115220139,-0.9703100979429957,-0.009573670647571853,-0.005705525905301083,-0.003384605965400764,0.001450561173046926,-0.3625706694983
2013-03-27,3.856064796447754,0.04874260321443816,0.04879892943448582,0.04613273244035579,0.04690254731809442,-0.42118085922064186,300124.SZ,-0.008217810251367088,-0.16589785439658644,-0.978220821412393,-0.9604393539607006,-0.002660389754283954,-0.8550433047409862,-0.34757795489246723,-0.9683839008691583,-0.9700156631023559,0.004641757143455996,0.010540693043748772,0.003578015960392457,0.012184664211787391,0.4926192751378082
2013-03-28,3.713467359542847,0.04694009991636368,0.04823565116987187,0.04675234227972983,0.04789768314016101,-0.6828293753524189,300124.SZ,0.7028282217481605,-0.17195753509360814,-0.9785266271162207,-0.961507584414823,-0.33515385319031243,-1.0026620887529683,-0.34757795489246746,-0.9689169764065848,-0.9698241608849225,0.005125323499107551,-0.0029010947673123043,0.003191223549190618,-0.009283569444475087,-0.32702617528510564
2013-03-29,3.872403383255005,0.04894913982756284,0.049305881479052106,0.04656457928838356,0.04797278833669952,-0.2233958548652516,300124.SZ,1.413874253747688,-0.16121191382969594,-0.9795601696280937,-0.9613327059536759,0.021054630871328184,-0.6115467037183924,-0.10337248313010516,-0.9695428636876814,-0.9695692237339676,0.00038681998998338655,0.0055120883315278426,-0.0009670499749584664,0.010347310627538627,0.6228427462305116
2013-04-01,4.007575035095215,0.0506577643073204,0.05105205855707892,0.04831075636641038,0.04879892943448582,-0.3174499266844943,300124.SZ,-1.430309874250422,-0.13964106815476496,-0.97891810778531,-0.9609809109830788,0.30089652775566844,0.08790393926744236,0.26789834960577963,-0.9697475258294621,-0.969260426376356,0.00425493715347261,0.008993468241378321,0.008993468241378321,0.008800058246386628,-0.10625690634368345
2013-04-02,3.980838060379028,0.05031979627760954,0.050883074542223496,0.049305881479052106,0.05069531690558965,-0.13590625149524857,300124.SZ,-0.7192638422508947,-0.12495085549540629,-0.9784960096110272,-0.9607651220849666,0.2368132224306319,0.16103376531177518,0.26789834960577885,-0.9696927893585991,-0.9689731729648716,0.009767108221345095,-0.0008703311880718461,0.005125268341544456,-0.0017406623761436922,0.25678324918500756
2013-04-03,3.8798303604125977,0.04904301864587976,0.05069531690558965,0.0490054660476105,0.04971895470530147,-0.07434624046329451,300124.SZ,-0.008217810251367088,-0.12275290069989467,-0.9785401416142088,-0.9608137355614446,-0.0016311722383746008,-0.05729310756379781,0.16955363011088226,-0.9699950242650431,-0.9687732927547628,-0.005028632291002478,-0.000967022396176919,-0.001547252381151999,-0.006575884672154477,0.09873083921656253
2013-04-08,3.9169652462005615,0.04951241809217679,0.04975650730357073,0.04712785755299752,0.04842341416121814,-0.8289959438720014,300124.SZ,-1.430309874250422,-0.11747012823736758,-0.9802191530382884,-0.960069746195906,0.0785666781757167,-0.3495238077402631,-0.4161246558240608,-0.9702425240580071,-0.9684836462162376,-0.006672520722696455,-0.004835222296010785,-0.009670389434458474,0.0024175835692238448,-0.9764481304628936
2013-04-09,3.924393177032471,0.04960629691049371,0.050301022655831126,0.04887403463102433,0.04887403463102433,-0.9397788510172502,300124.SZ,-0.7192638422508947,-0.1126042701176825,-0.9817394787682646,-0.9593262091466925,0.09487362253374572,0.005427383923765912,-0.2901689944942087,-0.9702687018685174,-0.9681820307997898,0.0023208647823372247,0.002804458716770326,0.008993468241378321,0.0004835111980884595,-0.12829351239177303
2013-04-10,3.8798303604125977,0.04904301864587976,0.049925491318426156,0.04883648203275508,0.04966262848525381,-0.9086319868742513,300124.SZ,-0.008217810251367088,-0.11297426155744593,-0.983789912882074,-0.9582484933314016,-0.014968954159934805,-0.12180379444338377,-0.3017770509375033,-0.9704781250312914,-0.9679103374928141,0.004061554737262464,-0.00193412752869848,-0.00019340999499169328,-0.0029010947673123043,0.05866812572731499
2013-04-11,3.9199368953704834,0.049549970690446046,0.04975650730357073,0.04936221305381221,0.04936221305381221,-0.8371696605959997,300124.SZ,0.7028282217481605,-0.10953748713702315,-0.9844451717324734,-0.9579530445861681,0.07758928694262342,0.04365513321206954,-0.3017770509375024,-0.9707375236439353,-0.967685322451331,-0.001547252381151999,-0.0008703311880718461,0.0027077123511021583,0.0026109935642155383,0.11177498818414909
2013-04-12,3.974896192550659,0.05024469108107103,0.05086430092044508,0.0490054660476105,0.049549970690446046,-0.7879512025639923,300124.SZ,1.413874253747688,-0.1017705141743623,-0.9840933963956467,-0.958086595108787,0.20369957717603893,0.28592319150439643,-0.03568794923893188,-0.9707446634786963,-0.9673669498548458,0.000967022396176919,0.00570555348408263,-0.0018373811630303125,0.003578071117955552,0.0824735244554655
2013-04-15,3.952614784240722,0.04996304391669541,0.05069531690558965,0.04883648203275508,0.05022591745929262,-0.6447991154110608,300124.SZ,-1.430309874250422,-0.09791088939835532,-0.9840175995978709,-0.9581134979520723,0.1447845930179657,0.19395156216661866,-0.09236497364294242,-0.9708017794420185,-0.9670557593701936,0.003481379909850479,-0.0008703311880718461,-0.0008703311880718461,-0.0014505887518284732,0.20621067287411451
2013-04-16,3.921421527862549,0.04956874431222446,0.04994426494020457,0.04808544613150728,0.04994426494020457,-0.4521064338028409,300124.SZ,-0.7192638422508947,-0.09798861147109432,-0.9840175995978709,-0.9581134979520723,0.06141339352456603,-0.07603297739494203,-0.343362772835495,-0.9710421400789131,-0.9667206306176878,-0.0014506163306100205,-0.0038681998998338655,-0.0038681171634892234,-0.0020307911580220057,0.2714696429174285
2013-04-17,3.928849220275879,0.04966262848525381,0.0498879387201569,0.04909934486592742,0.04921200266073519,-0.7904434241803938,300124.SZ,-0.008217810251367088,-0.0975445430444714,-0.9837156716575514,-0.9576109305790812,0.07984112123032996,0.08452256166427989,-0.343362772835494,-0.9708279586099119,-0.9664429527864157,-0.0037714259553841504,-0.0002901012030967662,0.005221959549649529,0.00048353877687000685,-0.4280465788248596
2013-04-18,3.995691537857056,0.05050755391424338,0.050883074542223496,0.04883648203275508,0.04938098667559061,-0.645176079207783,300124.SZ,0.7028282217481605,-0.09114954151399661,-0.9833501782390327,-0.956466028929154,0.24570129603253094,0.3235296473907356,-0.08881140870471978,-0.9705852191592496,-0.9661676680821846,0.0008703311880718461,0.005125323499107551,-0.0013538423861603056,0.0043516835191407775,0.20899706549225178
2013-04-19,4.144229412078857,0.05238515169943151,0.052497809494239274,0.05031979627760954,0.05031979627760954,-0.2292721476022721,300124.SZ,1.413874253747688,-0.07253769742807818,-0.9812866854684592,-0.9571352137349625,0.5916745029969463,1.0562722139816703,0.29449086152711407,-0.9701925526802865,-0.9658564775975323,0.004835222296010785,0.008316491890735073,0.007639625855218016,0.009670334276895379,0.5655019700840005
2013-04-22,4.159082889556885,0.05257291469077778,0.05294842996404546,0.05146513178332829,0.052403930675922354,-0.7331516183396536,300124.SZ,-1.430309874250422,-0.057047457369864225,-0.9793887041997572,-0.9577882680950325,0.6249335183796795,1.3249815771959523,0.39611620899743727,-0.9701806531819153,-0.9656003437123877,0.010734075459958919,0.0023208647823372247,0.005898908321511229,0.0009670499749584664,-0.6461128310667053
2013-04-23,4.159082889556885,0.05257291469077778,0.05291087736577621,0.05139002658678978,0.05257291469077778,-0.5290860461810607,300124.SZ,-0.7192638422508947,-0.04556626107321655,-0.9778349311091874,-0.9576693675735883,0.6249335183796795,1.3120371636776322,0.36847535502129425,-0.9701235378972843,-0.9652987281252703,0.0008703311880718461,-0.00019340999499169328,-0.00038681998998338655,0.0,0.2864509553520725
2013-04-24,4.408627510070801,0.05572728475298326,0.056027710893849725,0.05229127288111459,0.05255413571428694,-0.09673178591986245,300124.SZ,-0.008217810251367088,-0.014058746384301421,-0.9741826423383324,-0.9579831754125255,1.1556311703565993,2.2696490131547544,1.0204171686014212,-0.9696832754609109,-0.9648343358666717,-9.671878688662032e-05,0.016052864111621257,0.004641757143455996,0.01624619137026831,0.5871717041020906
2013-04-25,4.6477766036987305,0.058750239462739856,0.0613037733073497,0.056159142310435894,0.056159142310435894,1.2878373946644535,300124.SZ,0.7028282217481605,0.031809211271545554,-0.9678171698127986,-0.9603415469092358,1.5808024935163583,3.2955605196634616,1.853048366126065,-0.9686623415297004,-0.9640348140022197,0.018567138888950174,0.02717370440400047,0.01992098127511048,0.015569352913532798,1.841507984145038
2013-04-26,4.586874485015869,0.05798041387557636,0.060646610869706394,0.0576424458458655,0.05820572411047945,0.5835227022614538,300124.SZ,1.413874253747688,0.060392077672767365,-0.9633084496199636,-0.9618176440527163,1.3943673937628587,2.5309932901980994,1.8530483661260655,-0.9675961911335387,-0.9632711992835442,0.010540665464967226,-0.0033846335441823114,0.007639570697654921,-0.003964891107938938,-0.9101426892087331
2013-05-02,4.723529815673828,0.05970781197711233,0.06196094109970543,0.05754856702754858,0.05781142986072093,0.24754929742114556,300124.SZ,0.7028282217481605,0.09355123313401327,-0.9584135650490029,-0.9622962705609408,1.6214411053197835,2.1840566282751315,2.0287081547765933,-0.9663420364001948,-0.9623639580297961,-0.002030763579240458,0.006769294667146169,-0.0004835111980884595,0.0088967494544917,-0.42493306839031925
2013-05-03,4.7903733253479,0.060552732051389474,0.06102213149768651,0.059031881272403046,0.05933229670384465,-0.30699790386214004,300124.SZ,1.413874253747688,0.1233999439175044,-0.9532761835848913,-0.9635359079357511,1.7272586753645098,1.8304013953568248,2.0287081547765937,-0.9649498534582297,-0.9614627011296747,0.007833035850209709,-0.004835222296010785,0.007639625855218016,0.00435165594035923,-0.7128565580286832
2013-05-06,4.872069358825684,0.06158542047172532,0.06196094109970543,0.05982046977192009,0.06057150567316789,-0.29413900714044683,300124.SZ,-1.430309874250422,0.1517017004130753,-0.9479733426960206,-0.9652462223761682,1.8532686979069106,1.6600521704268543,2.152916626092476,-0.9631745233645219,-0.9605339152471215,0.006382391940818141,0.004835222296010785,0.004061527158480916,0.005318733494099244,0.03457770187951061
2013-05-07,4.689366340637207,0.059275965129084555,0.061735630864802334,0.05876901308451827,0.06143521543336073,-0.462542479532561,300124.SZ,-0.7192638422508947,0.15378388686044417,-0.9451862328687686,-0.9648267188571931,1.3033739771904502,1.249246904625299,1.7702193448923103,-0.9615776776020847,-0.9598097978767921,0.004448429884808945,-0.0011604323911686123,-0.005415397123422769,-0.011894563008690625,-0.20419608850473667
2013-05-08,5.011695861816406,0.06335036046210568,0.06383853888489356,0.059294744105575406,0.059294744105575406,-0.4525274370215673,300124.SZ,-0.008217810251367088,0.18245100618685234,-0.939935294222989,-0.9650894595751894,1.7901985265520461,1.3801730721930254,2.0551786120462574,-0.9596500409876166,-0.9587756860733224,-0.011024231820618728,0.010830766668063992,0.00270771235110221,0.020984667300610924,0.030831541810497184
2013-05-09,5.292980194091797,0.06571614737950655,0.06642963068248509,0.06047762685485097,0.06233646172768554,0.05918722725485555,300124.SZ,0.7028282217481605,0.21900032048777865,-0.9335005676461394,-0.9659568657444689,2.033034516290212,1.427216038198618,2.365447699701788,-0.9575010823906951,-0.9576015379373491,0.015665988964074725,0.013345096602956004,0.0060922907377213235,0.01218469179056894,0.6917117946116821
2013-05-10,5.135702133178711,0.06376343368835505,0.06549083178989103,0.06222380393287778,0.06498388510003716,-0.030026877947027564,300124.SZ,1.413874253747688,0.22941222331362543,-0.9296751159169638,-0.9646159977705888,1.6183503342107544,1.1886481352376137,2.365447699701787,-0.9554853930174757,-0.9566751462058536,0.013635225384834318,-0.0048351671384476895,0.008993468241378321,-0.010057209424441861,-0.09988130185274481
2013-05-13,5.0585761070251465,0.06280586117398257,0.06376343368835505,0.060740489688023314,0.06376343368835505,-0.13613368609167698,300124.SZ,-1.430309874250422,0.22657754620237058,-0.9272972398484753,-0.9617458854456156,1.4239089350840066,0.9053844493053349,1.852336991063477,-0.9533673712159831,-0.9559486346844666,-0.00628578346905771,-0.0088967494544917,-0.007639625855218016,-0.004931858346552763,-0.12213376788416329
2013-05-14,4.975400447845459,0.06177318346307159,0.06263687715912715,0.06075926866451416,0.06104090511946492,-0.7091000171678501,300124.SZ,-0.7192638422508947,0.21284207224997223,-0.9259266967051272,-0.958330837054882,1.218354673028525,0.7411800200399281,1.8523369910634766,-0.9514159349260812,-0.9553370239815313,-0.014022045374817705,-0.005802189534624609,9.671878688662032e-05,-0.005318678336536149,-0.7371197598048105
2013-05-15,5.277856349945068,0.06552838438816028,0.06556593698642953,0.06077804228629257,0.06177318346307159,-0.43832059259567413,300124.SZ,-0.008217810251367088,0.22608584312147098,-0.9226507784035134,-0.9558856942013472,1.631585431900377,0.895443513451422,2.2184279238562543,-0.9492883944760597,-0.9544513266739101,0.0037715086917287925,0.015085758979099697,9.669120810507296e-05,0.019340696132572305,0.374331961706596
2013-05-16,5.096383571624756,0.0632752606202796,0.06639208343892826,0.06196094109970543,0.06481490108518174,-0.0977910535058698,300124.SZ,0.7028282217481605,0.2159388444158022,-0.9215652083017875,-0.9516908402049512,1.2093749773779228,0.8035702279548367,2.312947731302436,-0.9472179686319774,-0.953678136716361,0.015665988964074826,0.0042549647322541575,0.006092373474066017,-0.011604434226812312,0.4662125837272249
2013-05-17,5.277856349945068,0.06552838438816028,0.06571614737950655,0.061360110236822224,0.06333158684032728,-0.530505549411246,300124.SZ,1.413874253747688,0.2208644804568693,-0.9200965721779518,-0.946857043837107,1.4469938707157775,0.7649550353915116,2.1073740340652263,-0.9451166059924663,-0.9529360659438126,-0.007639625855218067,-0.0034813247522873843,-0.003094504762303998,0.011604434226812312,-0.5523684379733507
2013-05-20,5.590898990631104,0.06941502208454757,0.07003464263334648,0.06556593698642953,0.06556593698642953,-0.2497155204093635,300124.SZ,-1.430309874250422,0.24960814637422354,-0.9167757026097539,-0.9426305658084368,1.8128275981943127,1.0835436561035823,2.575085900382896,-0.9427391876144045,-0.9518433069969274,0.01150774301870724,0.022241873636229304,0.021661588493691077,0.020017644904434004,0.38751875814649905
2013-05-21,5.442695617675781,0.06757497689762869,0.06941502208454757,0.06721823524613943,0.06926481704618298,-0.14916894533590835,300124.SZ,-0.7192638422508947,0.2543878740731313,-0.9156748100248604,-0.9369125651662604,1.4896120058612625,0.9697656318871772,2.575085900382896,-0.9405521523872926,-0.9507158376384552,0.01905062250825709,-0.003191278706753764,0.008509957043289862,-0.009476924281903686,0.15008716715025894
2013-05-22,5.150825023651123,0.06395119132498889,0.06757497689762869,0.06254299834081023,0.06665494627210061,-0.03688979029329171,300124.SZ,-0.008217810251367088,0.2271632773383642,-0.9164546581616206,-0.9312551246563101,0.9073054538388364,0.5965309166978819,1.1880428313383646,-0.9386625924030146,-0.9499175135322099,-0.013441815389842625,-0.009476924281903686,-0.024079227220478016,-0.018663857675836795,0.16554229224830994
2013-05-23,5.087309837341309,0.06316260282547184,0.06534062675152644,0.06252421936431939,0.06423284384407695,-0.31164177556477657,300124.SZ,0.7028282217481605,0.19611505756883196,-0.9182267434391125,-0.9248392270778715,0.7884665021263715,0.4651241108574409,1.1830103947292088,-0.9369324780955666,-0.9491718522157533,-0.01247473783610261,-0.01150774301870724,-9.671878688662032e-05,-0.004061527158480916,-0.34428714902702234
2013-05-24,5.167460441589356,0.06415773864753843,0.06443938045720164,0.06254299834081023,0.06254299834081023,-0.5939700435408216,300124.SZ,1.413874253747688,0.17559951829466441,-0.920868794035764,-0.9169986590124624,0.8940915954659419,0.44144519895099255,1.1830103947292088,-0.9350881325401652,-0.9482574288501721,-0.008703339459500008,-0.004641757143455945,9.671878688662032e-05,0.005125323499107551,-0.3542672554729148
2013-05-27,5.047990322113037,0.0626744297573964,0.06455203825200939,0.06102213149768651,0.06423284384407695,-0.01761848061507757,300124.SZ,-1.430309874250422,0.14526410563836695,-0.9226357706282654,-0.9120835414583462,0.6682045948054793,0.315388529422664,0.7660476481051512,-0.9333603977251763,-0.9474938141314967,0.008703339459500008,0.0005802299849750284,-0.007833035850209709,-0.007639598276436468,0.7768568656191713
2013-05-28,5.141751289367676,0.06383853888489356,0.06440182785893236,0.06139766283509148,0.06438305423715396,0.1285493169116306,300124.SZ,-0.7192638422508947,0.12713456671199355,-0.9229737126215106,-0.9096006430321625,0.7959116731078619,0.34111399347140897,0.7660476481051505,-0.9315493704937379,-0.946713443086131,0.0007736399799667731,-0.0007736399799667731,0.00193412752869848,0.005995599529616302,0.2101832161006441
2013-05-29,4.996572971343994,0.06203604629624394,0.06383853888489356,0.0613037733073497,0.06310627660542417,-0.44371661665924,300124.SZ,-0.008217810251367088,0.0968633469610887,-0.9241963954906774,-0.9065079748587529,0.5250442261247807,0.2193109667240022,0.7397749703475306,-0.9300548564808824,-0.9459653879599561,-0.006575884672154477,-0.002901149924875399,-0.0004835663556515542,-0.009283514286911992,-0.7361971382593988
2013-05-30,5.126628398895264,0.06365077589354728,0.06417651762402928,0.06134133661504381,0.06196094109970543,-0.5429633801409186,300124.SZ,0.7028282217481605,0.08266395567458328,-0.9246624119297465,-0.9043454784164667,0.7056913291336901,0.2773367637958754,0.7937761884684079,-0.9283199831885155,-0.9451215821517381,-0.005898908321511229,0.0017407175337067868,0.000193465152554788,0.008316464311953526,-0.11309714944873757
2013-05-31,5.085797309875488,0.06314382920369344,0.06436427526066313,0.06152909425167765,0.06436427526066313,-0.4962530525397731,300124.SZ,1.413874253747688,0.06554758856207336,-0.9250134668730661,-0.9028720532226058,0.6289916012612604,0.2415417715536506,0.8242970320646528,-0.9265993875295963,-0.9443771175694714,0.012378074206779137,0.0009670223961769704,0.000967022396176919,-0.0026109659854339907,0.07916960752729717
2013-06-03,4.990523338317871,0.06196094109970543,0.06314382920369344,0.06139766283509148,0.06203604629624394,-0.2259534186938363,300124.SZ,-1.430309874250422,0.04134840306053002,-0.9250773722652715,-0.9026432945170626,0.4508730787623403,0.07360171372251961,0.7841756706169349,-0.9250406183973489,-0.9434854355668848,-0.01199125421679575,-0.006285755890276214,-0.0006769211930801528,-0.006092318316502922,0.3736999416637409
2013-06-04,4.747046947479248,0.058937997099373696,0.06196094109970543,0.05799918749735477,0.06196094109970543,-0.22180900183145008,300124.SZ,-0.7192638422508947,-0.0017148600850887706,-0.9248687452971858,-0.9030257058186238,0.02294372270131057,-0.451986824084809,-0.17300628225468262,-0.9239720885087279,-0.9428259500349364,-0.00038681998998338655,-0.006092318316502922,-0.017503425284668184,-0.015569297755969703,0.023098267966079448
2013-06-05,4.769731521606445,0.059219638909036885,0.05978291717365084,0.05826205568523955,0.05906942851595987,-0.5512216252438957,300124.SZ,-0.008217810251367088,-0.034659282798428184,-0.9240054422370179,-0.9057293624298544,0.05833939138735918,-0.6596226709496861,-0.17300628225468223,-0.9231058405907369,-0.9421927957272129,-0.01489237656288955,-0.011217641815610474,0.001353869964941853,0.001450561173046926,-0.41629066424944794
2013-06-06,4.736460208892822,0.05880656568278752,0.05933229670384465,0.05820572411047945,0.05933229670384465,-0.8269157127554044,300124.SZ,0.7028282217481605,-0.06443156263246756,-0.9240347826948194,-0.9085306131116572,0.0004908489297882095,-0.8422064305982123,-0.18818763009253148,-0.9223157466118175,-0.9417894437390704,0.001353869964941853,-0.0023208647823372247,-0.00029012878187831357,-0.0021274823661270787,-0.34552816404784414
2013-06-07,4.972376823425293,0.061735630864802334,0.06194216747792703,0.059125760090719966,0.059125760090719966,0.17853023730878853,300124.SZ,1.413874253747688,-0.0666942579625098,-0.9242593682275047,-0.9091004145130647,0.3666573008806191,-0.44292988639302533,0.3026906904068973,-0.9211544036221434,-0.9411766363019453,-0.0010637411830635394,0.013441815389842677,0.004738531087905711,0.015085786557881243,1.34209549595686
2013-06-13,4.9300312995910645,0.06120988913432035,0.06196094109970543,0.0590131022959122,0.061735630864802334,-0.827348596376346,300124.SZ,0.7028282217481605,-0.07289524494301541,-0.9242920980045839,-0.9097171282249364,0.29019936613902775,-0.6072275136569997,0.2712276262553178,-0.9204595022367362,-0.9406057207055621,0.013441815389842625,9.669120810502158e-05,-0.0005802299849750798,-0.002707767508665253,-1.3073879277540625
2013-06-14,5.105456352233887,0.06338791306037495,0.06383853888489356,0.060646610869706394,0.06104090511946492,-0.20937397601177657,300124.SZ,1.413874253747688,-0.06214113440943774,-0.9241295618797829,-0.9092443562201079,0.5498742343817868,-0.05611780313170385,0.598736944894051,-0.9198716929432128,-0.9397966246262532,-0.003578098696737099,0.009670334276895379,0.008413183098840147,0.011217641815610474,0.8316862008013104
2013-06-17,5.15838623046875,0.06404507549801824,0.06579124722133263,0.06381975990840272,0.06383853888489356,-0.11348847874071778,300124.SZ,-1.430309874250422,-0.04945873785784026,-0.9247379370346333,-0.9091423686087869,0.625809429846605,0.5420190999194775,0.910725994413768,-0.919103017789885,-0.9388738234386658,0.01440886536480109,0.010057181845660313,0.01634291015715493,0.0033846335441823114,0.1439472098077877
2013-06-18,5.140238285064697,0.06381975990840272,0.06436427526066313,0.06132255763855297,0.06389486510494123,-0.25596345124556136,300124.SZ,-0.7192638422508947,-0.0419280788640892,-0.9246076060844783,-0.9090711713958558,0.5906311846584652,0.03540925603535225,0.23260180759524984,-0.9185818424295211,-0.9379809447018893,0.0002901012030967662,-0.007349441915776556,-0.01286153024730445,-0.0011604599699501597,-0.17004092310924296
2013-06-19,5.1810712814331055,0.06432672266239386,0.06496510612354632,0.06271198235566565,0.06271198235566565,-0.39624266596399205,300124.SZ,-0.008217810251367088,-0.033110900163208806,-0.9251362013249608,-0.9089468012027248,0.6517321873880297,0.3039868375192384,0.3326737732143713,-0.9181035020055746,-0.9370401897707442,-0.006092290737721375,0.003094504762303946,0.007156059499566461,0.002611048721778633,-0.16714848927429535
2013-06-20,4.975400447845459,0.06177318346307159,0.06468346966859556,0.06102213149768651,0.06468346966859556,-0.7148860461593052,300124.SZ,0.7028282217481605,-0.0459910830845895,-0.929803201255504,-0.9066308536472011,0.25388662207758766,-0.28124992452249425,-0.09743655081219779,-0.9180797036875237,-0.9361353419853755,0.010153900632546934,-0.0014505335942653784,-0.008703367038281555,-0.01315168660796431,-0.40210452602839175
2013-06-21,5.171997547149658,0.06421407022229852,0.06496510612354632,0.05876901308451827,0.06081559488456183,-0.5885111352793241,300124.SZ,1.413874253747688,-0.03883505860153204,-0.9325186491396096,-0.9048379114210146,0.5521881705099547,-0.2651613286801536,-0.625592066990146,-0.9174538157277354,-0.9350174475244384,-0.019921008853892027,0.0014505335942653784,-0.011604406648030764,0.012571484201770778,0.18411038813094288
2013-06-24,4.899785995483398,0.060834373861052664,0.06477734848691248,0.05933229670384465,0.06383853888489356,-0.598992108047306,300124.SZ,-1.430309874250422,-0.05905347190172566,-0.9330454867177694,-0.9055015283669482,0.06678370034629771,-0.6630688084482996,-0.6255920669901464,-0.9177727084387779,-0.9342083511037905,0.015569297755969703,-0.000967022396176919,0.002901122346093852,-0.017406706497781563,0.003832494628995526
2013-06-25,5.0207695960998535,0.06233646172768554,0.06233646172768554,0.05858125544788442,0.06044007425658171,-0.5366105057518205,300124.SZ,-0.7192638422508947,-0.06443187367279292,-0.9332632184796512,-0.9055862032564863,0.2488803139564008,-0.8382993161989879,-0.7980966297436104,-0.9182010720554717,-0.9333430006667677,-0.017503370127105088,-0.012571484201770778,-0.003868144742270771,0.0077363170633230885,0.09981310720797783
2013-06-26,5.398840427398682,0.06703047760950558,0.06718068264787017,0.06120988913432035,0.06196094109970543,-0.3635166642208141,300124.SZ,-0.008217810251367088,-0.03454664383876913,-0.9309635287633592,-0.9070937904157819,0.7635155639269742,0.7403384305282064,0.05961921335554995,-0.917786985393534,-0.9321209770191036,0.007833035850209709,0.024949558408549864,0.013538451440384602,0.024175946007364637,0.24565242914465257
2013-06-27,5.022281646728516,0.06235523534946395,0.06759375587411953,0.06214869873633927,0.06703047760950558,0.11826600945636569,300124.SZ,0.7028282217481605,-0.04657503553924334,-0.9310238764596749,-0.9071542821376654,0.15314200839588646,0.2849766556589254,0.1247819223675724,-0.9178441006781647,-0.9310844714059153,0.02611001837850002,0.0021274823661270787,0.004835222296010785,-0.024079254799259566,0.652282899998484
2013-06-28,5.291467189788818,0.06569736840301571,0.06815703413873349,0.06102213149768651,0.061228668110811194,0.8348593023832065,300124.SZ,1.413874253747688,-0.03208840207222745,-0.9299427908911759,-0.9076543839000717,0.4936516670626789,0.5914859941928345,-0.13742228221776556,-0.9173467236358519,-0.9298528732020552,-0.029881499491447267,0.0029010947673123043,-0.005802244692187704,0.017213241345226775,0.9615948760849925
2013-07-01,5.820765018463135,0.07226898207002387,0.07226898207002387,0.06909583303132755,0.06918971184964447,-0.5737096562391124,300124.SZ,-1.430309874250422,0.026859934418938237,-0.9217654537380202,-0.9130077721572455,1.0698496859065119,2.444585559982052,0.48589479652802986,-0.9164923758949236,-0.9283531720644582,0.041002367362608025,0.02117807729560262,0.04158259734758311,0.03384628028426002,-1.8378446792113259
2013-07-02,6.124733924865723,0.07604297268102826,0.07949776352938777,0.07422169576117538,0.07604297268102826,1.529065820846354,300124.SZ,-0.7192638422508947,0.09930794562532853,-0.911384511164139,-0.9200492963954101,1.3545257620447813,3.1696893800571004,1.3399225784177098,-0.9148741119855861,-0.9264979944504095,0.03529686903608849,0.037230941407223876,0.026400119581596788,0.019437470077022023,2.7875887428365522
2013-07-03,6.167077541351318,0.07656869834737295,0.07769526023131329,0.07422169576117538,0.07531071040155889,0.5925735886823347,300124.SZ,-0.008217810251367088,0.15751535305773792,-0.9027785373048262,-0.9245935240033543,1.3926304264831624,2.388238893088553,1.3399225784177093,-0.9134747898875516,-0.9247373714668918,-0.0037714259553841504,-0.009283569444475087,0.0,0.0027076847723206112,-1.215986155129785
2013-07-04,6.200347423553467,0.07698177157362232,0.07700054519540074,0.07322656529382121,0.07566745205304815,0.36870133768593744,300124.SZ,0.7028282217481605,0.20307021017376448,-0.8952808210312581,-0.9271881445307638,1.4231028978561073,1.9899392441379262,1.1168304262332152,-0.9125157302258904,-0.9230593340653129,0.001837353584248765,-0.0035780435391740044,-0.005125295920326003,0.0021274823661270787,-0.27726415321161263
2013-07-05,5.838913440704346,0.07249430301435184,0.07801444928453331,0.07249430301435184,0.07801444928453331,0.06125352962402792,300124.SZ,1.413874253747688,0.20199760235635741,-0.8926430920537339,-0.9247063491950065,0.8641228835815795,1.5356288662632251,1.2284760169192461,-0.9118922224372532,-0.921645808712224,0.012087917846119223,0.0052219871284310765,-0.0037714259553841504,-0.023112149666738004,-0.38735679208404156
2013-07-08,5.504698276519775,0.06834479177536733,0.07202489285862994,0.06825091295705041,0.06967788491771992,0.2522475185500076,300124.SZ,-1.430309874250422,0.1669018778865351,-0.89233574112724,-0.9213206523377927,0.4027756154454916,0.6404531739132321,0.336806604958847,-0.9113353485817757,-0.9204154072425537,-0.04293643973374341,-0.030848466730061093,-0.021855053646245865,-0.021371542448157407,0.2692319843652452
2013-07-09,5.577287673950195,0.06924603806969214,0.0698281060202218,0.06721823524613943,0.06830723917709808,-0.08446260778398497,300124.SZ,-0.7192638422508947,0.1428546632759627,-0.8922126942349133,-0.9171802869875522,0.4800337794169745,0.46393338612587454,0.13775400768315949,-0.9105642939359886,-0.9191574774731296,-0.007059340712679841,-0.011314277866152451,-0.005318678336536149,0.004641757143455996,-0.42590353889870214
2013-07-10,5.683148384094238,0.07056036829969117,0.07097344152594054,0.06834479177536733,0.06902072783478905,0.14863866738834633,300124.SZ,-0.008217810251367088,0.13078876489086783,-0.8911539862353377,-0.9147956063101416,0.5923421835759541,0.5768248621296704,0.28334455452766844,-0.9097527824888606,-0.9178217493998648,0.0036747347472790774,0.005898908321511229,0.005802189534624609,0.006769294667146169,0.3246991857981212
2013-07-11,5.810179233551025,0.0721375506534377,0.07378984355843517,0.06924603806969214,0.07056036829969117,-0.29700245718698387,300124.SZ,0.7028282217481605,0.1301888639957746,-0.8898274925139054,-0.9118607625949696,0.7250937462457413,0.7345611182703448,0.6223019563492495,-0.9085533642263796,-0.9163495765620214,0.007929727058314783,0.014505528994124616,0.004641757143455996,0.008123081895743381,-0.5693964628165916
2013-07-12,5.98862886428833,0.07435312717776155,0.07692544535357466,0.071780803647236,0.07230653466829313,-0.11179702354488436,300124.SZ,1.413874253747688,0.14329430414822564,-0.887233161070854,-0.9103915921411107,0.9059438670508365,0.9556621908278686,0.9649181800820888,-0.9072206760615046,-0.9147684865766753,0.008993413083815226,0.01614952774094478,0.013054995399859238,0.011411051810602165,0.26160682039581135
2013-07-15,6.350062847137451,0.07884060109174447,0.08051166226380792,0.07435312717776155,0.07435312717776155,-0.1809337269504405,300124.SZ,-1.430309874250422,0.18376840963746463,-0.8818684737634551,-0.9105868748009227,1.2445484169165024,1.2157836553553036,1.3164890080741622,-0.9050907561190237,-0.9129456255644949,0.01054072062253032,0.01847036494450046,0.013248432973632478,0.02311217724551955,-0.07343368698698878
2013-07-16,6.468020439147949,0.08030513100539567,0.08054921486207717,0.0754796944164143,0.07889693266650456,-0.10033639554137112,300124.SZ,-0.7192638422508947,0.22289652296738732,-0.8762605755302152,-0.910372803737923,1.3481122249685604,1.1541040332153065,1.3200207325059277,-0.9029798734736006,-0.9110114535950934,0.023402306027397866,0.00019340999499169328,0.005802244692187704,0.007542879489549848,0.12380837277979806
2013-07-17,6.156492233276367,0.07643726693078678,0.08073697785342344,0.0762307303176621,0.07914101652318609,-0.5548160614175306,300124.SZ,-0.008217810251367088,0.22113916890428217,-0.8739556398007514,-0.9080955462015384,0.8996432770332295,0.939133807053504,1.338200849409126,-0.9012949756311035,-0.9092987057819277,0.0012571235992737365,0.0009670499749584664,0.0038681171634892234,-0.019920953696328934,-0.5810393207257347
2013-07-18,5.965944290161133,0.07407148536809835,0.07735729220160244,0.07347065450521514,0.07566745205304815,-0.32340460276486505,300124.SZ,0.7028282217481605,0.19846343505439082,-0.8739387626345986,-0.903068334801137,0.6430539426342275,0.5953263973934589,0.7784294403744503,-0.8997600054955988,-0.9077427506279557,-0.01789016253830698,-0.017406651340218467,-0.01421542779102785,-0.012184664211787391,0.32247321966170156
2013-07-19,6.049118995666504,0.07510416307900934,0.07970430014251245,0.07437190079953997,0.07514171567727859,-0.26396934021872787,300124.SZ,1.413874253747688,0.18475805763906336,-0.8731926669455767,-0.8994708892485344,0.7248643816598472,0.6795318201806034,1.0226765760429428,-0.8977109991557995,-0.9061748271080694,-0.002707739929883706,0.012087973003682318,0.004641757143456048,0.005318678336536149,0.09593194470772412
2013-07-22,6.283523082733154,0.07801444928453331,0.07823977022886126,0.07444700599607848,0.07510416307900934,-0.4326328841742752,300124.SZ,-1.430309874250422,0.1921049221774379,-0.8732053373215742,-0.8924057980894162,0.9486857527100551,0.6778089908182129,1.0226765760429433,-0.8953288211141276,-0.9045410743329344,-0.00019340999499169328,-0.007542879489549848,0.00038681998998338655,0.014989067770994624,-0.2045386762866116
2013-07-23,6.412066459655762,0.07961041596948311,0.07998593659746323,0.07660625094564222,0.07754504983823628,-0.38100837158101253,300124.SZ,-0.7192638422508947,0.2061544321856271,-0.8725851761049076,-0.8860414531506161,1.0667661345174768,0.8028555757307265,1.2009530756427258,-0.8926920041234219,-0.9028175548880442,0.012571484201770778,0.008993413083815226,0.0111209230287238,0.008219828261411549,0.08564297860235187
2013-07-24,6.313769340515137,0.07838998062193828,0.08261458634803644,0.07771403385309171,0.07942265833284927,0.5098883790012195,300124.SZ,-0.008217810251367088,0.20449327590689087,-0.8713671336880074,-0.8828026996102796,0.9275567531817689,0.8216320422616253,1.4538037627030878,-0.8905811221566904,-0.901171832722978,0.009670389434458474,0.013538534176729245,0.005705498326519536,-0.006285700732713068,1.191201812510539
2013-07-25,5.820765018463135,0.07226898207002387,0.07754504983823628,0.07134895679920822,0.07754504983823628,0.2765731200326689,300124.SZ,0.7028282217481605,0.15434661091604307,-0.8753309242343051,-0.8741038490893593,0.2850282167205092,0.20208781089807826,0.27299272009977815,-0.8891794198875049,-0.9001173737075711,-0.009670389434458474,-0.02611001837850002,-0.03278253910119648,-0.03152544308070434,-0.2897032646342602
2013-07-26,5.968968391418457,0.07410903796636761,0.07444700599607848,0.07071057333805576,0.07247552939257342,-0.3607651221008895,300124.SZ,1.413874253747688,0.12558446754447497,-0.8777996162563781,-0.8677679841816579,0.43392083072510124,0.10886437951773482,0.16648439637502221,-0.8878205539121198,-0.8991383191862864,-0.026109935642155382,-0.01595609016717149,-0.003287914757295691,0.00947697943946678,-0.821915767230925
2013-07-29,5.607532501220703,0.06962155869767225,0.07424046938295378,0.06928359066796139,0.07424046938295378,0.003167102398348041,300124.SZ,-1.430309874250422,0.06716923885080033,-0.8772012677504126,-0.8695534118448912,0.008778586094552994,-0.1383538804241069,-0.0700627030500827,-0.8871137537070329,-0.898396248413738,0.0090901042919203,-0.0010637411830635908,-0.007349497073339702,-0.023112204824301097,0.49704053730468273
2013-07-30,5.4895758628845215,0.06815703413873349,0.0707293523145466,0.06721823524613943,0.06947134830459524,0.24944654303236036,300124.SZ,-0.7192638422508947,0.008514750922865404,-0.8767141195497498,-0.8733586962765465,-0.12237111034657512,-0.44006004476234356,-0.4007849930388998,-0.8865640190076248,-0.8978576483952068,-0.024562765997347972,-0.01808357253329862,-0.010637356673072298,-0.007542851910768301,0.342058555715772
2013-07-31,5.748176097869873,0.07136773577569906,0.07230653466829313,0.0679504975256088,0.06883297019815521,-0.4092142216722079,300124.SZ,-0.008217810251367088,-0.015127587895364957,-0.8775362738247392,-0.8745326082237198,0.1472351031221371,-0.25351921682497147,-0.21060767342584807,-0.8856715946365066,-0.8971682404124474,-0.003287887178514195,0.008123081895743381,0.0037714259553841504,0.016536320152146622,-0.8500035582033418
2013-08-01,6.074829578399658,0.07542336819636665,0.07600542008275901,0.07149916719228525,0.07350820710348441,-0.2233076394648957,300124.SZ,0.7028282217481605,-0.004828676754896937,-0.8781444713920018,-0.874461645040671,0.46350548488431254,0.18318892636410875,0.20601848219872299,-0.8839414803290582,-0.8962861333073955,0.024079227220478016,0.019050650087038636,0.018276982528290315,0.020888031250068946,0.2625304312994799
2013-08-02,6.288060188293457,0.07807079156871827,0.08051166226380792,0.07698177157362232,0.07698177157362232,0.6391924918089626,300124.SZ,1.413874253747688,0.021543996794809884,-0.8765218076001638,-0.8740687789040633,0.6571307463425857,0.6982703212671172,0.6560418138619685,-0.8821851882110998,-0.8950880474155769,0.017890162538306928,0.023208840874843078,0.028237473165845555,0.013635225384834318,1.153795435999473
2013-08-05,6.297134399414063,0.0781834440088136,0.07885938006823531,0.0760617516575191,0.0779205704662164,-0.005628969878470819,300124.SZ,-1.430309874250422,0.04148773692900125,-0.8759423020816198,-0.8707082091888225,0.6653194852996519,0.5600088167615246,0.50613709459124,-0.8799862528069252,-0.8941425048649947,0.0048351671384476895,-0.00850987430694522,-0.0047384483515610695,0.0005802024061935324,-0.8317732831946186
2013-08-06,6.275961399078369,0.0779205704662164,0.07921612171972459,0.07698177157362232,0.0781834440088136,-0.35612452775058817,300124.SZ,-0.7192638422508947,0.05339365303265402,-0.8756038678860276,-0.8675437475070868,0.6387490027546059,0.5880002889099015,0.5414052024598148,-0.878011020235047,-0.8933645276293475,0.0013538975437234002,0.001837353584248765,0.0047384483515610695,-0.0013538975437234002,-0.44406284993790596
2013-08-07,6.117173194885254,0.07594909386271134,0.0779205704662164,0.07418414316290611,0.0779205704662164,-0.006448171405924479,300124.SZ,-0.008217810251367088,0.04624672292779338,-0.8758185252411893,-0.8650815821370622,0.439573710412907,0.23162877397026718,0.08724354543905988,-0.8768806160768766,-0.8925877464452124,-0.0013538975437234002,-0.006672575880259549,-0.014408837786019544,-0.010153845474983839,0.4782615282300055
2013-08-08,6.055168151855469,0.07517926827554784,0.07677523496049764,0.07472864245102923,0.07566745205304815,-0.47619763631536144,300124.SZ,0.7028282217481605,0.033129178557448034,-0.875899686663323,-0.8637385218850622,0.3624588977467769,0.11033160474194915,0.08724354543905963,-0.875255213690161,-0.8917989972365018,-0.011604406648030764,-0.005898908321511229,0.0028043759804256842,-0.003964891107938938,-0.6011539634472596
2013-08-09,5.899404048919678,0.07324534427031205,0.07585521504439442,0.07168692482891909,0.07437190079953997,-0.35530491655409263,300124.SZ,1.413874253747688,0.006885270464107568,-0.8758796010610447,-0.8642165932771565,0.1704124650350622,-0.35462363343100783,-0.3863576038883575,-0.8742985335209593,-0.8910676984370169,-0.006672575880259498,-0.0047384483515610695,-0.015665988964074777,-0.009960435479992145,0.17688879238867436
2013-08-12,5.931161403656006,0.07363963852007058,0.07632461449069146,0.0719122404185346,0.07324534427031205,-0.20838455699741326,300124.SZ,-1.430309874250422,-0.012147552218874095,-0.8772917862082993,-0.8647012330591032,0.2047260481161964,-0.3020754295418083,-0.3312670871163864,-0.874124807495916,-0.8905506423646127,-0.00580218953462466,0.0024175835692238448,0.0011604599699501597,0.002030763579240458,0.21117455307408212
2013-08-13,6.030972957611084,0.07487885284410624,0.07660625094564222,0.07249430301435184,0.07412781158814602,-0.572632841162477,300124.SZ,-0.7192638422508947,-0.019073194304579245,-0.8798176998334849,-0.8639772829168066,0.31335426459960447,-0.1292754946195286,-0.2975599807823063,-0.8742723557104489,-0.8898109654017828,0.004545038356569376,0.0014505335942653784,0.002997841132980472,0.006382419519599688,-0.46217907892210375
2013-08-14,6.312256336212158,0.07837120700015987,0.07951653715116619,0.07510416307900934,0.0762307303176621,0.22583636025320458,300124.SZ,-0.008217810251367088,0.000207440236757418,-0.8789275261124794,-0.8642235385103005,0.6064920744813689,0.5406457248833515,0.04106970183978157,-0.8740438938932343,-0.8889922930595834,0.010830821825627087,0.014989067770994624,0.01344176023227953,0.017986936482756642,1.069448597222002
2013-08-15,6.306207656860352,0.07829610180362136,0.07942265833284927,0.07716952921025617,0.07829610180362136,-0.41586274055321076,300124.SZ,0.7028282217481605,0.013451115095938646,-0.8776911522884242,-0.8639341854737711,0.5983452214406139,0.6396999302873588,0.04106970183978157,-0.8738773070242606,-0.8884261640586206,0.01063743940941694,-0.0004835111980884595,0.010637411830635393,-0.00038681998998338655,-0.8276602510956058
2013-08-16,6.126245975494385,0.0760617516575191,0.0798920577791463,0.07581766244612517,0.0784838594402552,-0.19146208477093551,300124.SZ,1.413874253747688,0.005865890740586456,-0.8774931512074414,-0.8637725183823707,0.35706800832034824,0.3796069733840942,-0.18380012275806715,-0.8734251450895156,-0.8878851702303708,0.000967022396176919,0.0024175835692238448,-0.006962621925793221,-0.01150774301870724,0.3132380100416132
2013-08-19,6.682765007019043,0.0829713279995257,0.08366604839015068,0.07420291678468453,0.07467231623098156,0.5402662943525712,300124.SZ,-1.430309874250422,0.04958512264492482,-0.8739030859060061,-0.8659322373273555,0.9057827395613712,0.9632557542441549,0.2474596181872114,-0.8715712815642771,-0.8866727218215803,-0.019630880072013714,0.019437470077022023,-0.008316547048298168,0.035586915081622164,0.9815320639118891
2013-08-20,6.722084045410156,0.08345950106760115,0.0835533852406305,0.08131904044924067,0.08261458634803644,-0.11948398516893131,300124.SZ,-0.7192638422508947,0.0855735059330769,-0.8710013479471006,-0.8677424663381149,0.941422802447962,1.4136933125756705,0.2474596181872114,-0.8697697736600589,-0.8853788855890576,0.040905676154502954,-0.0005802575637566271,0.036650711422248794,0.0025142747773289177,-0.8514387572674998
2013-08-21,6.626810073852539,0.08227661831832557,0.08467995247928325,0.08171334005371163,0.08334684862750581,-0.4152200381046426,300124.SZ,-0.008217810251367088,0.10275243032525565,-0.8687229088495035,-0.8688091489430051,0.8117005494927347,1.3450132321044197,0.3725301079081792,-0.8682847789744238,-0.8842238882721708,0.0037714259553841504,0.005802244692187704,0.0020307911580220057,-0.006092290737721375,-0.3719290991922053
2013-08-22,6.886922359466553,0.08550609357706956,0.0859754930233666,0.0818635450920762,0.08261458634803644,-0.431590754409854,300124.SZ,0.7028282217481605,0.1375884617596427,-0.8634808564783912,-0.8695007055167729,1.0516273745524667,1.5408937291757114,0.5142386859768135,-0.8665903618047064,-0.8827684721023565,-0.0037714259553841504,0.006672520722696455,0.0007736124011852257,0.016633011360251696,-0.003925962880143918
2013-08-23,6.794672966003418,0.08436075807135081,0.08642612955731008,0.08201375548515323,0.08509302570553262,-0.3310622047742425,300124.SZ,1.413874253747688,0.15354910693074253,-0.8597808920952059,-0.8696159326824573,0.9242523696137634,1.3586980970185611,0.5634535460614762,-0.8653219287592233,-0.8814602726701842,0.012764894196762471,0.0023209475186818664,0.0007736399799667731,-0.005898908321511229,0.15006342255209276
2013-08-26,6.8324809074401855,0.08483015751764784,0.08565630397014658,0.08317786461265038,0.08411667421466931,-0.7410077049998318,300124.SZ,-1.430309874250422,0.16646587319031814,-0.8574634838552362,-0.8660818784321002,0.959767418245769,1.2733061095054754,0.563453546061477,-0.8645627729331159,-0.8800072503100883,-0.005028577133439383,-0.003964891107938938,0.005995599529616302,0.0024175835692238448,-0.5223752329397577
2013-08-27,7.018491268157959,0.08713961286028861,0.08862291639571822,0.08451096846442784,0.08484893649413869,-0.36465308614304603,300124.SZ,-0.7192638422508947,0.1904412695706471,-0.8552284285500145,-0.8609028691844881,1.132488460165106,1.5035014010904262,0.886028128060639,-0.8636965256938163,-0.8785099422995318,0.0037714259553841504,0.01527916897409139,0.006865985875251243,0.011894563008690625,0.5134043429908887
2013-08-28,6.601101398468018,0.08195742391039312,0.08693308160187636,0.08167578745544236,0.08599427199985743,-0.30796205995225284,300124.SZ,-0.008217810251367088,0.1674743982746102,-0.8555303779895183,-0.8562043795585123,0.5648446537161773,0.8524046904262438,0.35799652832948736,-0.862996864644799,-0.8773106600148624,0.005898908321511229,-0.008703284301936913,-0.014602247781011237,-0.026690220784693557,0.09231700952024273
2013-08-29,6.641933441162109,0.08246437595495941,0.08329051705274572,0.07942265833284927,0.0818635450920762,-0.5429417359598715,300124.SZ,0.7028282217481605,0.15001106842208733,-0.8546703703236553,-0.8543195775404401,0.6050472970787146,0.5095641689595592,-0.03313576505683841,-0.8619330944197883,-0.8760036579995577,-0.02127479608248924,-0.018760576462723416,-0.011604461805593859,0.0026109935642154867,-0.29189577247326387
2013-08-30,6.566319465637207,0.08152557706236535,0.08308398579433346,0.08092474619948214,0.08167578745544236,-0.6479247536444143,300124.SZ,1.413874253747688,0.12638033980445174,-0.8540714632608444,-0.8536014579852592,0.505455571591012,0.4852955672972159,-0.03313576505683815,-0.8611192021228178,-0.8745638010809046,-0.000967022396176919,-0.0010637136042819918,0.0077363170633230885,-0.004835167138447638,-0.1206534181068256
2013-09-02,6.71603536605835,0.08338440122577506,0.08520567814562796,0.08017369958880949,0.0821639605235178,-0.7411938995793755,300124.SZ,-1.430309874250422,0.11885011664179378,-0.8528231521503497,-0.8529253832786484,0.657963340205701,0.6000249067754357,0.22036077373072832,-0.8604385790495498,-0.8730234058607721,0.0025142747773289177,0.01092751303373216,-0.003868172321052318,0.009573643068790307,-0.105222937023538
2013-09-03,6.90960693359375,0.08578773538673275,0.08710206561673178,0.08317786461265038,0.08317786461265038,-0.5959179515568848,300124.SZ,-0.7192638422508947,0.12804180971816065,-0.8504500925822763,-0.8524690885960227,0.8482376495935324,0.8795627831993627,0.4360681073852701,-0.8596556249053914,-0.8713034773011288,0.0052219871284310765,0.009767108221345095,0.015472578969083084,0.012378074206779085,0.20900839814137656
2013-09-04,6.812821865081787,0.08458607366096633,0.08636978727312512,0.08383503240500612,0.08559997239538648,-0.46135983328676794,300124.SZ,-0.008217810251367088,0.12360350563847163,-0.8493045192616218,-0.8502629349243532,0.7144212088286451,0.7499073097818654,0.4360681073852695,-0.8588702912687736,-0.8698468640557858,0.012474765414884159,-0.0037715086917287925,0.0033846611229638585,-0.006189009524607996,0.1948899859900898
2013-09-05,6.8234076499938965,0.08471750507755252,0.08614447703822202,0.08261458634803644,0.08261458634803644,-0.6918479661971634,300124.SZ,0.7028282217481605,0.11838322094869257,-0.8486827641990763,-0.8470750042565951,0.7251912790653124,0.6301438620282661,0.20900528057469758,-0.8572924834820855,-0.8683483589697006,-0.015375860182196463,-0.0011604323911686123,-0.006285755890276163,0.0006769211930801528,-0.2859791402718783
2013-09-06,7.016979217529297,0.0871208392385102,0.08721471805682712,0.0837411535866892,0.08471750507755252,-0.42110814296570453,300124.SZ,1.413874253747688,0.12939001562851848,-0.8483018202188546,-0.841825852444311,0.920346297539285,0.7725121017857979,0.3375786364244284,-0.8556432820986276,-0.8668354913666438,0.010830821825627087,0.005512143489090937,0.005802244692187704,0.012378074206779085,0.3742797955439582
2013-09-09,6.95648717880249,0.08636978727312512,0.08757146506302882,0.08505547310726337,0.08757146506302882,-0.7001716217904974,300124.SZ,-1.430309874250422,0.12968663488561824,-0.8492093236533826,-0.8355415630446298,0.8318647878774174,0.7618339612745187,0.38056666824276536,-0.8535205013122164,-0.86541239111602,0.014698966567897856,0.0018373811630303125,0.006769239509583075,-0.0038681998998338655,-0.3499666050717253
2013-09-10,6.759891510009766,0.08392891122332304,0.08730859687514403,0.08261458634803644,0.08730859687514403,-0.6829726912389105,300124.SZ,-0.7192638422508947,0.109107686352381,-0.8513848113400306,-0.8292862390846966,0.5502651805102223,0.4922530999441514,-0.0785077208808345,-0.8515214697435955,-0.8641305229080728,-0.0013538699649419043,-0.0013538699649419043,-0.012571484201770778,-0.012571429044207683,0.04029475353797665
2013-09-11,6.802236080169678,0.08445464224438017,0.08862291639571822,0.0837411535866892,0.08526200972038804,-0.3351486534671998,300124.SZ,-0.008217810251367088,0.09431908521126586,-0.8518951920242449,-0.8261935185327309,0.5961858507679937,0.6047835884444057,0.08934672691056056,-0.8498627490329171,-0.8628474583072747,-0.010540693043748772,0.006769239509583126,0.005802244692187704,0.0027077123511021583,0.4758215009434514
2013-09-12,6.761403560638428,0.08394769019981388,0.08723349703331797,0.08205130808342248,0.0835533852406305,-0.7262204960979131,300124.SZ,0.7028282217481605,0.0766082249074072,-0.8529907808668283,-0.822594379252226,0.536837877907536,0.3892496508440344,-0.2185955960621564,-0.8487823203246164,-0.8614339329541858,-0.008800058246386577,-0.007156031920784914,-0.008703339459500008,-0.0026109935642155383,-0.49751328953487195
2013-09-13,6.749305725097656,0.08379747980673687,0.08449219484264942,0.08073697785342344,0.08304643319606421,-0.7864410941973735,300124.SZ,1.413874253747688,0.05944456888882654,-0.8574510997552367,-0.8142092923476059,0.5188594431046444,0.14098521602524,-0.45060813231450997,-0.8480564821437804,-0.8601855784236354,-0.0026109935642155383,-0.014118736582922778,-0.006769294667146169,-0.0007736399799667731,-0.061688655352403345
2013-09-16,6.752330303192139,0.08383503240500612,0.08618202963649128,0.08270846516635336,0.08430443185130315,-0.664175027251307,300124.SZ,-1.430309874250422,0.04429204704398668,-0.8574694268612872,-0.8138334391707529,0.5224679294614654,0.32365089580040074,-0.22149407119820755,-0.8473401626114732,-0.8587193895980797,0.006479165885267856,0.008703284301936913,0.010153900632546934,0.00019340999499169328,0.17869787893229003
2013-09-17,6.79013729095459,0.08430443185130315,0.08798453293456576,0.0835533852406305,0.0837411535866892,-0.40943394083501383,300124.SZ,-0.7192638422508947,0.03407749509890096,-0.8574027122970447,-0.8135646356420787,0.5686717423489667,0.47491275531967614,0.012740680700014426,-0.8465310299781128,-0.8573190300277728,-0.0029010947673123043,0.009283569444475087,0.00435165594035923,0.0024175835692238448,0.35320493566325856
2013-09-18,6.805259704589844,0.08449219484264942,0.08623835585653894,0.08336562224928422,0.0837599272084676,-0.6727007862386452,300124.SZ,-0.008217810251367088,0.025767963992915796,-0.8575410226062647,-0.812493842676916,0.5875461521825066,0.3493139810018376,-0.022072153544077558,-0.8454482210986614,-0.8562059238689502,9.669120810507296e-05,-0.008993468241378321,-0.0009670499749584664,0.0009670499749584664,-0.329157972503798
2013-09-23,6.9383392333984375,0.08614447703822202,0.08730859687514403,0.08447341586615857,0.08447341586615857,-0.6786803838523982,300124.SZ,-1.430309874250422,0.0298625908480545,-0.8572124126673968,-0.8126157465340742,0.7530757492224723,0.5753871700046386,0.11786635493111702,-0.8440584183278471,-0.8546894664046629,0.0036747347472790774,0.005512143489090886,0.00570555348408263,0.00850987430694522,0.009762078429380823
2013-09-24,7.484273433685303,0.09292263802777974,0.09312916928619198,0.08533710956221413,0.08593794042509734,-0.13658288819612086,300124.SZ,-0.7192638422508947,0.08148860413339207,-0.8493501580529089,-0.8182868174922721,1.3489716774902694,1.5051959511074333,0.7956042945270296,-0.8415643885306814,-0.8529539775698416,0.007542851910768301,0.029978135541989297,0.004448347148464303,0.034910076624886655,0.7317345740040138
2013-09-25,7.387487888336182,0.09172096559258847,0.09453737297979552,0.08991847300393883,0.09143931842821285,-0.5884907201054027,300124.SZ,-0.008217810251367088,0.11082700408734342,-0.8450453524718097,-0.8204878556443179,1.186826610241376,1.8380853044853673,0.9408868062312634,-0.8392726420615284,-0.8517140008612976,0.028334164373950626,0.007252778286453082,0.023595743601171105,-0.00618906468217109,-0.5776514882290473
2013-09-26,7.364802837371826,0.09143931842821285,0.09572026108378351,0.09089481914008973,0.09089481914008973,-0.47699888068314517,300124.SZ,0.7028282217481605,0.12916455578516708,-0.8422081803848411,-0.8220377352107691,1.148582657912695,1.9730488947879303,1.0605194180033153,-0.837173659593168,-0.8507325528716334,-0.0028043759804256842,0.006092318316502922,0.0050285495546578355,-0.0014505887518284732,0.16450517497007425
2013-09-27,7.112252712249756,0.08830372734249821,0.09143931842821285,0.08732737585163489,0.0913829975628776,-0.31680183026020775,300124.SZ,1.413874253747688,0.11759503197701485,-0.8414469953701614,-0.8203225788334221,0.735721982155326,1.0004044539828703,0.39244359281078967,-0.8359147465535969,-0.8499844974041194,0.0025143023561104653,-0.02204846364123756,-0.018373673736395386,-0.016149472583381688,0.22866370880670941
2013-09-30,7.541739463806152,0.09363612133075827,0.09363612133075827,0.08751513348826873,0.08896088442542907,-0.175278314105178,300124.SZ,-1.430309874250422,0.14527034148500728,-0.8369665348471221,-0.8209720228378365,1.184167143503158,1.487813199629149,0.6275133011759797,-0.833970451455839,-0.8489228573008961,-0.012474792993665705,0.011314360602497093,0.000967022396176919,0.02746383318587878,0.20406538440646407
2013-10-08,7.969714164733887,0.09894974169723993,0.10232943270377337,0.0976542011531566,0.09951302531656632,-0.02954421953749515,300124.SZ,-0.7192638422508947,0.203238977590326,-0.8281329915814456,-0.824140881631795,1.5674998168199792,2.7951071835961563,1.4104318031212635,-0.8310694768675709,-0.8472364417359722,0.05434749154434558,0.044773820896773724,0.0522200091782185,0.027367141977773707,0.20961190667810028
2013-10-09,8.089184761047363,0.10043306129680683,0.10289270561367489,0.09707213320262695,0.09763542753137819,-0.0495097816853833,300124.SZ,-0.008217810251367088,0.2559905256263817,-0.8193899085110249,-0.8273581631567076,1.6661341339214664,2.282685493940318,1.3096682516633305,-0.8288562617938744,-0.8451909584680106,-0.009670334276895379,0.0029010671885307568,-0.0029978687117620194,0.0076396534339995634,-0.008661391264421768
2013-10-10,8.272171974182129,0.10270494797704105,0.10826265755491664,0.09951302531656632,0.09986976696805558,-0.31812123768782186,300124.SZ,0.7028282217481605,0.3098778031300715,-0.8099348329341287,-0.8314611349192084,1.8129180932376971,2.228431017141564,1.7152756500666388,-0.8264169671101885,-0.8430581030226901,0.011507687861144145,0.027657270759652023,0.012571511780552326,0.01170107027735429,-0.33619833580173
2013-10-11,8.786345481872559,0.10908881471684023,0.1111541701386622,0.10253596396218564,0.10345599994242613,-0.22364295357569125,300124.SZ,1.413874253747688,0.394411842307319,-0.7957696137264458,-0.8379535629023229,2.1835651471958712,2.2090454077222255,1.911294469740818,-0.8230186127648417,-0.8406020873614474,0.018470447680845103,0.01489237656288955,0.015569270177188258,0.032879313045646195,0.1420935122009507
2013-10-14,8.71224308013916,0.1081687787365997,0.11169868013621018,0.10661037535934405,0.1098398452633756,-0.41949677806756264,300124.SZ,-1.430309874250422,0.4480469709885287,-0.7853401267112489,-0.8405134174916726,2.0658689758379345,1.9127879500870233,1.9473387718783266,-0.8201461948008516,-0.8383052581691168,0.03287920273052,0.002804431137988779,0.020984750036955463,-0.004738531087905814,-0.2403559635537379
2013-10-15,8.597311973571777,0.10674180142121778,0.11059088651933581,0.10548380812069127,0.10871328873414769,-0.46675469662138175,300124.SZ,-0.7192638422508947,0.47311806119744454,-0.7775701336254562,-0.8415383275228039,1.883929807504548,1.506955884222512,1.7487169899598742,-0.8173094739745924,-0.8362406254474245,-0.005802189534624609,-0.0057055534840827335,-0.005802244692187704,-0.0073494694945580525,-0.044613141312830035
2013-10-16,8.449109077453613,0.10490175087958649,0.10753038992073484,0.10063959255521908,0.10570911300088194,-0.5227115276109157,300124.SZ,-0.008217810251367088,0.4724732536795086,-0.7721311061100496,-0.8402871098982818,1.6536169510700651,1.0628250420517966,0.9503241402190461,-0.8147654680488654,-0.8345793440311969,-0.015472634126646177,-0.015762707750961294,-0.024949530829768318,-0.009476951860685234,-0.05607206852784496
2013-10-17,8.170849800109863,0.10144695467651454,0.10891983070198481,0.10063959255521908,0.1043947988350202,-0.11534974175441896,300124.SZ,0.7028282217481605,0.439761515352588,-0.7697188476890879,-0.8359161188029278,1.2426051851327717,0.89017029591113,1.0621553417237135,-0.8129520613249674,-0.8332316475920178,-0.006769211930801528,0.007156142235911104,0.0,-0.0177934989089834,0.5542495489197035
2013-10-18,8.181434631347656,0.10157839144781314,0.10298658443199181,0.09891219445368311,0.10262984278050254,-0.41805283125121073,300124.SZ,1.413874253747688,0.4087867788826192,-0.7677436159707187,-0.831196403395608,1.2517920734411305,0.6243783360208,0.7924835551909374,-0.8104651706838711,-0.8316290136605445,-0.009090187028264942,-0.030558448263308967,-0.0088967494544917,0.0006769487718617001,-0.38110665620841283
2013-10-21,8.544382095336914,0.10608464969299934,0.10811244716183963,0.10176614908444699,0.10214167506713953,-0.5968461933276576,300124.SZ,-1.430309874250422,0.4118383190788149,-0.7642787703321838,-0.8261595492694501,1.5543456864520064,0.845730003147832,1.1995998358064925,-0.807471381637167,-0.8295883180120198,-0.0025142471985473702,0.026400119581596788,0.01469893898911631,0.023208923611187718,-0.21788251086438645
2013-10-22,8.015082359313965,0.09951302531656632,0.10700466425439013,0.09891219445368311,0.10608464969299934,-0.3975502612675647,300124.SZ,-0.7192638422508947,0.3596927131706404,-0.7646925972748029,-0.8192268361463857,0.8363258021656435,0.5277293260986331,0.7744845821223206,-0.8051915339876939,-0.828032362516709,0.020307801265093867,-0.005705498326519536,-0.01469893898911631,-0.03384633544182311,0.28016799077064586
2013-10-23,8.058940887451172,0.10005752460468943,0.10176614908444699,0.09763542753137819,0.10030161381608337,-0.6363782999766229,300124.SZ,-0.008217810251367088,0.3174553528297141,-0.7656879609436796,-0.8114067349658008,0.8748025574784093,0.3414987501036666,0.5902319275735858,-0.8030782725285031,-0.826627215326965,-0.029784808283342196,-0.026980321987790323,-0.006575829514591382,0.0028043759804256842,-0.29696515424008346
2013-10-24,8.166312217712402,0.1013906338111793,0.1038690731686755,0.09971955657497857,0.10045183491858524,-0.7127548112469916,300124.SZ,0.7028282217481605,0.2892868656588172,-0.766986248244866,-0.8028783136652722,0.9695330482823898,0.4305965978226176,0.7643608030506385,-0.8011006584280906,-0.8252388241225724,0.0007736951375298678,0.010830849404408633,0.01073404788117737,0.00686601345403279,-0.08297056093377923
2013-10-25,8.015082359313965,0.09951302531656632,0.1012967549928624,0.0957578190367652,0.1012967549928624,-0.25488008146425556,300124.SZ,1.413874253747688,0.24874767826115218,-0.7698193879036621,-0.7934044615553035,0.7715968613946339,0.19974614675348284,0.2092163046189207,-0.799208718272662,-0.8238923247589219,0.004351655940359333,-0.013248405394850829,-0.020404437315635845,-0.009670389434458474,0.6207893781390954
2013-10-28,7.910737037658691,0.09821748477248297,0.10120287617454544,0.09725989083926079,0.10024528224132327,-0.8510502719081928,300124.SZ,-1.430309874250422,0.20327748013656033,-0.7730001741013612,-0.7847342054169011,0.6370391240216319,0.17422446578328135,0.2092163046189217,-0.7974976419409631,-0.8222382240891719,-0.005415479859767514,-0.000483511198088665,0.007736234326978447,-0.006672520722696455,-0.7676858032691626
2013-10-29,8.169336318969727,0.10142818105473612,0.10428214639492486,0.09378633172383528,0.09827380563781822,-0.3848804268087086,300124.SZ,-0.7192638422508947,0.18774515527008423,-0.7730925280799883,-0.7811358475491049,0.8774553383178515,0.21703873847754737,-0.2538010288303778,-0.7956842352170651,-0.8204967512420628,-0.010153845474983839,0.015859398959066573,-0.01789013495952538,0.016536292573365075,0.631716390378524
2013-10-30,8.544382095336914,0.10608464969299934,0.10683568023953471,0.09971955657497857,0.10041427696560355,-0.33820485279795104,300124.SZ,-0.008217810251367088,0.20652389637618312,-0.7722406310906644,-0.7762365204498103,1.1974755051909967,0.5130348810466624,-0.013848290190956448,-0.7931854437202146,-0.8181723927259618,0.01102423182061878,0.013151659029182763,0.03055833794818278,0.023982563591154492,0.0791238272224995
2013-10-31,7.898637294769287,0.09806727437940596,0.10587809701573739,0.0976542011531566,0.10516461371275881,-0.343622111373522,300124.SZ,0.7028282217481605,0.1583616345081877,-0.7741276006785437,-0.771312214973811,0.42175716301247945,0.2022685212089992,-0.2807846382204259,-0.7913934544645255,-0.816265749056314,0.024466019631679752,-0.004931913504115755,-0.010637356673072298,-0.04129249614448634,0.010502837938837849
2013-11-01,7.5931572914123535,0.09427451014662316,0.09947546736358463,0.0938802105421522,0.0957578190367652,-0.19951126210619616,300124.SZ,1.413874253747688,0.08950451238067988,-0.7779936495467523,-0.7643456435051547,0.0999128360426479,-0.20605442342324728,-0.7415877426008928,-0.7901488197370933,-0.8148055449257237,-0.048448528065271154,-0.03297594909618828,-0.019437470077022023,-0.019534161285127093,0.20747363365990804
2013-11-04,7.633990287780762,0.09478147290061431,0.09647130233974374,0.09200261275696409,0.09434960463373682,-0.38228326163940685,300124.SZ,-1.430309874250422,0.036975907111972565,-0.778547918468842,-0.7632281236035022,0.13772905591819398,-0.3740912629162877,-0.9589396848990646,-0.7887756747708775,-0.8135715525708064,-0.0072528334440161765,-0.015472578969083084,-0.009670334276895379,0.002611048721778633,-0.22312350131795253
2013-11-05,7.791265487670898,0.09673416517291608,0.09725989083926079,0.09299774322431824,0.09389898416393062,-0.5994335264399537,300124.SZ,-0.7192638422508947,0.00851706028252467,-0.7781950226627621,-0.7645495946551847,0.2833896214456886,-0.3145366697250508,-0.8759669185483272,-0.787135994072023,-0.8123818462076883,-0.0023208647823372247,0.004061527158480916,0.005125295920326003,0.010057099109315671,-0.26840939681214154
2013-11-06,7.535691261291504,0.09356101613421977,0.09669661792935927,0.09277242763470271,0.09577659265854362,-0.15464465002812383,300124.SZ,-0.008217810251367088,-0.038618810971438294,-0.7768657376357246,-0.7689225831633154,0.013509266878567372,-0.5036824153183073,-0.9029584986144016,-0.7859032588429621,-0.811401594952214,0.009670389434458474,-0.0029010671885307568,-0.0011604599699501597,-0.01634291015715493,0.6035516093453865
2013-11-07,7.379926204681396,0.09162708677427155,0.09476267785998618,0.0901437778841295,0.09329815330104742,-0.4676910634948189,300124.SZ,0.7028282217481605,-0.09069765301600068,-0.7755969924519542,-0.7749508149484547,-0.14506876655041262,-0.7897806966214794,-1.2140772652902203,-0.7849751373341132,-0.8105278660105073,-0.012764894196762471,-0.009960518216336787,-0.013538534176729245,-0.009960463058773694,-0.3947317383561333
2013-11-08,7.372364044189453,0.09153320795595463,0.09250956480153037,0.09031276189898493,0.09031276189898493,-0.848454677136885,300124.SZ,1.413874253747688,-0.1324651062945905,-0.7787926232258108,-0.7784220880612706,-0.15281233237632924,-0.9370791399968087,-1.2140772652902212,-0.7840827129629947,-0.8095344486309121,-0.01537588776097801,-0.011604379069249217,0.0008703311880718461,-0.0004835111980884595,-0.4839344374002477
2013-11-11,7.564423561096191,0.09391775778570903,0.09664028635459916,0.091251560791579,0.09155198157773303,-0.6936537873338607,300124.SZ,-1.430309874250422,-0.147372203652354,-0.7830323301610013,-0.7793175522433995,0.04016754828120577,-0.7149779816871126,-0.7530675947641811,-0.7830974761695149,-0.8083399539656794,0.006382447098381236,0.021274768503707693,0.0048351671384476895,0.012281327841110917,0.2215554395556886
2013-11-12,7.637012958526611,0.09481902014417114,0.09572026108378351,0.0933357112540291,0.09463125179811244,-0.7853874936997791,300124.SZ,-0.7192638422508947,-0.15202052815475334,-0.7870326010588132,-0.779537271279894,0.11214984615064204,-0.6655686829330891,-0.7530675947641818,-0.782857116211312,-0.8069647288854076,0.01585939895906647,-0.004738475930342617,0.01073415819630356,0.004641839879800639,-0.10320032897974615
2013-11-13,7.032101154327393,0.08730859687514403,0.09194627047277913,0.08535588853870497,0.09194627047277913,0.5306853644696448,300124.SZ,-0.008217810251367088,-0.21070700933208,-0.787445791756488,-0.7862743904164466,-0.5022913065602835,-1.436033731812602,-0.8853844033991082,-0.7834163688805574,-0.8060933940947581,-0.013828662958607558,-0.019437470077022023,-0.041099086149494646,-0.03868150258027085,1.7512789608218544
2013-11-14,7.213575839996338,0.08956172599773714,0.09008745701879427,0.08599427199985743,0.08599427199985743,-0.3947443697214147,300124.SZ,0.7028282217481605,-0.23894878178877607,-0.7879542657374484,-0.7905578046855252,-0.3178833216429573,-1.3329421266636523,-0.8853844033991074,-0.7836543473102264,-0.8051574267830499,-0.03065502915628785,-0.009573587911227211,0.003287914757295691,0.011604461805593859,-1.2014137174802297
2013-11-15,7.487297058105469,0.09296018527133657,0.09440593620849691,0.0901250042623511,0.0901250042623511,-0.41887974821228685,300124.SZ,1.413874253747688,-0.23455662118849868,-0.7897699575122804,-0.7919734238938847,-0.051383162883743165,-0.8910275100676357,-1.1779266017701182,-0.7830641571668606,-0.8042274448489849,0.021274823661270786,0.02224179089988461,0.021274823661270786,0.017503342548323593,-0.014154218365204915
2013-11-18,7.647598743438721,0.09495044620604488,0.09744765918531949,0.09296018527133657,0.09296018527133657,-0.7267281443190013,300124.SZ,-1.430309874250422,-0.2150475568166329,-0.7953420317262994,-0.7900333540023277,0.09871733873826188,-0.5930858285048299,-0.8628351456372634,-0.7828975709765783,-0.8031658050871004,0.014602247781011237,0.015666016542856324,0.014602247781011237,0.010250591840652006,-0.387884479801621
2013-11-19,7.670283317565918,0.0952320933704205,0.09594557667339904,0.09406796817878606,0.09406796817878606,-0.8064609374933135,300124.SZ,-0.7192638422508947,-0.19653689481135916,-0.7966074137188779,-0.7903119303206103,0.12002521179828925,-0.5669975337550116,-0.8628351456372639,-0.7833687702083808,-0.8019437817807751,0.005705498326519536,-0.007736289484541542,0.005705498326519536,0.0014505887518284732,-0.0873917331589941
2013-11-20,7.499395847320557,0.09311039566441358,0.09611456068825447,0.0902564410336497,0.0952320933704205,-0.44138368802196404,300124.SZ,-0.008217810251367088,-0.19677048669297995,-0.7983812283661084,-0.7910907003566111,-0.059494266369816126,-0.7581943094690281,-1.2570682612807866,-0.7842968930746128,-0.8012974616902698,0.005995682265960944,0.0008703311880718461,-0.01963079733566907,-0.010927540612513706,0.49854885893819345
2013-11-21,7.863856792449951,0.09763542753137819,0.09932526767993248,0.09547618258181444,0.09772930634969511,0.15145227436811884,300124.SZ,0.7028282217481605,-0.16259440486617477,-0.8003806212357523,-0.7902960623651276,0.2841651931804763,-0.21239190903263422,-0.9538636991304389,-0.7849394374816162,-0.8003938099564131,0.012861585404867544,0.01653634773092817,0.02688363077968525,0.023305614819292792,0.798571480525462
2013-11-22,7.863856792449951,0.09763542753137819,0.09857422642397225,0.09688437556599311,0.09763542753137819,-0.5022232960437361,300124.SZ,1.413874253747688,-0.13527048983349238,-0.8012691412608172,-0.7900286170958584,0.2841651931804763,-0.14560381324486618,-0.9538636991304391,-0.7863911152006716,-0.7994147547524507,-0.0004835111980884595,-0.003868144742270771,0.007252723128889987,0.0,-0.843436647802178
2013-11-25,7.862344264984131,0.09761665390959977,0.09819870044127971,0.09440593620849691,0.09744765918531949,-0.31899062367290837,300124.SZ,-1.430309874250422,-0.11376512698531367,-0.8015235492634285,-0.7899779850187659,0.28246959323508497,-0.22899026927751193,-1.2325961149336608,-0.7877285609930822,-0.7986427608464135,-0.0009670775537400137,-0.0019340999499169328,-0.012764894196762471,-9.669120810507296e-05,0.2590081360215105
2013-11-26,8.31753921508789,0.10326824230579229,0.1055213553642481,0.09594557667339904,0.09761665390959977,-0.28898100079022515,300124.SZ,-0.7192638422508947,-0.055182294906042394,-0.8000379179986655,-0.7909583778063216,0.6943097486342905,0.5397251208014596,-0.5051627222549729,-0.7881688227507642,-0.7974374935254396,0.0008703863456349408,0.03771442502653079,0.007929727058314783,0.0291078043539174,0.057170057443012394
2013-11-27,8.373494148254395,0.10396295198699242,0.10702344858559341,0.10300536876319506,0.10339966836766604,-0.7156223579839476,300124.SZ,-0.008217810251367088,-0.004829232703317791,-0.8022753475240763,-0.7892153135372946,0.742158221272578,1.0093993612167764,-0.3695992417356556,-0.7882878123049444,-0.7962178636874938,0.029784697968216006,0.007736344642104636,0.03636058264037038,0.003578015960392457,-0.5443683971662023
2013-11-28,8.50355052947998,0.10557768693900822,0.10702344858559341,0.10304291600675189,0.10326824230579229,-0.6881993171536505,300124.SZ,0.7028282217481605,0.045297477827567406,-0.7967605671551287,-0.7925755695655011,0.8534808670608292,1.0699888367848116,-0.3695992417356567,-0.7877642560947382,-0.7950425191586696,-0.0006768936142986054,0.0,0.0001933824162101459,0.008316491890735177,0.05376279754782535
2013-11-29,8.76366138458252,0.10880716755246461,0.11000882927823101,0.10477031410828788,0.10600954449646081,-0.392511878277578,300124.SZ,1.413874253747688,0.10660209866404634,-0.7881537728669301,-0.7966661459421993,1.068358852579156,1.3499618686064154,-0.099655943454426,-0.7868480334055689,-0.7933309684210328,0.014118736582922675,0.015375832603414812,0.008896749454491804,0.01663303893903314,0.40714285905590897
2013-12-02,8.166312217712402,0.1013906338111793,0.10497685607612502,0.09857422642397225,0.10497685607612502,0.1389547740195555,300124.SZ,-1.430309874250422,0.09733435375493418,-0.7862444098589731,-0.7961844170139377,0.38146774448490345,0.49905466169086804,-0.8068986238287347,-0.7874429838912365,-0.7921245043658691,-0.0053187334940990386,-0.02591655322594503,-0.031912180334343086,-0.03819793622461925,0.7177307475272108
2013-12-03,8.31753921508789,0.10326824230579229,0.10383151521569381,0.09763542753137819,0.10101510782848676,-0.44311877297075986,300124.SZ,-0.7192638422508947,0.10152692978397299,-0.7837009398934248,-0.7964742623680001,0.5108966586357836,0.49122101668528645,-0.9069702195086002,-0.7869670229597492,-0.7907385069711947,-0.020404492473199042,-0.005898935900292879,-0.0048351671384476895,0.009670389434458474,-0.7491165381449533
2013-12-04,7.969714164733887,0.09894974169723993,0.1032119107310322,0.09784195878979043,0.10231064837257009,-0.4448686060050641,300124.SZ,-0.008217810251367088,0.07045316042483979,-0.7830199081776337,-0.7950584380867645,0.14773664785463092,0.256757267388779,-0.9069702195086001,-0.7871074306608297,-0.7897462863257895,0.006672520722696455,-0.0031911959704090703,0.0010637136042819918,-0.0222419012150108,0.01533387430739846
2013-12-05,7.863856792449951,0.09763542753137819,0.09894974169723993,0.09202138637874249,0.09894974169723993,0.05106294392857983,300124.SZ,0.7028282217481605,0.03429207268114335,-0.7830148340697328,-0.7925986871343348,0.0416226800712187,-0.2812799894456882,-1.0376861195037077,-0.787583390234934,-0.7889910490877814,-0.01730993255333185,-0.021951772433132486,-0.029978135541989248,-0.006769211930801528,0.6709209704923794
2013-12-06,7.782192230224609,0.09662151273282076,0.09725989083926079,0.09502555140258338,0.09613333431003288,-0.8333261456448895,300124.SZ,1.413874253747688,-0.003223966814237612,-0.7833208288876881,-0.7901531070980177,-0.040474013618436985,-0.2542857796720333,-1.037686119503707,-0.7879498795820782,-0.7882238438251977,-0.014505556572906165,-0.008703367038281555,0.015472578969083084,-0.005222042285994171,-1.1473515846555056
2013-12-09,7.871417045593262,0.09772930634969511,0.09876198406060609,0.0957578190367652,0.09632109194666671,-0.8293136422139952,300124.SZ,-1.430309874250422,-0.025703127033139293,-0.7831711447841849,-0.7887637997464528,0.04474919267798127,-0.07570626300532157,-1.19763486306569,-0.7880117545303192,-0.7873943998512736,0.000967022396176919,0.007736344642104636,0.003771453534165698,0.00570555348408263,0.02292450067949968
2013-12-10,7.865368366241455,0.0976542011531566,0.09819870044127971,0.09481902014417114,0.09688437556599311,-0.9009131393431098,300124.SZ,-0.7192638422508947,-0.04488196297163988,-0.7830155738793385,-0.7877820470941539,0.03834298329929423,-0.14271456219309633,-1.0999728814128962,-0.7884900935968829,-0.786722945270733,0.002901122346093852,-0.002901122346093852,-0.0048351671384476895,-0.00038681998998338655,-0.07667788265310278
2013-12-11,7.878979682922363,0.09782318516801203,0.10041427696560355,0.09632109194666671,0.09650886029272542,-0.9212710961549649,300124.SZ,-0.008217810251367088,-0.05945367195840081,-0.7856576845722423,-0.7803806077951679,0.052012710598193436,0.11071013764970793,-1.208425266410567,-0.7895372060172953,-0.7859928425227601,-0.001934044792353838,0.011411051810602165,0.007736234326978447,0.0008703311880718461,-0.009178285982834775
2013-12-12,8.060452461242676,0.10007629822646784,0.10101510782848676,0.09669661792935927,0.09763542753137819,-0.7807705918757343,300124.SZ,0.7028282217481605,-0.05485639211619792,-0.7873568663299652,-0.7740807016345971,0.23393689182013053,0.3073101578943358,-1.1442148103289,-0.7892825691043361,-0.7849635190214053,0.005802244692187704,0.003094504762303998,0.0019340999499169328,0.011604379069249217,0.20271778851887368
2013-12-13,8.285781860351562,0.1028739319918965,0.1032119107310322,0.09887463650070143,0.09960690413488324,-0.7751735568689426,300124.SZ,1.413874253747688,-0.03127123968219191,-0.7869043125945643,-0.7705410102840172,0.45083802753099766,0.6531039967429262,-0.9115580296614775,-0.7881926217475066,-0.7837893719094486,0.010153845474983839,0.011314360602497093,0.011217614236828925,0.014408865364801194,0.025011776776630468
2013-12-16,7.954592227935791,0.09876198406060609,0.10326824230579229,0.09819870044127971,0.1032306843528106,-0.7219062031394854,300124.SZ,-1.430309874250422,-0.04411242950875951,-0.7872597364681431,-0.7685616418148388,0.07694590748184556,0.35684039775167314,-0.9899836262428636,-0.7876881055491243,-0.782845027117073,0.01866383009705525,0.00029012878187831357,-0.0034813247522873843,-0.021178077295602723,0.08780706487688386
2013-12-17,7.863856792449951,0.09763542753137819,0.0993064833487292,0.09688437556599311,0.09893096807546152,-0.7204973513043896,300124.SZ,-0.7192638422508947,-0.06329636585174503,-0.7876427377783566,-0.7671279503928186,-0.02128336934166234,-0.005128989218160678,-1.142864397212882,-0.7875738736224794,-0.7819629200120213,-0.02214515484934263,-0.020404547630762035,-0.006769267088364623,-0.005802189534624609,0.01949475536938254
2013-12-18,7.683895111083984,0.09540107738527592,0.09780441154623362,0.09500677778080498,0.09763542753137819,-0.8607235138818943,300124.SZ,-0.008217810251367088,-0.09541322313246804,-0.7885789587954294,-0.7650942193419031,-0.2132226378501071,-0.3272909196716001,-1.189606212646634,-0.7873406521416546,-0.7812256365175707,-0.006672520722696455,-0.007736234326978447,-0.009670334276895379,-0.01150774301870724,-0.16707860460469262
2013-12-19,7.652137279510498,0.09500677778080498,0.096828043991233,0.0944434941614786,0.09611456068825447,-0.7553493305405102,300124.SZ,0.7028282217481605,-0.12370611110453497,-0.7880562772833934,-0.7667835488237007,-0.246943032382605,-0.46441914844234927,-1.1255272999580321,-0.7869122878462693,-0.7805434099639667,-0.007833035850209709,-0.005028659869784025,-0.002901122346093852,-0.0020307911580220057,0.15644649220078818
2013-12-20,7.587109088897705,0.09419940495008465,0.09594557667339904,0.09346713731590285,0.09500677778080498,-0.7927588053270417,300124.SZ,1.413874253747688,-0.15173154052856763,-0.7873438060112901,-0.769025916479548,-0.31709126488075834,-0.6508742976401823,-1.0135003926336545,-0.7865743564807862,-0.7799246188558927,-0.005705498326519536,-0.004545038356569376,-0.0050286047122209306,-0.004158273524149084,-0.03163995631476285
2013-12-23,7.712627410888672,0.0957578190367652,0.09662151273282076,0.09237812803023177,0.09481902014417114,-0.8815196800122356,300124.SZ,-1.430309874250422,-0.1617543651281555,-0.7871423358223194,-0.7700240944209494,-0.17663004584764627,-0.5927338884570088,-0.8886269231167897,-0.7863411349999612,-0.7793118114187677,-0.000967022396176919,0.0034813247522873843,-0.005608807118414463,0.008026418266419855,-0.09928426911552095
2013-12-24,7.803364753723144,0.09688437556599311,0.09834891083435672,0.0944434941614786,0.09540107738527592,-0.6809190203318634,300124.SZ,-0.7192638422508947,-0.16074806035034092,-0.78863738569007,-0.7708973673176506,-0.07586868182915599,-0.31284536692135334,-1.1062866204570785,-0.7860793582522411,-0.77905926841887,0.002997813554198925,0.0088967494544917,0.010637411830635393,0.005802189534624609,0.28188668594624255
2013-12-25,8.134552001953125,0.10099633420670835,0.10127797066165911,0.09649007596152215,0.09684682832243628,-0.5648384779712785,300124.SZ,-0.008217810251367088,-0.1290620163737771,-0.7900984641931458,-0.7704079686861839,0.2748898677377623,0.19091884884697755,-1.0881012912118313,-0.7843444842811828,-0.7784680052692107,0.007446160702663227,0.015085758979099697,0.010540665464967226,0.021178132453165712,0.17054979415324192
2013-12-26,8.120944023132324,0.10082735019185292,0.10223555388545646,0.09857422642397225,0.10094000263194826,-0.5538686334799621,300124.SZ,0.7028282217481605,-0.1053192354863888,-0.7929760610909296,-0.7689957931813844,0.25842963534559027,0.32344052691383857,-0.9763814990128674,-0.7829166048801786,-0.7778695603490575,0.021081386087497545,0.00493191350411596,0.01073415819630356,-0.0008703311880718461,0.03208928598002694
2013-12-27,8.438522338867188,0.10477031410828788,0.1064226177227102,0.09932526767993248,0.09962567775666165,-0.4379485448274549,300124.SZ,1.413874253747688,-0.057699574004220995,-0.7974387372144305,-0.7654391368448126,0.5762285054323739,0.8500667472666089,-0.5129128367268448,-0.7814197113748638,-0.7768198892944262,-0.006769267088364623,0.021564952443149,0.003868144742270771,0.020307746107530774,0.17033843125289902
2013-12-30,8.615458488464355,0.10696711701083329,0.10796224747818749,0.10420704119838634,0.1052960397746326,-0.6108557821098757,300124.SZ,-1.430309874250422,-0.004812757448635,-0.792974964861935,-0.7683652467785413,0.7428046804851804,1.283951678826094,-0.352712841246559,-0.779896639380347,-0.775970098108565,0.029204495562022575,0.00792967190075179,0.025142968403541455,0.01131436060249699,-0.21012882026321217
2013-12-31,8.845324516296387,0.10982107164159721,0.11173623808919186,0.10452622489689392,0.10582176544097728,-0.007016587201561395,300124.SZ,-0.7192638422508947,0.05645176513422795,-0.7870378450854583,-0.7726118474620389,0.9500366043272738,1.533118835249759,0.019539674858846483,-0.7780475361974102,-0.7752770995818974,0.0027076847723205085,0.01943747007702192,0.0016439160104755244,0.014698938989116514,0.8130658488143799
2014-01-02,8.851373672485352,0.1098961768381357,0.11151092249957634,0.10696711701083329,0.10946432999010793,-0.6521332837118579,300124.SZ,0.7028282217481605,0.10305729112103346,-0.7806698468681844,-0.7755587688237511,0.955431574825568,1.4919109368671437,0.019539674858846483,-0.7759199957473887,-0.7746738684076626,0.018760576462723416,-0.0011604599699501597,0.012571511780552326,0.0003868199899832838,-0.8321621909312495
2014-01-03,8.71224308013916,0.1081687787365997,0.11166113289265335,0.10811244716183963,0.10965208762674176,-0.7317775200949458,300124.SZ,1.413874253747688,0.12433345913785834,-0.77660364930251,-0.7759862537854717,0.7684633328048838,1.287470532793579,0.03440625351991288,-0.7745849294474373,-0.7743255737017053,0.000967022396176919,0.0007736399799667731,0.005898880742729784,-0.008896749454491804,-0.08727507882633675
2014-01-06,8.299391746520996,0.10304291600675189,0.10786835795044568,0.10293026356665658,0.10786835795044568,-0.23677127597060768,300124.SZ,-1.430309874250422,0.10042119806548302,-0.7758182600809123,-0.774268553516245,0.25241838133094036,0.4860195560259552,-0.6687861175613345,-0.7738995487466337,-0.7747109726289679,-0.009186878236370117,-0.01953421644269029,-0.026690193205912007,-0.026400119581596788,0.6697020811198489
2014-01-07,8.468767166137695,0.1051458400909804,0.10570911300088194,0.10101510782848676,0.10304291600675189,-0.15713366257036385,300124.SZ,-0.7192638422508947,0.09476915138458068,-0.774220886728075,-0.7730910328899874,0.4198977847113908,0.34640615479310655,-0.9075993139976197,-0.7729452501059659,-0.7749036714099214,-0.024852839621663243,-0.01112092302872375,-0.00986377185066862,0.010830849404408633,0.12254415281076844
2014-01-08,8.993529319763184,0.11166113289265335,0.11186766415106561,0.10644139134448863,0.10777447913212877,-0.07508050394272747,300124.SZ,-0.008217810251367088,0.13607766417419465,-0.7685813275338677,-0.7739310399501628,0.8925034509624725,1.1513993806087346,-0.2776465696628698,-0.771881479880955,-0.7745900860915341,0.024369328423574886,0.03171885307569603,0.02794739954153044,0.0335562066599449,0.12572610884835594
2014-01-09,8.80751895904541,0.10935167755001257,0.1154726600377897,0.10910758833861865,0.11203664816592103,-0.4237718793543151,300124.SZ,0.7028282217481605,0.14852838089454773,-0.7653956274721719,-0.7729215485630734,0.6691973274428232,1.2326638643173413,0.04980172621715783,-0.7711984773152277,-0.7743064232239578,0.021951772433132486,0.01856708373138708,0.013731916592939288,-0.011894563008690729,-0.44168623152145475
2014-01-10,8.982943534851074,0.11152969612135474,0.11378281988923541,0.1080748999182828,0.10890105708020639,-0.6097695446452766,300124.SZ,1.413874253747688,0.17137226388506885,-0.7610822233887451,-0.7732602543542655,0.8201768140977428,1.1154419436869725,-0.08185870534718968,-0.770444080474039,-0.7736636936773607,-0.016149472583381688,-0.00870331188071846,-0.005318733494099244,0.011217614236829028,-0.2273726151481223
2014-01-13,9.146268844604492,0.11355750429961989,0.11453386114519562,0.11087253368371143,0.11160480131789327,-0.7246115892140226,300124.SZ,-1.430309874250422,0.20098915929259184,-0.7560087747678619,-0.7748027596288611,0.9571111733376372,1.2696982289191698,-0.013092980308851011,-0.7698419915109933,-0.7729000789586853,0.01392529900914964,0.003868144742270668,0.014408865364800988,0.010443974256862153,-0.13364054406214945
2014-01-14,9.30052089691162,0.1154726600377897,0.11733149491062428,0.11344485185952458,0.11359505154317671,-0.5777659259793164,300124.SZ,-0.7192638422508947,0.234742981593475,-0.7500660602862808,-0.7748873601262943,1.08353642224826,1.348984555768445,0.23762856817664532,-0.7680571427687567,-0.7723016354038875,0.010250536683088809,0.014408865364801194,0.013248405394851137,0.00986377185066862,0.21107615689834802
2014-01-15,9.37613582611084,0.11641145893038377,0.11922786631759082,0.11581062806750056,0.11586695964226068,-0.3659839643038334,300124.SZ,-0.008217810251367088,0.2641419647196755,-0.7445401858702385,-0.7736374372207497,1.1450548337019528,1.3361601349550152,0.4010291756827827,-0.7663912849380834,-0.7712244360495026,0.011701180592480582,0.009767025485000452,0.012184636633005742,0.0048351671384476895,0.29661562208371123
2014-01-16,9.436627388000488,0.11716251089576885,0.11757558412201821,0.11267503698178591,0.11757558412201821,-0.5648008566975973,300124.SZ,0.7028282217481605,0.28840730866638126,-0.7401660499332974,-0.7698169199230732,1.1947159938847274,1.0692439941655558,-0.016257980320957762,-0.7640828786282575,-0.770134069888319,0.008800058246386525,-0.00850987430694522,-0.016149472583381792,0.0038681998998338655,-0.2442591617606231
2014-01-17,9.149293899536133,0.11359505154317671,0.11723761609230735,0.11192399572582572,0.11678698491307633,-0.7282607162047511,300124.SZ,1.413874253747688,0.27647755944303687,-0.7393256518964538,-0.7631704898147691,0.8208756527622701,0.8389680028359695,-0.11360802237683594,-0.7620600507776603,-0.7693560929940109,-0.004061582316043908,-0.0017406623761437947,-0.0038681447422705653,-0.01837375647274003,-0.1976839525743425
2014-01-20,8.998065948486328,0.11171745375798858,0.11453386114519562,0.11012149242775124,0.11348239910308139,-0.6091186488158703,300124.SZ,-1.430309874250422,0.24880708408080682,-0.7409233352085111,-0.754115095500481,0.6331891767086086,0.5856359058857381,-0.3458051932509872,-0.7601466917966397,-0.7685781154170249,-0.01701985892901673,-0.01392535416671263,-0.009283569444475087,-0.009670334276895379,0.1745826882334439
2014-01-21,9.481995582580566,0.11772579451509524,0.11813885703191974,0.11171745375798858,0.11171745375798858,-0.6522794672816427,300124.SZ,-0.7192638422508947,0.26736493024709557,-0.7396750474483805,-0.7465582125721267,1.0476041217097125,0.8477458152938118,-0.006123468440976885,-0.7576122051981331,-0.7673345481645726,-0.009090131870701847,0.01856708373138718,0.008219800682629898,0.03094521309572926,-0.039216102079649096
2014-01-22,9.56668186187744,0.11877724584778464,0.12056097552408068,0.11661800089822089,0.11781967333341213,-0.5037860468822392,300124.SZ,-0.008217810251367088,0.2853185238059149,-0.73861815173917,-0.7388085674320378,1.1153533909138345,1.003445450564159,0.20884701615304915,-0.7549349314060866,-0.7662286230935665,0.031428724293817614,0.01247482057244715,0.02523965961164663,0.0054153695446412225,0.21324671897237987
2014-01-23,9.562143325805664,0.11872091427302453,0.12119935363052071,0.11641145893038377,0.11877724584778464,-0.6264633532682001,300124.SZ,0.7028282217481605,0.2944120268240039,-0.7366170577325334,-0.7338724977341743,1.109486264730666,0.9323151993796251,0.26474922519477284,-0.7522862155957013,-0.7654231178995046,0.004931858346552865,0.0032878871785141433,-0.0010637687618450867,-0.00029012878187831357,-0.1439617992233613
2014-01-24,9.69069004058838,0.12031688631268676,0.12294553606325997,0.11641145893038377,0.11847682506163058,-0.5474149122283828,300124.SZ,1.413874253747688,0.30866413240294543,-0.734762244946738,-0.7280412472784542,1.2153978405911836,0.9445733946598254,0.4170975181060157,-0.7497207901656909,-0.7640048049269788,-0.001547279959933649,0.008993495820159972,0.0,0.008219855840193096,0.1217680462290413
2014-01-27,10.325846672058104,0.12820281414555668,0.13143230546843795,0.11922786631759082,0.12018544954138816,-0.34591509727921266,300124.SZ,-1.430309874250422,0.37325301399407995,-0.7248037435277577,-0.7300586022535172,1.6872175688948832,1.341761538817901,1.0723763140316862,-0.746510440836218,-0.761842027713525,0.00880005824638673,0.04371005213492864,0.014505556572906165,0.04061549221506155,0.28307112766310016
2014-01-28,10.48009967803955,0.1301179698837265,0.13049349586641903,0.12392188219941086,0.12833426162628014,-0.5761802336744669,300124.SZ,-0.7192638422508947,0.43244341971857353,-0.7145425564426131,-0.7325451348701227,1.7902360254371406,1.3700904657561939,1.0723763140316867,-0.7425361766957188,-0.7595894845129938,0.04196944491634804,-0.004835222296010785,0.024175946007364637,0.009863771850668723,-0.28568539081123157
2014-01-29,10.858168601989746,0.13481198576554654,0.13608875268785145,0.12955469697382496,0.132371104361032,-0.04879354364379396,300124.SZ,-0.008217810251367088,0.507254350087394,-0.7012378771843588,-0.7378319483714862,2.028682053319351,1.6152140349819368,1.4471059644946445,-0.7378241748760122,-0.7571621942270336,0.020791257305619128,0.028817675572039087,0.02901111314581233,0.024175946007364536,0.7123562836506196
2014-01-30,10.436244010925291,0.12957347059560337,0.13481198576554654,0.1289914133544986,0.13330990325362607,-0.49778398574935523,300124.SZ,0.7028282217481605,0.5200894582159481,-0.6947312943303441,-0.7373578295145656,1.4875628808791137,1.3226464187937566,1.3673732004311938,-0.7334929407155891,-0.7548665617688928,0.0048351671384476895,-0.006575829514591382,-0.002901122346093852,-0.026980321987790323,-0.573808460992515
2014-02-07,10.502784729003906,0.13039961704810213,0.13137597389367786,0.1273203468277227,0.12927306051887422,-0.7130880770125776,300124.SZ,1.413874253747688,0.5290152738283119,-0.6889464904331227,-0.7349926175478412,1.532283295703044,1.1193510084023723,1.1305433431042091,-0.7290070191845635,-0.7523949868564886,-0.020791257305619128,-0.017696752543315233,-0.008606620672613387,0.00425496473225426,-0.26597746427496227
2014-02-10,10.60864543914795,0.13171394192338873,0.13682103103145812,0.1297236809886804,0.13143230546843795,0.08254218622090732,300124.SZ,-1.430309874250422,0.5383822158623022,-0.6853824599942503,-0.7273902071106325,1.6038056713070727,1.226240395064014,1.4873605681020456,-0.7242521797136736,-0.7498336452743292,0.011120923028723853,0.02804409074963541,0.012378074206779085,0.0067692670883645195,1.0657089129524886
2014-02-11,10.283503532409668,0.127677088479212,0.13280295120905983,0.1251610911687341,0.13171394192338873,-0.35094323854315185,300124.SZ,-0.7192638422508947,0.5084642723913009,-0.6848819759666098,-0.7187285886177027,1.2013473932476335,0.8600956424826597,0.8795963188584331,-0.7202065212977131,-0.7476816393512611,0.0014505335942653784,-0.02069462125507715,-0.023499052393066034,-0.020791312463182225,-0.5533839692532535
2014-02-12,10.313748359680176,0.12805260375247965,0.12955469697382496,0.12579949069402385,0.127677088479212,-0.614774403052001,300124.SZ,-0.008217810251367088,0.4806982306005941,-0.6827421960831385,-0.7145016072634411,1.2236294552691158,0.746516913852419,0.8795963188584324,-0.7162560547965733,-0.7455631474469291,-0.020791312463182225,-0.016729730147138418,0.003287997493640333,0.0019340447923537351,-0.32990134032138696
2014-02-13,10.472537994384766,0.13002409106540957,0.13445524411405727,0.127677088479212,0.1291416237475756,0.6692188428441901,300124.SZ,0.7028282217481605,0.4667224079270919,-0.6811380815016599,-0.7078920675454166,1.3408146568742638,0.8725208132160811,1.207800881255909,-0.712576885727757,-0.742840226268817,0.007542907068331293,0.02523965961164663,0.009670334276895481,0.010153900632546934,1.7090210412438116
2014-02-14,11.317903518676758,0.14051990573649914,0.14232240903457363,0.1278648461158458,0.12932938138420944,-0.07329762427237659,300124.SZ,1.413874253747688,0.5266707564887422,-0.6719786320512717,-0.7066952222700666,1.8883211339699766,1.1879952240524707,1.666610233895547,-0.7075459898396251,-0.7395918708549555,0.000967022396176919,0.040518856164519564,0.0009670223961767135,0.05405739034124881,-0.9604652277056035
2014-02-17,11.886519432067873,0.14757968711687033,0.15017078962388672,0.13894271802804017,0.14044480053996064,-0.10234752914623423,300124.SZ,-1.430309874250422,0.6184752221285514,-0.6574961529809324,-0.7096517223058493,2.193164637407542,1.5682677980686668,2.0538706450959063,-0.7021200479800707,-0.7361101225776048,0.057248586311657884,0.0404221097988514,0.05705520389544784,0.03636052748280739,-0.02062803914855821
2014-02-18,11.860812187194824,0.14726050341836275,0.15114714646946245,0.14513881642178067,0.1473919294802365,-0.5764934939351735,300124.SZ,-0.7192638422508947,0.6796910142222499,-0.6458057926467691,-0.7102633973790878,2.1618135137872834,1.492303913237893,2.0985660777134894,-0.6970129988315588,-0.7327755910378964,0.035780325076613856,0.005028604712220827,0.03191223549190618,-0.0016439160104755244,-0.6069453968583144
2014-02-19,11.599186897277832,0.14401224918312794,0.14833073908225541,0.1427918138355831,0.14645313058764245,-0.4513975015258321,300124.SZ,-0.008217810251367088,0.6946096186694934,-0.6385257872669194,-0.7074411758740771,1.8457312093998446,1.1783656736313877,1.8001639378131045,-0.6926793838212932,-0.7296660748810098,-0.004835167138447587,-0.01450555657290606,-0.01208794542490067,-0.016729730147138213,0.1824256909027205
2014-02-20,11.342098236083984,0.14082031581322832,0.14401224918312794,0.13894271802804017,0.14401224918312794,-0.6364656960388949,300124.SZ,0.7028282217481605,0.6735014705360381,-0.6343688721000136,-0.7025886767662904,1.548521621458887,0.8763909227899158,1.3309229187585958,-0.688759854794274,-0.7266247814477513,-0.012571456622989231,-0.0222418460574476,-0.01982429006700551,-0.0164396565228232,-0.2261482393343488
2014-02-21,11.584063529968262,0.14382449154649407,0.1443877644563956,0.1389614916498186,0.141008084159287,-0.6074958131845551,300124.SZ,1.413874253747688,0.6701721851318306,-0.6307817556969807,-0.6943736996264116,1.6926186475807472,0.8619046757051778,1.3518213924039846,-0.6842406149392855,-0.7236804357720645,-0.015472578969083186,0.0019340447923537351,9.669120810507296e-05,0.015472634126646177,0.05580042584879049
2014-02-24,10.888416290283203,0.13518751174823906,0.14457552209302943,0.13394829206949097,0.14420000681976172,0.11164364111587079,300124.SZ,-1.430309874250422,0.5948286859263165,-0.6338543227722374,-0.6811527894629323,0.9564639668820567,0.5758384213154661,0.7667640987118672,-0.6801663971842807,-0.7212866588221623,0.0164396013652599,0.000967022396176919,-0.025819862017840162,-0.04448369211489541,0.9649488905176251
2014-02-25,10.78255558013916,0.13387318687295244,0.14194688305188108,0.127677088479212,0.13894271802804017,0.30392836063653156,300124.SZ,-0.7192638422508947,0.5180074683428516,-0.6355308900421109,-0.6725677275974404,0.8531999876943815,0.35349302657912074,0.10634733254860186,-0.676525304066963,-0.7189754674541988,-0.027077013195895294,-0.01353847901916615,-0.032299055481889466,-0.006769267088364725,0.2709322415005992
2014-02-26,10.661574363708496,0.132371104361032,0.1334788872684815,0.12673828958661792,0.1289914133544986,0.11385858506907938,300124.SZ,-0.008217810251367088,0.4395171735683303,-0.6378139028457793,-0.6643221268735118,0.7349937280726471,0.1104961683756278,0.01248885214115186,-0.673900385895937,-0.7171202905228279,-0.051252959203260035,-0.043613360926823566,-0.004835167138447793,-0.007736289484541542,-0.2327367357338456
2014-02-27,10.492197036743164,0.13026818027680348,0.13550669544674665,0.1277709672975289,0.13184537869468732,-0.2114623322310379,300124.SZ,0.7028282217481605,0.3561758634539056,-0.6410602448280989,-0.6557910404374374,0.5708369509128841,0.10145686145346174,0.1530219196130936,-0.6712492905930924,-0.7154434501967778,0.014698994146679405,0.010443974256862153,0.005318678336536149,-0.010830849404408633,-0.41090073040738495
2014-02-28,11.042668342590332,0.1371026674864089,0.13866107086366455,0.127677088479212,0.12953592335204656,-0.11483929412821096,300124.SZ,1.413874253747688,0.3359952926642677,-0.6434904972950785,-0.6460635465385369,0.9515020714911225,0.2867969722431007,0.36549963297842325,-0.6680080037894988,-0.7134338740745928,-0.011894563008690625,0.016246218949049856,-0.00048351119808835675,0.03520017782798352,0.1449187596160872
2014-03-03,11.593138694763184,0.1439371439865894,0.1473919294802365,0.13706512024285206,0.1371026674864089,-0.3669607518560714,300124.SZ,-1.430309874250422,0.3655295305170182,-0.640281256337916,-0.6433555810329653,1.2891223886010479,0.8104011072344068,0.8947253229773175,-0.6641574881880985,-0.7111944956328268,0.03897157620458602,0.04496720331298387,0.04835189201472917,0.035200122670420324,-0.3144763456793423
2014-03-04,11.494842529296877,0.14271670863904456,0.14457552209302943,0.1371214411081873,0.14420000681976172,-0.48376702292438295,300124.SZ,-0.7192638422508947,0.37418404308138403,-0.6379662093098499,-0.6408897922097162,1.192567955117768,0.6749448325063458,0.8947253229773173,-0.6607043980505801,-0.7085601437076025,0.036553965056580526,-0.014505556572906165,0.00029007362431521884,-0.006285700732713068,-0.13622798572898526
2014-03-05,11.463082313537598,0.14232240903457363,0.14266037706428447,0.13796636118246447,0.14232240903457363,-0.6838808592266302,300124.SZ,-0.008217810251367088,0.37248300024476755,-0.6359058324458021,-0.6402146207909362,1.160864096595755,0.5983318738611632,0.8947253229773175,-0.6574202735958034,-0.7060706157343184,-0.009670334276895277,-0.009863716693105628,0.004351655940359333,-0.0020307911580220057,-0.24596760358701164
2014-03-06,11.417713165283203,0.1417591147058224,0.14232240903457363,0.13556302702150674,0.14160891502217024,-0.5435449053458963,300124.SZ,0.7028282217481605,0.3614398222225874,-0.6348425356143934,-0.6364560655231452,1.114517787409972,0.4749159108523732,0.6293561616634991,-0.6543027380460747,-0.7033417102025795,-0.003674762326060522,-0.0017406623761435894,-0.012378074206779189,-0.0029011775036569465,0.20250102911894755
2014-03-07,11.432838439941406,0.14194688305188108,0.14301711871577374,0.13804146637900294,0.14082031581322832,-0.629346740541443,300124.SZ,1.413874253747688,0.3487504973909684,-0.6339155269126785,-0.6328002739189994,1.1245012565876318,0.5203512597031196,0.673575227308356,-0.6507092402074759,-0.700517053647459,-0.004061582316044114,0.003578015960392457,0.012764894196762471,0.0009670775537400137,-0.09538637746655924
2014-03-10,10.63435173034668,0.13203313633132116,0.14157135706918855,0.13186415231646573,0.14157135706918855,-0.5176188634728771,300124.SZ,-1.430309874250422,0.2603063709709416,-0.633974381508263,-0.63260053046352,0.35175977338033887,0.0072950830564304375,0.018080034020398934,-0.6481342968076282,-0.6982597214621353,0.003868144742270771,-0.007446215860226322,-0.03181548912623801,-0.05105952162948679,0.1648161032877276
2014-03-11,10.404486656188965,0.12917917099113244,0.13481198576554654,0.12579949069402385,0.13203313633132116,-0.37859289463179363,300124.SZ,-0.7192638422508947,0.16566157966575015,-0.6345608723179005,-0.6312989752595445,0.1529527329596682,-0.515240134434442,-0.5573440270020794,-0.6466826204459561,-0.6962549336420651,-0.04912542167956986,-0.03481330268043693,-0.03123528672004448,-0.014698994146679302,0.2007754084355524
2014-03-12,10.132275581359863,0.12579949069402385,0.12917917099113244,0.12486068109200493,0.1276958621009904,-0.37637877001666886,300124.SZ,-0.008217810251367088,0.0633543650868091,-0.6334974728195132,-0.6334658585275554,-0.07429344886487758,-0.8819374814126453,-0.6422633128295938,-0.6457925748886056,-0.6944607976638281,-0.02233859242311577,-0.029011113145812225,-0.004835222296010785,-0.017406623761437024,0.020555527304124667
2014-03-13,11.145503044128418,0.1383794344087138,0.1383794344087138,0.13148862633377317,0.1316200631050718,-0.28875315652475486,300124.SZ,0.7028282217481605,0.07408735105203591,-0.6340289653033457,-0.6294161388088347,0.6315943400497415,-0.006740483375437992,0.00019896328138086495,-0.6433009245838991,-0.6918755186671621,0.020211110056988692,0.04738481446098916,0.034136409066138226,0.06479143822242618,0.13306660746477478
2014-03-14,11.493327140808104,0.14269792430784128,0.15114714646946245,0.1396562120404436,0.14232240903457363,0.1868721914526607,300124.SZ,1.413874253747688,0.11224326505604787,-0.6332600738680156,-0.6294205488810917,0.8418434964846604,0.8154273100414284,0.7279608612704218,-0.6404642044363315,-0.689158581159999,0.055121103945530804,0.0657585157761661,0.042066136124453216,0.0222418460574476,0.6441719611249004
2014-03-17,12.067995071411133,0.14983282159417585,0.15110959922590564,0.14082031581322832,0.14401224918312794,-0.28442124779752553,300124.SZ,-1.430309874250422,0.19225151173107569,-0.6315618988835655,-0.6304797192425617,1.1628184052775643,1.0177642975337047,0.7279608612704218,-0.6377226748462016,-0.6861651625557535,0.008703311880718562,-0.00019338241621004316,0.005995571950834755,0.03674740263035397,-0.6031878141985165
2014-03-18,11.82451629638672,0.1468098722391317,0.1527994286650351,0.1464719149188457,0.15018956324566513,-0.5566838791359021,300124.SZ,-0.7192638422508947,0.22911251505804137,-0.6318542336485382,-0.6303231429068546,0.9569914702106933,1.066355348580288,0.8166601977976361,-0.6356070332158598,-0.683102325176368,0.03181548912623791,0.008703256723155469,0.029107859511480497,-0.015569325334751251,-0.34100796605527717
2014-03-19,11.584063529968262,0.14382449154649407,0.1469413090104303,0.14082031581322832,0.14461308004601114,-0.41797929565818964,300124.SZ,-0.008217810251367088,0.23202611146324645,-0.6319429374690912,-0.6302965706066305,0.7585579586074098,0.5206716835070793,0.2959551175271473,-0.6344647288806265,-0.6801579795006812,-0.028720984363933912,-0.030171517958199598,-0.029107859511480497,-0.015375832603414914,0.20035205304324857
2014-03-20,11.266485214233398,0.13988152763005912,0.1452890268148577,0.13871740243842468,0.1421158670667365,-0.12763694532814007,300124.SZ,0.7028282217481605,0.2012368327754549,-0.6321962003314803,-0.6303859658329395,0.5050166001902306,0.23247120494828202,0.11087171821469474,-0.6331582178475704,-0.6773225502898194,-0.012861585404867648,-0.008509874306945117,-0.010830794246845538,-0.020307746107530774,0.40010186616635895
2014-03-21,11.254388809204102,0.13973131723698212,0.14044480053996064,0.13340378207194303,0.13931823330130788,0.15485635099361722,300124.SZ,1.413874253747688,0.1724062836313649,-0.633672298923684,-0.6303413324806536,0.4954129066810095,-0.15317132209893025,-0.33767215468872114,-0.6319754567109963,-0.674471561486457,-0.01440886536480109,-0.02494958598733141,-0.027367141977773606,-0.0007736399799666703,0.3897624427898836
2014-03-24,10.888416290283203,0.13518751174823906,0.14145870462909318,0.13257763561944427,0.13800391913544613,-0.47031069218325156,300124.SZ,-1.430309874250422,0.11298785380228163,-0.633672298923684,-0.6303413324806536,0.20855432399879048,-0.32907441572345403,-0.27393399161685833,-0.6315351935959312,-0.6718587535073596,-0.006769211930801528,0.005221987128430973,-0.00425496473225426,-0.023402306027397967,-0.8058828569108303
2014-03-25,10.774993896484377,0.13377929734521068,0.1396937592840004,0.132371104361032,0.13509363292992213,-0.5389287545817617,300124.SZ,-0.7192638422508947,0.053441138890580255,-0.6336632658616669,-0.6303904148781792,0.12186333908866251,-0.4953432355139019,-0.29152612954241314,-0.6307617594576848,-0.6694350547893241,-0.014989067770994726,-0.009090131870701745,-0.0010637136042820946,-0.0072528334440161765,-0.0727504901397528
2014-03-26,11.027544975280762,0.13691490984977503,0.1396562120404436,0.13342255569372144,0.13518751174823906,-0.492329105900103,300124.SZ,-0.008217810251367088,0.02803317259829612,-0.6339255058408929,-0.6282193985128539,0.2923972404685716,-0.38438973917222485,-0.29152612954241264,-0.6296384924195092,-0.6668832877633607,0.0004835111980885622,-0.0001933824162101459,0.005415369544641427,0.016149582898507774,0.07902381209689044
2014-03-27,10.542102813720703,0.1308877847614651,0.13699001504631356,0.13021184870204341,0.1359573266259777,-0.41207521370449357,300124.SZ,0.7028282217481605,-0.038014253125489665,-0.6341195417964649,-0.6277384555591196,-0.07480291493401349,-0.8927756161251813,-0.573411891600534,-0.6295290221925494,-0.6649778418519193,0.003964835950375844,-0.01373191659293939,-0.016536347730928273,-0.031041959461397428,0.12335596623140456
2014-03-28,10.595033645629885,0.1315449579085333,0.1328968300273767,0.12824037209853836,0.1296110178391602,-0.3122314258724187,300124.SZ,1.413874253747688,-0.08577887147962582,-0.6336879583659097,-0.630523380246556,-0.037733292481329034,-1.053508525177014,-0.7425090267827987,-0.6306665661854809,-0.6630197321266724,-0.032685875471872954,-0.02108144124506064,-0.010153845474983839,0.0033846887017455088,0.1491613976467571
2014-03-31,10.741724014282228,0.13336622411896132,0.13421115490266333,0.127677088479212,0.13051226948819744,-0.6975519931020647,300124.SZ,-1.430309874250422,-0.1100770467018059,-0.6358278141814169,-0.632361658790328,0.06591043237526512,-0.9000154294543705,-0.6456777531973339,-0.632468074089699,-0.6611968711144921,0.004641784722237544,0.006769267088364623,-0.002901122346093749,0.009380205495017066,-0.4899372337116454
2014-04-01,10.551176071166992,0.13100045862041018,0.13308458766401055,0.12636277431335025,0.13096288995800362,-0.15255547447077866,300124.SZ,-0.7192638422508947,-0.14663830565233546,-0.6373535832866609,-0.6353873273935176,-0.08049987073657883,-1.0405055058070234,-0.7616870841277303,-0.6345289792491777,-0.6596648533750267,0.0023208647823372247,-0.005802244692187704,-0.00676921193080163,-0.01218458147544275,0.7355534069340812
2014-04-02,10.268381118774414,0.12748933084257813,0.13385441325117406,0.12392188219941086,0.13039961704810213,-0.0874873308766835,300124.SZ,-0.008217810251367088,-0.2008503759888676,-0.6382140761127298,-0.6404692409073567,-0.29205156713909497,-1.1799842115816928,-0.9750965805754502,-0.6366232027326194,-0.6585385810920833,-0.0029010671885306544,0.003964891107938938,-0.012571511780552326,-0.018083627690861716,0.1033520416929955
2014-04-03,9.99768352508545,0.12412841345782312,0.1289914133544986,0.12395942944296769,0.12673828958661792,-0.5864504999985647,300124.SZ,0.7028282217481605,-0.26716417571524814,-0.6382442023547523,-0.6476692631931412,-0.4871776907518335,-1.4033588035736662,-0.9750965805754497,-0.6387388443629612,-0.6576313398383351,-0.018857212513265498,-0.025046277195436485,0.0001933824162101459,-0.017309987710894943,-0.6396366718001992
2014-04-04,10.372729301452637,0.12878488209608632,0.13021184870204341,0.12298308330681677,0.12373412456277703,-0.5600173561298464,300124.SZ,1.413874253747688,-0.2829873384910094,-0.6405382466264202,-0.6503907366259253,-0.2032236404670191,-1.1362626043755728,-0.8745249454259245,-0.6406450635092206,-0.6563171557111973,-0.01547257896908298,0.006285700732713068,-0.005028549554657939,0.023982563591154492,0.052458823365199324
2014-04-08,10.737188339233398,0.13330990325362607,0.13438013891751874,0.12625011116383003,0.127677088479212,-0.5932121558133058,300124.SZ,-0.7192638422508947,-0.2600428588086332,-0.6404762548114987,-0.6499392008337493,0.05674980370024713,-0.6376891231688124,-0.5417379943246764,-0.6408830439749642,-0.6543877710198938,0.020307746107530774,0.02146826123504403,0.016826421355243492,0.023305559661729595,-0.02608803754354342
2014-04-09,10.726602554321287,0.13317846648232748,0.13683980465323653,0.13180782074170563,0.1333286768754045,-0.4002854166258133,300124.SZ,-0.008217810251367088,-0.2413788991026369,-0.6406316969571343,-0.6481163991579205,0.04859801569764859,-0.3333750846015283,-0.3543003993202861,-0.6409710974124071,-0.6526008168121511,0.0291078043539173,0.012668202988657399,0.028624293155828942,-0.0006769487718615973,0.27177796292694995
2014-04-10,10.973103523254396,0.13623896308092848,0.13623896308092848,0.1315449579085333,0.13293437727093355,-0.5432496705230333,300124.SZ,0.7028282217481605,-0.20270572866883108,-0.6414184186447387,-0.6429132450818353,0.22273602415053995,-0.26761115546237746,-0.38028856128280014,-0.6404808595261637,-0.6510340903677934,-0.0020307911580220057,-0.0030945599198670924,-0.0013538423861603056,0.015762707750961398,-0.17068544504279917
2014-04-11,10.812801361083984,0.13424871285564502,0.13593854229477442,0.13062492192829278,0.13483075938732494,-0.6173189257494186,300124.SZ,1.413874253747688,-0.18610131353337198,-0.6422769571629334,-0.6436054519051281,0.09399365750207782,-0.4065586567468941,-0.47299716499611166,-0.6399763406130153,-0.6494470160288206,0.009767080642563547,-0.0015472799599335462,-0.004738531087905711,-0.010250536683088911,-0.07993125236850826
2014-04-14,10.81128978729248,0.13422992852444174,0.1358634478076608,0.13295316160213683,0.13312214561699226,-0.8521303643371634,300124.SZ,-1.430309874250422,-0.17241522971919382,-0.6452441944041234,-0.6436141966755515,0.09276286039693593,-0.3174204493322628,-0.4729971649961113,-0.6403404504677004,-0.6479999780223513,-0.00880000308882343,-0.0003867648324202918,0.011991309374358793,-9.674636566816769e-05,-0.29167415622371284
2014-04-15,10.567813873291016,0.13120698987882243,0.13514995379525738,0.13051226948819744,0.13441769687050042,-0.7404767739215288,300124.SZ,-0.7192638422508947,-0.18336020946042333,-0.6553301654118139,-0.6394753910881804,-0.10544725448486836,-0.5325507441100218,-0.7249021053305569,-0.641953954034736,-0.6468749024735977,0.006672575880259447,-0.003674762326060625,-0.012571511780552326,-0.015569270177188156,0.16471824676195182
2014-04-16,10.102028846740724,0.12542397542075617,0.13049349586641903,0.1251610911687341,0.13002409106540957,-0.6494634022876188,300124.SZ,-0.008217810251367088,-0.23386419530681055,-0.6627656312129891,-0.6395655614707225,-0.4620682793099199,-1.1165401174313736,-1.2408613357110152,-0.6441457489254578,-0.6462405507490068,-0.022628721204994186,-0.0239825084335914,-0.02756057955154695,-0.029784697968216006,0.13752924279512074
2014-04-17,10.339459419250488,0.12837180886983696,0.1284093561133938,0.12369656660979533,0.12626888478560847,-0.6039650805469359,300124.SZ,0.7028282217481605,-0.25030020179483226,-0.6696031414477938,-0.6379194132673824,-0.2748811131417825,-1.0792599144622934,-1.1726187789805698,-0.6459139398630962,-0.6454781320818433,-0.019340723711353855,-0.010734103038740466,-0.007542851910768301,0.01518245018720477,0.07757305312560075
2014-04-18,10.283503532409668,0.127677088479212,0.1283905824916154,0.12638154793512865,0.1272076836782025,-0.8466203840017756,300124.SZ,1.413874253747688,-0.2667613341694352,-0.6735487908679599,-0.6383185265539886,-0.31771747567457514,-0.9465782617211315,-1.1726187789805704,-0.6476987886053328,-0.6448078749181703,0.0048351671384476895,-9.669120810507296e-05,0.013828662958607558,-0.003578071117955449,-0.3020067440340495
2014-04-21,10.306187629699709,0.12795872493416274,0.12994898586887105,0.12617500596729156,0.12673828958661792,-0.8123209117468315,300124.SZ,-1.430309874250422,-0.27584319854554507,-0.6782644343033892,-0.6376409157533134,-0.2992315078896042,-0.8379548287160767,-1.2240578232745656,-0.6494717398852728,-0.6438922551597381,-0.0024175559904422977,0.00802636310885676,-0.001063768761844984,0.0014505335942652758,0.06282100198158395
2014-04-22,9.903922080993652,0.12296430968503837,0.12855956650647082,0.11994137103941906,0.1277709672975289,0.18327085918348723,300124.SZ,-0.7192638422508947,-0.3180089552521262,-0.6781692890170473,-0.6427681722535651,-0.6086558263471344,-1.2500958903301158,-0.7537961475523473,-0.650621182697884,-0.643175318535886,0.005318678336536149,-0.0071560319207848114,-0.032105562750553436,-0.0257231156521721,1.3291147558593763
2014-04-23,9.69371509552002,0.12035443355624359,0.12292675173205671,0.11994137103941906,0.12146221646369308,-0.7011974330714161,300124.SZ,-0.008217810251367088,-0.368002435972457,-0.6766986219027975,-0.649995441989192,-0.7623680696377816,-1.4634067656649687,-0.753796147552346,-0.6517396880363747,-0.6430077545863067,-0.03249243789809971,-0.02901111314581243,0.0,-0.013441842968624069,-1.1474559169807812
2014-04-24,9.686152458190918,0.12026055473792664,0.12127445882705924,0.11781967333341213,0.12018544954138816,-0.4180058558677395,300124.SZ,0.7028282217481605,-0.4049758906869753,-0.6783264427208576,-0.6549283736483217,-0.7679193224291218,-1.5249502147308212,-0.5682335872290735,-0.6524417292565429,-0.6429132002971145,-0.006575829514591382,-0.008509929464508315,-0.010927540612513706,-0.0004835111980885622,0.3906822761438439
2014-04-25,9.746644973754885,0.1210115959938869,0.12129323244883765,0.11674942696009463,0.12026055473792664,-0.5464168901641396,300124.SZ,1.413874253747688,-0.42508654887294395,-0.6778317516665131,-0.6595592204319846,-0.7126386420772427,-1.410890266160432,-0.47548157878864705,-0.6546430434744852,-0.6427671796109845,0.0003868199899832838,9.669120810507296e-05,-0.005512171067872382,0.003868144742270976,-0.1515147400400397
2014-04-28,9.504679679870604,0.118007430970046,0.12016667591960975,0.11678698491307633,0.11979114993691722,-0.4699665019098815,300124.SZ,-1.430309874250422,-0.4594923505092682,-0.6768227978462932,-0.6662933524304461,-0.8962892380001031,-1.457544204335897,-0.47548157878864666,-0.6577724792012765,-0.6429143970313044,-0.0024176111480051867,-0.005802189534624609,0.00019343757377334337,-0.015472578969083186,0.11834567613502124
2014-04-29,8.771224975585938,0.10890105708020639,0.11603594365711607,0.10621607575487309,0.11275013146889958,0.9211573150666684,300124.SZ,-0.7192638422508947,-0.549776817941043,-0.6719077798298241,-0.6820749766661874,-1.3977521043729584,-2.067639504398363,0.36276904084588574,-0.6629604405950872,-0.644144797476958,-0.036263891432265515,-0.02127482366127089,-0.054444155173669205,-0.04690124810533771,1.8501422935365344
2014-04-30,9.076704978942873,0.11269381060356432,0.11419588240605992,0.10798102109996591,0.10798102109996591,-0.3577203935033115,300124.SZ,-0.008217810251367088,-0.5875391530170443,-0.6708741486251166,-0.6907950692694372,-1.1140266780375592,-1.8029417531575127,0.3627690408458855,-0.6672845349207492,-0.6452555094847232,-0.024562710839784826,-0.009477007018248225,0.00909013187070195,0.019534106127563896,-1.667004633888817
2014-05-05,9.058557510375977,0.11246849501394882,0.11293789981495828,0.10830020479847349,0.11231828462087179,-0.19100919564511454,300124.SZ,-1.430309874250422,-0.6133987491143271,-0.6695409554424836,-0.6985166909328554,-1.1261944376804551,-1.7011357426741054,0.36276904084588574,-0.6712588004186315,-0.6466798068108757,0.022338537265552676,-0.006479083148923214,0.0016439160104755244,-0.0011604599699500569,0.23724468279399172
2014-05-06,9.069144248962402,0.11259993178524741,0.1144963139016388,0.11079742848717293,0.11079742848717293,-0.39615731824692946,300124.SZ,-0.7192638422508947,-0.627003171706747,-0.6682158236552133,-0.70479571716725,-1.1161203907405477,-1.4409304204575866,0.1773424466932019,-0.6747166495410686,-0.6477617937846973,-0.007832980692646613,0.008026418266419753,0.012861640562430537,0.0006769487718617001,-0.2525991820415145
2014-05-07,8.815080642700195,0.1094455563683295,0.11378281988923541,0.1081500051148213,0.11321953626990904,-0.21650071522102463,300124.SZ,-0.008217810251367088,-0.6551199036975018,-0.66758502544323,-0.7134690076556913,-1.29154986341012,-1.4681273098232697,0.38083686466809596,-0.6785552663227891,-0.6490975211752844,0.012474765414884159,-0.003674762326060522,-0.01363522538483442,-0.016246218949049856,0.25429744159365575
2014-05-08,8.47632884979248,0.10523971890929734,0.10891983070198481,0.10420704119838634,0.10890105708020639,0.5979676326788647,300124.SZ,0.7028282217481605,-0.7020523485952245,-0.6685361124347448,-0.7238772792877518,-1.5138714279774184,-1.630050909467737,0.6672998258472894,-0.6823510468107093,-0.650785134157076,-0.02224179089988461,-0.02504622203787339,-0.020307746107530774,-0.021661643651254173,1.0905239967526599
2014-05-09,8.20714282989502,0.10189758585574558,0.1051458400909804,0.09951302531656632,0.1051458400909804,0.009929577551172917,300124.SZ,1.413874253747688,-0.7568122937964176,-0.669569332094042,-0.7355071963188791,-1.681536825317735,-1.7161327551971726,0.981373320232106,-0.6863919448843683,-0.6524284618297458,-0.019340778868917052,-0.019437470077022123,-0.024175946007364536,-0.017213241345226775,-0.7569734817714865
2014-05-12,8.353836059570312,0.1037188627755985,0.10385028883747223,0.09821748477248297,0.10338089474588763,0.6251085480956398,300124.SZ,-1.430309874250422,-0.7789439545732255,-0.6755557452657972,-0.741859354582072,-1.531610756709172,-1.5551762317232998,1.0641835140851865,-0.6905994305056924,-0.6539796286816032,-0.009090131870701745,-0.006672575880259447,-0.006672520722696455,0.009380260652580264,0.8280035395440596
2014-05-13,8.33591079711914,0.1016344981246512,0.10485385833161552,0.09882690459410337,0.10073606305435195,-0.30436714583140245,300124.SZ,-0.7192638422508947,-0.8041069630630782,-0.6810740199057128,-0.7487970130671271,-1.6381836405802148,-1.4177896128056267,0.9369992174318014,-0.6943071847038306,-0.6557893379058966,-0.013621877254565392,0.005168760080044553,0.003138741127905976,-0.010735261347565559,-1.2067433904102802
2014-05-14,8.471003532409668,0.10328159695859188,0.1043672006471577,0.10032428566851058,0.10069862290504372,-0.48913341426058465,300124.SZ,-0.008217810251367088,-0.8037976477387178,-0.6890600699762527,-0.752168185863579,-1.500060741930303,-1.2483767305932656,0.9369992174318016,-0.6978894692011821,-0.65816311307883,-0.00019283084057919854,-0.00250646998215091,0.007712075314342952,0.008483178046407367,-0.2257505173150653
2014-05-15,8.33591079711914,0.1016344981246512,0.10477898874242395,0.1010729815604266,0.10227087356864255,-0.7021843257933544,300124.SZ,0.7028282217481605,-0.807865820806761,-0.6958379617157368,-0.7563861137711466,-1.5873665572256868,-1.1633626987713785,0.8822250583602438,-0.7019113571254438,-0.6610919128155727,0.008097681837938357,0.00212086345855571,0.0038560652359530233,-0.008483178046407367,-0.26300938950418984
2014-05-16,8.074934959411621,0.09845256735757021,0.10137244920776815,0.09575728356552224,0.10028684551920235,-0.15302372618567092,300124.SZ,1.413874253747688,-0.8266535429709818,-0.6988645899108876,-0.7639188334984379,-1.7521011536980953,-1.2803569657493603,1.2433449348296193,-0.7060366912107587,-0.6642031998386819,-0.010218490138930973,-0.01754495892967852,-0.02737784254501409,-0.016388139358892613,0.7410386789354478
2014-05-19,8.191606521606445,0.09987506813336096,0.1010729815604266,0.096580838337205,0.09830282817918701,-0.6191678986918627,300124.SZ,-1.430309874250422,-0.822751283213323,-0.705946208389318,-0.7673404864683001,-1.6275979338558122,-1.1447495307065283,1.2433449348296204,-0.7095367047223939,-0.6670167471779039,-0.010218434981367775,-0.0015423709368181146,0.004241616601985231,0.007326413633184555,-0.5964047739890446
2014-05-20,8.428021430969238,0.10275753125310037,0.10481641818230729,0.10077349249423533,0.10077349249423533,-0.3775461219515643,300124.SZ,-0.7192638422508947,-0.7903331744597258,-0.7146557876330341,-0.7673923708545334,-1.3798169314952593,-0.8842751058222991,0.7427805443394393,-0.7122453910726231,-0.6694430789842281,0.012724849805955693,0.019280105549512636,0.021593744691084552,0.014845768422074497,0.33592309545628674
2014-05-21,8.507850646972656,0.10373082520316636,0.10466667900392411,0.10159705797534296,0.10275753125310037,-0.6175127674844111,300124.SZ,-0.008217810251367088,-0.7500441308326316,-0.7254790738991378,-0.7646911899054761,-1.297218814800905,-0.8048916548488285,0.7427805443394397,-0.7154209072386669,-0.6719988703958439,0.010218545296493964,-0.0007712130471905019,0.004241671759548326,0.005012829649175835,-0.29846502135758046
2014-05-22,8.750404357910156,0.10668813649324768,0.11058132300293644,0.10331903710790011,0.10331903710790011,-0.13591676633399066,300124.SZ,0.7028282217481605,-0.6893936017496682,-0.7332162949785717,-0.7623319430876555,-1.0498559098920608,-0.5854113166638844,0.005077114493443216,-0.7187951252775874,-0.6738155777503023,0.0028919661906201253,0.03046263957621341,0.008868839727565764,0.015231264630543714,0.6520369995008085
2014-05-23,8.842512130737305,0.10781116962169685,0.10848499592442128,0.10500358680057387,0.10788603921088845,-0.4953474791226521,300124.SZ,1.413874253747688,-0.6270294768752975,-0.7395067418264195,-0.7601309171093112,-0.9574634960050332,-0.5419073259346867,0.005077114493443216,-0.7220103435400047,-0.6754769144634319,0.023521777309061062,-0.010796872345542276,0.008676064044549557,0.0057840426963663375,-0.4558329752955534
2014-05-26,9.103489875793455,0.11099310038877784,0.11290224813960155,0.10855986551361288,0.10855986551361288,0.1978782233760117,300124.SZ,-1.430309874250422,-0.5488264953186577,-0.7455615043887093,-0.7568609033041542,-0.7008565206186081,-0.2999482014852029,-0.504111018024234,-0.7252101704361951,-0.6768396663375537,0.003470458712357721,0.022750509104307363,0.018316171976869227,0.016388139358892714,0.9308131525206309
2014-05-27,9.131122589111328,0.11133000818542761,0.11222843254630198,0.10998236628940361,0.11118026900704442,-0.7348866350102758,300124.SZ,-0.7192638422508947,-0.4801186674764252,-0.7531300974793774,-0.7519923879591355,-0.6739636289860518,-0.2427714585818234,-0.504111018024234,-0.7281150379990059,-0.678046889871774,0.0134960628531464,-0.0034704035547946264,0.007326413633184555,0.0017352017773972104,-1.21107614998399
2014-05-28,9.25700569152832,0.11286482940914304,0.11297711772879315,0.10987006726032864,0.11088079065027799,-0.10858494514368999,300124.SZ,-0.008217810251367088,-0.410785280769085,-0.7574227258903314,-0.7490881532398691,-0.5502516666474963,-0.14936563382255894,-0.5899307034102483,-0.7308229913623964,-0.6795919433438997,-0.0015424260943813122,0.0038560100783899287,-0.0005783822066114062,0.007904906154922151,0.8426553057374881
2014-05-29,8.781105995178223,0.10706247372978084,0.11413759100655055,0.10702505499932231,0.11286482940914304,-0.1575660682440898,300124.SZ,0.7028282217481605,-0.39594422593610346,-0.7579790315259501,-0.7491927891652145,-0.9410485818681313,-0.2924802620060043,-0.32593233825581164,-0.7338832263447099,-0.6819425381920109,0.010218545296493964,0.005976873536945536,-0.014652882423932204,-0.029884312527164995,-0.04688308892085291
2014-05-30,8.569252967834473,0.10447949967623267,0.10769887059262187,0.09976276910428598,0.10631379925671453,0.32382960474484135,300124.SZ,1.413874253747688,-0.4001874006201502,-0.7610592116291185,-0.7489654882856832,-1.102813972682094,-0.7011547007917533,0.2773602364359476,-0.7365378671320404,-0.6843799887717227,-0.03374026744799183,-0.03316183008381733,-0.03740350184336576,-0.013303287170130297,0.6517731106711889
2014-06-03,8.160904884338379,0.0995007308968278,0.1044420702363493,0.09938842115832797,0.10324417822813337,1.0643255158685812,300124.SZ,-0.7192638422508947,-0.4370295685105259,-0.7637784723871429,-0.751110515062204,-1.396419607825318,-0.9028676553978761,0.3062392044630907,-0.740197177687063,-0.6871096787002579,-0.015809701994718213,-0.016773745882487916,-0.0019280326179765116,-0.025642530452490583,0.993081382494923
2014-06-04,7.841588973999023,0.09560754438713903,0.09845256735757021,0.09399786428365685,0.09695517557373816,1.4875126119791726,300124.SZ,-0.008217810251367088,-0.49097430417649807,-0.7657555195799574,-0.7557742019132817,-1.6094239395511074,-1.2895956281335674,0.7035506345946795,-0.7442618829017627,-0.6900516343209542,-0.03239072735175302,-0.03084819094224562,-0.027763393911046295,-0.02005137375426644,0.5750959569847134
2014-06-05,8.136340141296387,0.09920125254006139,0.09968789951509438,0.09497115823372283,0.09512089741210604,0.546935911189232,300124.SZ,0.7028282217481605,-0.5024056007444211,-0.7677037779216593,-0.7577022686436399,-1.3049811549842152,-1.0725423402240066,0.5515435920386823,-0.7479067943375561,-0.6927764765544058,-0.00944722193417717,0.006362424902977846,0.005012829649175835,0.018508947659885228,-1.2213665551559176
2014-06-06,8.18853759765625,0.09983763869347759,0.10182165603349291,0.09736696366900441,0.0995007308968278,0.24382451821401274,300124.SZ,1.413874253747688,-0.5022411279632466,-0.7681237581790871,-0.759428532826261,-1.2519730537161635,-0.8745882613634675,0.29220432004405883,-0.7508380209215125,-0.6948287951338761,0.022557788578854356,0.010989648028558379,0.012339298439923485,0.0032776278717785226,-0.38164450733354066
2014-06-09,7.853870868682861,0.09575728356552224,0.10051145428677714,0.09545780520875582,0.10032428566851058,0.10485235257376557,300124.SZ,-1.430309874250422,-0.5278313307747768,-0.7670001033227694,-0.7632610151591617,-1.4824960281489028,-1.0760547488060221,0.4374271500176849,-0.7539556256977755,-0.6969592905620294,0.004241616601985231,-0.006748031426573149,-0.009832883615335568,-0.021015362484473145,-0.16542673608226818
2014-06-10,8.136340141296387,0.09920125254006139,0.09957558977659454,0.09549524535806406,0.09564498453644726,-0.186127852454523,300124.SZ,-0.7192638422508947,-0.5177334865355656,-0.7672105207873197,-0.7648691247187499,-1.1950130879736875,-0.9446295445544769,0.4374271500176849,-0.7566248203460013,-0.6986548089527872,-0.02410015951567247,-0.004820053966159732,0.00019283084057919854,0.017737734612694622,-0.3656643028260421
2014-06-11,8.259151458740234,0.10069862290504372,0.10129757961857655,0.09852742623733696,0.09976276910428598,-0.029275135255140184,300124.SZ,-0.008217810251367088,-0.4941675554268205,-0.7672445178390512,-0.7652134701489159,-1.0731769997526304,-0.6822831566491043,0.2201326301354478,-0.7591994203279413,-0.7010567916898889,0.02120813816748925,0.00886889488512886,0.015616871154138913,0.007712020156779857,0.22425827637194565
2014-06-12,8.428021430969238,0.10275753125310037,0.10395542326131631,0.09867716541572016,0.1010729815604266,-0.03398011592319355,300124.SZ,0.7028282217481605,-0.4561707478838531,-0.7673363514258171,-0.7653212544070481,-0.9072070068530098,-0.4543787851718281,-0.10550640569224161,-0.7611322930474644,-0.7036028126167793,0.006748086584136243,0.013688893693725496,0.0007712130471906047,0.010604151820089266,0.01144110933304082
2014-06-13,8.437230110168457,0.10286981957275051,0.10343133613697508,0.10159705797534296,0.10185909618280115,-0.3540847855909657,300124.SZ,1.413874253747688,-0.4216784269777694,-0.7671911292976167,-0.7649839562244576,-0.8980886891152378,-0.32049999775979987,-0.10550640569224161,-0.7618967318083418,-0.7065964933693013,0.004048785761406033,-0.0026992456651671166,0.015038544105090602,0.0005783270490484141,-0.4040294574297273
2014-06-16,8.615307807922363,0.10504101624045724,0.10590202187087312,0.10294468916194209,0.10316930863894176,-0.12179390406168716,300124.SZ,-1.430309874250422,-0.3751177841128058,-0.7667641061053049,-0.7627790624142344,-0.7209144570235569,-0.0063235141710230305,-0.4059252825854816,-0.7628666973639929,-0.7092590706083168,0.006748086584136243,0.012724960121081883,0.006940807109589253,0.011182478869137372,0.3236316682389
2014-06-17,8.39117431640625,0.10230830300852592,0.1061640600783313,0.10152218838615136,0.10511588582964884,-0.06429398634766148,300124.SZ,-0.7192638422508947,-0.35585274021155067,-0.7667728743846859,-0.761770278280081,-0.9022040775530937,-0.1619520606097192,-0.27375872267794793,-0.7641544670094927,-0.7119055414299112,0.010025604140788473,0.0013495952538020107,-0.007326413633184555,-0.014074500217320592,0.09338254836295003
2014-06-18,8.348191261291504,0.10178422659360954,0.10350620572616669,0.10002481802116903,0.10200883536118437,-0.3959471580284345,300124.SZ,-0.008217810251367088,-0.34187971146764057,-0.766852942745992,-0.7620761634964588,-0.9367041687700582,-0.37698739920198265,-0.13604405084400328,-0.7655253207131466,-0.7143340735067965,-0.01600247767773401,-0.013688948851288591,-0.007712020156779857,-0.0026991905076041243,-0.4192420998131721
2014-06-19,7.992034435272217,0.09744182254877115,0.10294468916194209,0.09620650110067185,0.10193396577199275,-0.2552041296763988,300124.SZ,0.7028282217481605,-0.36041421638696014,-0.7666781461794884,-0.7648612156825805,-1.2143644543244985,-0.8642442245753204,0.199197456844792,-0.7670467529889575,-0.7170298391272356,-0.0003856065235954051,-0.0028920213481832204,-0.019665767230671136,-0.02236501289583825,0.20303726129420044
2014-06-20,8.39117431640625,0.10230830300852592,0.10421747217819935,0.0971423549014296,0.0972920940798128,-0.2612928358116447,300124.SZ,1.413874253747688,-0.33618963491018694,-0.7679134622746068,-0.7652155016977088,-0.8077043922732096,-0.40225248642040023,0.03635609232618523,-0.7674182999452882,-0.7191257412230456,-0.023907383832656365,0.006555310901120139,0.004819998808596637,0.025064203403442377,0.00961835165714766
2014-06-23,8.842512130737305,0.10781116962169685,0.10960802905287044,0.10234574315783414,0.10234574315783414,0.4921564690261201,300124.SZ,-1.430309874250422,-0.27404006631724365,-0.7679134622746068,-0.7652155016977088,-0.3895341012663126,0.5727284683778368,-0.6099690519981091,-0.7666687733944267,-0.7207810928998708,0.026028192133648983,0.02776339391104619,0.026799405180839585,0.02834183127522069,1.0101446644687742
2014-06-24,8.836371421813965,0.10773630003250524,0.10923368110691242,0.10646353843509773,0.10799834894938828,-0.22928532528978657,300124.SZ,-0.7192638422508947,-0.22408255186159293,-0.7700912093248525,-0.7640079771254331,-0.3946903492901279,0.716289238489762,-0.609969051998109,-0.7661595769393418,-0.7226410984113468,0.0291130443224114,-0.0019280326179765116,0.021208193325052447,-0.00038560652359530235,-0.9327039249579716
2014-06-25,9.045154571533203,0.11028184464617002,0.11084336121039462,0.10560253280468183,0.10736196279597209,-0.227639753026646,300124.SZ,-0.008217810251367088,-0.1648921788803414,-0.770937062818059,-0.7634499948998013,-0.2072318783133812,0.8151581874485959,-0.796128927205772,-0.7650635552934333,-0.7239546346772489,-0.0032776278717785226,0.008290457520954461,-0.0044345026001277295,0.01311051148711409,0.019806583103633087
2014-06-26,9.364466667175291,0.11417502044643392,0.1143996399234336,0.10908394192852924,0.11024440449686179,0.18348532092692213,300124.SZ,0.7028282217481605,-0.08918902801543346,-0.7696088571553451,-0.7644639295949867,0.0665591191128699,1.2323953461069825,-1.1899223687058111,-0.7636828510610987,-0.7250618902872945,0.014845658106948309,0.018316171976869123,0.017930565453273924,0.02005131859670324,0.5592068633785116
2014-06-27,9.260075569152832,0.11290224813960155,0.11492371633834997,0.11155461695300244,0.11421246059574217,-0.23962475740379183,300124.SZ,1.413874253747688,-0.03956687255950628,-0.7655654594254149,-0.7667909108692673,-0.028767933279221683,1.1581902043786771,-1.246400740016843,-0.7622547022195622,-0.7263663769762315,0.02043698027786174,0.0026991905076040215,0.01272490496351889,-0.006555255743556942,-0.5397167044671242
2014-06-30,9.579390525817873,0.11679543464929032,0.11904150090618869,0.10987006726032864,0.1119663943388438,0.28380944571062533,300124.SZ,-1.430309874250422,0.02721168206395433,-0.7575824411995237,-0.7710624836189063,0.23757224862645435,1.2854444815487185,-0.8725860190312958,-0.7599298064206342,-0.7272718835456807,-0.011568085392732881,0.02120813816748925,-0.008676064044549764,0.02005137375426644,0.7071497408527264
2014-07-01,9.86492919921875,0.12027684377313773,0.1206137515697875,0.11492371633834997,0.11600932002691579,-0.1584660428509715,300124.SZ,-0.7192638422508947,0.10362946698630024,-0.7472905975338833,-0.7745593653215465,0.46247663647901405,1.5079170788103762,-0.7172463329773521,-0.7573439510185729,-0.7277316472487707,0.020822586801457044,0.008097681837938254,0.026028192133648983,0.017930565453273924,-0.5649629685839951
2014-07-02,9.714485168457031,0.11844255490208071,0.12158704551985347,0.11559753193164954,0.11979019679810474,-0.023501054944073865,300124.SZ,-0.008217810251367088,0.14746680321163153,-0.7412612803252611,-0.7722318552797164,0.3179053560837569,1.3181494940375658,-0.6214820540335508,-0.7553559278263612,-0.728094095230953,0.019472936390092038,0.005012829649175835,0.0034704035547946264,-0.009447277091740472,0.19542594834036353
2014-07-03,9.594741821289062,0.11698261397698176,0.11866716366965555,0.11529805357488312,0.11844255490208071,-0.24077353767545442,300124.SZ,0.7028282217481605,0.16804350641294277,-0.7365746941124011,-0.7704096672219876,0.20362837945366177,1.028031172418351,-0.6574041068236962,-0.753676308846485,-0.7288464368910571,-0.006940862267152553,-0.015038488947527507,-0.0015424260943812094,-0.007519244473763651,-0.268570392383041
2014-07-04,9.567108154296877,0.11664569547090711,0.12005223500556292,0.11619647793575752,0.11690774438779016,-0.3518587805736258,300124.SZ,1.413874253747688,0.17845620737222753,-0.7327629212839196,-0.7679649458035667,0.1769539761145594,0.9873946331608007,-0.5166685550675039,-0.7524142222453793,-0.7299087053991987,-0.007904850997358954,0.007133637950168554,0.004627223125580636,-0.0017352569349604078,-0.12869177406101487
2014-07-07,8.953042984008789,0.10915880080829599,0.11713235315536497,0.1081106372690384,0.11679543464929032,0.7722648770204538,300124.SZ,-1.430309874250422,0.12797734033493538,-0.734084479640294,-0.7609214452997252,-0.37879614119950905,0.3485145450501778,-1.1201884269206523,-0.75224341459386,-0.7314398513591089,-0.0005784373641745009,-0.01503848894752761,-0.04164511844535109,-0.038560321414151666,1.4984275917998333
2014-07-08,9.198670387268066,0.11215356295711038,0.11215356295711038,0.10721222361758889,0.10721222361758889,-0.04710352228960718,300124.SZ,-0.7192638422508947,0.10778407848665861,-0.7338138310566642,-0.7559222994917566,-0.1644326822030645,0.25705941657050146,-1.0288478783968305,-0.7520963299256334,-0.7329751875953777,-0.04935713860213085,-0.025642640767616773,-0.0046271679680174385,0.015424150628685905,-1.061700951578728
2014-07-09,8.784177780151367,0.10709991387908907,0.11316429705648459,0.10605175033983147,0.11215356295711038,-0.07305871894277495,300124.SZ,-0.008217810251367088,0.05210348962870802,-0.7345167341087584,-0.7524742345843853,-0.5086382094005348,0.09939152023661894,-0.910466289928875,-0.7526324799356328,-0.7347058017693422,0.025449754769474482,0.005205660489755034,-0.005976873536945639,-0.02602819213364888,-0.016551433421732122
2014-07-10,8.532411575317383,0.10403029285050791,0.10964545849275381,0.10331903710790011,0.10803577838927166,0.11971910554798669,300124.SZ,0.7028282217481605,-0.016092011847255245,-0.7347153573164835,-0.7517198928508549,-0.7049357566245451,-0.1879657149584627,-0.6384444870141627,-0.7537522272796,-0.7366308930999389,-0.02120813816748925,-0.01812334113629003,-0.014074500217320799,-0.015809701994718213,0.27158180016709976
2014-07-11,8.556973457336426,0.10432977120727432,0.10612661992902307,0.10339390669709171,0.10440463008704107,-0.3948054786868315,300124.SZ,1.413874253747688,-0.06843135192630098,-0.7349365362577951,-0.7508623832938186,-0.6823049349506082,-0.27971751097532666,-0.6384444870141622,-0.7540985879937269,-0.738344195247481,-0.018701778500464426,-0.018123341136289824,0.00038560652359530235,0.0015424260943812094,-0.6601354553503899
2014-07-14,8.719700813293457,0.10631379925671453,0.10631379925671453,0.10024941607931898,0.10477898874242395,0.10652243670124653,300124.SZ,-1.430309874250422,-0.09530924598924187,-0.7349860780971733,-0.7502821891450049,-0.531469817528912,-0.31430484736670317,-0.3321164393642207,-0.7538660967849745,-0.7395623832699054,0.0019280877755396065,0.0009640438877699059,-0.016195308518313415,0.010218490138930973,0.6780295095683794
2014-07-15,8.289856910705566,0.1010729815604266,0.10519076612826532,0.09920125254006139,0.10485385833161552,1.067726178585397,300124.SZ,-0.7192638422508947,-0.15529505408282068,-0.7346570005622769,-0.7511735626668976,-0.8686954469138843,-0.5717160696847345,-0.23308194128170923,-0.7536668193816912,-0.741302561077221,0.0003856065235951996,-0.005784042696366543,-0.005398436172771138,-0.026992180863855793,1.2838159987078472
2014-07-16,8.068793296813965,0.09837769776837861,0.1021960146888758,0.09744182254877115,0.10096067182192676,0.24132669778737187,300124.SZ,-0.008217810251367088,-0.2217352231764417,-0.7335028246769524,-0.7539198247017491,-1.0317357071218838,-0.8509090341083455,-0.06844273485975805,-0.7533157118990929,-0.7431702658289663,-0.020051373754266334,-0.015424095471122707,-0.009061725725708058,-0.013881724534304694,-1.0709628738717532
2014-07-17,8.191606521606445,0.09987506813336096,0.10133500905845992,0.09759157243657922,0.09766644202577082,-0.31799799558438346,300124.SZ,0.7028282217481605,-0.2615081716117569,-0.7345121789293018,-0.7517421548607234,-0.9130096269141612,-0.8352790102987152,-0.06844273485975881,-0.7532303080733332,-0.7449604729964433,-0.01696652156550402,-0.004434502600127627,0.0007712682047536994,0.007712020156779857,-0.7191498659009777
2014-07-18,7.918346405029297,0.09654340889732163,0.10032428566851058,0.09553267479794743,0.09923868197994476,0.41630098849887515,300124.SZ,1.413874253747688,-0.3156019116587206,-0.7324475085258733,-0.7565198700401413,-1.1146988276793117,-1.0422015220942233,0.125585381083426,-0.753647840452104,-0.7466446869254506,0.008097626680375159,-0.005205605332191939,-0.010604096662526171,-0.01715929724852012,0.9849182774587015
2014-07-21,7.998177051544189,0.09751670284738762,0.0987146055650284,0.09482141905533963,0.09669314807570484,-0.0669122494726211,300124.SZ,-1.430309874250422,-0.34850284943150767,-0.7310225225963612,-0.7624091355334427,-1.0353350341719996,-1.087191494288917,0.1918764513906383,-0.7534248400655281,-0.7481004898322408,-0.013110456329550995,-0.008290457520954359,-0.003663234395373825,0.005012829649175835,-0.6188895593275208
2014-07-22,8.535480499267578,0.10406772229039128,0.10481641818230729,0.09699261572304639,0.09804077926230398,0.6848513355358969,300124.SZ,-0.7192638422508947,-0.323227773536901,-0.7312058536614274,-0.763700464826881,-0.5307467269571031,-0.5949089695627753,-0.6084741220370303,-0.7528080316408573,-0.7491327102768555,0.006940807109589253,0.03142662830642002,0.011182478869137579,0.03374021229042884,1.007924094831938
2014-07-23,8.323631286621094,0.10148474823684313,0.1043672006471577,0.10062375331585212,0.10264522151460054,-0.20258022945541995,300124.SZ,-0.008217810251367088,-0.32012482291510413,-0.7317859767095833,-0.7666328836916618,-0.6955512277104487,-0.5855317718811168,-0.6084741220370301,-0.7527083929392158,-0.7503774592445858,0.023714608149640264,-0.002313639141571711,0.018701723342901332,-0.013303287170130193,-1.1513593850126456
2014-07-24,8.222309112548828,0.10024941607931898,0.10294468916194209,0.09927612212925299,0.10111041100030997,-0.3948820867976669,300124.SZ,0.7028282217481605,-0.3244748866920643,-0.7339955730333141,-0.769766373415943,-0.7734789748019086,-0.7224315102905502,-0.4692802466440943,-0.7530262879737278,-0.7515094530502014,-0.007904850997359056,-0.00732646879074765,-0.006940807109589253,-0.006362424902977846,-0.23567701853176443
2014-07-25,8.33591079711914,0.1016344981246512,0.10286981957275051,0.10032428566851058,0.10058633458539361,-0.2021943212179497,300124.SZ,1.413874253747688,-0.3152602792909233,-0.7361561936806171,-0.7718663568794529,-0.6668631001700956,-0.6319884820477835,-0.46928024664409446,-0.7531828607493652,-0.7519726635935219,-0.0026991905076040215,-0.0003856065235951996,0.005398436172771138,0.007133693107731546,0.2714631671179286
2014-07-28,8.424949645996094,0.10272009110379214,0.10376825464304973,0.09957558977659454,0.10182165603349291,-0.02127689343742251,300124.SZ,-1.430309874250422,-0.2977351136440421,-0.741032052273281,-0.7719465769625284,-0.5829996195750138,-0.5727893487446435,-0.5893259494164997,-0.7534770300858186,-0.7526084434800783,0.006362369745414752,0.004627278283143525,-0.0038560652359530233,0.005591211855787242,0.25595830428205224
2014-07-29,8.572324752807617,0.1045169398255409,0.10657582675474783,0.10129757961857655,0.10238317259771751,0.220789169378817,300124.SZ,-0.7192638422508947,-0.268645215778419,-0.7495757017217648,-0.7684333986421373,-0.4444941714545991,-0.3553020877270529,-0.953697047424634,-0.7531970929104811,-0.7531153194610749,0.0028920213481832204,0.014460051583353006,0.00886889488512886,0.009254446251161067,0.33650834583608724
2014-07-30,8.747331619262695,0.10665069634393944,0.1069876148500141,0.10376825464304973,0.10406772229039128,-0.04151843596320428,300124.SZ,-0.008217810251367088,-0.22833774133920565,-0.7571350353724655,-0.7644417044956748,-0.2826052535242351,-0.19487628756438105,-1.0060330505667365,-0.7525802844858103,-0.7534945565384817,0.00867606404454966,0.002120863458555813,0.012724904963518788,0.010989648028558379,-0.32789438212638644
2014-07-31,8.811811447143555,0.10743683238516369,0.10781116962169685,0.10470411915323231,0.10612661992902307,-0.3841522400867305,300124.SZ,0.7028282217481605,-0.1896544236252676,-0.7640173975222528,-0.7603191103219691,-0.22316102375615252,-0.13200408305861,-1.112009705649509,-0.7513134511162332,-0.753622603683398,0.010604096662526171,0.0042416166019851285,0.004820053966159629,0.004048896076532222,-0.4337066974127226
2014-08-01,8.489426612854004,0.10350620572616669,0.10724965305747228,0.10286981957275051,0.10724965305747228,0.1462630648925391,300124.SZ,1.413874253747688,-0.18752239283787486,-0.773162836470083,-0.7550275684943795,-0.5104956365510712,-0.3849288972620273,-0.8893531550617276,-0.7511616210369181,-0.7537331073741161,0.005784042696366543,-0.0028920213481831176,-0.009447332249303154,-0.020244204594845636,0.7163458258508364
2014-08-04,8.437230110168457,0.10286981957275051,0.10429234176739095,0.1021960146888758,0.10305699890044193,-0.29703488931946764,300124.SZ,-1.430309874250422,-0.18972047817188853,-0.7759060601367426,-0.7544037900496449,-0.5558556910727939,-0.5264530704396384,-0.808430666253063,-0.7517879202837656,-0.7536711318350691,-0.021593744691084656,-0.015231264630543714,-0.003470348397231532,-0.00327762787177842,-0.5663098449383077
2014-08-05,8.621448516845703,0.10511588582964884,0.10563997295399008,0.1016344981246512,0.10286981957275051,0.08556957216237822,300124.SZ,-0.7192638422508947,-0.17399628944430603,-0.7814205933809948,-0.7508498234625737,-0.37583226542213555,-0.3985640807931481,-0.992383336260715,-0.7521200488367767,-0.7535820778809409,-0.0009640438877697005,0.006940807109589253,-0.0028920213481833227,0.011568085392732675,0.5216371528133934
2014-08-06,8.82716178894043,0.1076239902940054,0.10829781659672984,0.10406772229039128,0.10466667900392411,0.32148848272672736,300124.SZ,-0.008217810251367088,-0.1424742143587881,-0.7810491266649976,-0.7510687013307692,-0.18054005734324882,-0.10779004396012422,-1.2058472626123464,-0.7524569228008761,-0.7532002746176699,0.009254501408724058,0.013688893693725496,0.012532018965376495,0.012917680646534995,0.32841080826980196
2014-08-07,8.756545066833496,0.10676300608243929,0.10994493684952024,0.10657582675474783,0.10758656085412203,-0.07290079152712231,300124.SZ,0.7028282217481605,-0.12381816036238577,-0.7797823204653559,-0.7514271404826657,-0.24739116825338436,0.040673716703697245,-0.9989175502584469,-0.7533963703137643,-0.7529783503999429,0.015038488947527507,0.008483288361533557,0.012917680646534892,-0.004434392285001232,-0.5018832849557059
2014-08-08,8.925410270690918,0.10882190372107106,0.10915880080829599,0.10668813649324768,0.10668813649324768,-0.2579394898691683,300124.SZ,1.413874253747688,-0.09388870766315256,-0.7772831782237981,-0.7525031672825535,-0.08601176396253458,0.12376475151747024,-0.9989175502584473,-0.7539135400367933,-0.752520185528269,-0.00462722312558043,-0.004048896076532222,0.0005784373641746036,0.010604096662526069,-0.2261093845373496
2014-08-11,9.020590782165527,0.10998236628940361,0.11114283956716105,0.10912138207783745,0.10923368110691242,-0.32492242656510634,300124.SZ,-1.430309874250422,-0.06210372925417896,-0.7748327141352797,-0.7538602998823927,0.004041945839865105,0.3945414811634888,-0.7494208178145769,-0.7547770731887157,-0.7517852125568449,0.013110511487113884,0.010218545296494068,0.012532129280502478,0.0059768183793825445,-0.07059656727276921
2014-08-12,8.89777946472168,0.10848499592442128,0.1104690132644366,0.10781116962169685,0.10968289864206206,-0.4037473931425669,300124.SZ,-0.7192638422508947,-0.04885794184247101,-0.7726441760480185,-0.7533752306392052,-0.1204095315043348,0.3242739649476739,-0.9351159068551071,-0.7562716496411906,-0.7512363682751925,0.0023136391415719167,-0.003470458712357824,-0.006748086584136141,-0.007712020156779857,-0.08619586885135196
2014-08-13,8.676716804504395,0.10578971213237329,0.10833525674603807,0.10410516243969951,0.10833525674603807,0.22894253920706767,300124.SZ,-0.008217810251367088,-0.05913588781645743,-0.7726362292002419,-0.7503428017310182,-0.3389408471025622,-0.002432606024700821,-1.1170602428727838,-0.7578753542601009,-0.7510430803432944,-0.006940862267152347,-0.010989648028558379,-0.019087329866496635,-0.013881724534304694,0.8510704273042461
2014-08-14,8.58460807800293,0.10466667900392411,0.10650095716555623,0.10373082520316636,0.10627635910740628,-0.22320433458816313,300124.SZ,0.7028282217481605,-0.07611435336745817,-0.7727237408100835,-0.7482742091167793,-0.4282156985344644,-0.11255370364648534,-1.0690973136349438,-0.7594363569661314,-0.7509834238607461,-0.010604096662526171,-0.00944733224930336,-0.001927977460413417,-0.005784042696366441,-0.5779663739797284
2014-08-15,8.679787635803223,0.10582715228168152,0.10627635910740628,0.1044420702363493,0.1045918094147325,-0.5174479632042309,300124.SZ,1.413874253747688,-0.0812830706052066,-0.7745216179849277,-0.7423641098363821,-0.3284139658579553,0.08055065540091505,-1.0690973136349442,-0.7608075703762892,-0.7510383077427693,-0.00867606404454966,-0.0011567644132228123,0.0036631792378107302,0.005976873536945639,-0.36996315439403726
2014-08-18,8.94997501373291,0.10912138207783745,0.10923368110691242,0.10526563571745692,0.10635122869659788,0.39404544468493696,300124.SZ,-1.430309874250422,-0.061380328149327465,-0.7750422104661769,-0.7369936741841343,-0.05353456217475737,0.6080190194467419,-1.0750439942183594,-0.7608123130726115,-0.7509547875749173,0.009061670568144962,0.015231319788106603,0.004241671759548326,0.016966521565503916,1.2183334336984684
2014-08-19,9.081997871398926,0.11073106218131964,0.11106796997796944,0.10912138207783745,0.10979519767113702,0.38681137218671097,300124.SZ,-0.7192638422508947,-0.03450358387367679,-0.7722746752303091,-0.7374922255392136,0.0759461756790689,1.12226014362499,-0.838973724996156,-0.7609926101889244,-0.7509714913354164,0.01773773461269452,0.009447277091740472,0.019858542913687136,0.008290457520954461,0.008109580315338335
2014-08-20,9.057435989379885,0.11043158382455323,0.11320172649636796,0.10927111054679582,0.11080592106108639,0.17971909686838372,300124.SZ,-0.008217810251367088,-0.016570191765946915,-0.7706649626411562,-0.7357011205045464,0.04925044324724855,1.213368944248604,-0.5753806229434312,-0.7605703323990654,-0.751028761859041,0.005205605332192042,0.010989648028558277,0.0007711578896276126,-0.0015424260943812094,-0.2551601808603925
2014-08-21,9.204811096191406,0.11222843254630198,0.1127525196706432,0.10826038715684647,0.11043158382455323,0.6635140648793787,300124.SZ,0.7028282217481605,0.00963538299204651,-0.7688701502088371,-0.7328819144205496,0.1964471112162147,1.1224253117652232,-0.7235503575219021,-0.7595312461845356,-0.7510693293048442,-0.001927977460413417,-0.0023135839840087193,-0.005205605332191939,0.009254446251161067,0.6549336605937629
2014-08-22,9.124982833862305,0.11125514930566088,0.11372581362070916,0.11106796997796944,0.11234074228480181,0.6370803065070975,300124.SZ,1.413874253747688,0.021563205475572993,-0.7678434882800285,-0.7301331737716923,0.10562016348487747,1.1536120812557047,-0.6017899757871463,-0.7586534781567315,-0.7508020650407888,0.009832883615335568,0.005012829649175733,0.014460106740916204,-0.005012774491612638,-0.017181834514712245
2014-08-25,8.913129806518555,0.108672153833263,0.11155461695300244,0.10818551756765486,0.1115171768036942,0.20433419780732137,300124.SZ,-1.430309874250422,0.010279506148385959,-0.7681355100919349,-0.7273494514710261,-0.13060567206713006,0.6382033386387198,-1.0203833728489047,-0.7583545647665726,-0.7505348021420891,-0.004241671759548223,-0.011182478869137372,-0.014845713264511506,-0.013303397485256486,-0.5524100809618012
2014-08-26,8.624519348144531,0.10515332597895707,0.10915880080829599,0.10492871721138226,0.10818551756765486,-0.06628893802536952,300124.SZ,-0.7192638422508947,-0.025973318220179897,-0.7682637956980782,-0.7269384310706406,-0.4341505529302959,0.09007390354749403,-1.0911391668006805,-0.7578373950435434,-0.7501744745571649,-0.017159297248520226,-0.012339353597486682,-0.016773745882488016,-0.018123285978726932,-0.3388482869220715
2014-08-27,8.658293724060059,0.10556510336479848,0.10709991387908907,0.10530306515734028,0.10545279362629863,-0.4910056700602435,300124.SZ,-0.008217810251367088,-0.05234429729759405,-0.7682391607335671,-0.7274127108002745,-0.39665658463042397,-0.017489512700507113,-1.0911391668006805,-0.756926415925036,-0.7495397248314145,-0.014074555374883996,-0.010604041504962974,0.0019280326179765116,0.0021208083009927182,-0.5418331216620044
2014-08-28,8.437230110168457,0.10286981957275051,0.10657582675474783,0.10275753125310037,0.10590202187087312,-0.06251042389557408,300124.SZ,0.7028282217481605,-0.09362128988892585,-0.7676753267031053,-0.7299455720925493,-0.6232227995823554,-0.4205733474947089,-0.7643738497063877,-0.7565468414054399,-0.7493058701363913,0.0023136942991350117,-0.0026992456651672193,-0.013110456329550893,-0.013881724534304592,0.5820882914363547
2014-08-29,8.578465461730957,0.1045918094147325,0.10481641818230729,0.10182165603349291,0.10238317259771751,-0.2747516928452012,300124.SZ,1.413874253747688,-0.11348044944655016,-0.7679464028602914,-0.729183396160222,-0.4614684479761232,-0.5587260782507439,-0.6480247800913357,-0.7555267341204974,-0.7490028130750915,-0.01812339629385302,-0.009061615410581971,-0.004820109123722827,0.008868894885128757,-0.2619428613032256
2014-09-01,8.81488037109375,0.10747426182504706,0.10751170197435529,0.1045918094147325,0.10474154859311569,-0.34026692192035707,300124.SZ,-1.430309874250422,-0.10776177491166332,-0.7685741289939254,-0.7265605361770198,-0.20038166855903825,-0.02310271608572393,-1.0338892660016064,-0.7542646475193918,-0.7482559082610155,0.012146522756907278,0.013881724534304798,0.014267331057899997,0.014845713264511404,-0.06866318135541997
2014-09-02,8.836371421813965,0.10773630003250524,0.10818551756765486,0.10612661992902307,0.10781116962169685,0.1682967729202882,300124.SZ,-0.7192638422508947,-0.10142301094874982,-0.768567697191483,-0.7254926948362485,-0.17697948483754408,0.1398083460120794,-1.1275089627825705,-0.753799667816653,-0.7477118372625658,0.015809701994718213,0.0034704035547946264,0.007904850997359056,0.0013495952538020107,0.6875610769572463
2014-09-03,8.894708633422852,0.10844755577511304,0.10904651248864584,0.10668813649324768,0.1081106372690384,0.5583664285181655,300124.SZ,-0.008217810251367088,-0.0913527421680667,-0.768383811631353,-0.7253695378939257,-0.11226521417720782,0.2814368189707445,-1.2476690489497417,-0.7529171557351434,-0.7472178775456141,0.0015423709368181146,0.0044344474425643265,0.0028920213481833227,0.003663234395373825,0.5314709241789208
2014-09-04,9.081997871398926,0.11073106218131964,0.11177922572057723,0.10781116962169685,0.10852242536430465,0.8602343393948696,300124.SZ,0.7028282217481605,-0.06686106234635099,-0.7671628499825872,-0.7251674665941409,0.09264599299987163,0.7456044698291169,-0.9314808732458032,-0.7515886428804823,-0.7467096007097646,0.00212086345855571,0.014074500217320901,0.0057840426963663375,0.01176091623331208,0.4152842881521378
2014-09-05,8.928481101989746,0.10885933316095443,0.11076850233062789,0.10754912070481383,0.11076850233062789,0.7274252348209732,300124.SZ,1.413874253747688,-0.062040192565060964,-0.7671514392187633,-0.7251654364699819,-0.08742038830284807,0.42566534787716226,-0.9694111604294322,-0.7506729197082698,-0.7463277960811381,0.011568140550296079,-0.005205605332191837,-0.0013496504113650028,-0.009640107932319463,-0.15730824210926805
2014-09-09,8.934623718261719,0.10893420275014604,0.10964545849275381,0.10691274526082249,0.10930855069610403,-0.18765011433605155,300124.SZ,-0.7192638422508947,-0.05830830617252193,-0.7675680571783092,-0.7251088858127394,-0.08048139758414306,0.2338027934109758,-1.0630214712076116,-0.7498853022746966,-0.7460796229018614,-0.007519299631327054,-0.0057840978539297405,-0.003277572714215428,0.00038560652359530235,-1.1877740647836346
2014-09-10,9.260075569152832,0.11290224813960155,0.11297711772879315,0.10781116962169685,0.10885933316095443,1.444156108267719,300124.SZ,-0.008217810251367088,-0.026717181500480244,-0.7651498858490711,-0.7261210517267795,0.2757002633087599,0.9406732204222471,-0.6212939639230534,-0.7488224930768742,-0.7454043064129856,-0.002313639141571711,0.017159297248520226,0.00462722312558043,0.020436925120298644,2.1671890724756757
2014-09-11,9.803524017333984,0.11952814788122168,0.124207449013285,0.11305198731798476,0.11305198731798476,3.9435523951564404,300124.SZ,0.7028282217481605,0.04597185557256725,-0.7561921035972508,-0.7309475805745704,0.7961269340027827,2.5987654729484975,0.5580062710356396,-0.747190320063583,-0.7442732110113596,0.021593744691084552,0.057840426963664406,0.02699218086385569,0.034125873971587235,3.310050490219611
2014-09-12,9.775890350341797,0.1191912400845719,0.12106295839551226,0.11720721203513171,0.12012710459475452,0.9602755194269669,300124.SZ,1.413874253747688,0.09860451716457548,-0.7499123220336625,-0.732323070715879,0.7613341822967241,2.2007609089025073,0.558006271035639,-0.7457004890221964,-0.7428867831883301,0.036439513113159155,-0.016195308518313415,0.021400969008068448,-0.0017352017773973132,-3.9121802401665273
2014-09-15,9.81887435913086,0.11971532720891312,0.12345876383079384,0.11791846777773951,0.11934096855353024,1.3310892279357014,300124.SZ,-1.430309874250422,0.14128299205629183,-0.7441541535989322,-0.7333503716478583,0.8008435666339714,2.079669436662223,0.7694103065819005,-0.7436460382190462,-0.7417771634650507,-0.0040488960765323245,0.012339298439923485,0.003663234395373825,0.0026992456651671166,0.5061053974212607
2014-09-16,9.210952758789062,0.11230331284491844,0.12110039854482048,0.11189152474965221,0.11979019679810474,1.30563191572479,300124.SZ,-0.7192638422508947,0.11706026908084807,-0.7434897604212583,-0.7328207257771494,0.07447399828488169,0.9655285119352586,-0.09362701904047406,-0.74245037515673,-0.7414908094815726,0.0023136942991350117,-0.012146467599344287,-0.031041021782824817,-0.03817465973299327,-0.015895578839051135
2014-09-17,9.32148265838623,0.11365094403151758,0.11365094403151758,0.11065619259212804,0.11252791090306839,-0.03923200476218405,300124.SZ,-0.008217810251367088,0.10539677789741195,-0.7425815503864066,-0.732683444545556,0.183197210667056,0.4586229677271546,-0.2561558572025672,-0.7413685856719373,-0.7411137774534714,-0.03740350184336586,-0.038367490573572464,-0.006362424902977846,0.006940807109589253,-1.7539271319757002
2014-09-18,9.432013511657717,0.11499858592754157,0.11653339644183214,0.11252791090306839,0.113351476384176,0.03796561982450053,300124.SZ,0.7028282217481605,0.10370613706022609,-0.7410541851824433,-0.7325935198606812,0.2912627737573088,0.7594922413355354,0.01936603220142225,-0.7404338808553713,-0.7408131063510954,0.004241671759548223,0.014845713264511404,0.00964005277475637,0.006940862267152347,0.11932999765900104
2014-09-19,9.33376407623291,0.11380068320990076,0.11642109741275716,0.11192895418953558,0.1149611564876582,-0.02311944823154357,300124.SZ,1.413874253747688,0.09104688149236838,-0.7405147285019307,-0.7325784975679549,0.1778106314464023,0.5876082834249352,-0.0614737902850884,-0.7395418793090683,-0.7408369686710434,0.008290457520954461,-0.0005783822066114062,-0.003084852188762419,-0.006169649219961846,-0.06282740670612304
2014-09-22,9.029804229736328,0.11009467602790345,0.11365094403151758,0.10900907233933764,0.11365094403151758,0.31312112910225737,300124.SZ,-1.430309874250422,0.05141341147669631,-0.7407085898148204,-0.7328282597230512,-0.15933638605714828,0.019434802541785416,-0.4465917709662722,-0.7393805597649595,-0.741015938801366,-0.006748086584136243,-0.014267331057899997,-0.015038488947527507,-0.01908732986649653,0.46056280843022973
2014-09-23,9.017522811889648,0.10994493684952024,0.11147974736381083,0.10743683238516369,0.11016954561709505,0.7086981704649239,300124.SZ,-0.7192638422508947,0.017364522406488257,-0.7406263059891339,-0.7324020638917199,-0.17263078422570408,-0.20855371431718234,-0.6460742887539511,-0.7393853038186649,-0.7414526273120154,-0.017930510295710727,-0.011182478869137476,-0.008097626680375159,-0.0007712130471906047,0.5387257083936262
2014-09-24,9.161827087402344,0.11170435613138563,0.11177922572057723,0.10923368110691242,0.10979519767113702,0.2755374766947445,300124.SZ,-0.008217810251367088,0.0021800648193605957,-0.7407557603645688,-0.729562450525404,-0.017406075153180718,0.008032879889798965,-0.6141129531527636,-0.7389772609046878,-0.7419990849520666,-0.0019280326179766144,0.0015424260943811066,0.009254446251160965,0.009061670568144962,-0.5529562067196234
2014-09-25,9.069717407226562,0.11058132300293644,0.113351476384176,0.10990749670021199,0.11192895418953558,0.1907587899313442,300124.SZ,0.7028282217481605,-0.019341291056874686,-0.7411496824079158,-0.7270437361943284,-0.1219058905343833,0.048684083846341174,-0.4458777732022659,-0.7383699405874277,-0.7425002032284673,0.010989648028558483,0.008097681837938152,0.0034704035547946264,-0.005784042696366441,-0.0940386016956494
2014-09-26,9.161827087402344,0.11170435613138563,0.11297711772879315,0.10953315946367884,0.11001980643871184,0.0011642304524965934,300124.SZ,1.413874253747688,-0.02899277189917291,-0.7428633276400655,-0.7214163800732544,-0.020466337218543317,0.039383926966088195,-0.49651809591264257,-0.7374779390411244,-0.7428366684934432,-0.009832828457772473,-0.0019280877755395037,-0.001927977460413417,0.005784042696366441,-0.23211074178219177
2014-09-29,9.140334129333496,0.1114423072145026,0.11372581362070916,0.1111053994178528,0.11207869336791877,0.23864718914064814,300124.SZ,-1.430309874250422,-0.03946470737781889,-0.7442425934000813,-0.7169938467531365,-0.0459767910661482,0.14025214050173182,-0.4139673551999833,-0.7367662373259004,-0.7431683611578942,0.010604041504963078,0.0038560652359529205,0.008097626680375263,-0.0013496504113650028,0.3304711018690166
2014-09-30,9.23858642578125,0.11264020993214337,0.11327659608555957,0.11121770915635265,0.1114423072145026,0.003877536795177124,300124.SZ,-0.7192638422508947,-0.03967692216982644,-0.7445160582360688,-0.7145544051820915,0.06555038581715575,0.1736889919988948,-0.413967355199983,-0.7363202379101318,-0.7429464369401672,-0.00327762787177842,-0.002313639141571711,0.0005784373641746036,0.00616964921996164,-0.29161911192796397
2014-10-08,9.499561309814451,0.11582214069922435,0.11698261397698176,0.11271507952133497,0.11271507952133497,0.4630748148015152,300124.SZ,-0.008217810251367088,-0.01719446376725232,-0.7438339215074741,-0.7120330406170051,0.35051335087630486,0.6794893083037702,-0.010170482105424218,-0.7356749610910802,-0.7427125815624661,0.006555255743556942,0.01908738502405973,0.007712020156779755,0.016388139358892613,0.622531548087879
2014-10-09,9.416664123535156,0.11481140659985013,0.11690774438779016,0.11290224813960155,0.11604674946679917,0.3163030285506984,300124.SZ,0.7028282217481605,-0.008154471230205499,-0.7436715726216985,-0.7096111247741641,0.24474346323683258,0.5672356472381268,-0.010170482105423458,-0.7351198335088762,-0.7422210084871157,0.01715935240608332,-0.00038560652359530235,0.0009639887302067085,-0.005205660489755034,-0.175701041697106
2014-10-10,9.20788288116455,0.11226587269561021,0.11428733018493376,0.11192895418953558,0.11428733018493376,0.3705337190321846,300124.SZ,1.413874253747688,-0.02108536162277496,-0.743694948114324,-0.7089539682855677,-0.014997835146559798,0.16518526103768671,-0.15939934640769832,-0.735115088097788,-0.7416960272080891,-0.009061670568145169,-0.013496118010709495,-0.005012829649175835,-0.013110456329550995,0.08907605175387866
2014-10-13,9.118841171264648,0.11118026900704442,0.11155461695300244,0.10844755577511304,0.11147974736381083,0.08876949704866287,300124.SZ,-1.430309874250422,-0.04029951562781939,-0.7441607516689126,-0.7074573618345035,-0.12285991901498122,-0.2772843484516223,-0.6682744684546906,-0.7351245789199646,-0.7412593386974395,-0.014460106740915895,-0.014074500217320592,-0.017930510295710727,-0.005591267013350234,-0.3535242474219648
2014-10-14,8.925410270690918,0.10882190372107106,0.11181666586988545,0.1081106372690384,0.11099310038877784,0.32910313776487893,300124.SZ,-0.7192638422508947,-0.0736180947124364,-0.7441217492893543,-0.7075490091087713,-0.35165620090499883,-0.42912114448203453,-0.7157804569062195,-0.7351055986329944,-0.7410994582865401,-0.0025064148245879177,0.0013496504113650028,-0.0017352569349604078,-0.01214646759934439,0.3342262561040021
2014-10-15,8.428021430969238,0.10275753125310037,0.10736196279597209,0.10088580223273516,0.10706247372978084,2.68436454146915,300124.SZ,-0.008217810251367088,-0.1449799837786729,-0.7403588370881315,-0.7161079787935939,-0.8818634524709915,-1.4743183374061912,-0.9096743066273602,-0.7354092574342415,-0.7409920757987399,-0.020244204594845636,-0.022943395102449658,-0.03721061584522346,-0.031233797465840922,3.120184096258194
2014-10-16,8.271432876586914,0.10084836208342693,0.10346877628628331,0.10073606305435195,0.10144731879695976,1.6557163707133602,300124.SZ,0.7028282217481605,-0.2146443524445927,-0.7400479975365654,-0.724136835283884,-1.0337373987069933,-1.7361522030130754,-0.8923269434604724,-0.736007088286708,-0.740834582029442,-0.02892015832426921,-0.02005137375426644,-0.0007712130471906047,-0.009832938772898663,-1.3373815824959543
2014-10-17,8.317487716674805,0.10140987864765152,0.1021960146888758,0.0999873778718608,0.10088580223273516,0.2445313338676384,300124.SZ,1.413874253747688,-0.26393639798016644,-0.7414973185131515,-0.7297407861674319,-0.9744835242727934,-1.7577819338822274,-0.8040024692186086,-0.7361921308141093,-0.7407367447426924,-0.0028920213481832204,-0.006555200585993848,-0.0038560100783899287,0.0028920213481832204,-1.8412907939035121
2014-10-20,8.397316932678223,0.10238317259771751,0.10290725972205872,0.10155962853545959,0.1016344981246512,0.12077024803132967,300124.SZ,-1.430309874250422,-0.29366410516629576,-0.7451702303393983,-0.7325628017047469,-0.8708418029732271,-1.544388508447018,-0.9005102665213212,-0.7364720679894469,-0.7403644859977939,0.0038560652359530233,0.0036631792378106274,0.008097681837938254,0.005012829649175835,-0.14538944318810285
2014-10-21,8.240731239318848,0.10047402484689377,0.10313186848963353,0.10017454649012737,0.10275753125310037,0.28609218989026847,300124.SZ,-0.7192638422508947,-0.3290145364231679,-0.744111239784267,-0.738654366288377,-1.0301108765122255,-1.6020261208242632,-0.7319705044651496,-0.7373593241246618,-0.7401759699837432,0.005784042696366441,0.001156819570785907,-0.007133693107731546,-0.009832828457772473,0.2354146398436612
2014-10-22,7.998177051544189,0.09751670284738762,0.1010729815604266,0.09732953422912104,0.10054889443608538,0.4919725276263068,300124.SZ,-0.008217810251367088,-0.3761091868277626,-0.7429544569505221,-0.7466268207238305,-1.2657344663474732,-1.8191234154435267,-0.40036626857073554,-0.7386546231738534,-0.740593568092292,-0.011375309709716777,-0.010604041504963078,-0.014652882423932204,-0.015231319788106705,0.2888415147257804
2014-10-23,8.114849090576172,0.0989392143326032,0.09901408392179481,0.09661827848651323,0.09762900187646259,0.07184279157541883,300124.SZ,0.7028282217481605,-0.39951904936833194,-0.7443369120529644,-0.7516022208996235,-1.1077807442503558,-1.6843417288272227,-0.31997170198794606,-0.7398597729861973,-0.7407558344621152,-0.015038544105090602,-0.010604096662526171,-0.003663234395373825,0.00732646879074765,-0.5357907510203297
2014-10-24,8.216167449951172,0.10017454649012737,0.10230830300852592,0.09901408392179481,0.09901408392179481,-0.08079832303870613,300124.SZ,1.413874253747688,-0.4054881798342735,-0.7461912451719743,-0.7550278336373807,-0.9719473874992346,-1.2422432592385242,-0.7888097468200428,-0.7411977753056519,-0.7407606070626404,0.007133693107731546,0.016966466407941028,0.012339298439923485,0.006362424902977846,-0.18343260664998906
2014-10-27,8.302136421203613,0.10122271002938495,0.10129757961857655,0.09901408392179481,0.09957558977659454,-0.46541357673454686,300124.SZ,-1.430309874250422,-0.3991073204090182,-0.7469829811088108,-0.7577437716852734,-0.857170453134172,-1.13121386211752,-0.7888097468200418,-0.7421656912129211,-0.7407868567068678,0.0028919661906201253,-0.005205605332192042,0.0,0.005398436172771138,-0.4890081363667339
2014-10-28,8.388105392456055,0.10227087356864255,0.10242061274702575,0.10137244920776815,0.10167192756453457,-0.24325046498095837,300124.SZ,-0.7192638422508947,-0.38312325932456653,-0.7480808760170022,-0.7596104653502388,-0.74257565667206,-0.8935270554279809,-0.9465903974794446,-0.7430102454352562,-0.7408154923100191,0.010796927503105371,0.005784042696366543,0.012146467599344287,0.00539843617277124,0.31029053191091677
2014-10-29,8.37275505065918,0.10208370495037597,0.10339390669709171,0.10144731879695976,0.10290725972205872,0.10928387915635036,300124.SZ,-0.008217810251367088,-0.3689216282716304,-0.7501752080861319,-0.7611119571788079,-0.7597833053655402,-0.8006482017514847,-1.0825889968810092,-0.7443814588454138,-0.7409706001203934,0.006362424902977846,0.005012829649175733,0.00038560652359530235,-0.0009639887302067085,0.482026306222581
2014-10-30,8.259151458740234,0.10069862290504372,0.10238317259771751,0.10028684551920235,0.10208370495037597,-0.05159035419284854,300124.SZ,0.7028282217481605,-0.3651261069832601,-0.7518620970125754,-0.7631969613463871,-0.8878828998003709,-0.8552670278465921,-0.929937180575094,-0.7467680368441919,-0.7413500181074184,-0.0042416166019851285,-0.005205660489755034,-0.005976873536945639,-0.007133693107731649,-0.19427795186239152
2014-10-31,8.136340141296387,0.09920125254006139,0.10126013946926832,0.09830282817918701,0.10039915525770217,-0.026905199847745906,300124.SZ,1.413874253747688,-0.3703561349483303,-0.7542833858561517,-0.7654993924521444,-1.0239403784776209,-0.9422149564114989,-0.6757895844181664,-0.7493016995111969,-0.741874999386445,-0.008676064044549764,-0.005784042696366441,-0.010218434981367775,-0.007712020156779857,0.05015622693469795
2014-11-03,8.474075317382812,0.10331903710790011,0.10365595561397475,0.09890177418329497,0.09901408392179481,0.4569166014854935,300124.SZ,-1.430309874250422,-0.34112438040500276,-0.7571077278984232,-0.7655335998088851,-0.5584403254659926,-0.6573156019785911,-1.021169405507926,-0.7513798732976394,-0.7418869305464192,-0.007133637950168451,0.01233935359748658,0.003084797031199324,0.02120813816748925,0.654969007666033
2014-11-04,8.323631286621094,0.10148474823684313,0.1038805536721247,0.10081093264354356,0.10350620572616669,0.21502813019891787,300124.SZ,-0.7192638422508947,-0.3291877363866954,-0.7611917992673043,-0.7653405339073294,-0.729409051265902,-0.6099551280556297,-1.0530281315604808,-0.7527510894225634,-0.7419752226321185,0.023136115627902666,0.0011567644132228123,0.009832883615335568,-0.009447277091740265,-0.30099660925372995
2014-11-05,8.210027694702148,0.10009967690093577,0.10238317259771751,0.09991250828266919,0.10148474823684313,-0.3003835240679622,300124.SZ,-0.008217810251367088,-0.32761950637486226,-0.7690323903491769,-0.7626333015705297,-0.8556827764942607,-0.7054385437590283,-0.9318100504859764,-0.7544686662616142,-0.7422949834539173,-0.010411265821946973,-0.007712075314342952,-0.004627223125580534,-0.007133637950168451,-0.661303977393477
2014-11-06,8.375826835632324,0.1021211450996842,0.10242061274702575,0.10032428566851058,0.10032428566851058,0.002839298886654007,300124.SZ,0.7028282217481605,-0.3090318809811065,-0.777444450830643,-0.7580141376411944,-0.6306703282540195,-0.5860811311190953,-0.9374570162728637,-0.7561008379175223,-0.7426457651551134,-0.0059768183793825445,0.00019283084057930127,0.0021208083009926154,0.01041132097951017,0.41706909044762897
2014-11-07,8.26529312133789,0.10077349249423533,0.10320673807882513,0.10069862290504372,0.10294468916194209,0.12921059102343163,300124.SZ,1.413874253747688,-0.30220609009991783,-0.784737435111351,-0.7542106932578692,-0.7569133439091498,-0.5648407962020167,-1.0580410241174594,-0.7577519898604007,-0.7430275697837398,0.013496062853146298,0.004048840918969025,0.001927977460413417,-0.006940917424715545,0.1841056212229777
2014-11-10,8.14862060546875,0.0993509917184446,0.10118526988007671,0.09826538802987878,0.10084836208342693,0.11038663993897281,300124.SZ,-1.430309874250422,-0.3052260263854371,-0.7927628022283177,-0.7496899360634559,-0.8881691113252358,-0.7590127867318278,-0.7180673600756212,-0.7591137151631479,-0.7436312979474156,-0.010796872345542276,-0.010411320979510068,-0.01253207412293959,-0.007326413633184555,-0.0071575667138970645
2014-11-11,7.844659805297852,0.09564498453644726,0.09980019854416936,0.09508346797222267,0.09938842115832797,0.0858985364030243,300124.SZ,-0.7192638422508947,-0.3327913926001005,-0.7980626657441392,-0.7489061432154525,-1.211339808451171,-1.03736632203775,-0.30806327799102984,-0.7609261852927521,-0.7445452417318399,-0.0075192444737637535,-0.007133637950168451,-0.016388084201329516,-0.019087329866496635,-0.014618856979320381
2014-11-12,7.88457441329956,0.09613163151148024,0.09710492546154623,0.09433477208030663,0.09568241397633064,-0.14750766909282825,300124.SZ,-0.008217810251367088,-0.3483064702562238,-0.7979307680705283,-0.7517793355131581,-1.1534447638175327,-1.1183630480554028,-0.21589051784355248,-0.7628999749664648,-0.7453327133090408,-0.019087329866496635,-0.0138816693767416,-0.0038560652359530233,0.0025064148245879177,-0.28982306692500776
2014-11-13,7.7494797706604,0.09448451125868984,0.09628137068986345,0.0942224623418068,0.09616906095136361,-0.27182624621698986,300124.SZ,0.7028282217481605,-0.3699636128614722,-0.7964223915090267,-0.7561529874441844,-1.2937878382741266,-1.1971298692578825,-0.20183377403896605,-0.7649401908937329,-0.7460533691615672,0.0025064148245879177,-0.004241616601985231,-0.0005784373641745009,-0.008483288361533557,-0.14612381683971973
2014-11-14,7.77404260635376,0.0947839789060314,0.09598189233309704,0.09324916839174083,0.09396043484377348,-0.4989202028370662,300124.SZ,1.413874253747688,-0.381808630064431,-0.7959139539281448,-0.7594660524491983,-1.2565171271023936,-1.2206823190827953,-0.07866450874833282,-0.7670847909337312,-0.7466833469694703,-0.011375254552153682,-0.0015424260943812094,-0.005012829649175835,0.0015423709368181146,-0.28150805042551863
2014-11-17,7.936770915985107,0.09676801766489644,0.09732953422912104,0.0947839789060314,0.0947839789060314,-0.11075134331543338,300124.SZ,-1.430309874250422,-0.37338887265308435,-0.7969457660877127,-0.7605650173117793,-1.0115249133191402,-1.008525072036403,-0.31426625478116965,-0.7689447070299202,-0.7472608261715963,0.004241561444422137,0.006940862267152347,0.007904850997359056,0.010218545296493964,0.5289670383139653
2014-11-18,8.142480850219727,0.09927612212925299,0.10024941607931898,0.09620650110067185,0.09646853930813003,0.14154538448418683,300124.SZ,-0.7192638422508947,-0.3453173624653716,-0.7972448665532541,-0.7607071995693105,-0.7163570217422722,-0.6732909498602493,-0.7967692999776583,-0.7706385595282955,-0.7478884173378979,0.008676119202112755,0.015038488947527507,0.007326523948310745,0.012917680646534892,0.34998502424526906
2014-11-19,8.228448867797852,0.10032428566851058,0.10118526988007671,0.09819051844068717,0.10009967690093577,0.17317791127635876,300124.SZ,-0.008217810251367088,-0.31295219275441966,-0.7969370186596783,-0.7599146620373425,-0.596747334109158,-0.421576171263522,-0.9442849533964613,-0.7726028597372147,-0.7485518026667995,0.018701723342901332,0.004819998808596637,0.010218434981367775,0.005398436172771138,0.05930788075290603
2014-11-20,8.197747230529785,0.09994993772255256,0.10208370495037597,0.09875203500491177,0.09957558977659454,0.27611633905094984,300124.SZ,0.7028282217481605,-0.28809853477432473,-0.7967649992801527,-0.7597008379575609,-0.6343464528901527,-0.2874885983219087,-1.0852280359751303,-0.7744865001740793,-0.7492199605962265,-0.0026992456651671166,0.004627278283143731,0.0028920213481832204,-0.0019280326179765116,0.15323791343192347
2014-11-21,8.249942779541016,0.10058633458539361,0.10193396577199275,0.09957558977659454,0.10017454649012737,-0.12480251350540429,300124.SZ,1.413874253747688,-0.2619478454665891,-0.7966423110517135,-0.7596751740227523,-0.5590892234190976,-0.09944420497356188,-1.08522803597513,-0.7759668417506724,-0.7499620921270993,0.003084852188762419,-0.0007712130471907074,0.004241616601985231,0.0032776830293416172,-0.510484585758085
2014-11-24,8.326700210571289,0.10152218838615136,0.10197139521187612,0.10017454649012737,0.10111041100030997,0.2670023635976162,300124.SZ,-1.430309874250422,-0.23286719101356884,-0.7965119600720986,-0.7597045509041311,-0.44802153750819984,0.14464042231617652,-1.0913877861288228,-0.7771909704926036,-0.750582524733952,0.004820053966159732,0.0001927756830161038,0.003084852188762419,0.004819998808596637,0.5337567015190545
2014-11-25,8.93155288696289,0.10889677331026267,0.11147974736381083,0.10129757961857655,0.10152218838615136,3.2572759086155347,300124.SZ,-0.7192638422508947,-0.15426597714813856,-0.7904957707442061,-0.7640135340462572,0.32722505667588087,1.9780176542712726,-0.1314770566195662,-0.77718148102781,-0.7505682062496988,0.0021208083009926154,0.04897158723609874,0.005784042696366441,0.03798188404997716,3.9566746301884774
2014-11-26,8.996030807495117,0.10968289864206206,0.114324770334242,0.1093459801359874,0.11155461695300244,2.559448325491029,300124.SZ,-0.008217810251367088,-0.08642464370357972,-0.7846593448563575,-0.7677131016931531,0.40073092775854136,2.7810426929644985,0.18634572584671896,-0.7763037143573889,-0.7502794663072968,0.05167077774370277,0.014652937581495197,0.04145228760477169,0.004048840918969127,-0.9015973321187001
2014-11-27,9.22323226928711,0.11245304131387679,0.11286482940914304,0.11001980643871184,0.11001980643871184,1.9575959571577584,300124.SZ,0.7028282217481605,-0.01313260362144328,-0.7766111844660051,-0.7722912061995836,0.6521883725892837,2.482738648265134,0.18634572584671846,-0.7748328608882062,-0.7498403911550459,-0.007904850997359159,-0.0075192444737637535,0.003470458712357824,0.014267275900336902,-0.7751708381327521
2014-11-28,9.201740264892578,0.11219100310641861,0.11589701028841597,0.110394143675245,0.11230331284491844,1.7687142218118177,300124.SZ,1.413874253747688,0.04119903738169473,-0.7700702425643795,-0.77460163232029,0.6208269037876407,2.240854801430874,0.5099866592640289,-0.7734663901743707,-0.7492462075097427,0.01176091623331208,0.015616871154139017,0.001927977460413417,-0.0013495952538020107,-0.23117175085471103
2014-12-01,9.250865936279297,0.11278995981995144,0.11380068320990076,0.10672557664255591,0.11305198731798476,1.9066028811144118,300124.SZ,-1.430309874250422,0.0864158010660663,-0.7645116066337605,-0.7772085740702727,0.6756786603382047,1.6115696962340846,-0.08443696477518452,-0.7721473654271203,-0.7487236121896397,0.003855954920826834,-0.01079687234554248,-0.018894499025917333,0.003084852188762419,0.19927725020959008
2014-12-02,9.174107551574709,0.11185408460034399,0.11290224813960155,0.11043158382455323,0.11286482940914304,0.6922132930533695,300124.SZ,-0.7192638422508947,0.11263973445266261,-0.7599244295450601,-0.7783119733788367,0.5587922610544691,1.4510173450025001,-0.08443696477518452,-0.7707049817097018,-0.748444418130966,-0.0009639335726436138,-0.004627278283143525,0.01908732986649653,-0.004820109123722724,-1.5820555457578582
2014-12-03,9.398240089416504,0.11458679783227531,0.11492371633834997,0.1076239902940054,0.11147974736381083,2.204914045369336,300124.SZ,-0.008217810251367088,0.15078055601319973,-0.7537394344723409,-0.7795920987833099,0.8118465020984375,1.3165237715795173,-0.5152551315427405,-0.7685414054548825,-0.7480077296203166,-0.0071336931077314435,0.010411320979510068,-0.014460161898479196,0.014074500217320592,2.0102934921345543
2014-12-04,9.284639358520508,0.11320172649636796,0.11593445043772418,0.11305198731798476,0.11473653701065853,0.7994222474770785,300124.SZ,0.7028282217481605,0.16740940042535624,-0.749365942871533,-0.7801539935411584,0.6370187100421802,1.3081606433751813,-0.3947115388511318,-0.7667336807363668,-0.7477046725590168,0.01677369072492472,0.005205660489755034,0.027956224751625493,-0.0071336379501683485,-1.8337911884910478
2014-12-05,8.817952156066895,0.10751170197435529,0.11297711772879315,0.10369338505385813,0.11297711772879315,1.0451013864083594,300124.SZ,1.413874253747688,0.13519828636257356,-0.7481094898128332,-0.778856578883855,-0.01586425177398238,0.4869468119513649,-0.923788592218923,-0.765803721330889,-0.7479098923335666,-0.009061670568144962,-0.0152313749456698,-0.04820031903134494,-0.02930576484786441,0.34126778864351043
2014-12-08,8.596888542175293,0.10481641818230729,0.11005723587859521,0.10335646654778348,0.10631379925671453,1.2492286137577584,300124.SZ,-1.430309874250422,0.08720845201734648,-0.7477546167037684,-0.7770282609638175,-0.29114348135128076,0.2170000566135177,-0.8852722640861632,-0.7653482310929438,-0.748167610031216,-0.03431859449704014,-0.015038488947527507,-0.0017352569349604078,-0.013881724534304798,0.2865321726708
2014-12-09,8.228448867797852,0.10032428566851058,0.10736196279597209,0.0977038714656542,0.10646353843509773,2.0731547177153096,300124.SZ,-0.7192638422508947,0.014131757760376737,-0.7485333575673007,-0.7741982657759414,-0.710775220038249,-0.29610393166722804,-0.2802646230679109,-0.7655949544628123,-0.7487164536301908,0.0007712130471906047,-0.0138816693767416,-0.029112989164848304,-0.02313617078546566,1.1029825355738072
2014-12-10,8.851726531982422,0.10792347936019668,0.10818551756765486,0.10039915525770217,0.10066119346516035,2.40332352190093,300124.SZ,-0.008217810251367088,0.011539318169247387,-0.7483086678941732,-0.7696216568384384,0.007664469373905609,0.1322658185319605,-0.3886802276615873,-0.7648547829958242,-0.7490338278103882,-0.029884257369602107,0.004241616601985231,0.013881724534304694,0.03913870362076307,0.45256456645627574
2014-12-11,8.94997501373291,0.10912138207783745,0.11226587269561021,0.10728709320678048,0.10796090880008005,1.0714617457439666,300124.SZ,0.7028282217481605,0.016919255134729982,-0.7489020621697244,-0.7629218358794598,0.10960685133392524,0.5535127162902442,-0.9018210872695289,-0.7637872270295305,-0.7496972124566121,0.03759627752638186,0.021015362484473145,0.035475469225389245,0.00616964921996164,-1.7367996316568086
2014-12-12,9.39210033416748,0.1145119282430837,0.11511088495661655,0.10927111054679582,0.10953315946367884,1.8360715960120528,300124.SZ,1.413874253747688,0.05945087042190136,-0.7475743185636609,-0.756377025856387,0.539118442569089,0.8473327083521925,-1.2329415383547806,-0.7618466511612868,-0.7499954976000643,0.008097681837938152,0.014652882423932204,0.010218434981367775,0.0277633387534832,1.024846258341688
2014-12-15,9.61316204071045,0.11720721203513171,0.12203625234557823,0.11413759100655055,0.11447450951262521,1.7520435594897614,300124.SZ,-1.430309874250422,0.1106980532538491,-0.7445491064969993,-0.7515233151717804,0.7359654786618084,1.2129589600168451,-0.5970131017987086,-0.7600863724093563,-0.7501553786936419,0.02544980992703768,0.03566824490840535,0.02506420340344217,0.013881724534304798,-0.09304978308868357
2014-12-16,9.585530281066896,0.11687030423848192,0.11971532720891312,0.11417502044643392,0.11716977188582348,1.1343320832064394,300124.SZ,-0.7192638422508947,0.14579392080874343,-0.7417991237773913,-0.747515607041884,0.7022288156886298,1.0115111237280776,-0.597013101798708,-0.7581363057189361,-0.749864253474994,0.013881614219178506,-0.011953636758765089,0.0001927756830161038,-0.0017352017773973132,-0.7960617673193234
2014-12-17,9.868000030517578,0.12031427321302109,0.12162447495973684,0.11327659608555957,0.11443706936331698,1.9037451664344613,300124.SZ,-0.008217810251367088,0.19576119053066912,-0.7370229170745463,-0.7448917463285697,0.9484225023575457,1.045817037359488,-0.4120513597284502,-0.7555741746575504,-0.7494394961243185,-0.014074445059757704,0.009832828457772473,-0.00462722312558043,0.017737734612694622,1.031173474219697
2014-12-18,9.65000820159912,0.11765642957028133,0.12087578977724568,0.11683286408917369,0.12038913209278783,0.44495706486711917,300124.SZ,0.7028282217481605,0.21174248684252697,-0.735545579257473,-0.7393512493061989,0.6801400198501246,0.9547043269820643,-0.4120513597284507,-0.7536051303949258,-0.7492700705123688,0.03065536010166642,-0.0038560100783899287,0.01831611681930603,-0.013688893693725496,-1.9039974894689409
2014-12-19,9.33376407623291,0.11380068320990076,0.11833024516358087,0.11189152474965221,0.11664569547090711,0.5594837325517755,300124.SZ,1.413874253747688,0.19206677502474753,-0.7366492997865803,-0.73263903574916,0.31419649477026357,0.5730783050752776,-0.9998422227523845,-0.7519539784520476,-0.7492700705123688,-0.01928010554951274,-0.013110511487114193,-0.025449754769474482,-0.01985854291368734,0.16850290186132558
2014-12-22,8.986817359924316,0.10957058890356221,0.11410015085724232,0.10717478346828067,0.11376324306059256,0.7178066153861918,300124.SZ,-1.430309874250422,0.14191395513423122,-0.7388340835502124,-0.7267839084324403,-0.05548043188651691,0.16717555661208042,-1.0460607276984004,-0.7506586794028557,-0.7493034787160452,-0.014845713264511404,-0.02178657553166375,-0.024292990356251567,-0.02178657553166375,0.2261949001890448
2014-12-23,9.075857162475586,0.11065619259212804,0.11361350388220935,0.10930855069610403,0.10987006726032864,0.10135377895593548,300124.SZ,-0.7192638422508947,0.1077162954850769,-0.7388062933325686,-0.7260943495268576,0.03099052063821542,0.2199742466059982,-1.046060727698401,-0.7487560600364036,-0.7492581393523946,-0.02005131859670334,-0.002506414824587815,0.01098970318612127,0.005591267013350439,-0.794403782764038
2014-12-24,9.241655349731444,0.1126776500814516,0.11357607444232598,0.10987006726032864,0.11065619259212804,0.23946277192489834,300124.SZ,-0.008217810251367088,0.09332104159618274,-0.7384574705441554,-0.7252728692367364,0.19032544513666289,0.26999171829307383,-1.0460607276984009,-0.7466589086777566,-0.7491960962282449,0.004048840918969127,-0.0001927756830161038,0.0028920213481833227,0.010411265821946973,0.19956749194550774
2014-12-25,9.517982482910156,0.11604674946679917,0.11866716366965555,0.11230331284491844,0.1126776500814516,0.6390881627596253,300124.SZ,0.7028282217481605,0.10455821163371593,-0.7372158440482652,-0.7252485619364636,0.4446588034770372,0.5979999894892428,-0.950444347315097,-0.7439259686074687,-0.7488476998032948,0.010411265821946973,0.02622102297422818,0.012532129280502685,0.017352128089099424,0.5440585292817668
2014-12-26,9.772820472717283,0.11915381064468852,0.12038913209278783,0.11548523290257458,0.11623391808506575,0.9613019452114485,300124.SZ,1.413874253747688,0.13381429449178747,-0.7342381291982062,-0.7258697501216954,0.6659894221262007,0.855784870568316,-0.7767398506518542,-0.7408371756434939,-0.7483728304884436,0.018316116819306134,0.00886878457000267,0.01638808420132962,0.016002532835297206,0.44208555362391433
2014-12-29,9.330695152282717,0.11376324306059256,0.12121269757389545,0.11234074228480181,0.11904150090618869,0.3652499442860995,300124.SZ,-1.430309874250422,0.11409095223665627,-0.7340151216152736,-0.7257308548335734,0.18865390322499367,0.5496618605329131,-1.1275111615974893,-0.7386830888534683,-0.7482248812375183,0.014460106740915999,0.004241671759548326,-0.016195308518313516,-0.027763449068609388,-0.7675301142561866
2014-12-30,8.860936164855957,0.10803577838927166,0.11316429705648459,0.10747426182504706,0.11316429705648459,0.2966030002201354,300124.SZ,-0.7192638422508947,0.05372986530418129,-0.733976080425471,-0.72734340364093,-0.2630352555368148,-0.25441656463456797,-0.9206973537652999,-0.7375728323316778,-0.7485183930977676,-0.030269808735634212,-0.04145228760477179,-0.025064203403442273,-0.029498595688443607,-0.07278853546181452
2014-12-31,8.962254524230957,0.10927111054679582,0.11050645341374483,0.10743683238516369,0.10893420275014604,0.04077007752900391,300124.SZ,-0.008217810251367088,0.013645115560564365,-0.7347844451387697,-0.7285805047723779,-0.1691906066059344,-0.3808087897879649,-0.9170015827096196,-0.7364388528265946,-0.7489359918889942,-0.02178657553166375,-0.013688893693725496,-0.0001927756830161038,0.006362424902977846,-0.31936539441842254
2015-01-05,9.226303100585938,0.11249047075376016,0.11413759100655055,0.10343133613697508,0.10788603921088845,0.9421029421191298,300124.SZ,-1.430309874250422,0.004557203336079303,-0.734947533505057,-0.7286818677146498,0.06947572864918627,-0.30835196101702944,-0.5313766016275161,-0.7348493830835663,-0.7490839411399196,-0.005398436172771138,0.018701723342901228,-0.02062981111844094,0.016580915041908718,1.2049491253738194
2015-01-06,9.573248863220217,0.11672056506009872,0.11754413054120635,0.11016954561709505,0.1119663943388438,0.829209556626357,300124.SZ,-0.7192638422508947,0.027323400959371497,-0.7334636914950308,-0.7266361912929091,0.3639409855605605,0.4156530295509569,-0.9068923715962462,-0.7328044244599758,-0.7487999744807207,0.021015362484473145,0.01754495892967862,0.03470431133576174,0.02178657553166375,-0.1310736090937299
2015-01-07,9.25700569152832,0.11286482940914304,0.11847998434196408,0.11200382377872718,0.11735695121351492,0.4723585297945429,300124.SZ,-0.008217810251367088,0.015065216116448734,-0.7344110219083594,-0.7222266486008289,0.059383029416438166,0.3110186855068542,-1.0071598942419315,-0.7313667834388795,-0.7486925913102428,0.027763393911046295,0.004819998808596534,0.00944722193417717,-0.019858487756124144,-0.45243479950799814
2015-01-08,9.275426864624023,0.11308942746729299,0.11559753193164954,0.11192895418953558,0.11249047075376016,0.2224812390782133,300124.SZ,0.7028282217481605,0.005643275721745042,-0.7394786427115654,-0.7110681631814432,0.07529887270683422,0.11216268571302598,-0.9995712727543613,-0.7308353788399684,-0.7484205558110179,-0.025064203403442273,-0.0148457132645113,-0.00038560652359530235,0.0011567644132228123,-0.3115201432076529
2015-01-09,9.269287109375,0.11301455787810138,0.11713235315536497,0.11166691598207741,0.1128273892598348,0.9829622399075053,300124.SZ,1.413874253747688,-0.003661028454396136,-0.7402836064381012,-0.7080385509960823,0.06927987716587113,0.16978629600701528,-1.1692007336329087,-0.7304131024074925,-0.7477667163658445,0.0017352569349604078,0.007904906154922151,-0.0013495952538019082,-0.00038560652359530235,1.019407396236737
2015-01-12,9.68992042541504,0.11814307654531432,0.11904150090618869,0.11189152474965221,0.1126776500814516,0.8757508274695449,300124.SZ,-1.430309874250422,0.02566504006582367,-0.7391204066494217,-0.7056951108621263,0.43173617198338826,0.5808765664281762,-1.1708300916399397,-0.7296919098700917,-0.7466642558846918,-0.0007712130471906047,0.009832828457772473,0.0011568195707858044,0.026413798657244286,-0.12358884405511955
2015-01-13,10.660140991210938,0.129972364543339,0.129972364543339,0.11679543464929032,0.11679543464929032,3.709152400843111,300124.SZ,-0.7192638422508947,0.134414687713224,-0.7260002076941314,-0.7146774938994266,1.130796269162729,1.9504194183200578,-0.15186371354199663,-0.7274381830210414,-0.7448435255099364,0.02120813816748925,0.05629805602684629,0.025256979086458377,0.06092527915242682,3.750029889431203
2015-01-14,10.988664627075195,0.1339778393726779,0.139256097218274,0.1293359783899228,0.13049644095825536,3.489757081414776,300124.SZ,-0.008217810251367088,0.24636486521164905,-0.7120214148504268,-0.7241252126692097,1.333016277286036,2.753582675178146,0.5270021423513468,-0.7247526916321044,-0.7428295072032833,0.07056533192718319,0.047814712507749636,0.06458851354780075,0.020629700803314853,-0.27136676852540725
2015-01-15,10.706194877624512,0.1305338703981387,0.1339778393726779,0.12817550511216538,0.13289224639353692,1.1355063312368734,300124.SZ,0.7028282217481605,0.3045252745633747,-0.704127769186282,-0.7277393452598631,1.049163905588178,1.946215066207293,0.39837810618634395,-0.7223850925629136,-0.7409133268660576,0.012339298439923485,-0.027185011704434787,-0.005976873536945742,-0.017737734612694726,-3.083574981485589
2015-01-16,10.88734531402588,0.1327425072151537,0.13431474716932768,0.12914879906223137,0.12926110880073122,1.5076576774455868,300124.SZ,1.413874253747688,0.3616299984907341,-0.6961667085774026,-0.7319391823719609,1.1630544541424908,1.7680089186823074,0.4218800991759523,-0.720083918389895,-0.7386678398233048,-0.018701723342901228,0.0017352017773973132,0.005012829649175939,0.011375309709716777,0.5078674444768425
2015-01-19,10.328545570373535,0.125929438855267,0.13783359644248327,0.12353364412941029,0.12914879906223137,2.553829236634148,300124.SZ,-1.430309874250422,0.3506226247099026,-0.6930780555089675,-0.7321522929483135,0.6329713388645033,1.2531572201914867,-0.18815816117127293,-0.7184707243061912,-0.7369473340595787,-0.0005784373641745009,0.018123396293852918,-0.02892015832426921,-0.03508986270179394,1.3957426379636344
2015-01-20,11.360174179077148,0.13850741203578287,0.13850741203578287,0.12615404762284183,0.12615404762284183,2.4206502691935894,300124.SZ,-0.7192638422508947,0.4295985582688119,-0.6805990318743,-0.7365912010185223,1.2477872292039904,1.5465457486084422,-0.13674151266951332,-0.7145421238883529,-0.7345037858017249,-0.015424095471122912,0.003470403554794729,0.013496062853146298,0.06478128923081686,-0.15779545607997333
2015-01-21,11.2281494140625,0.13689773193230068,0.1415021634751724,0.13476397541390214,0.1415021634751724,2.1979397030436747,300124.SZ,-0.008217810251367088,0.4733843527192549,-0.6719657616234997,-0.7354621574163998,1.1308567250026973,1.5925737200582697,0.08882003897914556,-0.7104759269096985,-0.7322296631558208,0.07904856513115366,0.015424095471122707,0.044344364110518106,-0.008290457520954461,-0.27573388581313013
2015-01-22,11.375523567199709,0.13869458065404944,0.142924674960388,0.1352131822396269,0.136560813426226,2.2085551838137474,300124.SZ,0.7028282217481605,0.5142611310849541,-0.663257654734109,-0.7341286598827488,1.2125585402561958,1.461834357965987,0.193545208163536,-0.7056126230326774,-0.7299078151873428,-0.02544980992703768,0.007326468790747752,0.0023135839840087193,0.00925444625116117,0.031622488766078184
2015-01-23,10.838217735290527,0.13214355050162088,0.13850741203578287,0.13150717505762954,0.13644851439715103,1.7627196712780353,300124.SZ,1.413874253747688,0.4907355804943625,-0.6596357172749134,-0.7303714583037569,0.7470640445509636,0.9412159208470756,-0.2076005542430397,-0.7025428117130561,-0.7279916348501171,-0.0005783822066114062,-0.02275056426187046,-0.019087329866496736,-0.03374026744799214,-0.5696525267218155
2015-01-26,10.948750495910645,0.1334911923976449,0.13577469880385148,0.1316943436758961,0.13218099065092911,0.44008985525847316,300124.SZ,-1.430309874250422,0.47535997798380003,-0.6555218548730709,-0.7280184793839451,0.8127757064240047,0.8065561262148253,-0.20760055424304008,-0.6994540214638474,-0.7259012556177386,-0.02197935121467975,-0.014074500217320901,0.0009639887302067085,0.00694086226715245,-1.7246385299043567
2015-01-27,10.761462211608888,0.13120769670086316,0.1342024481402527,0.12746424936955755,0.13401527952198614,1.000755327126195,300124.SZ,-0.7192638422508947,0.4397253356386895,-0.6528218950150472,-0.7262259389299777,0.6547059577321253,0.5539928301790068,-0.6495279886986838,-0.6973378898182301,-0.7238609883495356,0.009447277091740367,-0.008097681837938152,-0.02178657553166375,-0.011760861075748984,0.7561938485983314
2015-01-28,10.549609184265137,0.128624722647315,0.1322558602401207,0.12731452090059922,0.12810063552297377,0.6512437942927227,300124.SZ,-0.008217810251367088,0.38641237471454826,-0.6518836608089362,-0.7212231873968287,0.47878909695104854,0.40625486731300153,-0.6648068192905873,-0.6958907593323402,-0.7222478643909318,-0.030462639576213514,-0.010025659298351877,-0.00077115788962751,-0.013303287170130193,-0.44276661073801593
2015-01-29,10.746109008789062,0.13102052808259657,0.13206869162185414,0.12652838485937498,0.12825037470135697,0.6086569904328266,300124.SZ,0.7028282217481605,0.3566296518160027,-0.6527222119389987,-0.7108112063179357,0.6053754115796701,0.39827416323225506,-0.7467522348069012,-0.6940972667749404,-0.720365090892027,0.0007712130471906047,-0.0009639887302067085,-0.004048896076532119,0.012339298439923485,-0.038459962546379886
2015-01-30,10.432938575744627,0.12720221116209937,0.1340527089618695,0.127164781722216,0.13158203393739631,0.7967665679129586,300124.SZ,1.413874253747688,0.29972425689212995,-0.6553004149740504,-0.7004408654949723,0.3464949545412646,0.34022231990089163,-0.5691305174023252,-0.6932242441582246,-0.7186374258861742,0.01715929724852012,0.01021843498136798,0.0032776830293415144,-0.019665767230671236,0.26543239895035786
2015-02-02,10.193452835083008,0.1242823186024766,0.12914879906223137,0.12308441588483579,0.12589199870595877,0.9807685987444755,300124.SZ,-1.430309874250422,0.22885315346995774,-0.6576010502197529,-0.6929141801182157,0.15561582611208338,0.07204925327398844,-0.9932445487880855,-0.6923844353469779,-0.7172247504669507,-0.029305820005427505,-0.025256979086458377,-0.02101541764203624,-0.0150385441050905,0.2600215986432397
2015-02-03,10.356179237365724,0.1262663466519168,0.12914879906223137,0.12503101449439266,0.12570484079711705,0.7551368874912893,300124.SZ,-0.7192638422508947,0.18406821399122056,-0.6585766556431951,-0.6878571218735933,0.2682243789871971,0.1340369402155271,-0.9932445487880844,-0.6908044550687433,-0.7155996953483729,-0.0009639335726436138,0.0,0.010025714455914972,0.01021849013893087,-0.279581859840947
2015-02-04,10.488203048706056,0.12787602675539894,0.13060873998733033,0.12308441588483579,0.12544279188023402,1.6601370410663348,300124.SZ,-0.008217810251367088,0.15746659159854773,-0.6616973582532981,-0.6780512928536452,0.3592062217743091,0.13153191195275293,-1.1925326997849928,-0.6884843033235206,-0.713781352297897,-0.0013496504113651056,0.007519244473763651,-0.010025714455914972,0.008290457520954255,1.2097799818590607
2015-02-05,10.583382606506348,0.12903648932373152,0.13337889336856992,0.12637864568099177,0.1278385866060907,1.6784954715628473,300124.SZ,0.7028282217481605,0.14209639380432948,-0.6659082702512035,-0.6665878284554257,0.4250657275778936,0.26768819256031623,-0.9240983318719946,-0.6861546634708873,-0.7116527936266724,0.012339243282360288,0.014267331057899997,0.01696652156550412,0.005976818379382647,0.041822142803348096
2015-02-06,9.935546875,0.12113782798470386,0.13034670177987215,0.11979019679810474,0.12914879906223137,0.9078476458425373,300124.SZ,1.413874253747688,0.06879030210432058,-0.67103644841646,-0.6572635125974053,-0.09778082183340227,-0.17383550626850508,-0.9823467404819133,-0.6850823648082712,-0.7100587607528474,0.006748086584136449,-0.015616926311702008,-0.03393298797344484,-0.04068107455758119,-0.9975221808686557
2015-02-09,9.659217834472656,0.1177687285993563,0.12308441588483579,0.11679543464929032,0.12222343167326967,0.4178689284785756,300124.SZ,-1.430309874250422,-0.015616461387567804,-0.6707927525142531,-0.6577018207573593,-0.3024210438978777,-0.5285854611397952,-0.7175459168866424,-0.6848641098327839,-0.708574496325746,-0.03566824490840546,-0.03740350184336586,-0.015424150628686007,-0.01735212808909932,-0.6278016085642337
2015-02-10,10.07064151763916,0.12278494823749424,0.12349620398010205,0.11754413054120635,0.11754413054120635,0.3027720697657674,300124.SZ,-0.7192638422508947,-0.04582454631932702,-0.6704477049170736,-0.6610544469994973,-0.0035405287654416795,-0.38370866973754797,-0.7596491925153707,-0.6844038755411335,-0.7067895601135907,-0.02410015951567247,0.002120863458555813,0.0038560652359530233,0.025835416450632774,-0.1339762063362259
2015-02-11,10.058359146118164,0.12263520905911106,0.12491870475589281,0.1206137515697875,0.12278494823749424,-0.023264266237855387,300124.SZ,-0.008217810251367088,-0.07138074955118158,-0.6717575638199247,-0.6641790166668506,-0.012914042788517205,-0.2964434969557764,-0.9064094758084683,-0.6832793841434608,-0.7051406426750648,0.02699218086385559,0.007326413633184658,0.015809701994718112,-0.0007712130471905019,-0.411843139117935
2015-02-12,10.003093719482422,0.12196139346581149,0.12390798136594344,0.12091321921712905,0.12289724726656921,0.11398025677452382,300124.SZ,0.7028282217481605,-0.09687190069988687,-0.6719038707119067,-0.6675260397386202,-0.056166618010197435,-0.3856002463069388,-0.9064094758084685,-0.681514359980442,-0.7036945583694872,0.0005783822066114062,-0.005205605332192042,0.0015423709368181146,-0.0034704035547946264,0.19842874059178806
2015-02-13,10.386882781982422,0.1266406945978748,0.12851241290881515,0.12211112193476983,0.12312185603414402,0.856803156334432,300124.SZ,1.413874253747688,-0.08248351902483533,-0.673491174751228,-0.668175793382393,0.2226001795305553,-0.13460646801032902,-1.173284902474639,-0.679312824509065,-0.70201700532781,0.001156819570785907,0.023714552992077167,0.0061696492199617425,0.02410015951567247,0.9961466841998531
2015-02-16,10.623295783996582,0.12952313629876452,0.13094565849340498,0.1254053517309258,0.1268278632161414,0.89044312971009,300124.SZ,-1.430309874250422,-0.050286045762595814,-0.672990540767986,-0.6672858654095479,0.3863590621196552,0.09577221910586099,-0.9415580642547735,-0.677153992307951,-0.7001318465526593,0.019087329866496736,0.012532129280502685,0.01696652156550402,0.014845658106948411,0.06195225549034484
2015-02-17,10.48513126373291,0.1278385866060907,0.13143230546843795,0.127277080751291,0.13019696260148894,0.2545626948621345,300124.SZ,-0.7192638422508947,-0.038234257792174535,-0.6784740721600448,-0.6652582509980401,0.27078871136971217,0.08478589586170374,-0.8955100867210816,-0.6757448210386187,-0.6983946377111117,0.01735212808909932,0.0025064148245879177,0.00964010793231936,-0.008676064044549866,-0.8199954228542352
2015-02-25,10.48513126373291,0.1278385866060907,0.1278385866060907,0.1278385866060907,0.1278385866060907,-1.131685036343195,300124.SZ,-0.008217810251367088,-0.02966140087573833,-0.6832156367141737,-0.6634368258659498,0.27078871136971133,-0.07236852987916476,-0.8955100867210809,-0.673846948440638,-0.6967170853521121,-0.012146522756907484,-0.018509002817448425,0.0028919661906201253,0.0,-1.8084413115821791
2015-02-26,10.509696006774902,0.128138075672282,0.13068360957652192,0.12529305270185082,0.13000978327379753,0.641393848405615,300124.SZ,0.7028282217481605,-0.02169987520542945,-0.6906114835131711,-0.659129157143414,0.2890565544717867,-0.10519299749803458,-0.6210103600556506,-0.6719395836630976,-0.69549053862266,0.011182478869137783,0.014652937581495402,-0.013110456329550893,0.0015424812519444068,2.353285112061615
2015-02-27,10.991734504699709,0.13401527952198614,0.13401527952198614,0.1270899121330244,0.1270899121330244,2.208648178686259,300124.SZ,1.413874253747688,0.02688890534066614,-0.6892436477112004,-0.6599589459598892,0.63462047723352,0.36094420988119985,-0.31697865379070944,-0.6692778139000702,-0.6939394584708839,-0.015038433789964618,0.01715935240608332,0.009254501408724058,0.030269808735634316,2.0821559788345385
2015-03-02,11.03471851348877,0.13453935593690247,0.1376089769654836,0.13326658363007007,0.13566238906535166,1.5368093850763567,300124.SZ,-1.430309874250422,0.06721629019155793,-0.6884149952318177,-0.6604968340165553,0.6642481342677575,0.8468769963548439,-0.00975674306708922,-0.6671996414710106,-0.6925315549695077,0.044151478112375915,0.01850889250232203,0.03181217967245243,0.0026991905076039187,-0.8673627482376732
2015-03-03,10.583382606506348,0.12903648932373152,0.1342024481402527,0.12873702167638998,0.13352863254695313,1.7016202648055248,300124.SZ,-0.7192638422508947,0.056096557006740655,-0.6893964185713181,-0.6602413497078943,0.25825423543545506,0.10127795962792731,-0.5212833550693884,-0.6673182604596225,-0.6914577307741839,-0.010989648028558277,-0.017544903772115324,-0.023328946468481864,-0.028341831275220795,0.2347414265206542
2015-03-04,10.838217735290527,0.13214355050162088,0.1322932896800041,0.1287744618256982,0.12952313629876452,1.0081752528130967,300124.SZ,-0.008217810251367088,0.06838881716498964,-0.6877431423898775,-0.6607286593180884,0.4416532439815584,0.19494437401415002,-0.5212833550693882,-0.6675507503109919,-0.6902240261679607,-0.02062981111844094,-0.009832883615335773,0.00019283084057930127,0.016002532835297206,-0.8958242468062282
2015-03-05,10.936469078063965,0.1333414532192617,0.13607416645119305,0.13038414192918038,0.1336409315760281,1.2225659186692284,300124.SZ,0.7028282217481605,0.08478269839000518,-0.6863530884773023,-0.6614000639796519,0.5113381129611111,0.5401317080971425,-0.19207275044830402,-0.6671948987746883,-0.6888543027881086,0.021208193325052343,0.019472936390092038,0.008290457520954255,0.006169649219961846,0.30005202307664763
2015-03-06,10.54654026031494,0.12858728249800677,0.1339778393726779,0.12765142869724902,0.13386554034360293,0.8235945644598954,300124.SZ,1.413874253747688,0.06024131836869896,-0.6860343300269739,-0.6612040366182819,0.16884841153445468,0.022988394687406443,-0.49725012396951096,-0.6677215593198942,-0.6879618346820309,0.001156819570785907,-0.010796872345542174,-0.014074500217320799,-0.024485766039267772,-0.5079191797978807
2015-03-09,11.20358657836914,0.13659825357553423,0.1376089769654836,0.1257796996768838,0.128138075672282,2.735481747232192,300124.SZ,-1.430309874250422,0.09819104085746251,-0.6810856953491737,-0.6619308522770075,0.6246417294972826,0.5287567113874169,-0.18848403590568907,-0.6663693234819407,-0.6864704110128029,-0.02949859568844371,0.018701723342901228,-0.009640107932319463,0.04125951192175559,2.5361348873232665
2015-03-10,11.255783081054688,0.13723463972895045,0.13880689039254926,0.1341275785510611,0.13588699783292646,1.6000097109520803,300124.SZ,-0.7192638422508947,0.13019994006080876,-0.6762938278849301,-0.6630275727966104,0.6587237387623445,1.0488544447474302,-0.08986919499955957,-0.6665306430260494,-0.6845757070366018,0.03990986151039058,0.006169704377524838,0.0429947136991531,0.0032776278717786254,-1.4780988168532132
2015-03-11,11.344822883605955,0.13832024341751628,0.14000479311019004,0.13483883429366889,0.1364859438370344,1.2771304894198636,300124.SZ,-0.008217810251367088,0.16050749069970552,-0.6713711243131459,-0.6644922039891825,0.7177446510842785,1.2091769412602273,0.00881389981373123,-0.6663503445523533,-0.6824399884405727,0.0030847970311992214,0.0061696492199617425,0.003663234395373722,0.005591267013350439,-0.4076843267141245
2015-03-12,11.0869140625,0.13517574209031866,0.14210112018870522,0.13289224639353692,0.13850741203578287,1.4560695571188798,300124.SZ,0.7028282217481605,0.15789317578875656,-0.6691218437148151,-0.6646004046936346,0.48543008329248816,1.0828822288080544,0.17937080029230032,-0.6667963453255049,-0.6802183644004459,0.010411320979510273,0.010796872345542276,-0.01002565929835167,-0.016195363675876612,0.25335224469165435
2015-03-13,11.166743278503418,0.13614903604038464,0.1377587161438668,0.1333040237793783,0.13483883429366889,0.6481640389920622,300124.SZ,1.413874253747688,0.1599291655447815,-0.6674331098221776,-0.6604129395160976,0.541399505565962,0.8980358365895948,0.17937080029229982,-0.6662886637098863,-0.6784191117520708,-0.018894554183480634,-0.02236501289583825,0.0021208083009926154,0.005012829649175835,-1.0466010960365724
2015-03-16,11.538249969482422,0.14067859799406476,0.14168934280286383,0.13476397541390214,0.1377587161438668,2.2734608253545554,300124.SZ,-1.430309874250422,0.1918519154983563,-0.6654661581699969,-0.6533090668276114,0.7945874966446654,1.3319081750607893,0.4932352983167394,-0.6653776845913789,-0.6764074807696968,0.015038488947527507,0.020244204594845636,0.0075192996313268486,0.023328946468481864,2.1586143044629145
2015-03-17,11.704047203063965,0.1427000661928132,0.1452830402463613,0.139256097218274,0.14153960362448062,2.7883553407342094,300124.SZ,-0.7192638422508947,0.22830166994192916,-0.6605322252743744,-0.6509001860231877,0.9031295363295663,1.6045965512562301,0.759727006604875,-0.6639210659980784,-0.6746106133975676,0.01947299154765503,0.01850889250232203,0.023136115627902666,0.01041132097951017,0.6959005575881795
2015-03-18,11.860635757446287,0.14460922465306175,0.14532048039566953,0.13989248337169022,0.1418765114211304,1.7047153144170828,300124.SZ,-0.008217810251367088,0.267053322309806,-0.6553778829969256,-0.6479038646872834,1.00454879998754,1.4794519624938394,0.7624548713252773,-0.6618950849466922,-0.672863857989614,0.0017352017773973132,0.00019283084057919854,0.0032776278717785226,0.009832883615335465,-1.4098214047096833
2015-03-19,12.354954719543455,0.15063616768114907,0.15205866845693983,0.14303697398946297,0.14412257767802877,2.761839921666243,300124.SZ,0.7028282217481605,0.33758075889530637,-0.6463203508898591,-0.6467174069995213,1.3072942230144373,1.7975107323870567,1.2240291628529398,-0.6594088696036555,-0.6707114356330859,0.011568085392732881,0.034704201020635754,0.016195308518313516,0.031041021782824817,1.4101708991326578
2015-03-20,12.0049409866333,0.14636864393492713,0.15041155891357424,0.14449691491456193,0.14603172542885248,3.142258935365897,300124.SZ,1.413874253747688,0.3561651888706158,-0.6413761980905667,-0.644397274552032,0.9707142960338787,1.4115863363959085,1.2240291628529398,-0.6569795896919975,-0.6690505863519078,0.00983282845777237,-0.008483233203970564,0.007519244473763651,-0.021979351214679855,0.5187583001690635
2015-03-23,12.213722229003906,0.14891417783916705,0.1502992491750744,0.14599430669839397,0.1464060733748105,2.602480371321297,300124.SZ,-1.430309874250422,0.3841629209429747,-0.6347735219875471,-0.6441528825429487,1.0985933669683834,1.3538529466365614,1.2240291628529394,-0.6538575856373198,-0.6670580450889569,0.0019280326179766144,-0.0005784373641746036,0.0077121304719060466,0.013110456329550995,-0.693402087089506
2015-03-24,13.110255241394045,0.15984504147631734,0.16283979291570688,0.14674298117146028,0.14999978152773286,5.422353102533315,300124.SZ,-0.7192638422508947,0.4811506495275968,-0.6194232228763203,-0.6489503734150575,1.5906872412244453,1.7982897919039798,1.9526922283292392,-0.6496016007201758,-0.6641229237557528,0.018508947659885127,0.06458851354780075,0.003855954920826834,0.05629805602684629,3.732208579149228
2015-03-25,13.515536308288574,0.16478638081583885,0.17070102481485117,0.15572724619905376,0.15980761203643398,5.018460462401806,300124.SZ,-0.008217810251367088,0.5868465275711977,-0.6023559697996493,-0.653725797586278,1.7857329969529492,2.010749665227823,2.3139633494383,-0.6449233393705558,-0.6606031646609738,0.05051401333047995,0.040488298874565086,0.046272341570931526,0.025449754769474482,-0.5144019048055463
2015-03-26,12.926034927368164,0.15759897521941899,0.16733192542950362,0.14932595522500844,0.16471151122664723,3.5255253537412803,300124.SZ,0.7028282217481605,0.6085777249712535,-0.5949879969888345,-0.6502429952436073,1.254527481479229,1.3946176968857407,1.538528121330337,-0.6413031418076699,-0.657610772804145,0.02525692392889528,-0.01735212808909932,-0.03296905440080133,-0.03701784016220736,-1.948978752561657
2015-03-27,12.711111068725586,0.1549785610165626,0.1570374586551944,0.15153459204202344,0.15460421307060457,1.7059968957364948,300124.SZ,1.413874253747688,0.5980087339504598,-0.5895141248292031,-0.648034728647235,1.072500566205092,1.0375067504518987,1.5385281213303375,-0.6370139444424398,-0.6549142794491672,-0.05205638426729806,-0.05302037299750467,0.011375309709716777,-0.013496118010709393,-2.3791945349023034
2015-03-30,12.82778549194336,0.1564010725017782,0.16115524322303312,0.15295709281781417,0.1547165228091044,1.9608810932047585,300124.SZ,-1.430309874250422,0.5921147820863364,-0.5839235053340985,-0.6455941497723371,1.1353805660530156,1.0624004764016715,1.743294951498612,-0.6321174267599493,-0.6523418723424886,0.0005784373641745009,0.021208138167489354,0.007326413633184555,0.007326468790747752,0.3533934533820325
2015-03-31,12.824715614318848,0.15636363235246997,0.1607060256878835,0.15393039747730503,0.15647594209096982,1.9059611345602747,300124.SZ,-0.7192638422508947,0.5791675890012699,-0.5807203191955499,-0.6381216993938142,1.132681941202468,0.9613539509232667,1.743294951498614,-0.6278614432001884,-0.6499699130925127,0.009061670568145169,-0.002313639141571814,0.0050128848067389304,-0.00019283084057919854,-0.054706214483331315
2015-04-01,13.070340156555176,0.1593583837918595,0.16036912860065858,0.155390338402404,0.15636363235246997,1.757794561778134,300124.SZ,-0.008217810251367088,0.5832376364925951,-0.5759410643215099,-0.6325364966524759,1.2681821161389735,0.9360991450462807,1.743294951498614,-0.6232069061912441,-0.6470634273624597,-0.0005784373641745009,-0.0017351466198342184,0.0075192444737637535,0.015424095471122603,-0.17753836992187386
2015-04-02,13.417285919189451,0.16358848880762292,0.1654602071185633,0.15759897521941899,0.16059372665880853,2.4747592879696314,300124.SZ,0.7028282217481605,0.6097182072019819,-0.569289757980213,-0.6278938755277216,1.4520429377596409,1.0465566664960486,1.9939799729579974,-0.6179308139891575,-0.6435221912239785,0.02178657553166375,0.026220967816665084,0.011375309709716777,0.021786630689226948,0.9620841587138713
2015-04-03,13.537029266357422,0.1650484297327219,0.166882707894354,0.16025681886215873,0.1617167597872577,2.3006483064857597,300124.SZ,1.413874253747688,0.6329947019341803,-0.5654838725675898,-0.6173771209038186,1.5139680919991167,1.0412995684673734,2.06084096457183,-0.6130627647010479,-0.6399666372839216,0.0057840426963663375,0.007326413633184452,0.013688893693725496,0.007519244473763856,-0.21171449172408244
2015-04-07,13.527817726135254,0.16493611999422206,0.166882707894354,0.1624280155298655,0.16658324024701246,1.353479143195383,300124.SZ,-0.7192638422508947,0.6418829932524407,-0.5602135639297601,-0.6119046998082477,1.5050489433084575,0.9735846308016924,2.0608409645718306,-0.6085742899325346,-0.6366234623605412,0.025064203403442273,0.0,0.011182478869137579,-0.0005784373641746036,-1.2300506922268992
2015-04-08,12.904542922973633,0.15733692630253593,0.1654602071185633,0.15052385794264922,0.16508585917260526,4.354091505823743,300124.SZ,-0.008217810251367088,0.5840991316956324,-0.5598886073873196,-0.6040348181694312,0.929236730778967,0.5533614836502695,0.6557527438391741,-0.6048354760958029,-0.6340343514933635,-0.007712075314342849,-0.007326413633184452,-0.06131088567602223,-0.03913870362076307,3.9702937761866566
2015-04-09,12.327322006225586,0.1502992491750744,0.15516572963482916,0.14636864393492713,0.15516572963482916,2.4857770637388503,300124.SZ,0.7028282217481605,0.47888511441606485,-0.5615153047230375,-0.5972186197857219,0.45464905491782887,0.14463190651627572,0.23684871611531721,-0.6019886638053742,-0.6316480751244898,-0.051092395537091356,-0.05302042815506787,-0.02140091385050525,-0.036246682272579954,-2.4434594697223875
2015-04-10,12.5514554977417,0.15303196240700578,0.15456677292129636,0.14827779168575086,0.14865215034113374,1.6199782090614354,300124.SZ,1.413874253747688,0.4098737480761807,-0.5651022644840286,-0.5857005816766818,0.5923195287362163,0.18716142245693865,0.23684871611531746,-0.5988334486599932,-0.6291019176620388,-0.03354738144984964,-0.003084852188762419,0.009832828457772473,0.014074500217320901,-1.122862989080119
2015-04-13,12.85541820526123,0.15673798029842798,0.15756153507011075,0.1513099939838735,0.15306940255631402,2.4209674895883677,300124.SZ,-1.430309874250422,0.377201555215401,-0.5688995612539185,-0.5728153843844676,0.7735078244403806,0.3404288920400198,0.4303212474838159,-0.5959534239214784,-0.6263147455797601,0.022750509104307363,0.015424150628685905,0.015616981469265103,0.01908738502405973,1.0727682539406214
2015-04-14,13.094901084899902,0.1596578621486259,0.1627649233265153,0.1561015941450118,0.15647594209096982,2.6247101059855957,300124.SZ,-0.7192638422508947,0.3675661642104053,-0.5705392705761391,-0.563111247793423,0.9117756432340179,0.5525948657463255,0.7465140973370327,-0.5927697390243335,-0.6236683641889579,0.01754495892967862,0.026799405180839585,0.024678541722283977,0.015038488947527507,0.28602553130159514
2015-04-15,12.80322265625,0.1561015941450118,0.164674071077339,0.1534811799421554,0.1596578621486259,2.102730842473488,300124.SZ,-0.008217810251367088,0.3282565740863997,-0.5733230037162386,-0.5543596350201859,0.6708136965771502,0.43391345498505535,0.4768612369217258,-0.5893393293999373,-0.6220027429899325,0.016388084201329416,0.009832828457772473,-0.013496118010709495,-0.018316116819305926,-0.6699553757003203
2015-04-16,12.520753860473633,0.15265762517047263,0.15714975768426936,0.1490264875776669,0.1542298758340714,1.9230314290327049,300124.SZ,0.7028282217481605,0.26697537964420387,-0.5760319466451962,-0.547892186654196,0.4456607298837544,0.08513449407206881,0.03930961347864563,-0.586739240479377,-0.6208119904230804,-0.0279561695940625,-0.038753041939604674,-0.02294333994488656,-0.017737734612694726,-0.21907603668887585
2015-04-17,12.36416721343994,0.1507484774196489,0.15490369142737098,0.14973773261084983,0.1534811799421554,2.236896634357812,300124.SZ,1.413874253747688,0.2005145012800361,-0.576058653183115,-0.5478148989476517,0.32325740541774123,-0.023828560920292566,0.03930961347864664,-0.5845329595969118,-0.6195233998868008,-0.0038560652359529205,-0.011568085392732881,0.0036631792378107302,-0.009832828457772473,0.43108811706492467
2015-04-20,11.928181648254396,0.1454327794247445,0.1507484774196489,0.14412257767802877,0.1507484774196489,1.998223450546592,300124.SZ,-1.430309874250422,0.10559210758833007,-0.5755364108655668,-0.5488090370231663,-0.004724254201366381,-0.4398641210755914,-0.48684452579430587,-0.5823978503790903,-0.6187144519485752,-0.014074445059757704,-0.021400913850505354,-0.028920158324269106,-0.02737784254501419,-0.2967611665558377
2015-04-21,11.928181648254396,0.1454327794247445,0.1454327794247445,0.1454327794247445,0.1454327794247445,-1.131685036343195,300124.SZ,-0.7192638422508947,0.028714236816427374,-0.5739998927359258,-0.5520326747151079,-0.004724254201366381,-0.6001477381707747,-0.48684452579430587,-0.5812781043925062,-0.6174712014586239,-0.02737784254501419,-0.02737784254501419,0.006748031426573046,0.0,-4.10533553079894
2015-04-22,12.08368968963623,0.1454327794247445,0.1454327794247445,0.1454327794247445,0.1454327794247445,-1.131685036343195,300124.SZ,-0.008217810251367088,-0.03315008613201552,-0.5734202718070831,-0.5586242316598262,-0.004724254201366381,-0.6473393930381564,-0.48684452579430587,-0.5802390181779763,-0.6170297403474492,0.0,0.0,0.0,0.0,0.01763889916271228
2015-04-23,13.122544288635254,0.15793588301606876,0.15793588301606876,0.14966287373108306,0.1534811799421554,1.3441429222868184,300124.SZ,0.7028282217481605,0.009801151453229542,-0.5770142978296569,-0.5572369815322965,0.6616620100591415,0.142054992064555,0.3576979506535728,-0.5777528028349396,-0.615688652570748,0.0414522876047719,0.06439568270722155,0.02178657553166375,0.06439568270722155,3.279004338175672
2015-04-24,13.212743759155272,0.1590214759952097,0.16897903497286917,0.1590214759952097,0.16265261358801544,4.2715244856612165,300124.SZ,1.413874253747688,0.0500537460962691,-0.5765140362741259,-0.5572376253723104,0.7138516739485645,0.7458872760902062,0.9539857329937145,-0.5747304374819033,-0.6143929041576973,0.04723633030113823,0.0568763830758946,0.04820031903134494,0.0055912118557871395,3.8738281082368022
2015-04-27,13.04167652130127,0.15696258906600277,0.1640002661934643,0.15636363235246997,0.1590963455844013,2.9242943167882256,300124.SZ,-1.430309874250422,0.06450820196164829,-0.5761167108909578,-0.556887582222299,0.5773625789024426,0.41029286395047376,0.7079242930885492,-0.5720923907021686,-0.6128108017611683,-0.018316116819306134,-0.025642530452490583,-0.013688893693725291,-0.010604041504962974,-1.7570441501349696
2015-04-28,12.500475883483888,0.1504489883534576,0.15879687793705974,0.1490264875776669,0.15636363235246997,1.6958547192661646,300124.SZ,-0.7192638422508947,0.025683244537498543,-0.5764104350513842,-0.558987046753824,0.16697844528280614,-0.29789845938700743,0.07152224075800619,-0.5708540270843555,-0.611729818323718,-0.014074500217320592,-0.02679940518083969,-0.03778905320939807,-0.033547491764975935,-1.6005633807284785
2015-04-29,13.424248695373535,0.16156702060887448,0.16340130947993145,0.1510853852162987,0.15116025480549028,3.1087406336956835,300124.SZ,-0.008217810251367088,0.07578467820661318,-0.5743961626974343,-0.5592047678655053,0.7057518846805403,0.33211083263143465,0.3223967505466563,-0.5684627050318721,-0.6097945475843916,-0.026799350023276595,0.023714552992077167,0.010604096662526171,0.0572620447570531,1.878809128914231
2015-04-30,13.554882049560549,0.16313926056304845,0.16961542112628536,0.16096806389534168,0.16100550404464992,3.0180106164824214,300124.SZ,0.7028282217481605,0.12448169918227171,-0.5724968465496916,-0.5598719620005549,0.7757480178750363,0.983576608470589,0.6383147930073421,-0.5661140862496515,-0.6075944005879669,0.05070673385593296,0.03200501051303163,0.05089950953894906,0.008097626680375159,-0.10187818658185661
2015-05-04,14.910992622375488,0.17946068107486984,0.17946068107486984,0.16317670071235668,0.16328899974143166,3.2833690271794755,300124.SZ,-1.430309874250422,0.2804607507459242,-0.5573173050591479,-0.5710910876133887,1.4181623889267543,1.9288389661508551,1.084728887618056,-0.5624606775960624,-0.6045065580859901,0.011760861075748882,0.05070678901349595,0.011375309709716674,0.08406144993789258,0.36719095369143695
2015-05-05,15.52372932434082,0.1868352552895563,0.19465906845824207,0.17968530055186951,0.18271748143114241,4.38673441302959,300124.SZ,-0.7192638422508947,0.4526338155355377,-0.5372023027686389,-0.5856485794232579,1.663268630414011,2.905212451660006,1.6582104141560436,-0.5573316727769687,-0.6007052189736135,0.1000639827731899,0.07827740724152614,0.0850254938256624,0.03798182889241407,1.4710830787033458
2015-05-06,15.287344932556152,0.1839902537379748,0.19653077605975755,0.18118267091685186,0.18679783655909776,4.418367554325324,300124.SZ,-0.008217810251367088,0.5600507230069846,-0.523585908555742,-0.5937358491827176,1.488056534133795,2.4022711020585854,1.7215146155366488,-0.5528858999213352,-0.5968991058953563,0.021015362484473145,0.009639997617193275,0.007712020156779857,-0.01465282726636911,0.05930869022784351
2015-05-07,14.127184867858888,0.17002719851212678,0.18234314419460926,0.16995233963236003,0.18230570404530103,2.443911072558178,300124.SZ,0.7028282217481605,0.5333907875912706,-0.5195081520483394,-0.5932916887700519,0.7090441412469305,1.0690251159700899,0.8546470868200352,-0.5515953462832317,-0.5941095478541538,-0.023136170785465763,-0.07307163643664492,-0.0578404269636643,-0.07191498233854819,-2.583278546665679
2015-05-08,15.539278984069824,0.1870224346172477,0.1870224346172477,0.1721983951798335,0.1721983951798335,3.326668177225063,300124.SZ,1.413874253747688,0.6306463515652094,-0.5040691224679974,-0.5962572015303211,1.2753316265351875,1.4916450601476936,1.0326004918365363,-0.548777002387184,-0.5903392296211745,-0.05205643942486106,0.024100104358109376,0.011568030235169684,0.0875318534926871,1.1804795974302937
2015-05-11,16.422618865966797,0.19765380918820674,0.2028946375939195,0.18720961394493915,0.19162688757896915,4.663800209049728,300124.SZ,-1.430309874250422,0.7768749629142919,-0.4813117056186758,-0.6045306101329544,1.5768531261258143,2.0301119721559417,1.5679308565579697,-0.5437001889457637,-0.5859651832245194,0.10006403793075298,0.08174781079632076,0.07731341851131944,0.054755574774901984,1.7790198468127296
2015-05-12,16.34486198425293,0.196717955387449,0.20353101303791085,0.1891187616957629,0.19765380918820674,3.6098747756269427,300124.SZ,-0.7192638422508947,0.874370910512852,-0.4630950641652833,-0.6094044120149731,1.5290338206347684,1.7226604991960717,1.5875781933240931,-0.5384098632251781,-0.5811472890750882,0.031040911467698627,0.003277572714215428,0.009832828457772473,-0.004819998808596637,-1.370678884341035
2015-05-13,15.831653594970703,0.1905412731809785,0.19712973277329038,0.18717217379563092,0.1905412731809785,2.384808256439543,300124.SZ,-0.008217810251367088,0.8938662230746156,-0.45182382076017724,-0.6098976333196555,1.2179767005141588,1.2563518629249486,1.444745967855046,-0.5340827093581566,-0.576508365738657,-0.03663223363861206,-0.032968999243238234,-0.01002565929835167,-0.03181223483001542,-1.5961200828549724
2015-05-14,16.29820442199707,0.1961564388232244,0.20476636661428468,0.1882952069240801,0.19057871333028673,3.2243901359460154,300124.SZ,0.7028282217481605,0.9391222329723428,-0.43816498654206004,-0.609416294786114,1.3818154854918758,1.277309777917383,1.6865652734104073,-0.5290391070074394,-0.5718312622807022,0.00019283084057919854,0.03933153446134206,0.005784042696366441,0.028920213481832203,1.1236056184977312
2015-05-15,16.01827621459961,0.19278733943787685,0.19720461307190684,0.1888567234883047,0.1924130022013437,1.915849589337321,300124.SZ,1.413874253747688,0.9376876923177915,-0.42889738002812944,-0.603774413508885,1.2143165548132933,0.9799026611081558,1.6865652734104077,-0.5248021010198827,-0.5673593785972975,0.009447277091740265,-0.03894587278018367,0.0028920213481832204,-0.01735212808909932,-1.7060789784793973
2015-05-18,16.64345359802246,0.2003116528309465,0.2058893997427339,0.19465906845824207,0.19465906845824207,2.0021318980408433,300124.SZ,-1.430309874250422,0.9801472260298176,-0.4169746037287176,-0.5973630275057238,1.4327057134185344,1.1175537112160159,1.947317861895997,-0.5201475653683213,-0.5623649009591453,0.011568085392732881,0.044729915476550315,0.029884257369602006,0.038753041939604674,0.1312970952514361
2015-05-19,17.477027893066406,0.2103440921072224,0.211766603592438,0.19282477958718508,0.20154700640732037,2.6848629038586216,300124.SZ,-0.7192638422508947,1.0750378283642825,-0.40206513776934627,-0.588142176428505,1.7005831437103607,1.1322953495552548,2.111254699863662,-0.5144064948208791,-0.557029184772814,0.035475469225389245,0.030269808735634212,-0.009447277091740265,0.051670832901265756,0.9169886697133104
2015-05-20,17.573450088500977,0.21150456538497983,0.23022176991323307,0.2103066733767639,0.21711973102722576,3.3885901991337097,300124.SZ,-0.008217810251367088,1.1443972733532446,-0.3901857076277566,-0.5749054169482939,1.7303516524310882,1.3555957503127247,2.5602255168923884,-0.508504103371945,-0.5518032363505287,0.08020538470193957,0.09505104280888767,0.09003832347483823,0.005976873536945639,0.9446467194355832
2015-05-21,18.425683975219727,0.2217616027194057,0.22808800268540974,0.21337629440534506,0.2141249688784114,2.867401050647081,300124.SZ,0.7028282217481605,1.260150388436875,-0.3743009466036005,-0.562138430732088,1.982867153272572,1.3019407703857535,2.5602255168923875,-0.5003384956091669,-0.5458160653125921,-0.015424150628685698,-0.010989703186121063,0.015809701994718112,0.05282759731448857,-0.6689145708140362
2015-05-22,17.716520309448242,0.21322653380811213,0.22831262216240936,0.2088841404726986,0.22310923390600487,3.9194010395729344,300124.SZ,1.413874253747688,1.2721343807543164,-0.364105209513099,-0.5513591049706843,1.5582259809124155,1.0588250780293589,2.2280506155928643,-0.4923626771422615,-0.5403729666384608,0.046272341570931526,0.0011568747283487962,-0.02313628110059195,-0.043958812744485896,1.403420327862345
2015-05-25,17.542343139648438,0.21113020672959695,0.21517312170824407,0.20439202937775158,0.2058893997427339,2.3075866662139073,300124.SZ,-1.430309874250422,1.2502376938428132,-0.3574886744420945,-0.5377043503810476,1.457421312907579,0.7944467496297932,1.9049674829756096,-0.4849989230463217,-0.5350825904984577,-0.08868861790591023,-0.06767336573656306,-0.023136060470339573,-0.010796872345542276,-2.105576356184125
2015-05-26,18.07732391357422,0.21756894856237538,0.2207134284707233,0.21026923322745567,0.2107558694930638,3.684625378748182,300124.SZ,-0.7192638422508947,1.2650857870029615,-0.35055951232221666,-0.5209275832799584,1.6257970977918763,0.8764774674063526,2.0523802249533754,-0.47728880552148883,-0.5297564188304991,0.02506414824587918,0.028534662115800198,0.030269808735634212,0.03316194039894362,1.8315882285528178
2015-05-27,18.99176597595215,0.22857466036986754,0.23022176991323307,0.21038153225653064,0.21711973102722576,3.5224376781724764,300124.SZ,-0.008217810251367088,1.3422849127839842,-0.3436398311871874,-0.49695023611254663,1.8923179173821392,0.971718551985038,2.2886623093402187,-0.4685538366580081,-0.5237620899157913,0.032776278717785226,0.048971532078535135,0.0005783822066114062,0.056683552235315404,-0.19600815957043244
2015-05-28,18.273273468017575,0.219927292429499,0.24332383021809015,0.21337629440534506,0.2257670775487446,4.002342633796105,300124.SZ,0.7028282217481605,1.3222973426024205,-0.3413327044252807,-0.47569576253790957,1.484258624284853,0.9540790590385136,2.5788250595292874,-0.4604641473283453,-0.517968208857786,0.044537084635971114,0.06748053489598407,0.015424150628685905,-0.04453719495109731,0.6498094144145139
2015-05-29,19.206378936767575,0.23115762371399085,0.23748406651769427,0.21206608194920443,0.22179902144986421,3.858602466733526,300124.SZ,1.413874253747688,1.373210623510847,-0.3344384467970208,-0.4558365121268135,1.751556961464011,0.9216280776963025,2.487142633005809,-0.45051454054511003,-0.5116565057628809,-0.02043698027786174,-0.030076977895055014,-0.006748086584136243,0.057840426963664406,-0.17170754206386155
2015-06-01,21.128572463989254,0.2542921232951238,0.2542921232951238,0.23583695697432874,0.23621129421086193,2.8559089464055147,300124.SZ,-1.430309874250422,1.5670168684817958,-0.3021908402414263,-0.4627990385477615,2.2195711095915645,1.3451813799842884,2.8229578348600683,-0.43739073697214054,-0.5039464430022944,0.07422862148012031,0.0865678096049174,0.12242894051146505,0.11915136779724962,-1.3031919694447875
2015-06-02,22.515783309936523,0.2709878810434784,0.27971010786361367,0.25867195677984556,0.2587093755103041,3.713665861234076,300124.SZ,-0.7192638422508947,1.8230111870045937,-0.2578403584667591,-0.48007491534128105,2.501042949875278,1.7147404356741098,3.232049765337962,-0.42147705654012135,-0.4948690435034571,0.11587357445278161,0.1309121737154355,0.11760883138774202,0.085989427398306,1.1475472788403582
2015-06-03,22.767724990844727,0.2740200619227513,0.28730930155529977,0.26207849631450136,0.2738329040139096,3.341327296273214,300124.SZ,-0.008217810251367088,2.023891993677302,-0.2204858703396049,-0.4867662405941333,2.548784631664042,1.6445351724740778,3.337106209103244,-0.4051790575348005,-0.48610901955017294,0.07789185587549394,0.03913870362076307,0.017544958929678726,0.015616871154138913,-0.47283626618237123
2015-06-04,21.368070602416992,0.2571745649960135,0.2757420517647333,0.24661807072367095,0.27514309505120044,4.314737195538963,300124.SZ,0.7028282217481605,2.0324871214353575,-0.2092386637171348,-0.4641420083857098,1.8536445097785477,1.1870740706757137,2.4240407613288903,-0.3910161677473013,-0.47846338723801546,0.006747976269009848,-0.05957568389862481,-0.07962700249532816,-0.0867606404454968,1.299894959157719
2015-06-05,21.585792541503903,0.25979498990829475,0.2715868377570112,0.2453827171472971,0.2585970764812291,3.8797222714069686,300124.SZ,1.413874253747688,2.034108237544818,-0.19398034225481162,-0.45210262432878373,1.9020384250412805,1.0620241538212536,2.3548829426659905,-0.378105873738731,-0.47071991695643034,-0.08521821435111519,-0.021400913850505354,-0.006362535218104036,0.013496173168272693,-0.5553987523726497
2015-06-08,19.43965721130371,0.23396522795396352,0.25942065267176156,0.2338154887755803,0.25942065267176156,4.323300848912678,300124.SZ,-1.430309874250422,1.8201141036162274,-0.19159850427483546,-0.43998374704090865,0.9820987509858965,0.6417840233798082,1.7280656084014756,-0.3686070090675866,-0.4644225302977451,0.004241726917111215,-0.06266042577226125,-0.059575573583498624,-0.13303298201642813,0.6019573034851831
2015-06-09,19.24681282043457,0.2316442813984487,0.2425751343261741,0.22685269194673527,0.2316442813984487,2.509607102237159,300124.SZ,-0.7192638422508947,1.6132652067326585,-0.19111714023384396,-0.4262131509630696,0.9073319191473673,0.41146962955824545,1.3733672632971874,-0.3591413595592945,-0.45833513669681286,-0.14305875162990578,-0.08676075076062259,-0.035861020591421454,-0.011953747073891277,-2.3715085703708985
2015-06-10,19.89998435974121,0.23950551329759304,0.2451955592384554,0.2290987367847839,0.23209349893359835,2.4234220899310883,300124.SZ,-0.008217810251367088,1.4895771545529315,-0.1916992548756958,-0.4054393802618282,1.0769435110667276,0.46523019140368704,1.4336249566077235,-0.3478537490992217,-0.45203536407920386,0.0023136391415720194,0.013496173168272693,0.011567975077606691,0.04048829887456529,-0.09589113006091
2015-06-11,20.195466995239254,0.24306179201063197,0.2451206789398389,0.23426470631072993,0.23920603494082654,2.2148135612105135,300124.SZ,0.7028282217481605,1.4006568179601715,-0.1910910427126599,-0.3869010631682733,1.1521826782608091,0.49452787344548715,1.4336249566077235,-0.3375245650816243,-0.4456377541748453,0.03663223363861165,-0.00038566168115860254,0.026606684655386577,0.018316171976868918,-0.2571575152978029
2015-06-12,19.828447341918945,0.23864451837660197,0.24661807072367095,0.2364358922690118,0.2432863900687819,1.381698512364961,300124.SZ,1.413874253747688,1.2810969008063129,-0.19575413708270226,-0.36263496825166636,1.0024254108256492,0.4482485169427277,1.469681490833672,-0.32795453146060227,-0.43964342594281525,0.021015362484473145,0.0077121304719060466,0.011182423711574279,-0.022750619419433554,-1.0798091757552106
2015-06-15,18.12708854675293,0.2181678838570585,0.24070342672465858,0.21580951857108518,0.2392434750901348,3.658127985118059,300124.SZ,-1.430309874250422,1.0202798354167906,-0.20050534105602982,-0.3497568594074639,0.3633291754203251,0.014179297780272384,0.4417432999541047,-0.32304852567070125,-0.4353385819124366,-0.020822531643893742,-0.030462639576213618,-0.10623357683558814,-0.10546236378839793,3.0163401541948387
2015-06-16,17.545455932617188,0.21116764687890519,0.2216118635410225,0.20293207774322775,0.21150456538497983,2.6760616424406054,300124.SZ,-0.7192638422508947,0.7513000320051256,-0.20071918294525476,-0.3491690829342793,0.16430894183291747,-0.3662221569523574,-0.11552323354501036,-0.3199644781178149,-0.431207936094533,-0.1428658104742006,-0.09832872583822928,-0.06632366016763507,-0.036053851432000655,-1.276020144334963
2015-06-17,18.52521133422852,0.22295949472762167,0.22441944636214545,0.209183618829465,0.209183618829465,2.1106472187609993,300124.SZ,-0.008217810251367088,0.6177883757051159,-0.20244372241540864,-0.34245365403755035,0.44499797714375255,-0.2057817785338911,-0.03186941316152683,-0.31502525987982766,-0.42648787923185155,-0.011953747073891277,0.014460106740916101,0.03219778619604763,0.06073244831184783,-0.7271717625314381
2015-06-18,16.876731872558594,0.20311925707091918,0.2239327886776876,0.2024454200587699,0.21940321601458262,1.666239539392658,300124.SZ,0.7028282217481605,0.3582999531759135,-0.19813225473185225,-0.3551406668939862,-0.08707426853765875,-0.5276072307661624,-0.31327390405867045,-0.31083095444776787,-0.42372934207004614,0.05263476647390937,-0.0025064699821510127,-0.03470425617819864,-0.10218468075905653,-0.567771666733743
2015-06-19,17.047800064086914,0.2051781440001261,0.2164459154339262,0.198439945229431,0.200274234100488,2.3103384131683526,300124.SZ,1.413874253747688,0.16481564159397302,-0.196027581158826,-0.36090220534908496,-0.03716578094445143,-0.6713578281583674,-0.4771142388145334,-0.3085297802747494,-0.4211545483217661,-0.0985214463636825,-0.03856021109902548,-0.02062970080331475,0.010604041504963078,0.8660992289352225
2015-06-23,18.27638435363769,0.21996473257880722,0.22003961287742368,0.2058893997427339,0.2058893997427339,2.445233006278217,300124.SZ,-0.7192638422508947,0.11925558392655686,-0.19733840482535295,-0.3557454284788755,0.30790539155603386,-0.42400543524178486,-0.36027896663816256,-0.30570194691390795,-0.41717901099691473,0.028920213481832203,0.018508892502322134,0.038367490573572464,0.07615648862540735,0.19533321848919183
2015-06-24,18.33237075805664,0.22063856959095657,0.2230343750262381,0.2138629306709532,0.22194876062824742,1.9458979942226375,300124.SZ,-0.008217810251367088,0.08587315260364708,-0.19762693284859464,-0.35414867234436415,0.323134273791278,-0.3276206420660479,-0.262965657056851,-0.3026700907386951,-0.4129934799316324,0.08271174436896439,0.015424150628685905,0.04106668108117649,0.0034705138699210212,-0.6401264940790364
2015-06-25,17.078903198242188,0.20555248123665926,0.22715214888465196,0.20368077363514378,0.22415740815468727,2.350842186506532,300124.SZ,0.7028282217481605,-0.053990633975292524,-0.1949621272970898,-0.3667094381000159,-0.07237688995535876,-0.609301767883462,-0.6878164694017277,-0.300767471372243,-0.40986029806600505,0.011375364867279872,0.021208083009926156,-0.05244193563333017,-0.07769902503491494,0.5510648946323244
2015-06-26,15.37132453918457,0.18500098783734903,0.1998624567146466,0.18500098783734903,0.19840250508012278,1.5384242321613548,300124.SZ,1.413874253747688,-0.31605352357507627,-0.18418885794540515,-0.39362765188025317,-0.5527184811388159,-1.3784112859106226,-1.1640750436314855,-0.3021813866952807,-0.40803479509072454,-0.13264743065039591,-0.1405521713326288,-0.09620791753723687,-0.10584791515443015,-1.0525452503858324
2015-06-29,13.834814071655272,0.16650837065782084,0.1894182400525293,0.16650837065782084,0.18792086968754695,2.2878788541715482,300124.SZ,-1.430309874250422,-0.6556631395224185,-0.16709192588510682,-0.4401307311048576,-0.9349328958751195,-1.8621625971219493,-0.5709568654518444,-0.3055121562606523,-0.40757901549529646,-0.05398436172771138,-0.05379164120225837,-0.09524392880703016,-0.09524392880703016,1.0048825377251738
2015-06-30,14.929655075073242,0.17968530055186951,0.1829795196386006,0.14985004234934965,0.1602193787128505,4.312321377198876,300124.SZ,-0.7192638422508947,-0.8182475725350693,-0.17130214733721152,-0.4658292092584658,-0.6140267652712241,-1.8570234902539644,-0.10190642273495584,-0.30812647598494547,-0.4065529159398692,-0.14267308994874758,-0.033161830083817435,-0.08579665171529,0.06786614141957917,2.684402094422433
2015-07-01,14.10852336883545,0.16980260045397683,0.19050385445051998,0.1671821862511204,0.17848738712480386,3.191733299992745,300124.SZ,-0.008217810251367088,-1.010602452916032,-0.18727390135024796,-0.4886950626673518,-0.8120238051659221,-1.5936516924776796,-0.3756801182321968,-0.3132649716262158,-0.40624985887856946,0.09408710923624425,0.03875315225473087,0.08926705527008462,-0.05089961985407505,-1.4584924344507681
2015-07-02,12.702649116516112,0.15288223393804742,0.17556750527460593,0.15280736434885583,0.17407012420019874,2.5555558550894117,300124.SZ,0.7028282217481605,-1.2760698159340917,-0.20434043020238457,-0.5184700491028669,-1.1292483802628908,-1.85289641675081,0.005588337221965517,-0.32069515197571113,-0.4070182400536698,-0.022750564261870356,-0.07692781198772414,-0.07403573548197782,-0.08714624696909201,-0.8203866690740189
2015-07-03,12.752412796020508,0.1534811799421554,0.16710731666192882,0.1376089769654836,0.14973773261084983,3.844083249663184,300124.SZ,1.413874253747688,-1.4663962957157188,-0.21589873245738506,-0.547520948382003,-1.1142406076412923,-1.8298011733388293,0.37251153453891195,-0.3293494624245206,-0.407264026591345,-0.12532096185964836,-0.0435731510633275,-0.07827740724152614,0.003084797031199324,1.7149937970408626
2015-07-06,13.09455108642578,0.15759897521941899,0.16882930650391081,0.1415021634751724,0.16882930650391081,3.4578812794898885,300124.SZ,-1.430309874250422,-1.5696925635156567,-0.23780290789496852,-0.5638713471436415,-1.009402355610342,-1.5575375526916686,0.30846259686131644,-0.3364000655396537,-0.40679870179486644,0.09832878099579258,0.00886889488512886,0.02005137375426644,0.021208193325052343,-0.49109829059697574
2015-07-07,11.80686855316162,0.14210112018870522,0.15441704445233798,0.14183907127182216,0.14423487670710375,4.008259756880968,300124.SZ,-0.7192638422508947,-1.7485066068477984,-0.24032009193747284,-0.5986296007765205,-1.2959492492996632,-1.5971793658111737,0.3084625968613162,-0.34514926656425027,-0.4074954939620889,-0.1266705571134503,-0.07422856632255712,0.0017352017773973132,-0.07981977817834426,0.7426429683198802
2015-07-08,12.441378593444824,0.14973773261084983,0.14973773261084983,0.12787602675539894,0.12787602675539894,11.467933650851032,300124.SZ,-0.008217810251367088,-1.8135782775748848,-0.24953400571556436,-0.6214784136305839,-1.100205578047286,-1.488640115034794,0.6388101233733428,-0.35374664158168095,-0.4079417283564667,-0.08425422562090878,-0.024100214673235462,-0.0719149271809853,0.03933142414621608,9.844138571443402
2015-07-09,13.685517311096191,0.16471151122664723,0.16471151122664723,0.14457178450375352,0.14973773261084983,4.714267133486928,300124.SZ,0.7028282217481605,-1.734601757378105,-0.2709507388296642,-0.6271531141546389,-0.7354030475078969,-1.0822365325779364,0.07841173929783711,-0.3618410776798151,-0.40761958089306616,0.11259600173856649,0.07712058767074023,0.0859894273983061,0.07712058767074023,-8.878849441060405
2015-07-10,15.054068565368652,0.18118267091685186,0.18118267091685186,0.16980260045397683,0.1759418425111391,2.047496053170304,300124.SZ,1.413874253747688,-1.532607343050607,-0.2990783661676482,-0.6196882131835526,-0.365743539488532,-0.6790837742552859,-0.48033107531423985,-0.36675182616603846,-0.40602077473603804,0.13496101463440463,0.08483266298508318,0.12994818498522892,0.08483266298508318,-3.495252618516289
2015-07-13,16.55947494506836,0.19930094015042202,0.19930094015042202,0.18380307441028337,0.18773369035985552,4.066692422725228,300124.SZ,-1.430309874250422,-1.2243677831410316,-0.3227227888181266,-0.608212532819988,0.005744145513338424,-0.358397821145785,-1.0328137047679105,-0.3707895520355458,-0.4030474725986322,0.060732448311847625,0.09331589618905366,0.0721077028640012,0.09331589618905366,2.677491426997818
2015-07-14,16.229778289794922,0.19533288405154164,0.21618387722646798,0.18904390281599615,0.19128996907289453,4.808573561435981,300124.SZ,-0.7192638422508947,-0.9995298125549277,-0.3336764577620009,-0.6047874266250048,-0.07791099609645401,-0.22399852337539075,-1.050178527994569,-0.3782624342979209,-0.40020541663433046,0.018316171976869123,0.0869534712860756,0.026992236021418786,-0.02043698027786174,0.9949061188873299
2015-07-15,14.60618019104004,0.17579211404218073,0.1920012248155023,0.17579211404218073,0.1875839511814723,1.9987861309756423,300124.SZ,-0.008217810251367088,-0.9576171387341522,-0.34500353422631586,-0.6060724400455111,-0.4703713130858295,-0.5352718104328263,-1.1392791180989623,-0.39032817272677334,-0.39827014521232623,-0.01908738502405973,-0.12454974881245746,-0.06825169278561138,-0.10064230982223821,-3.6836455882081673
2015-07-16,15.293563842773438,0.18406511261774156,0.1878460108077802,0.16175418922714108,0.16508585917260526,2.0349023488750677,300124.SZ,0.7028282217481605,-0.8540674151895675,-0.36473818018148557,-0.5989798089487056,-0.2993610761886721,-0.558643449882513,-0.7852166096441686,-0.4017296554069867,-0.3958075072350494,-0.11587362961034481,-0.021400913850505354,-0.0723005888621436,0.0426090520179946,0.06521416966342375
2015-07-17,16.360416412353516,0.19690513471514043,0.200274234100488,0.18268004128183418,0.18268004128183418,1.4604356049329341,300124.SZ,1.413874253747688,-0.6696746178480623,-0.3677512693122076,-0.598010054254317,-0.044056164368460084,-0.20885576918097473,-1.1227143594281443,-0.40936859990979274,-0.3925263754358189,0.09061665052388643,0.06401002102606305,0.10777600292996975,0.06613093964218186,-0.7390962277771658
2015-07-20,16.030717849731445,0.19293707861626005,0.2031941159506859,0.19016693594444534,0.19653077605975755,2.1092138550615633,300124.SZ,-1.430309874250422,-0.5481888762288889,-0.3736561307060286,-0.5961354529464223,-0.1254368891167001,-0.1171043397234648,-1.200269510265526,-0.41784261188490623,-0.3902952061946417,0.0713364898168107,0.015038488947527302,0.038560321414151666,-0.02043698027786174,0.8722632906424987
2015-07-21,16.204896926879883,0.19503340569477523,0.2020336426729285,0.18822034804431337,0.19091563183636137,1.6248085484563104,300124.SZ,-0.7192638422508947,-0.4325822664577318,-0.39001909876565066,-0.5872515031444168,-0.0830498948966134,-0.0862089425367201,-1.1488091778688236,-0.42277708742657116,-0.3879996071877132,-0.028920103166706013,-0.005976873536945433,-0.01002565929835167,0.010796872345542276,-0.6204598507645788
2015-07-22,16.0587100982666,0.19327397570348498,0.19821532575243134,0.18822034804431337,0.19465906845824207,1.283615004127759,300124.SZ,-0.008217810251367088,-0.35137785298957597,-0.40962001950184745,-0.5755835416941292,-0.12088659752336631,-0.09779117662506179,-1.1488091778688239,-0.4276403926609753,-0.3856849191440397,0.01928010554951274,-0.019665767230671136,0.0,-0.009061725725708058,-0.43180946804258097
2015-07-23,16.543922424316406,0.19911376082273058,0.20323155609999416,0.19278733943787685,0.1945841881596256,2.3132319738894696,300124.SZ,0.7028282217481605,-0.24192440393343395,-0.4139899663957738,-0.5731208797696041,0.0018805459844572086,0.08109139170252874,-1.2553634180461122,-0.4327599093726584,-0.3825827581578093,-0.0003856616811583971,0.02583547160819597,0.02352172215149797,0.030077088210181204,1.3739355630311512
2015-07-24,16.11158561706543,0.19391037256632604,0.2073119112279495,0.19245044235065192,0.2013223869303207,2.104303835038039,300124.SZ,1.413874253747688,-0.19315062467077038,-0.4102132291441088,-0.5738766548998976,-0.11467729401992506,0.12075038662538118,-1.1393132265242663,-0.4389896839635152,-0.3805210145285819,0.03470425617819864,0.021015362484473145,-0.0017351466198342184,-0.026799405180839585,-0.257578532206954
2015-07-27,14.500426292419434,0.1745193310259235,0.19817790702197283,0.1745193310259235,0.19072845250866993,2.1304844179424256,300124.SZ,-1.430309874250422,-0.29726359447227174,-0.4098910918198253,-0.5709654692630217,-0.5246906683266161,-0.28428755983747506,-0.9062243611869638,-0.4471173325097358,-0.37979558607553043,-0.05456274393432279,-0.047043554618122124,-0.09235196261640993,-0.09987115193261059,0.052126129165893646
2015-07-28,13.576653480529783,0.16340130947993145,0.17728948440716305,0.15707488809507775,0.17032667686889316,2.275064611375422,300124.SZ,-0.7192638422508947,-0.45886871108739274,-0.4109486045297797,-0.5764126445253568,-0.7420203591733938,-0.7471509269638551,-0.46678851228014856,-0.4540588088158165,-0.38081929898935646,-0.10507681242236573,-0.10758322724695375,-0.08984543747669603,-0.05726198959949011,0.2080918926288259
2015-07-29,14.301363945007324,0.17212353630006674,0.17216096573995016,0.1534811799421554,0.16770627337546162,2.1441415547922618,300124.SZ,-0.008217810251367088,-0.5171359951276535,-0.41080690066751946,-0.5756257262826312,-0.5443864785268774,-0.7052552446666983,-0.3804239033067067,-0.45900751651859734,-0.3817571050937288,-0.0134960628531464,-0.02641379865724418,-0.018508947659885228,0.04492274631712951,-0.15482378364281207
2015-07-30,13.433578491210938,0.16167931963794946,0.17305940081024937,0.15947069353035934,0.17141228055745897,1.5180483181898297,300124.SZ,0.7028282217481605,-0.6353397423973582,-0.4127244421122287,-0.56977554819404,-0.7474750300447005,-0.7053449598785166,-0.40866788869387305,-0.466774569474809,-0.3831793270793583,0.019087329866496736,0.004627278283143628,0.030848246099808713,-0.05379164120225827,-0.8071029155249373
2015-07-31,13.673076629638672,0.1645617827576889,0.16939082306813544,0.15842252999110176,0.15872200834786815,1.2441572524098987,300124.SZ,1.413874253747688,-0.7007244772215041,-0.4149894732783438,-0.5625823332401951,-0.6808242759829723,-0.6874742988059368,-0.3821656750265871,-0.4716615976925057,-0.3835277228216306,-0.06535967143742825,-0.018894554183480426,-0.005398436172771138,0.014845768422074497,-0.34315307463960815
2015-08-03,12.444488525390623,0.14977517276015803,0.1630644016832817,0.14812805250736766,0.15977017188712575,1.2589810584128938,300124.SZ,-1.430309874250422,-0.8544852737930864,-0.4125172385878227,-0.5686810901640938,-0.9620452595947377,-0.9856622967367281,-0.1250939408942782,-0.47868373512802403,-0.385902068713208,0.00539843617277124,-0.03258344787720613,-0.053020428155067766,-0.07615659894053363,0.03716604296294362
2015-08-04,13.685517311096191,0.16471151122664723,0.16471151122664723,0.1515720321913317,0.15217097819543965,0.9116850157580191,300124.SZ,-0.7192638422508947,-0.8562009033367001,-0.4203326199885633,-0.5502724262131952,-0.6190129459460076,-0.7234439476929597,-0.1811809865426082,-0.48568689227657197,-0.38800199246395917,-0.039138703620762966,0.008483233203970462,0.01773778977025782,0.07692775683016113,-0.4398481837634091
2015-08-05,13.483343124389648,0.1622782763514823,0.16980260045397683,0.1622782763514823,0.16493611999422206,0.9604926440191741,300124.SZ,-0.008217810251367088,-0.867064776812485,-0.4247014269864529,-0.5400224624712636,-0.6660797286011909,-0.5267851290829152,-0.35552593083230594,-0.49308386017798106,-0.39019736754253626,0.06574527796102336,0.02622102297422828,0.05514118129849718,-0.01253207412293959,0.081932345488928
2015-08-06,13.598426818847656,0.16366334768738966,0.16662066968689582,0.15670054014911977,0.15857226916948497,0.6776625314668009,300124.SZ,0.7028282217481605,-0.8567703000970791,-0.4245153876646934,-0.5406699341096344,-0.6340203176506835,-0.5833365107517802,-0.20976655670680308,-0.4983931648281538,-0.39191071474681344,-0.03277622356022213,-0.016388139358892714,-0.028727437798815994,0.007133637950168451,-0.35492832667185964
2015-08-07,14.292034149169922,0.17201123727099177,0.1729096509224413,0.16658324024701246,0.16658324024701246,1.1337952119270287,300124.SZ,1.413874253747688,-0.7785887757590454,-0.4256210779064379,-0.5431420060678082,-0.4412969918549663,-0.23090555617014075,-0.42807125376928273,-0.5000395713599439,-0.3934498630559378,0.041259511921755684,0.032390617036626726,0.05089961985407505,0.04299476885671599,0.6184946066329897
2015-08-10,15.106943130493164,0.1818190463608432,0.18324155784605878,0.1721983951798335,0.17399525461100712,1.4623295731918136,300124.SZ,-1.430309874250422,-0.6373273997088519,-0.43382627990825207,-0.5407308641715369,-0.22250747996442585,0.1172782553339181,-0.7735448500163652,-0.49809899549170034,-0.39414904254743965,0.03817465973299327,0.05321320383808397,0.028920158324269106,0.05051390301535376,0.45041154300588937
2015-08-11,14.789690017700195,0.17800074014977088,0.18155700815338502,0.17601671210033068,0.18035911614516908,1.3130427604145962,300124.SZ,-0.7192638422508947,-0.5488966602139208,-0.4408764251883333,-0.5396076020670515,-0.3056763457299674,0.08233975742895007,-0.7735448500163652,-0.49831250777086555,-0.3955712631677135,0.032776278717785226,-0.00867606404454966,0.019665767230671136,-0.01966571207310804,-0.17901404273290608
2015-08-12,14.54397201538086,0.17504341815026472,0.18342873717375022,0.17448190158604013,0.17523059747795613,0.994639377999663,300124.SZ,-0.008217810251367088,-0.49650598169569693,-0.44097853101851564,-0.5397955691482613,-0.37060875528268367,0.04341441431576621,-0.8370854156844953,-0.4976482520222265,-0.3978215228109915,-0.026413798657244286,0.009640107932319463,-0.007904850997358954,-0.015231319788106705,-0.4017883810944747
2015-08-13,14.727482795715332,0.17725205496727972,0.17725205496727972,0.1684549585579528,0.17234813435821672,0.9825822718711426,300124.SZ,0.7028282217481605,-0.43479314082867104,-0.4428516943231331,-0.5404032607704854,-0.3185382130241457,-0.11101578868665923,-0.6564342588127786,-0.49455946041563487,-0.40000496672959457,-0.014845768422074497,-0.03181223483001542,-0.03104102178282492,0.011375309709716777,0.0017562813560103425
2015-08-14,14.316916465759276,0.17231070491833334,0.18005963778840267,0.17144970999734235,0.1790114742491451,0.6549063720836603,300124.SZ,1.413874253747688,-0.41928962596720454,-0.45275976588640987,-0.5389216458121976,-0.43110387845167053,-0.13019482050071346,-0.7559066359251534,-0.4921728824168568,-0.40315723968000045,0.03431870481216644,0.014460106740916101,0.01542409547112281,-0.02544980992703768,-0.41400290819280045
2015-08-17,14.089862823486328,0.169577991686402,0.1744444614367319,0.1684549585579528,0.17137484040815074,0.5599609287074159,300124.SZ,-1.430309874250422,-0.4238537069478371,-0.46105359848978994,-0.5388188246144537,-0.49352408065433734,-0.32793170047718817,-0.6635385150864067,-0.4906545829810892,-0.40593963847907627,-0.03933153446134227,-0.028920268639395195,-0.01542409547112281,-0.014074500217320592,-0.10743109471133297
2015-08-18,14.851896286010742,0.17874942533226204,0.1865357983516396,0.17141228055745897,0.1732465587190911,6.540583261290615,300124.SZ,-0.7192638422508947,-0.35616433664875236,-0.4701759473386409,-0.534844679871224,-0.2655826427296426,0.0031012623840956702,-1.0902566745477529,-0.4860095354369385,-0.4080037680672274,0.00964005277475637,0.062274929563791825,0.015231319788106705,0.04723633030113813,7.8958094769232545
2015-08-19,15.952959060668944,0.1920012248155023,0.19462162830893384,0.16089320501557494,0.17328399886839932,5.296127652575454,300124.SZ,-0.008217810251367088,-0.2024999830081214,-0.4711498551472792,-0.5342292702518092,0.045045490216268864,0.13961701379082184,-0.7619039183443281,-0.4806527821054145,-0.4096335957863304,0.00019283084057919854,0.041645063287787894,-0.054177192568290476,0.06825174794317447,-1.6216609958490873
2015-08-20,14.938986778259276,0.1797975995809445,0.19379807353725106,0.17968530055186951,0.1871347336463227,3.5057244102700627,300124.SZ,0.7028282217481605,-0.17124099477483873,-0.4850515116498527,-0.5259162877858335,-0.24565010929252892,0.20991522258809459,-0.7619039183443281,-0.47874067191678576,-0.4127429146493319,0.0713364898168107,-0.004241616601985231,0.09678635490141127,-0.06285325661284023,-2.340828390940361
2015-08-21,13.44602108001709,0.16182906952575754,0.17889916451064528,0.16182906952575754,0.1736957869636656,2.372587760641478,300124.SZ,1.413874253747688,-0.2788194054455317,-0.4981660624190405,-0.523761306816883,-0.638477450500211,-0.7172705293803041,-0.23858212508886198,-0.4811936748117363,-0.4164464157922807,-0.06921562635825489,-0.07673498114714483,-0.09196630093525164,-0.09254468314186305,-1.4750224523241373
2015-08-24,12.102351188659668,0.14565738819231933,0.15621389317408677,0.14565738819231933,0.1500372216770411,2.3340994224331015,300124.SZ,-1.430309874250422,-0.48067608382898747,-0.49284833296584707,-0.5418177082729154,-0.9589849862962988,-1.584535862751018,0.18177098831944077,-0.4879928118606788,-0.4218966723431832,-0.12185050314729076,-0.11683767349811472,-0.08329023689070197,-0.08329023689070197,-0.03306112448000453
2015-08-25,10.892426490783691,0.1310953869623633,0.1403791303467232,0.1310953869623633,0.13146973490832134,2.396650422877413,300124.SZ,-0.7192638422508947,-0.7422080591050932,-0.47806706551937206,-0.5723427107557164,-1.224968205753067,-2.1450235498844994,0.5243001324005944,-0.4961346952827812,-0.42974991175416993,-0.09562953533062536,-0.08155497995574168,-0.07499977936974762,-0.07499977936974762,0.10003625246574409
2015-08-26,10.264138221740724,0.12353364412941029,0.139256097218274,0.12166191510904507,0.1333040237793783,2.6043025109414972,300124.SZ,-0.008217810251367088,-0.9958099218114995,-0.4648614002776217,-0.6077096492314018,-1.35661134482988,-2.1168395275611123,0.731593647146735,-0.502758277911733,-0.4391494580337298,0.009447277091740265,-0.005784042696366441,-0.04858592555494024,-0.03894581762262078,0.2911754108538645
2015-08-27,11.181689262390137,0.1345767960862107,0.13461422552609406,0.12357106285986878,0.1287744618256982,1.509288501623219,300124.SZ,0.7028282217481605,-1.1028931096815655,-0.46026377299954574,-0.6242028062966569,-1.07897471383406,-1.7692356154961622,0.7315936471467356,-0.5090307530580865,-0.44803834083583877,-0.023328946468481764,-0.023907383832656365,0.00983282845777237,0.0568763830758946,-1.4248041562108829
2015-08-28,11.912619590759276,0.14337388178611274,0.14517074121728632,0.1344270569078275,0.13738437890733365,2.268038787306829,300124.SZ,1.413874253747688,-1.1105515665300856,-0.4600149062272695,-0.6331885365173473,-0.8662911637405775,-1.2619807996511279,0.32512045703371273,-0.5158156565885301,-0.4552926240009971,0.04434430895295491,0.05437002340886968,0.05591244950325109,0.04530829768316172,1.017127555046145
2015-08-31,11.598474502563477,0.13959301572434865,0.14112782623863923,0.13431474716932768,0.14112782623863923,1.3140064385574934,300124.SZ,-1.430309874250422,-1.1331265092099312,-0.4582741496797675,-0.6394005950149451,-0.9380858230138597,-1.2777272445971812,0.32782722503405537,-0.5225768344209151,-0.4629549607563316,0.019280160707075833,-0.020822531643893846,-0.0005784373641743981,-0.01947288123252884,-1.239091447978672
2015-09-01,11.09770965576172,0.1335660619868365,0.13719719957964222,0.12652838485937498,0.13551264988696846,1.0658950945244492,300124.SZ,-0.7192638422508947,-1.1837204749775363,-0.45654419061337403,-0.6542028707535018,-1.0522019468979729,-1.4032466432086343,0.5152790149256221,-0.5303676103604191,-0.4693549573022918,-0.028920268639395296,-0.020244204594845636,-0.04010269235096988,-0.03104107694038791,-0.3091938921206451
2015-09-02,11.284331321716309,0.1358121389531597,0.13850741203578287,0.12394541080582681,0.12723965131140763,1.8003938605438081,300124.SZ,-0.008217810251367088,-1.1945855721987209,-0.45596960913603785,-0.6657351610992116,-0.994985102226175,-1.274078236401752,0.5767092552940869,-0.5376507019695386,-0.47546382658157077,-0.0426090520179946,0.006748086584136346,-0.013303287170130193,0.011568140550295872,0.9851814467550434
2015-09-07,11.047945022583008,0.13296711598272853,0.14367336014287915,0.13289224639353692,0.1377587161438668,0.9402916587285405,300124.SZ,-1.430309874250422,-1.2118030593997173,-0.4558862270142557,-0.6784295628826816,-1.050867503700514,-1.043572547324635,0.36793482853661846,-0.546034563350421,-0.4822551715918522,0.05417713741072749,0.026606574340260286,0.04607956588791542,-0.014652937581495197,-1.1153588865846689
2015-09-08,11.620247840881348,0.13985505393180683,0.1416519026535556,0.12956057644807276,0.13285480624422868,0.5572421601108434,300124.SZ,-0.7192638422508947,-1.161913723904679,-0.4608891214599416,-0.6857813217865296,-0.8702580758285854,-0.9461043377805148,0.45174370278700116,-0.5528858904196539,-0.4888341382681349,-0.025256979086458377,-0.010411265821946973,-0.017159352406083114,0.035475469225389245,-0.48694559422602623
2015-09-09,12.28897190093994,0.1479034544492177,0.15104794506699046,0.14109038608933097,0.14225085936708842,1.771075212778464,300124.SZ,-0.008217810251367088,-1.051445191989695,-0.47229362329422936,-0.686376762504077,-0.6646094793791235,-0.5489106445234536,0.073993713821226,-0.5562593618979054,-0.49461847412508975,0.04839320502948734,0.04839314987192414,0.05938285305804541,0.04145228760477179,1.616600229614902
2015-09-10,11.81930923461914,0.14225085936708842,0.14674298117146028,0.14157703306436398,0.14490870300982817,0.4323807715061636,300124.SZ,0.7028282217481605,-0.9959686490568819,-0.4826099843956014,-0.6889961137489556,-0.78523232727266,-0.6275945476513213,0.07399371382122524,-0.558940109233137,-0.4994578439528677,0.013688893693725394,-0.022172182055259053,0.0025064148245880205,-0.029112989164848203,-1.7458001834866865
2015-09-11,11.993489265441896,0.14434718644560357,0.14805319362760092,0.14180163112251393,0.14225085936708842,0.4220823062963484,300124.SZ,1.413874253747688,-0.926975744549081,-0.49225495181405104,-0.6903258889224141,-0.7304126177714082,-0.5528090028668039,0.020370686809777456,-0.5624606667369982,-0.5037173486195958,-0.013688893693725394,0.006748086584136243,0.0011567644132228123,0.010796872345542174,0.004072908685428094
2015-09-14,10.792896270751951,0.12989749495414737,0.14636864393492713,0.12989749495414737,0.14565738819231933,1.0560714357341967,300124.SZ,-1.430309874250422,-0.9703880759974962,-0.5036244669992385,-0.6964772301493081,-1.034915224476163,-0.8336657885379598,0.3477973059145328,-0.5664889044990951,-0.5096496337274762,0.017544903772115324,-0.00867606404454966,-0.061310775360895936,-0.07442134200557313,0.8527818372054053
2015-09-15,9.841132164001465,0.11844255490208071,0.1305712998380221,0.11758155998108973,0.12690273280533299,0.4491233307450734,300124.SZ,-0.7192638422508947,-1.0792532550041698,-0.5108581454013205,-0.7101330632349864,-1.2596205141351082,-1.1976914059402661,0.6598147254532649,-0.5723343591592673,-0.5150473937206349,-0.09659352406083217,-0.08136225943028856,-0.06343169397701474,-0.05899724653445041,-0.7818833640810032
2015-09-16,10.823999404907228,0.13027183219068053,0.13027183219068053,0.11829280501427267,0.12166191510904507,0.7119263625150997,300124.SZ,-0.008217810251367088,-1.0661815208998278,-0.5212074632931889,-0.7141733256966418,-0.9438188870029018,-0.9886237456342081,0.6598147254532649,-0.5748063409838051,-0.5198223351480172,-0.02699218086385569,-0.0015423709368181146,0.0036631792378107302,0.06092522399486383,0.3638247971347421
2015-09-17,10.699586868286133,0.1287744618256982,0.1374592377871004,0.12622891721203341,0.12974775577576417,1.1577374997428187,300124.SZ,0.7028282217481605,-1.0561546252749858,-0.5406032793086324,-0.7120237186931261,-0.974172703138158,-0.7976510624122327,0.35009371593683364,-0.5793612392911078,-0.5256353059254454,0.04164511844535099,0.03701784016220736,0.04087396055572348,-0.007712020156779755,0.60489821587472
2015-09-18,10.861324310302734,0.13072104972583015,0.1319563818833543,0.12802576593378218,0.13045901151837197,0.029091095926157724,300124.SZ,1.413874253747688,-1.0231905108608612,-0.5817109112876919,-0.6891498250610222,-0.9216139497979428,-0.7763460273596529,0.35009371593683364,-0.5833610100162069,-0.5313671445419786,0.003663234395373825,-0.028341776117657803,0.009254446251161067,0.010025659298351568,-1.4691075290142865
2015-09-21,11.48961353302002,0.13828280326820805,0.13839511300670787,0.12847497275950692,0.12914879906223137,0.5686885862542373,300124.SZ,-1.430309874250422,-0.9311577409861164,-0.6172852007617154,-0.6646287283569149,-0.7186054577553811,-0.6000609451860314,0.07241980622016261,-0.586577907361438,-0.5356552848118581,-0.006748086584136141,0.03316188524138063,0.0023135839840087193,0.038945872780183875,0.7284413601333521
2015-09-22,11.44606876373291,0.1377587161438668,0.14075346758325635,0.13476397541390214,0.13944327654596544,0.5612044108059311,300124.SZ,-0.7192638422508947,-0.8536168578780753,-0.6358080126138503,-0.652868333177122,-0.7303859218569128,-0.4936716769657856,-0.02824371137353961,-0.5909192974617246,-0.5386667677534653,0.05302042815506766,0.012146412441781192,0.03239072735175302,-0.0026992456651671166,0.007780124015782594
2015-09-23,11.455398559570312,0.13787102588236666,0.14225085936708842,0.1351383126504353,0.1358121389531597,0.2109775958253005,300124.SZ,-0.008217810251367088,-0.7836132527886079,-0.6397255135186498,-0.6514872570153318,-0.7272622720076244,-0.44832310180472523,-0.09307061072794634,-0.5964895590002647,-0.5404922700460679,-0.018701723342901436,0.00771213047190615,0.001927977460413417,0.0005784373641745009,-0.4437088395652466
2015-09-24,11.69178581237793,0.140716038143373,0.14397283849964557,0.13824536311889982,0.1394058363966572,0.5486107065106949,300124.SZ,0.7028282217481605,-0.7001289698354737,-0.6377294591675631,-0.649870957472975,-0.6464896612864217,-0.33385419305200204,-0.16889569512966024,-0.6012152676738527,-0.5429763857497248,0.018508892502322235,0.008868839727565662,0.016002477677734318,0.014652882423932204,0.4623971685802268
2015-09-25,11.001290321350098,0.13240559941850394,0.14112782623863923,0.13038414192918038,0.1403791303467232,0.2796812790535678,300124.SZ,1.413874253747688,-0.6894283437508251,-0.6398325119555913,-0.6437733409520918,-0.8456566781146945,-0.5477398851013829,0.07996618390417641,-0.6066194656145787,-0.5453602768423526,0.005012829649175835,-0.014652882423932204,-0.04048824371700209,-0.0428018828585738,-0.3366171941110478
2015-09-28,11.511385917663574,0.13854484147566623,0.13951814613515706,0.13045901151837197,0.1325178984475789,0.0022487609627544645,300124.SZ,-1.430309874250422,-0.6291486914448098,-0.6390280007606753,-0.643084777967878,-0.6677390669011825,-0.4637024616020518,0.07996618390417692,-0.6115254727618628,-0.5462742213094547,-0.040488298874565086,-0.008290457520954359,0.00038560652359530235,0.03161940398943633,-0.34781816864598464
2015-09-29,11.079049110412598,0.1333414532192617,0.1368603024924173,0.13131999572993813,0.1355500900362767,-0.2671554729139352,300124.SZ,-0.7192638422508947,-0.6144885787241395,-0.6421565191987341,-0.6435471201434445,-0.7939463290002186,-0.545871503386237,0.07996618390417692,-0.616464692357233,-0.5475580385625314,0.015616926311702008,-0.013688893693725496,0.004434392285001335,-0.02679940518083969,-0.33724264841274326
2015-09-30,11.107040405273438,0.13367837172533634,0.13663568301541762,0.1325178984475789,0.13543778029777684,-0.46252820939426814,300124.SZ,-0.008217810251367088,-0.5948166848769841,-0.6435712289690667,-0.6443216883581656,-0.7838417203293964,-0.5048069934852829,0.07996618390417641,-0.6210148466108305,-0.5490828697527579,-0.0005784373641745009,-0.0011568747283491046,0.0061696492199617425,0.0017352569349605106,-0.2397222346193481
2015-10-08,11.80375862121582,0.14206368003939698,0.1454702088646279,0.13906891789058257,0.13906891789058257,0.896795048204757,300124.SZ,0.7028282217481605,-0.5119970333057058,-0.6410082421203877,-0.6438285433141328,-0.5342401612621881,0.002532406994276446,-0.3482910177798952,-0.6256646395660695,-0.5490852563943593,0.018701723342901332,0.04550112852374092,0.03374021229042884,0.043187489382169,1.8082519655217688
2015-10-09,12.348068237304688,0.1486147101918255,0.15291967408735566,0.1416144732136722,0.14337388178611274,1.3308665728114286,300124.SZ,1.413874253747688,-0.39419441732815264,-0.6345907209557129,-0.6460716036205812,-0.346325769708143,0.5318208717289382,-0.6880285625923801,-0.6311637321547319,-0.5491568440368817,0.022172182055259053,0.03836754573113566,0.013110566644677185,0.03374026744799193,0.5894338267857178
2015-10-12,12.985690116882324,0.15628876276327835,0.15827280152214337,0.14940082481420006,0.15059873824126568,1.734561206239353,300124.SZ,-1.430309874250422,-0.2420313430734711,-0.622101577563615,-0.6510907379104475,-0.13346915557010677,1.3798535527014257,-0.9225679030880607,-0.6341433969522713,-0.5496937564758825,0.03721072616034966,0.02757061822803009,0.04010263719340668,0.03952425498679528,0.5494188723177817
2015-10-13,13.060338020324709,0.1571871978335776,0.1607060256878835,0.15333145147319704,0.1553529089625206,0.8540654746837585,300124.SZ,-0.7192638422508947,-0.11472637966797267,-0.611548567823891,-0.6563060349983275,-0.10871877261285498,1.7511054266394537,-1.0279908628417784,-0.6347317383399443,-0.5512233602666343,0.024485766039267772,0.0125320189653767,0.020244204594845636,0.004627278283143628,-1.1422229313349301
2015-10-14,12.60000705718994,0.15164690178052329,0.15767384480861057,0.15164690178052329,0.1555400775807872,0.37070516552621996,300124.SZ,-0.008217810251367088,-0.05590431909370479,-0.6092741569880203,-0.6574267736820543,-0.2668067061041475,1.361729469845154,-0.9592071048213054,-0.633972587943369,-0.5542610914871133,0.0009639887302067085,-0.015616871154139017,-0.008676064044549557,-0.028534606958236796,-0.6190832936625584
2015-10-15,13.859696388244627,0.16680784901458726,0.16680784901458726,0.15516572963482916,0.155278039373329,1.8803870666724216,300124.SZ,0.7028282217481605,0.10149189245499704,-0.5919393486122396,-0.6675996432090563,0.1469370497191024,1.8589094187423523,-1.192918270691851,-0.629446155315681,-0.5560794345375892,-0.0013495952538020107,0.047043554618122124,0.018123285978726728,0.07808457640094685,2.006316811591678
2015-10-16,13.98410987854004,0.16830521937956958,0.16882930650391081,0.1642622936914976,0.16808061061199478,1.0081054042414526,300124.SZ,1.413874253747688,0.2334058278205744,-0.5763891542441076,-0.6759335298249592,0.1859508284337526,1.8642538146147052,-1.1083007291349318,-0.6237715110217942,-0.5565566904940418,0.06593805364403946,0.010411265821946973,0.04685072377754293,0.007712020156779755,-1.1314026798455896
2015-10-19,13.971668243408203,0.1681554802011864,0.1728347813332497,0.16452434260838067,0.1684549585579528,1.1508794351468836,300124.SZ,-1.430309874250422,0.3316861889340391,-0.5624504836643835,-0.6765164831130083,0.18137090553214022,1.6794264344594765,-0.9410511897194546,-0.6195155274620332,-0.5575708582068173,0.0019280326179766144,0.020629700803314645,0.0013496504113651056,-0.0007712130471905019,0.20571266590424278
2015-10-20,14.279592514038086,0.17186148738318374,0.17743922358554629,0.169577991686402,0.1701395082506266,0.7781781082494189,300124.SZ,-0.7192638422508947,0.4309739605240915,-0.5519306958827217,-0.666883820494057,0.28207232861294146,1.6512855037624141,-0.7523318403436003,-0.6159048207213239,-0.5591672784049218,0.008676064044549764,0.023714608149640364,0.026028192133649083,0.019087329866496635,-0.4733141262204656
2015-10-21,13.019902229309082,0.15670054014911977,0.17141228055745897,0.15557751773009543,0.1688667359437942,1.4608886306151023,300124.SZ,-0.008217810251367088,0.3905683854105386,-0.5492381840993408,-0.6591834981180008,-0.17648932911070406,0.8633254925889394,-1.1803401399732179,-0.6137365004127994,-0.5614771952134258,-0.0065552557435571476,-0.031041021782824817,-0.07210770286400141,-0.07808457640094685,0.9169616872153943
2015-10-22,13.654413223266602,0.16433717399011408,0.1654602071185633,0.154304745423263,0.15872200834786815,1.4121098840214013,300124.SZ,0.7028282217481605,0.4095596329714132,-0.5442306703005246,-0.6504391780458292,0.0349574868979141,0.7831018071121701,-1.1275901406541973,-0.6098363670319589,-0.5634339423137767,-0.05224915995031417,-0.03065541525922941,-0.0065552557435571476,0.03933153446134217,-0.04661650184144171
2015-10-23,14.158288955688477,0.17040154645808478,0.17481882009211477,0.16325157030154824,0.16613402271186284,3.1958667923473474,300124.SZ,1.413874253747688,0.46325772086160083,-0.5364161566246073,-0.643284146463798,0.19742943792984363,1.0746973005044598,-1.027103511921604,-0.6054522777335586,-0.5648919570966506,0.038174659732993374,0.048200374188907935,0.046079510730352324,0.031233797465840922,2.3673510882252846
2015-10-26,14.478656768798828,0.17425730352789018,0.1789366046599535,0.16882930650391081,0.17474395050292316,2.845239935547301,300124.SZ,-1.430309874250422,0.5272230215626115,-0.5258106662936719,-0.6409103766240982,0.2992233032381455,1.1491092168105337,-0.8621421134499531,-0.6002188874443518,-0.5664764447694254,0.044344364110518106,0.021208138167489354,0.028727437798816202,0.019858598071250438,-0.4442358077495483
2015-10-27,14.991861343383787,0.18043397502493583,0.1808083336803187,0.17174918835410877,0.1744444614367319,2.71477591312559,300124.SZ,-0.7192638422508947,0.6156457372041338,-0.5125695348898535,-0.6388657240561174,0.45973305672945824,1.1637136123165428,-0.7872774539581008,-0.595075647749376,-0.5673355046718267,-0.0015424812519442015,0.00964010793231936,0.015038488947527507,0.03181217967245222,-0.15421910586451198
2015-10-28,14.556413650512695,0.17519315732864793,0.18676039640978956,0.17425730352789018,0.18155700815338502,2.1396215396966265,300124.SZ,-0.008217810251367088,0.6378931135434698,-0.5051979378251061,-0.6321610950950846,0.29232543543809436,1.0663293412172918,-0.5523607341654148,-0.5916167710879819,-0.5672925512670999,0.03663228879617505,0.03065536010166642,0.01291773580409809,-0.02699218086385569,-0.7400020302322097
2015-10-29,14.316916465759276,0.17231070491833334,0.1777387019423127,0.16969029071547698,0.1766905384030551,1.259816714980197,300124.SZ,0.7028282217481605,0.6254590460395026,-0.5002677035856659,-0.6249548876622579,0.20088467896870538,0.7657658944951682,-0.7667167359951572,-0.5878067883013726,-0.5667246172660243,-0.02506414824587928,-0.04646511725394763,-0.02352183246662416,-0.014845713264511506,-1.1413128116802196
2015-10-30,14.245378494262695,0.17144970999734235,0.17650335907536369,0.1681554802011864,0.17380807528331568,0.6805150570055539,300124.SZ,1.413874253747688,0.6009250714954506,-0.5003146256426801,-0.6088773097372384,0.1731631820435632,0.6568563987617001,-0.8385209898733875,-0.584371635980654,-0.566767570670751,-0.014845768422074395,-0.006362480060540941,-0.007904850997359159,-0.0044344474425643265,-0.7454651765852851
2015-11-02,13.84103298187256,0.16658324024701246,0.17403269476031538,0.16471151122664723,0.16770627337546162,0.8789136773075376,300124.SZ,-1.430309874250422,0.5376063036950536,-0.5014392067798956,-0.5960572933148472,0.015898831899276173,0.48395439768132087,-1.0001030193840612,-0.5797218430254149,-0.5664549677257232,-0.03142657314885713,-0.01272484980595559,-0.017737734612694622,-0.02506414824587918,0.27898597747860066
2015-11-03,13.837923049926758,0.16654580009770423,0.16939082306813544,0.16486125040503044,0.16755653419707844,0.08900382774062994,300124.SZ,-0.7192638422508947,0.4802893371942898,-0.5074639442633132,-0.5753929491959845,0.014679259296679511,0.3957160431316589,-1.0001030193840617,-0.573624920941669,-0.5663284955185001,-0.0007712130471905019,-0.023907383832656365,0.0007712130471906047,-0.00019283084057919854,-1.022895712434031
2015-11-04,15.10072422027588,0.18174418748107646,0.18268004128183418,0.16905390456206076,0.16912877415125238,1.6553173530665493,300124.SZ,-0.008217810251367088,0.5408594970783978,-0.5095309995317139,-0.553253167380989,0.45243268321489166,0.7674493580917446,-0.444419120512669,-0.5671009756569758,-0.5642906142092209,0.008097626680375159,0.06844446846862738,0.021593744691084552,0.07827740724152614,2.0809166727052513
2015-11-05,14.680827140808104,0.1766905384030551,0.18286722060952562,0.17455677117523175,0.1818190463608432,2.000362605727049,300124.SZ,0.7028282217481605,0.5435197609328073,-0.5126246630300718,-0.5354291299608084,0.28286893739418006,0.7290917546060448,-0.43698766813997686,-0.5610277765565225,-0.5635270049519678,0.06535967143742816,0.0009640438877698032,0.0283418312752209,-0.026028192133649083,0.4721610552761515
2015-11-06,15.37132453918457,0.18500098783734903,0.1855250642522654,0.17785100097138767,0.17785100097138767,1.7556248862540555,300124.SZ,1.413874253747688,0.5994858102924717,-0.5082896546220422,-0.525561219794821,0.5102028295115842,0.8678541789914006,-0.3298129424699121,-0.5541479797355257,-0.5620785340047888,-0.020436925120298644,0.013688893693725496,0.016966521565503916,0.042801938016137,-0.3047498747138613
2015-11-09,15.505069732666016,0.18661065723140635,0.1941349920433257,0.18271748143114241,0.18417741164681653,2.7568586192294275,300124.SZ,-1.430309874250422,0.6470859650546635,-0.5009769206364922,-0.5216605560310121,0.5534388863945837,1.014716569793664,0.0041570116931308335,-0.5480225892573988,-0.5606157459387119,0.03258339271964293,0.044344364110518106,0.025064203403442273,0.008290402363391264,1.3365468150853905
2015-11-10,15.3495512008667,0.18473892821104113,0.18773369035985552,0.18230570404530103,0.18342873717375022,1.4400641973208699,300124.SZ,-0.7192638422508947,0.6618756168844656,-0.49651377500801064,-0.5155678210266688,0.4870937940933608,0.847876568509581,-0.018242952035008836,-0.5420680077881743,-0.5598044127242404,-0.003855954920826834,-0.03296910955836442,-0.0021208083009926154,-0.009640107932319463,-1.7169516659563546
2015-11-11,15.514398574829102,0.18672295626048133,0.1893808213220708,0.1838405145595916,0.18507584671711577,0.9992982709005025,300124.SZ,-0.008217810251367088,0.6792690758120968,-0.49583544221073994,-0.5019658782539601,0.543182381537033,0.8697222833075767,0.04580498277357209,-0.5358761924138752,-0.5594918104618903,0.008483233203970462,0.008483343519096652,0.007904850997359056,0.01021849013893087,-0.5629744484292373
2015-11-12,15.060287475585938,0.1812575297966186,0.18874442445922973,0.1771023157888965,0.18739677185378087,2.5438343361843816,300124.SZ,0.7028282217481605,0.6434827391091466,-0.4933431361618705,-0.4989475807669292,0.3446546829458038,0.64950770170513,-0.32689487426528124,-0.5307376967726047,-0.5592842047284168,0.011953636758765089,-0.0032776830293416172,-0.03470425617819864,-0.028149000434641597,2.0522296004541176
2015-11-13,14.836342811584473,0.1785622460045706,0.18043397502493583,0.1751182877394563,0.17897403409983687,1.0578562271934098,300124.SZ,1.413874253747688,0.5868993889888984,-0.49213221030025567,-0.4961529434776447,0.24793474146112615,0.4340521638874171,-0.43397006502256913,-0.5248874994161101,-0.5590598952344439,-0.04338026506518511,-0.042801938016136895,-0.01021849013893087,-0.013881724534304694,-1.9398144169694285
2015-11-16,16.173791885375977,0.19465906845824207,0.19641847703068258,0.17489367897188152,0.1759418425111391,3.3268308158346973,300124.SZ,-1.430309874250422,0.65346522296368,-0.480973113563117,-0.49831252931103426,0.7082438938133018,0.9150234574844771,0.19181650762265995,-0.5177752127437439,-0.5579502761938423,-0.01561692631170211,0.08232619300293217,-0.001156819570785907,0.08290468552466977,3.0065199640199287
2015-11-17,15.131827354431152,0.18211852471760961,0.1978784286652064,0.17897403409983687,0.19653077605975755,7.793577874958801,300124.SZ,-0.7192638422508947,0.6042415641752243,-0.4789933666525142,-0.496416021900873,0.27298814810021105,0.7684784389325549,0.24456277708086993,-0.5115928854768553,-0.5573250716691421,0.10604074599500934,0.0075192996313268486,0.02101536248447325,-0.06458851354780065,5.901607707520903
2015-11-18,14.649724960327148,0.1763161904570971,0.18286722060952562,0.1763161904570971,0.18043397502493583,1.4485612111971014,300124.SZ,-0.008217810251367088,0.5146289456089884,-0.484736369507618,-0.4816572734479706,0.08400311980982872,0.3083334188395081,0.09549292464888122,-0.5061886875361293,-0.5568955417179415,-0.08290457520954359,-0.07731336335375634,-0.013688893693725598,-0.02988420221203891,-8.340542041892789
2015-11-19,15.050957679748535,0.18114523076754363,0.18144470912431004,0.1766905384030551,0.1778135715315043,1.2710098290993495,300124.SZ,0.7028282217481605,0.4729170118794947,-0.48629219745195684,-0.47294213808909197,0.22331998753987203,0.3523922338852462,0.09549292464888147,-0.5012352344222601,-0.556742819866491,-0.013496062853146298,-0.00732646879074765,0.0019280326179764089,0.024871372562863075,-0.21624647207407277
2015-11-20,14.898551940917969,0.17931094189648664,0.18219340501622605,0.1777387019423127,0.1815195680040768,1.2879484149748086,300124.SZ,1.413874253747688,0.41999416916228693,-0.4865860268492954,-0.46894268597135036,0.16209711387611483,0.31634465269332307,0.1252677822712638,-0.49734459186359636,-0.5575517684873944,0.019087274708933538,0.0038560652359530233,0.00539843617277124,-0.009447277091740265,0.03995180598946286
2015-11-23,14.86744785308838,0.1789366046599535,0.18522558589549898,0.17822534891734568,0.1808083336803187,2.1788435268808732,300124.SZ,-1.430309874250422,0.36967414879077853,-0.4864151240521118,-0.4672220614503041,0.14932539581292295,0.35695408235335613,0.2467358905576641,-0.4944740552324922,-0.5576066530520952,-0.0036631240802476356,0.015616871154138913,0.0025064148245879177,-0.0019279774604133142,1.1911996539107057
2015-11-24,15.085171699523926,0.18155700815338502,0.18309181866767557,0.17874942533226204,0.18129496994592684,1.008750974373314,300124.SZ,-0.7192638422508947,0.34408595044711476,-0.48611820066602174,-0.46710806061389504,0.22984004239075168,0.3501551605402594,0.2467358905576641,-0.49138526498328355,-0.556349085443246,0.002506359667024823,-0.010989703186121474,0.0026991905076040215,0.013496062853146196,-1.52370382535609
2015-11-25,15.333999633789062,0.1845517703021994,0.185113286866424,0.1801344966681694,0.18163186703315176,1.883212417498062,300124.SZ,-0.008217810251367088,0.34093114857120077,-0.48434100689686366,-0.4653436230211064,0.3220179420480578,0.5005952687251822,0.3302943828209451,-0.4872146852492823,-0.5538697430227921,0.0017351466198342184,0.010411320979510068,0.007133637950168451,0.015424150628685905,1.1695518656575874
2015-11-26,14.820794105529783,0.1783750880957289,0.1864234779037149,0.1778135715315043,0.18586196133949032,2.5141844709986607,300124.SZ,0.7028282217481605,0.2876481219371985,-0.48481013894908215,-0.4623069074981327,0.09843138794137105,0.2575561827305904,0.17843396949526613,-0.48574857719118814,-0.5508558741222612,0.02178657553166375,0.006747976269010054,-0.011953636758765089,-0.03181223483001532,0.8488074951456813
2015-11-27,13.632641792297363,0.1640751357826559,0.1789366046599535,0.16280236347582352,0.1789366046599535,2.1817480803879477,300124.SZ,1.413874253747688,0.1356996642441088,-0.4813695346892145,-0.4693525581701766,-0.3779012178086015,-0.9422726774543954,-0.7158815878675991,-0.48628472584380467,-0.5482715358556086,-0.035668189750842155,-0.038560211099025375,-0.07731336335375634,-0.07365012895838262,-0.42027382059182455
2015-11-30,13.632641792297363,0.1640751357826559,0.16729449598962026,0.15602672455582017,0.16609659327197945,1.4481955815772052,300124.SZ,-1.430309874250422,0.013800147241426005,-0.48002835543281513,-0.4719485851959754,-0.3779012178086015,-1.4657244183074871,-1.0725758750733179,-0.4868018955668339,-0.5463911489983052,-0.06613088448461886,-0.059961235264657124,-0.03489708701877784,0.0,-0.948657146967554
2015-12-01,13.757054328918455,0.16557250614763827,0.1678934527031531,0.16209109702379085,0.1642622936914976,0.6201341417543632,300124.SZ,-0.7192638422508947,-0.07210802101343976,-0.4795618307059884,-0.47289299430312465,-0.3260950875740268,-1.133366917966591,-1.0433021678102532,-0.48759900246520066,-0.5449760862548024,-0.00944733224930336,0.003084852188762419,0.031233797465840922,0.00771202015677996,-1.073152143811007
2015-12-02,13.669964790344238,0.16452434260838067,0.1663211913301294,0.15677540973831136,0.16557250614763827,1.0989241148022864,300124.SZ,-0.008217810251367088,-0.14764011757704332,-0.47780846284758266,-0.48200788308183173,-0.3615292964149088,-1.383597993463394,-1.2290594070276533,-0.486607362217256,-0.5433868259815025,0.006748086584136346,-0.00809773699550135,-0.02737778738745089,-0.00539843617277124,0.6483406671112801
2015-12-03,14.055646896362305,0.1691662143005606,0.17025180727970157,0.16471151122664723,0.16471151122664723,0.6157003619920479,300124.SZ,0.7028282217481605,-0.17215550312166578,-0.477292597493996,-0.48569831693204146,-0.19592696171829346,-0.9444998572977311,-1.1189065657083512,-0.4859952978462904,-0.5411174759361237,-0.004434447442564532,0.020244149437282644,0.040873905398160285,0.023907383832656365,-0.6189034103431177
2015-12-04,13.95300579071045,0.16793087143361157,0.17174918835410877,0.16650837065782084,0.16920364374044397,0.4872583294048107,300124.SZ,1.413874253747688,-0.1998302036192429,-0.4792261662450831,-0.4904446932728015,-0.24003605680016663,-0.8738022363739252,-1.0434006304222343,-0.4863084474697142,-0.5390700507911497,0.023136170785465763,0.007712075314342849,0.009254501408724162,-0.006362480060541044,-0.15155557355355273
2015-12-07,14.245378494262695,0.17144970999734235,0.17358347722516573,0.16834265952887784,0.16834265952887784,0.5951766257745703,300124.SZ,-1.430309874250422,-0.19455043135511638,-0.4831112209672675,-0.49212787288552806,-0.11227858701997365,-0.6311040684794993,-0.9500340878492212,-0.48666430036340075,-0.5366169580149233,-0.004434392285001335,0.009447277091740265,0.009447277091740265,0.01812334113629003,0.15979780838362917
2015-12-08,13.84414291381836,0.16662066968689582,0.17144970999734235,0.16471151122664723,0.17032667686889316,0.45709419301515736,300124.SZ,-0.7192638422508947,-0.22516914913794334,-0.48581417538461513,-0.4964055876801063,-0.28985449748428305,-0.8837122294343025,-1.1510156478602853,-0.4884150896505378,-0.5349107700527727,0.010218434981367775,-0.010989703186121474,-0.018701778500464426,-0.024871372562863075,-0.16425470631445194
2015-12-09,13.921904563903809,0.16755653419707844,0.17047642675670124,0.16254032526836534,0.16658324024701246,0.61347046511881,300124.SZ,-0.008217810251367088,-0.2409850017254403,-0.49064348195770346,-0.49862944583437036,-0.25449945021193493,-0.8805867284815629,-1.269994385651628,-0.4893830055578069,-0.533657974361771,-0.01928010554951274,-0.005012774491612741,-0.011182423711574484,0.004820053966159732,0.22363066347041685
2015-12-10,13.94056510925293,0.1677811429646532,0.16995233963236003,0.16538533752937168,0.16549763655844665,0.24707032603299026,300124.SZ,0.7028282217481605,-0.2502762583434846,-0.4929918544830912,-0.5014164695767371,-0.24578719813612804,-0.7748998056328458,-1.269994385651628,-0.4899571120695979,-0.5320305332842694,-0.005591267013350234,-0.0026992456651670138,0.014652882423932307,0.0011568195707858044,-0.4650136802698512
2015-12-11,13.97477912902832,0.1681929203504946,0.1692410838897522,0.1651232993219135,0.16770627337546162,-0.02202221798098678,300124.SZ,1.413874253747688,-0.25296734314202063,-0.49455284601195965,-0.503848246100707,-0.22933511865492157,-0.7627621243113174,-1.2621171566887397,-0.4903698990372803,-0.530510474694568,0.011375309709716572,-0.0036632343953739276,-0.0013495952538020107,0.0021208083009926154,-0.33683206473611976
2015-12-14,14.301363945007324,0.17212353630006674,0.17212353630006674,0.1656848158861381,0.16650837065782084,0.31258937868587056,300124.SZ,-1.430309874250422,-0.2244665777354569,-0.5095603527034949,-0.49556456538284577,-0.07170911870362283,-0.5756401919507476,-1.1172941326403076,-0.48966768542946676,-0.5278187539401152,-0.00616964921996164,0.0148457132645113,0.0028920213481831176,0.020244149437282543,0.45841698031262096
2015-12-15,14.500426292419434,0.1745193310259235,0.1757546738928725,0.17204866671087518,0.17204866671087518,0.4738637904108326,300124.SZ,-0.7192638422508947,-0.18318872289398277,-0.5133586038467408,-0.49424598691017446,0.02337636664725901,-0.2705307414814099,-0.9101279701760079,-0.48865706760931776,-0.5242441109633132,0.0285346069582369,0.018701723342901436,0.03277622356022213,0.012339243282360596,0.23008289825543726
2015-12-16,14.35735034942627,0.1727973518933663,0.1753803259469145,0.17238557450752492,0.17481882009211477,-0.01621078950893387,300124.SZ,-0.008217810251367088,-0.1627845689113169,-0.5144633563005652,-0.49439946534736073,-0.05087076856096376,-0.3065395598268235,-0.9101279701760077,-0.48979104847178395,-0.5215332998067598,0.014267331057899997,-0.0019280326179765116,0.0017352017773972104,-0.00886883972756597,-0.6279278866544812
2015-12-17,14.581294059753418,0.17549262497598947,0.17740179414566293,0.1736957869636656,0.1736957869636656,0.9739476091968325,300124.SZ,0.7028282217481605,-0.12634119766171553,-0.5175682351163942,-0.49309204934836015,0.059582888673247826,-0.13388751041245303,-0.7924583740349951,-0.48994287990848207,-0.5185552264341844,-0.0057840426963663375,0.010411320979510068,0.006748086584136449,0.013881669376741703,1.3219574684038078
2015-12-18,14.422669410705566,0.17358347722516573,0.1777387019423127,0.17294709107174955,0.17526802691783952,0.6526471838739265,300124.SZ,1.413874253747688,-0.11175500515845381,-0.5202587174685848,-0.4922994502473645,-0.026081919079524833,-0.17783293564846445,-0.8428370143292877,-0.4913900103943719,-0.5158229389166066,0.008097626680375057,0.0017352017773973132,-0.003856065235953126,-0.009832828457772473,-0.40560460571641027
2015-12-21,14.292034149169922,0.17201123727099177,0.1745193310259235,0.17073845425473455,0.17350860763597414,1.132161793178798,300124.SZ,-1.430309874250422,-0.11197120956863418,-0.5233119102406302,-0.4915747244600795,-0.09717845849188202,-0.3457703653867461,-0.9925345325853602,-0.49324043702576753,-0.513672902519002,-0.009061670568144962,-0.016580970199471707,-0.011375309709716777,-0.008097626680375263,0.6492952179458925
2015-12-22,14.34801959991455,0.1726850421548665,0.17365834681435735,0.17100050317161758,0.17212353630006674,0.35986682479735355,300124.SZ,-0.7192638422508947,-0.10719300406040937,-0.5286210997632323,-0.48901338777416764,-0.06731191090348079,-0.3145384775958843,-0.9925345325853607,-0.49476822592632874,-0.5114465058783499,-0.007133637950168554,-0.004434392285001438,0.0013496504113651056,0.003470348397231532,-0.9996919334677501
2015-12-23,14.09919261932373,0.16969029071547698,0.17403269476031538,0.16950312209721038,0.17249788424602477,0.5003988735928104,300124.SZ,-0.008217810251367088,-0.12565217352929797,-0.5393730322128405,-0.4825518086169521,-0.2071173205569992,-0.4119728394305617,-1.097484859065262,-0.49692705812744276,-0.5094181704527989,0.0019280326179765116,0.0019280326179766144,-0.007712075314342952,-0.015424095471122603,0.20275934156566447
2015-12-24,14.167621612548828,0.1705138561965846,0.1710753727608092,0.167369354869387,0.16995233963236003,-0.13549446582996494,300124.SZ,0.7028282217481605,-0.13390485061151444,-0.5443937553518504,-0.47991267647158836,-0.16849308992358605,-0.5255341281630023,-1.246884098722483,-0.49828878207280697,-0.5075186931933947,-0.013110511487113884,-0.015231319788106809,-0.010989703186121474,0.004241671759548223,-0.8200124218279224
2015-12-25,14.326248168945312,0.1724230039474083,0.17362091737447397,0.17088819343311776,0.17096307373173422,0.1071004797193681,300124.SZ,1.413874253747688,-0.12604884027034943,-0.5442599223123019,-0.4766432555205506,-0.07792718816145136,-0.23243329653505573,-1.0720425325176681,-0.4990669100415865,-0.5049677631304186,0.005205660489754932,0.01311051148711409,0.018123341136289925,0.00983282845777237,0.3372050339322813
2015-12-28,14.438220024108888,0.17377064584343233,0.17912377327822007,0.17373321640354894,0.17407012420019874,1.7305044585519336,300124.SZ,-1.430309874250422,-0.10980886745529414,-0.5439501645933094,-0.4730263093986038,-0.013567646297559804,0.18509162885291078,-0.7105775872103792,-0.5017144462861148,-0.5027222760876658,0.016002477677734318,0.028341776117657803,0.0146529375814953,0.00694086226715245,2.156120941772146
2015-12-29,14.65905475616455,0.17642848948617207,0.1766905384030551,0.17137484040815074,0.1733214283082827,0.3342313065532155,300124.SZ,-0.7192638422508947,-0.07750819648897836,-0.5416508255246911,-0.47125735548669984,0.11332251890462387,0.17180348363468137,-0.8845015741353472,-0.5024356388235157,-0.49997567076851224,-0.003856065235953126,-0.012532074122939794,-0.012146522756907382,0.013688893693725496,-1.8216476253622416
2015-12-30,15.088281631469728,0.18159444830269325,0.18208108456830138,0.17556750527460593,0.1763910600462887,1.960712173003148,300124.SZ,-0.008217810251367088,-0.014467541721386477,-0.5355587605933664,-0.471368925389251,0.35186911791577463,0.7856839043725607,-0.5424644993503458,-0.5017666376637883,-0.4969212357875339,0.015809757152281206,0.027763338753483302,0.021593799848647646,0.026606629497823484,2.160174072725785
2015-12-31,14.680827140808104,0.1766905384030551,0.1817816276303847,0.1766905384030551,0.18163186703315176,0.4997946800341809,300124.SZ,0.7028282217481605,-0.0024372195586624024,-0.5335380706540138,-0.47064168726517025,0.09150150981586645,0.6276890013412012,-0.542464499350346,-0.5023312547107857,-0.4947139288663048,0.026992125706292596,-0.00154231577925502,0.0057840426963663375,-0.025256979086458478,-1.9068025000106403
2016-01-04,13.380702018737791,0.1610429334845333,0.1761664512787139,0.1602193787128505,0.17556750527460593,0.6339238065392543,300124.SZ,-1.430309874250422,-0.10986218345534864,-0.5300242904709375,-0.47757311799830604,-0.6347387172481959,-0.9304983915451518,-0.8860386154321478,-0.5046466624023032,-0.49392168537125625,-0.031233742308277825,-0.028920268639395296,-0.08483266298508309,-0.08059104638309775,0.19432488254206667
2016-01-05,13.026124000549316,0.15677540973831136,0.16332643989073986,0.14992491193854124,0.15580211578824538,1.065319168129711,300124.SZ,-0.7192638422508947,-0.2256000849991272,-0.5245577020190888,-0.4899811488452697,-0.8094003002903214,-1.9395007835435085,-0.3180022946921805,-0.5074555181909403,-0.49389066380918145,-0.1017991845505872,-0.06613088448461886,-0.053020372997504776,-0.021979351214679855,0.5859085634329776
2016-01-06,13.1785306930542,0.15860969860936833,0.16003221009458393,0.1538555278881134,0.15827280152214337,0.14132825989197959,300124.SZ,-0.008217810251367088,-0.3014640921349146,-0.5217570812795234,-0.49654033479271314,-0.7180896476666105,-1.7028947653140505,-0.3180022946921809,-0.5103640113238359,-0.49379998576455836,0.01272496012108178,-0.016966521565503916,0.020244149437282644,0.009447277091740163,-1.1995183768849422
2016-01-07,11.872186660766602,0.14288723481107976,0.1541924356847632,0.14273750634212143,0.1534811799421554,-0.6502304392904038,300124.SZ,0.7028282217481605,-0.4748973278601426,-0.5078516883895605,-0.5229082570135419,-1.3115171162225594,-2.6894149786944346,0.22981347163154833,-0.5156448489370108,-0.49435837524726145,-0.024678652037409963,-0.030077033052618107,-0.0572619895994898,-0.08097659774913006,-1.0250677135746185
2016-01-08,12.012149810791016,0.14457178450375352,0.14966287373108306,0.1325178984475789,0.1483152318350591,0.6911058210767652,300124.SZ,1.413874253747688,-0.5942292100572284,-0.5004957067097716,-0.5410260535110877,-1.2266510621273152,-2.7311950254762056,0.6675373016470638,-0.5199293022485357,-0.49577582463236564,-0.026606574340260387,-0.023328946468481968,-0.05263482163147257,0.008676064044549557,1.7845580045100118
2016-01-11,11.41185474395752,0.1373469494674503,0.14517074121728632,0.13588699783292646,0.1429995445495796,0.7311327396501726,300124.SZ,-1.430309874250422,-0.7356187143329312,-0.4911475198395637,-0.5646050197279362,-1.4737655757207089,-2.443515968255754,0.6675373016470633,-0.5233170086026692,-0.4977492754932158,-0.02737778738745089,-0.023136170785465763,0.01735212808909932,-0.03721061584522346,0.07036566816556807
2016-01-12,11.564261436462402,0.13918122762908242,0.14183907127182216,0.13476397541390214,0.13757154752560025,-0.09801445969005285,300124.SZ,-0.7192638422508947,-0.8257680320041693,-0.4873879464562415,-0.5825156722616368,-1.3790623536985644,-2.1320520747157166,0.7145754807442952,-0.5264722264628161,-0.4995962541468429,-0.027956224751625597,-0.017159352406083114,-0.005783987538803346,0.00944722193417717,-1.0745823960838803
2016-01-13,11.15058422088623,0.1342024481402527,0.1418765114211304,0.13394040993279452,0.1418765114211304,-0.02184052976090392,300124.SZ,-0.008217810251367088,-0.9250657399513524,-0.4844588685594392,-0.6024824904955396,-1.5468376646729969,-1.9016392881216755,0.7496949442782906,-0.5304482742046227,-0.50199684899997,0.022172182055259053,0.00019283084057919854,-0.004241671759548223,-0.025642585610053576,0.11798150235481343
2016-01-14,11.69489574432373,0.14075346758325635,0.14176420168263057,0.1277262982864406,0.12866215208719836,0.6927113823301468,300124.SZ,0.7028282217481605,-0.9452404083185088,-0.48586715682632164,-0.6139873719436745,-1.2109345078514544,-1.6405083389009698,1.0081606520710371,-0.5334611514502482,-0.503013403354347,-0.06805891710259528,-0.0005784373641745009,-0.03200501051303163,0.033740212290428735,0.9589058003426727
2016-01-15,11.038612365722656,0.13285480624422868,0.14000479311019004,0.1325178984475789,0.13854484147566623,0.13524959064826025,300124.SZ,1.413874253747688,-1.009919383776539,-0.4872823315681341,-0.6298317044709367,-1.4766839828815317,-1.5023977270254223,1.0081606520710371,-0.5380634984389022,-0.5050202631015513,0.05089956469651216,-0.009061615410581867,0.024678541722283877,-0.04068107455758119,-0.716695897657167
2016-01-18,11.601585388183594,0.13963043445480716,0.141951381010322,0.12956057644807276,0.13023440275079717,0.825443059455124,300124.SZ,-1.430309874250422,-1.0003451622949524,-0.49180889727437654,-0.6384772969595068,-1.1451829414894457,-1.2570981850892415,1.1299862833985599,-0.5416504821963188,-0.5069817834851053,-0.042801882858573906,0.01002565929835167,-0.015231319788106603,0.03489703186121475,0.926818843412449
2016-01-19,11.959275245666504,0.14393539835033733,0.14438460517606208,0.13693516137218403,0.13828280326820805,0.2770013607378022,300124.SZ,-0.7192638422508947,-0.9509527699687449,-0.4973505215920105,-0.6435252381696901,-0.943692935687978,-0.9588350792876293,0.9302955114275202,-0.5451378272520939,-0.5089146689481858,0.04145228760477179,0.012532018965376495,0.037981884049977065,0.022172182055259053,-0.7048138848748274
2016-01-20,11.72910976409912,0.1411652556785226,0.14479639327132834,0.13873201009393282,0.14240058783604675,0.04250939572456605,300124.SZ,-0.008217810251367088,-0.9231833503616471,-0.5038837285599571,-0.6488281289490349,-1.0424547778075786,-0.8945098094008032,0.896193002620924,-0.5483642140621187,-0.5114178736885878,0.02120813816748925,0.00212086345855571,0.00925444625116117,-0.014267275900336902,-0.2912533191978812
2016-01-21,11.315434455871582,0.13618647618969285,0.14445948547467855,0.13618647618969285,0.13850741203578287,0.1490012927686019,300124.SZ,0.7028282217481605,-0.9289844371550615,-0.509082141374619,-0.6565045193438771,-1.2162108531540208,-0.9287523525414625,1.0094045209921259,-0.552340261803925,-0.5139043746684906,-0.02005131859670324,-0.0017352017773973132,-0.0131104563295512,-0.02564258561005378,0.15791883717041078
2016-01-22,11.477171897888184,0.13813306408982484,0.139742744193307,0.13480139414436065,0.13772128670398345,-0.25479282195833075,300124.SZ,1.413874253747688,-0.9098703965799684,-0.5162804101059374,-0.6613838231107954,-1.1211102291747395,-0.9158596783272377,1.0708839067198657,-0.5560980545702441,-0.5160830459865685,-0.00404884091896923,-0.024292990356251667,-0.0071336931077314435,0.010025659298351877,-0.5142721189905698
2016-01-25,11.486501693725586,0.13824536311889982,0.14124011455828933,0.1368603024924173,0.139742744193307,-0.32812255628591197,300124.SZ,-1.430309874250422,-0.8850018208516162,-0.5259868536182719,-0.6640704686643102,-1.1155184333251433,-0.8168020941772347,0.9383264346063728,-0.5598938051957375,-0.5181996741804967,0.010411265821946973,0.007712020156779755,0.010604151820089266,0.0005783822066114062,-0.07895709425207685
2016-01-26,10.388551712036133,0.12503101449439266,0.1369725908120674,0.1244320577808598,0.13506344306124368,0.40153132708758443,300124.SZ,-0.7192638422508947,-0.9543386001408793,-0.5355846679680478,-0.6728599050594122,-1.565596573998111,-1.1012290181331241,1.4655948549215816,-0.565862621540844,-0.5208484422129004,-0.02410015951567247,-0.021979351214679855,-0.06401013134118924,-0.06805886194503218,0.9787993664646049
2016-01-27,10.407211303710938,0.1252556125525426,0.12652838485937498,0.11904150090618869,0.1263412162411084,0.30195218545657726,300124.SZ,-0.008217810251367088,-0.9974329001017206,-0.550512609321712,-0.6764212497035691,-1.5540286685838107,-1.195836460491771,1.6670961696928683,-0.5721066296501996,-0.5234805064848049,-0.04492274631712951,-0.053791586044695174,-0.027763393911046295,0.0011567644132228123,-0.11353498544825637
2016-01-28,10.537847518920898,0.1268278632161414,0.13382810019429467,0.12491870475589281,0.12840010317031533,0.8187609477126853,300124.SZ,0.7028282217481605,-1.009522000695883,-0.5759445593399188,-0.6691866166211666,-1.4713583732896132,-0.9654677931397415,1.058562834604527,-0.5779331053807847,-0.526981175860161,0.010604041504963078,0.03759627752638186,0.030269808735634316,0.008097681837938152,0.6984221619600999
2016-01-29,10.917308807373049,0.13139486531912972,0.13345376295776154,0.12521818311265923,0.12521818311265923,0.34207496658578934,300124.SZ,1.413874253747688,-0.9750623055708719,-0.6032642119876338,-0.655860140953071,-1.2340421042224785,-0.8694570037833006,1.058562834604526,-0.5835223458489119,-0.529868571870791,-0.016388084201329416,-0.0019279774604133142,0.0015424260943812094,0.023521777309061062,-0.6102913165415721
2016-02-01,11.11326026916504,0.13375323060510308,0.1351383126504353,0.13135743587924636,0.13146973490832134,0.1558495253075313,300124.SZ,-1.430309874250422,-0.920838429614304,-0.6170448993357462,-0.6509606239389188,-1.113674611189408,-0.7184147800071429,0.9194407428132635,-0.5885706936107175,-0.5331353865511238,0.032197841353610625,0.008676064044549557,0.031619459146999214,0.01214646759934439,-0.22767266052494947
2016-02-02,11.474061012268066,0.1380956239405166,0.14026682060822337,0.1325927680367705,0.13431474716932768,0.4743410548446466,300124.SZ,-0.7192638422508947,-0.8370937204151188,-0.6283890377071051,-0.6453741727458036,-0.8957415930829528,-0.5644360457213851,0.5068432400244584,-0.5928693817981242,-0.5362280023363037,0.014652882423932307,0.02641374349968119,0.006362424902977846,0.022364957738275053,0.43718229410259823
2016-02-03,11.44606876373291,0.1377587161438668,0.13888175998174085,0.13476397541390214,0.13622390562957623,0.07064560207863833,300124.SZ,-0.008217810251367088,-0.765735782074851,-0.6450695042981093,-0.6344448469898716,-0.9090290356543054,-0.5355706609461097,0.5068432400244589,-0.5972961743667875,-0.5392227801520562,0.009832883615335465,-0.007133582792605357,0.011182534026700674,-0.0017352017773973132,-0.5141421532922739
2016-02-04,11.601585388183594,0.13963043445480716,0.14225085936708842,0.13850741203578287,0.13903149916012406,0.17901241777110538,300124.SZ,0.7028282217481605,-0.6885828834302091,-0.6466950136604253,-0.6338824447065664,-0.813245883955282,-0.394262174357202,0.23798684908010653,-0.60110615851078,-0.5422247172099351,0.014460161898479196,0.017352128089099424,0.01928010554951284,0.00964005277475637,0.1603886351463323
2016-02-05,11.36520004272461,0.1367854329032257,0.14067859799406476,0.13644851439715103,0.13921865706896577,-0.24166088082021087,300124.SZ,1.413874253747688,-0.642606656568461,-0.6505365378725079,-0.6325901198776915,-0.9307483211722235,-0.46269838624000814,0.34313008522485267,-0.6053811210001282,-0.5450596139321102,0.0009639335726436138,-0.008097736995501452,-0.010604096662526378,-0.01465282726636911,-0.5365067765733637
2016-02-15,11.362090110778809,0.13674799275391744,0.13794589547155828,0.13139486531912972,0.1324430288583873,-0.36107210076962026,300124.SZ,-1.430309874250422,-0.6008439211514345,-0.65069452775142,-0.6326513540364535,-0.9323113496502976,-0.5624178537797858,0.5932183839603863,-0.6099028068593447,-0.5477250850423355,-0.03489703186121475,-0.014074445059757601,-0.02602819213364888,-0.00019283084057930127,-0.13965943993063706
2016-02-16,11.788207054138184,0.1418765114211304,0.14225085936708842,0.13738437890733365,0.13738437890733365,0.24855544458805315,300124.SZ,-0.7192638422508947,-0.5247025607254903,-0.6493438652875476,-0.6331231139479461,-0.6593011465026806,-0.27208551832799255,0.24733977864970286,-0.6139452794973235,-0.5510897363267403,0.025449809927037575,0.022172182055259053,0.030848246099808713,0.026413798657244386,0.8206907429588346
2016-02-17,11.760212898254396,0.14153960362448062,0.1421759897778968,0.13944327654596544,0.14191394086101378,0.25269453575289463,300124.SZ,-0.008217810251367088,-0.4628616752382117,-0.647171123933172,-0.6326503112957,-0.674451668165673,-0.1887045217212575,0.24733977864970313,-0.6183673266548985,-0.5536764605523166,0.023328946468481864,-0.0003856065235954051,0.010604096662526171,-0.0017352017773973132,0.02309125251662126
2016-02-18,11.747773170471191,0.1413898644460974,0.14359849055368754,0.14105295664944761,0.14258776716373822,0.3314387292509272,300124.SZ,0.7028282217481605,-0.4115471793791536,-0.6468558678456632,-0.6327574304788538,-0.6813888022796243,-0.02022970574297924,0.13131379642962632,-0.623463120383289,-0.5559028571929685,0.003470458712357824,0.007326413633184555,0.008290457520954255,-0.0007712130471906047,0.1213672661933273
2016-02-19,11.831751823425291,0.14240058783604675,0.14356106111380418,0.14124011455828933,0.1415021634751724,0.09625223865532244,300124.SZ,1.413874253747688,-0.3604934700933862,-0.6444985443077038,-0.6315938891157311,-0.6248589638935967,0.17659368016084054,0.13131379642962607,-0.627809254537281,-0.558372654412372,-0.005591267013350439,-0.0001927756830161038,0.0009639335726436138,0.005205605332191939,-0.2921682057605569
2016-02-22,11.93750286102295,0.14367336014287915,0.1444220453253703,0.14225085936708842,0.14352362096449595,0.21469534238054735,300124.SZ,-1.430309874250422,-0.3082903986457744,-0.6425445871101935,-0.6322173761775975,-0.552724872946445,0.4576981313900557,0.057808218413046036,-0.6300107886512748,-0.5606443904166745,0.010411265821946973,0.004434392285001335,0.005205715647318335,0.006555255743557045,0.1736619554628864
2016-02-23,11.716668128967283,0.14101551650013938,0.14445948547467855,0.13963043445480716,0.14408513752872054,0.055797693880344626,300124.SZ,-0.7192638422508947,-0.2848132281707553,-0.6441032733509119,-0.6315947731998706,-0.6859627583806461,0.3493640135252798,0.2108625089645886,-0.6320083013082801,-0.5630616897129788,0.0028920213481832204,0.00019283084057919854,-0.01349617316827259,-0.013688893693725598,-0.19167423075514634
2016-02-24,11.856633186340332,0.1427000661928132,0.14296210440027138,0.13989248337169022,0.14094064691094776,0.35885869756341016,300124.SZ,-0.008217810251367088,-0.2520367761618296,-0.6433308462485621,-0.631867270740436,-0.5868934273873518,0.5177927423985593,0.21086250896458783,-0.6340247928948728,-0.5655386454918311,-0.016195308518313516,-0.007712075314342849,0.0013496504113651056,0.008676064044549866,0.41685592871409166
2016-02-25,10.699586868286133,0.1287744618256982,0.1427000661928132,0.12843754331962356,0.14262519660362158,0.8677828328827542,300124.SZ,0.7028282217481605,-0.32764453082257733,-0.6426473020226172,-0.6357074972945136,-1.2308892100099103,-0.7969682846447482,0.8313017655657104,-0.6358135386838012,-0.5690941987492102,0.008676064044549866,-0.0013495952538020107,-0.058997246534450314,-0.07172209634040601,0.6880358789789103
2016-02-26,10.590723037719728,0.12746424936955755,0.1316943436758961,0.1253304821417342,0.1316569035265879,0.04463325659412544,300124.SZ,1.413874253747688,-0.3941298965770234,-0.6422941831238924,-0.6404982345652338,-1.2855012823507834,-1.4889941794788077,0.9816131903053609,-0.6379818603497088,-0.5723395363858407,-0.056490831709862493,-0.0566836073928787,-0.016002532835297206,-0.006748086584136449,-1.0666818307523827
2016-02-29,9.956212043762209,0.11982761552856323,0.12735193963105773,0.11904150090618869,0.127277080751291,0.4365232765796876,300124.SZ,-1.430309874250422,-0.4994373110460544,-0.6389968672318043,-0.6519083489241035,-1.59005985077406,-2.054256906375501,1.2689223615067562,-0.6402023761080561,-0.5751601173544736,-0.022557733421291363,-0.02236501289583815,-0.032390617036626934,-0.03933153446134217,0.5338688587687258
2016-03-01,10.273468017578123,0.1236459324490604,0.1242823186024766,0.11870459310953892,0.12222343167326967,0.007420354669532476,300124.SZ,-0.7192638422508947,-0.5493546199110503,-0.6384895014716618,-0.6530694563231196,-1.3580359613329192,-1.7573125722604526,1.2838567476757574,-0.6421714217280635,-0.577737297744355,-0.02602819213364888,-0.015809701994718112,-0.0017352017773973132,0.019665767230671136,-0.5476109738824414
2016-03-02,10.82711124420166,0.13030927233998876,0.13083334875490513,0.12267263849899443,0.12345876383079384,0.4923029257085995,300124.SZ,-0.008217810251367088,-0.5342929518765478,-0.6395059116624565,-0.6498081888058455,-0.974969854434653,-0.9818050948287859,0.6882840724394655,-0.6426648684678001,-0.5799851707460315,0.006362424902977846,0.03374026744799193,0.020436925120298644,0.03431870481216644,0.6563663412914488
2016-03-03,10.684035301208496,0.12858728249800677,0.13270506706584548,0.12851241290881515,0.13019696260148894,0.38905908966327163,300124.SZ,0.7028282217481605,-0.5304274366972551,-0.6398998479840065,-0.6486259703150318,-1.047991439237394,-0.7089923087924881,0.5260281158849689,-0.6442068908868603,-0.5822759971524348,0.03470425617819864,0.00964005277475637,0.030077033052618107,-0.00886889488512886,-0.11836242415042816
2016-03-04,10.089956283569336,0.1214372956320454,0.129111369622348,0.12012710459475452,0.1278385866060907,0.5684104892529606,300124.SZ,1.413874253747688,-0.5754690214114245,-0.6372656591508291,-0.6557895682869224,-1.3389860838052594,-1.2672285168470234,0.9331070881576938,-0.6456540213727503,-0.5853185016561169,-0.012146522756907484,-0.01850889250232203,-0.043187489382169,-0.036825119636754354,0.2538954023747057
2016-03-07,10.338785171508787,0.1244320577808598,0.12720221116209937,0.12357106285986878,0.12390798136594344,0.01273977062226291,300124.SZ,-1.430309874250422,-0.5833858214766685,-0.6364518784540703,-0.6605654093718871,-1.1670087746343376,-1.026091968155019,0.9331070881576948,-0.6475803637224948,-0.58809135593682,-0.020244094279719342,-0.009832883615335773,0.017737679455131324,0.015424150628685905,-0.7143365480393821
2016-03-08,10.75868034362793,0.12948570685888117,0.13023440275079717,0.12020197418394613,0.12387054121663521,0.7541928734624033,300124.SZ,-0.7192638422508947,-0.5469191128038663,-0.6378051765419999,-0.6625177937513735,-0.8863555057108247,-0.8207137462853314,1.0896221072099304,-0.6494118127816861,-0.5907663729307735,-0.00019283084057919854,0.01561692631170211,-0.01735207293153602,0.026028192133649083,0.9943422746225429
2016-03-09,10.590723037719728,0.12746424936955755,0.13083334875490513,0.12278494823749424,0.1265658250086832,0.3172095578622505,300124.SZ,-0.008217810251367088,-0.5283512439290831,-0.6390895318872665,-0.6652420154908897,-0.9727875233056118,-0.7397394256124583,1.0344256741420483,-0.6511483685503242,-0.5932624191117266,0.013881724534304694,0.003084797031199324,0.013303287170129989,-0.01041126582194718,-0.5579916804807284
2016-03-10,10.52540683746338,0.12667813474718304,0.13094565849340498,0.12652838485937498,0.1286995922365066,0.11954998051185545,300124.SZ,0.7028282217481605,-0.5148940517008905,-0.6413756497057432,-0.6678866922331338,-1.0067423224206435,-0.6073755445828947,1.0237930370631851,-0.6523535183626681,-0.5958682337394037,0.010989703186121474,0.0005784373641745009,0.01928010554951284,-0.00404878576140593,-0.2427346506283627
2016-03-11,10.400993347167969,0.125180742963351,0.1262663466519168,0.12353364412941029,0.1252556125525426,-0.3912245615915794,300124.SZ,1.413874253747688,-0.5108477954513563,-0.6426014387879195,-0.6712170149607967,-1.0723285760436696,-0.8438449953305284,1.1693976742556478,-0.6539951808407529,-0.5985838181791602,-0.017737789770257615,-0.024100214673235566,-0.015424040313559715,-0.007712130471905944,-0.6551955895735676
2016-03-14,11.026171684265137,0.13270506706584548,0.13543778029777684,0.12690273280533299,0.12690273280533299,1.0171106125641618,300124.SZ,-1.430309874250422,-0.4475865840649761,-0.64378779478688,-0.6714902371475893,-0.6465723312250711,-0.19978760295189674,0.33502023243688606,-0.6546973944485663,-0.60084600966509,0.008483288361533455,0.04723633030113823,0.017352072931536226,0.03875309709716767,1.872814517293868
2016-03-15,11.072826385498049,0.13326658363007007,0.13611160660050126,0.1319563818833543,0.1324430288583873,0.3078045125546466,300124.SZ,-0.7192638422508947,-0.3900800442989432,-0.6476053198425071,-0.6705639239125054,-0.6159498542239077,-0.012841636773042887,0.2775147096670095,-0.6536535641803312,-0.6033229661266203,0.0285346069582369,0.003470458712357721,0.02602819213364888,0.0028920213481832204,-0.9167177843009315
2016-03-16,10.957745552062988,0.1318815122941627,0.13667312316472585,0.13064618013663856,0.1358121389531597,0.06312967727958482,300124.SZ,-0.008217810251367088,-0.3521149750783524,-0.651814348730321,-0.6696103982628991,-0.6825728083427762,-0.11246077632137959,0.35038111756700724,-0.6528137540117016,-0.6060409358426226,0.017352183246662312,0.0028920213481832204,-0.006748031426573046,-0.007133637950168554,-0.3046670384452588
2016-03-17,11.564261436462402,0.13918122762908242,0.13959301572434865,0.13240559941850394,0.13326658363007007,1.2802702612351624,300124.SZ,0.7028282217481605,-0.2657470743516361,-0.6532263317602492,-0.6688672956518945,-0.2860686088407815,0.27078284994932766,0.09444371986028328,-0.6512480072519659,-0.6081838129981004,-0.013110566644677081,0.015038544105090602,0.009061670568144962,0.03759627752638196,1.6209571834950764
2016-03-18,11.92817211151123,0.14356106111380418,0.14539534998486114,0.13854484147566623,0.13921865706896577,1.49689901734537,300124.SZ,1.413874253747688,-0.16400719612893916,-0.6523235048670565,-0.669445744805014,-0.06416230273418444,0.7608943077767037,-0.38733237863522146,-0.6497059834755227,-0.6102193069831003,0.030655415259229515,0.02988420221203881,0.03161940398943633,0.022557788578854356,0.3030002207406219
2016-03-21,12.030813217163086,0.14479639327132834,0.1481654926566759,0.1429995445495796,0.1459194263997775,1.2650292073129916,300124.SZ,-1.430309874250422,-0.07460843116200143,-0.6513922358060698,-0.6700727845435822,-0.0025308914413480358,0.9365034051591584,-0.6056628575853733,-0.6483063003136009,-0.6120543544767533,0.03451148049518254,0.014267275900337006,0.022943395102449658,0.006362424902977846,-0.28779919969797985
2016-03-22,12.030813217163086,0.14479639327132834,0.1466681115822687,0.14232571824685517,0.14303697398946297,0.46295232375798695,300124.SZ,-0.7192638422508947,-0.005021570349491464,-0.6485887138101859,-0.6717962690391104,-0.0025308914413480358,0.8070328884543485,-0.5616808787178759,-0.6474570006801776,-0.6137891787247328,-0.0148457132645113,-0.007712075314342952,-0.003470458712357824,0.0,-1.0389231363128828
2016-03-23,11.977937698364258,0.14416000711791213,0.14494613244971155,0.14153960362448062,0.14416000711791213,0.5367839026618962,300124.SZ,-0.008217810251367088,0.043549788666791114,-0.6475013824838617,-0.6724673613585361,-0.03833551613225199,0.6671418697943383,-0.509391437317892,-0.6466456589059288,-0.6156075217752087,0.0057840426963663375,-0.008868839727565764,-0.004048785761406033,-0.0032776278717785226,0.11489596377644617
2016-03-24,11.822420120239258,0.14228827809754693,0.1461814646072357,0.14157703306436398,0.1429995445495796,0.6219360027569888,300124.SZ,0.7028282217481605,0.06597826065450264,-0.6427699583009971,-0.6724488507478763,-0.1446984734293259,0.6283518533272057,-0.6125869127754083,-0.6463087862992125,-0.6173542771831624,-0.005976818379382441,0.006362424902977846,0.0001927756830161038,-0.009640107932319463,0.1298082909580847
2016-03-25,11.875296592712402,0.142924674960388,0.14408513752872054,0.14101551650013938,0.1418765114211304,0.10535249019575241,300124.SZ,1.413874253747688,0.08619381227100857,-0.6381779923794124,-0.6714685838089003,-0.10891690761157936,0.5416251686827199,-0.5730693097031975,-0.645530658330433,-0.61911296375109,-0.005784042696366543,-0.010796872345542276,-0.0028920213481833227,0.00327768302934172,-0.6628476460992578
2016-03-28,11.657572746276855,0.1403042607575316,0.1458445568105859,0.1398176137824986,0.14401026793952892,0.42548174000603856,300124.SZ,-1.430309874250422,0.08039044250470326,-0.6375700647702096,-0.6637756402726513,-0.26136910369711,0.44732095720652476,-0.7251213006626063,-0.6450799135035762,-0.6211603895787418,0.010989648028558379,0.00906167056814486,-0.00616964921996164,-0.013496118010709495,0.4393396347526512
2016-03-29,11.430517196655272,0.13757154752560025,0.14131498414748092,0.137047460401259,0.14075346758325635,-0.009216509956566973,300124.SZ,-0.7192638422508947,0.0534385736422308,-0.6374600746821827,-0.6581893929091451,-0.4172492951885394,0.18188446211735243,-0.5233662165447258,-0.6456255529783693,-0.6234679197456443,-0.016773745882487916,-0.02332900162604496,-0.014267331057900099,-0.014074500217320799,-0.5549816029548665
2016-03-30,11.934391975402832,0.14363593070299577,0.14397283849964557,0.13880689039254926,0.13880689039254926,0.32259779821402024,300124.SZ,-0.008217810251367088,0.07519978114750035,-0.6338078539835981,-0.6569869653664014,-0.06447499957089083,0.4637381153202439,-0.7560673210570306,-0.6453598506789138,-0.625558298295345,-0.010025604140788577,0.013688948851288693,0.00906172572570816,0.031233852623404015,0.4547321604555368
2016-03-31,11.890847206115724,0.14311184357865459,0.14648095367342698,0.14262519660362158,0.14412257767802877,0.3252271224031112,300124.SZ,0.7028282217481605,0.08621613508135252,-0.6310747194836565,-0.6542192738272873,-0.09546242638220598,0.6096634436674853,-0.9703405232399964,-0.6451415957034263,-0.6280113917542492,0.027377787387450992,0.012917735804097986,0.019665712073108143,-0.0026992456651670138,0.021102462536884282
2016-04-01,11.778876304626465,0.14176420168263057,0.14337388178611274,0.1381704935297082,0.14311184357865459,-0.0016356526143722382,300124.SZ,1.413874253747688,0.0826058463279981,-0.6322839790497957,-0.644464947440353,-0.1763414966896712,0.37503652304581264,-0.6361272161820639,-0.6452222554754806,-0.6302377890775791,-0.005205660489754932,-0.016002587992860404,-0.02294339510244976,-0.00694086226715245,-0.41293179296719046
2016-04-05,12.093019485473633,0.14554507845381948,0.14621890475654392,0.14176420168263057,0.14255032701442996,0.7129963497743701,300124.SZ,-0.7192638422508947,0.10545626967325768,-0.631326223522489,-0.636919518578227,0.04426153743886163,0.6465917148622918,-0.8795006362459091,-0.6449850215704059,-0.6312257078288049,-0.0028920213481833227,0.0146529375814953,0.018508947659885228,0.019472936390091834,0.9590113019095247
2016-04-06,12.503584861755373,0.15048642850276586,0.15265762517047263,0.14412257767802877,0.14487126286051993,1.7375487177274123,300124.SZ,-0.008217810251367088,0.15734886094361739,-0.6260358890144849,-0.6344814793515607,0.3170684220208925,0.9620269067413687,-1.1535031019287654,-0.6437846158117674,-0.6316266021768544,0.011953691916328182,0.033161830083817435,0.012146522756907382,0.02544980992703768,1.3672640504797324
2016-04-07,12.111682891845703,0.1457696872213943,0.15142228230352361,0.1452830402463613,0.15142228230352361,0.8815137101601326,300124.SZ,0.7028282217481605,0.16006934925499508,-0.6256621506505363,-0.6274059679696398,0.024610366269540277,0.7986966916020786,-1.1535031019287665,-0.6433955518273776,-0.6324450953161304,0.03374021229042884,-0.006362480060540941,0.005976818379382441,-0.02429299035625177,-1.1100012417984453
2016-04-08,11.981048583984377,0.14419744726722036,0.1456199480430111,0.14225085936708842,0.14430974629629534,0.25300171925614634,300124.SZ,1.413874253747688,0.14745893951597672,-0.62765913473108,-0.6178835931861963,-0.07007006115109354,0.4905785333339704,-1.1523134738533292,-0.6414407410832521,-0.6323615751482784,-0.03663223363861206,-0.029884202212039013,-0.015616871154138708,-0.008097626680375057,-0.8102890988205316
2016-04-11,12.232987403869627,0.1472296281464933,0.14734193788499314,0.14374822973207074,0.14539534998486114,1.5867409403539656,300124.SZ,-1.430309874250422,0.15698905877544708,-0.6315789743579087,-0.6042561170880169,0.10211302980984477,0.601431066754781,-1.2557730730490158,-0.6389355468106281,-0.6321921495363285,0.005591267013350234,0.008868894885129064,0.007712020156779755,0.015616871154139017,1.7745505557995644
2016-04-12,11.940613746643066,0.14371080029218739,0.14824036224586748,0.14176420168263057,0.14749167706337635,1.4111824615887123,300124.SZ,-0.7192638422508947,0.1353714534975449,-0.633179250137824,-0.5978701919143095,-0.11277581403817862,0.45597009784031767,-1.1316401233675224,-0.6359084346891206,-0.6317864825877538,0.01079687234554248,0.00462722312558043,-0.01021849013893087,-0.018123285978726932,-0.2136212549101544
2016-04-13,12.111682891845703,0.1457696872213943,0.1481654926566759,0.14412257767802877,0.14438460517606208,1.1584023243196495,300124.SZ,-0.008217810251367088,0.13079366255042227,-0.6346885631490535,-0.5909760443773371,0.006320113040499987,0.5391846661166867,-1.1316401233675217,-0.6331043243115718,-0.6313664978376036,-0.016002587992860508,-0.00038560652359530235,0.012146522756907382,0.010604041504962974,-0.31534401287066477
2016-04-14,12.239205360412598,0.14730449773568488,0.1479783240384093,0.14580712737070253,0.14741680747418473,0.16979732234259598,300124.SZ,0.7028282217481605,0.135747498684607,-0.6385900493562099,-0.5800891185449968,0.0948285405179064,0.5902695704691086,-1.131640123367522,-0.6309502375215461,-0.6305313009378284,0.015616981469265205,-0.0009639887302067085,0.00867606404454966,0.007904850997359159,-1.284633407378085
2016-04-15,12.158337593078612,0.1463312037856189,0.14842753086413407,0.14565738819231933,0.14752911721268455,0.45484770454572243,300124.SZ,1.413874253747688,0.12958784439230533,-0.6385752495087187,-0.5771722294657118,0.03214194952353132,0.5395978206211636,-1.1721579784994205,-0.6287012560835842,-0.6301757452707516,0.0005784373641743981,0.0023135839840087193,-0.0007712130471906047,-0.005012829649175835,0.39313084788807146
2016-04-18,11.931282043457031,0.14359849055368754,0.1464060733748105,0.1425128975745466,0.14636864393492713,0.4179088712101609,300124.SZ,-1.430309874250422,0.10179618107912487,-0.6385721302099324,-0.577160513278792,-0.1428480681962221,0.2863311703557433,-0.8995764213299152,-0.625892400294947,-0.6294908835808254,-0.005976873536945639,-0.010411265821946973,-0.01619530851831331,-0.014074500217320799,-0.031019988454310296
2016-04-19,11.897069931030272,0.14318671316784617,0.14580712737070253,0.14232571824685517,0.14505843147878653,0.3689082888302708,300124.SZ,-0.7192638422508947,0.07451548649657855,-0.6388043120720686,-0.5775498531667148,-0.16921714710844402,0.2230830205111249,-0.8834808995260303,-0.6235153117609625,-0.6292641867625732,-0.006748086584136243,-0.003084797031199324,-0.0009640438877699059,-0.0021208083009925127,-0.04690872229387322
2016-04-20,11.318543434143066,0.13622390562957623,0.14438460517606208,0.13326658363007007,0.14430974629629534,1.2164147380050927,300124.SZ,-0.008217810251367088,-0.0004398310458151657,-0.636662743044309,-0.5835695699164204,-0.5949524307186929,-0.4625730269726419,-0.16525582961400848,-0.6226612680738339,-0.6297557598379235,-0.0038560100783899287,-0.007326523948310745,-0.04665794809452683,-0.03586107574898465,1.1340445173498575
2016-04-21,11.119481086730955,0.13382810019429467,0.13730950931814206,0.13360350213614475,0.13551264988696846,0.011062722121069644,300124.SZ,0.7028282217481605,-0.07816103590710649,-0.6337064197729794,-0.5912631032985133,-0.7319042475021916,-0.9043547009579483,-0.16525582961400873,-0.6218546717106735,-0.6302234705933257,-0.04530835284072481,-0.03643940279803286,0.0017352569349605106,-0.012339298439923485,-1.5701505079106302
2016-04-22,11.309213638305664,0.13611160660050126,0.13659825357553423,0.1329296758334203,0.13382810019429467,-0.10346005370768863,300124.SZ,1.413874253747688,-0.12260218251441332,-0.6326270698948933,-0.5950587537460703,-0.5778020916224436,-0.9532763692799372,-0.11461064878630452,-0.6206590113631233,-0.6302282431938508,-0.00867606404454966,-0.0036632343953739276,-0.003470458712357824,0.01176091623331208,-0.13321997686129697
2016-04-25,11.324766159057615,0.1362987859281927,0.13723463972895045,0.1330045454226119,0.13611160660050126,-0.011649602674587575,300124.SZ,-1.430309874250422,-0.15594620923162858,-0.6320268844275716,-0.5984789939417272,-0.5650786706676336,-1.0607263182553472,-0.18217614779506547,-0.619249837379025,-0.6303451702000236,0.01176091623331208,0.0032776278717786254,0.00038560652359530235,0.0009640438877697005,0.13857922173069642
2016-04-26,11.492724418640137,0.13832024341751628,0.13846998259589946,0.13483883429366889,0.13577469880385148,-0.3501038949544714,300124.SZ,-0.7192638422508947,-0.1666679614819119,-0.6318524892912144,-0.5994969147669587,-0.42641261423179244,-0.8804958388081269,-0.3145814113326018,-0.6185381329490347,-0.6303403969168206,-0.0017352017773973132,0.006362480060540941,0.009447277091740265,0.01041126582194718,-0.42820109859625916
2016-04-27,11.442956924438477,0.13772128670398345,0.13895662957093247,0.13730950931814206,0.13850741203578287,-0.2755883735851093,300124.SZ,-0.008217810251367088,-0.17889787840643553,-0.6318849725853708,-0.5993975185306587,-0.46463100363189386,-0.8108588236466959,-0.36732370960698524,-0.6179735145446542,-0.629531448978595,0.014074500217320901,0.0025064148245879177,0.012724904963518788,-0.0030848521887625216,0.1157969093818652
2016-04-28,11.517605781555176,0.13861971106485785,0.13891918942162423,0.13483883429366889,0.13824536311889982,-0.32026947386537435,300124.SZ,0.7028282217481605,-0.18111039134551557,-0.6322611118984007,-0.6010166496646224,-0.40087206923165447,-0.9703062153725042,-0.1612797190336379,-0.6171194708575257,-0.6286795476356427,-0.0013496504113651056,-0.00019283084057919854,-0.012724904963518788,0.004627223125580636,-0.04121874307498301
2016-04-29,11.393192291259766,0.13712232999045063,0.13899405901081582,0.13701003096137565,0.13794589547155828,-0.33118223780351935,300124.SZ,1.413874253747688,-0.19314469292624922,-0.6323774105756627,-0.6033387422160323,-0.5007013337709733,-0.9360516806976995,-0.16982594497463685,-0.617380429103276,-0.6280233215488676,-0.0015423709368181146,0.00038560652359530235,0.011182478869137579,-0.007712075314343055,0.0032637035729238617
2016-05-03,11.726000785827637,0.14112782623863923,0.1413898644460974,0.13599929686200143,0.13712232999045063,-0.05602167594091238,300124.SZ,-0.7192638422508947,-0.17209278604658146,-0.632464802685687,-0.6034978042079298,-0.21423282387358344,-0.5813266678054476,-0.4430576425311328,-0.6176888333156114,-0.6274028889420149,-0.004241671759548428,0.012339298439923485,-0.005205660489755034,0.02062981111844094,0.3801031582442137
2016-05-04,11.778876304626465,0.14176420168263057,0.1429995445495796,0.14045399993591481,0.1405663096744146,0.006398093853643478,300124.SZ,-0.008217810251367088,-0.15024283769475602,-0.6336667647354951,-0.6036452568847793,-0.1697023557509968,-0.17142166771773462,-0.6225201489348021,-0.6180731532462959,-0.6268922254645639,0.017737789770257615,0.008290457520954461,0.022943395102449658,0.003277572714215428,0.09986338459576152
2016-05-05,12.01837158203125,0.14464665409294514,0.1453579098355529,0.14131498414748092,0.14183907127182216,0.1807587686185535,300124.SZ,0.7028282217481605,-0.11142714256701591,-0.637561252215616,-0.6014922320848712,0.03019097881980895,0.1994237149528068,-0.8795981147492439,-0.6180921321758831,-0.6264746266733373,0.006555200585994053,0.01214646759934408,0.004434392285001232,0.014845713264511404,0.24732120669910443
2016-05-06,11.533158302307127,0.13880689039254926,0.1455825186031277,0.13858227091554962,0.14554507845381948,0.5973491689819422,300124.SZ,1.413874253747688,-0.1241837440922054,-0.6394009907541557,-0.6022004197678625,-0.3785444690767059,-0.2867049710882729,-0.6230125064074551,-0.6187706214430211,-0.6264078102659847,0.01908732986649653,0.001156819570785907,-0.014074500217320592,-0.030076977895055014,0.5664062435308291
2016-05-09,11.25633716583252,0.13547522044708507,0.13899405901081582,0.13476397541390214,0.13880689039254926,-0.22141524160401008,300124.SZ,-1.430309874250422,-0.15867586041777634,-0.6401449111004832,-0.6049107664779788,-0.5948296326668585,-1.0284204623769946,-0.28489356490585166,-0.6196341532375602,-0.6266726865230827,-0.03470420102063544,-0.03393304313100794,-0.01966565691554505,-0.01715935240608322,-1.0609053276568414
2016-05-10,11.240785598754885,0.1352880518288185,0.13671055260460924,0.1340527089618695,0.13532549197812674,-0.4295527192045728,300124.SZ,-0.7192638422508947,-0.1865788971237684,-0.6431743157484419,-0.6062723613741391,-0.6068899066407334,-1.1126169676064497,-0.22375421502855827,-0.6206020691448293,-0.6267681378509088,-0.017930510295710727,-0.01176091623331208,-0.0036632895529368167,-0.0009639887302067085,-0.256537007787392
2016-05-11,10.991958618164062,0.1322932896800041,0.13652338398634264,0.1319563818833543,0.13607416645119305,-0.3306537647394677,300124.SZ,-0.008217810251367088,-0.22973842499907515,-0.6434406906143025,-0.6106466548069611,-0.7989918934638855,-1.275923890853517,-0.04463980791701818,-0.6216174323760667,-0.6270521051927855,0.003855954920826834,-0.0009639887302068112,-0.01079687234554248,-0.015424150628686007,0.14791678495954652
2016-05-12,11.197240829467772,0.13476397541390214,0.1356998292146599,0.13180664270497108,0.1325178984475789,-0.30973551723464,300124.SZ,0.7028282217481605,-0.24399145228419222,-0.646352990413178,-0.6117609949291254,-0.610486301630236,-1.1349111109066927,-0.03182262564216649,-0.6219732825549872,-0.6275054974639344,-0.01831611681930603,-0.0042416166019851285,-0.0007712130471906047,0.012724960121081985,0.045194145567924754
2016-05-13,11.128813743591309,0.13394040993279452,0.13663568301541762,0.1333040237793783,0.13476397541390214,-0.4544730235797263,300124.SZ,1.413874253747688,-0.25976581649777764,-0.6511156419667214,-0.611681580864138,-0.6647697702439753,-0.978653056461519,-0.14777649441834306,-0.6232021567080066,-0.6279899119798358,0.011568140550295975,0.004819998808596534,0.007712075314343055,-0.004241671759548223,-0.17302131988739708
2016-05-16,11.337206840515137,0.13644851439715103,0.136560813426226,0.1334911923976449,0.1334911923976449,-0.4082110787449409,300124.SZ,-1.430309874250422,-0.2519446643484613,-0.6561599540809306,-0.6098444496789541,-0.4723787656162798,-0.8056492909361995,-0.14777649441834267,-0.6240467109303416,-0.6283049008837873,-0.006555310901120139,-0.00038560652359530235,0.0009639887302067085,0.012917680646534686,0.07857896064791346
2016-05-17,11.371419906616213,0.1368603024924173,0.13914378747977418,0.1349885734720521,0.13764641711479184,-0.13841417709158965,300124.SZ,-0.7192638422508947,-0.2412094990072733,-0.6592964828355445,-0.6089455571718906,-0.4408688616893737,-0.57109280114231,-0.47223924555117824,-0.6246682634087177,-0.6286580692265848,0.021400969008068448,0.013303287170130297,0.007712075314342952,0.002120863458555813,0.3730377012232198
2016-05-18,10.77789306640625,0.12794309988329297,0.13460601139722697,0.12711958794930966,0.13460601139722697,0.06362462576037425,300124.SZ,-0.008217810251367088,-0.29721744857299387,-0.659477963818083,-0.6149891638611678,-1.020686242953254,-1.4233874532159432,0.225121409218669,-0.6268992540919415,-0.6296608027688273,-0.01565923216259567,-0.023371252319375528,-0.04052823295024557,-0.04592694491083228,0.28378112712493286
2016-05-19,11.080606460571287,0.13153658313829328,0.1328092697697268,0.12801795876305969,0.12824255682120964,-0.07413915276261382,300124.SZ,0.7028282217481605,-0.31247493969590495,-0.6590265003426469,-0.6174401264308828,-0.7452051470573845,-1.2536740028314464,0.225121409218669,-0.6293010822891113,-0.6302650422581779,-0.03277418273038773,-0.00925389467553012,0.0046269473377648545,0.01850778935106024,-0.16383494858853695
2016-05-20,11.156285285949709,0.13243495395204335,0.13288413935891843,0.1292906561039181,0.13003929844870984,-0.40891775784221923,300124.SZ,1.413874253747688,-0.3155376334879453,-0.6588231091029013,-0.618249441126316,-0.6776478644690479,-1.1099355257963843,0.21544985755497334,-0.6309912142005892,-0.6309193971250932,0.009253894675530325,0.0003856065235954051,0.006554869640615485,0.00462694733776506,-0.4233591792868724
2016-05-23,11.547289848327637,0.1370765364897521,0.1374508630168604,0.13243495395204335,0.13243495395204335,0.18115205089877795,300124.SZ,-1.430309874250422,-0.28136377060555345,-0.658635448016318,-0.6180726821894266,-0.3396225325994612,-0.5166184493088598,-0.3538527931104778,-0.6318937653278358,-0.6303901770995837,0.012338526234040057,0.023520343212420497,0.016194315682177707,0.023905894578452807,0.7949276740652104
2016-05-24,11.370708465576172,0.13498034863376013,0.13647762261391871,0.13333332476579346,0.1358038498583186,-0.27643529605106487,300124.SZ,-0.7192638422508947,-0.2681705203581564,-0.6587708513141369,-0.6184555594419395,-0.4787235495489699,-0.5974779333238345,-0.3538527931104784,-0.6334463196818599,-0.6299110594807606,0.017351080095400522,-0.005012553861360465,0.00462694733776506,-0.010796155297222044,-0.5851330153679077
2016-05-25,11.364399909973145,0.1349054790445685,0.13812464648188538,0.13415682599035192,0.13557925180016867,-0.2622718765436132,300124.SZ,-0.008217810251367088,-0.25663598518701397,-0.6594832092519668,-0.6190247223450277,-0.4837326147144656,-0.449909528521271,-0.5539586977693911,-0.6345623640849093,-0.6289499133049599,-0.0011567644132227095,0.008482791943465807,0.004241340814169757,-0.00038560652359530235,0.03629612723012813
2016-05-26,11.503145217895508,0.13655249220311033,0.13692680802079377,0.13123711549095174,0.13475575057561018,-0.2373403745479811,300124.SZ,0.7028282217481605,-0.23381465139174992,-0.659799932525828,-0.6191343723826922,-0.36084378026767505,-0.5571311232152643,-0.2745029571775296,-0.6357306120820794,-0.6281271780058121,-0.00424134081416986,-0.006169318274583174,-0.015037606426517991,0.00848273678590261,0.05048073644296907
2016-05-27,11.307641983032228,0.13423169557954354,0.13685193843160215,0.13370764058347687,0.13610330679623528,-0.503753683027929,300124.SZ,1.413874253747688,-0.23171666126659618,-0.6607452382222481,-0.6198308053080331,-0.5223703149705281,-0.5215533694346677,-0.27450295717752937,-0.6373875451193014,-0.6278771411161316,0.006940421006647589,-0.00038560652359530235,0.012724132757635358,-0.011952974868007952,-0.33330275400869214
2016-05-30,11.10583209991455,0.13183604007620997,0.13460601139722697,0.13086279967326828,0.13363278170371012,-0.46958141301049505,300124.SZ,-1.430309874250422,-0.24643172474490083,-0.6610073489862346,-0.6216939745702971,-0.6849670231910494,-0.9943378184794203,-0.007942861181088877,-0.6392247576268569,-0.6276700473910107,-0.012724132757635565,-0.01156736834441265,-0.014651999902922689,-0.01233852623404016,0.0626534406695249
2016-05-31,11.622968673706056,0.1379749073035022,0.13812464648188538,0.13138685466933495,0.13228522548308502,0.4320243594397102,300124.SZ,-0.7192638422508947,-0.21111581274019345,-0.6627937378308606,-0.6209010029575062,-0.22710586450695858,-0.21620466452461132,-0.4504299907473762,-0.6399375276025291,-0.6266158488171857,-0.006940421006647487,0.018122293142591128,0.002699080192477935,0.031617473474728014,1.2053086221877218
2016-06-01,11.711261749267578,0.13902301729563546,0.14231704361271907,0.1370765364897521,0.1377503199547771,0.648657758465726,300124.SZ,-0.008217810251367088,-0.17460458752843627,-0.6646831955715488,-0.6198186606383985,-0.15307480336008053,0.7564058136258545,-0.9355451675694136,-0.6404652618377152,-0.6256857405877271,0.02814729055018566,0.021592420909570177,0.029303999805845377,0.005398160384955561,0.3030063367734829
2016-06-02,11.79324722290039,0.1399962469891523,0.14201757596537753,0.1380497768926938,0.13894814770644387,0.18462030900750742,300124.SZ,0.7028282217481605,-0.1381260108692017,-0.6692956816890603,-0.6163387844113188,-0.08371036100267885,0.8457193092146611,-0.9355451675694141,-0.639987130450756,-0.625015740793586,0.00616926311702008,-0.0015423709368181146,0.005012553861360362,0.005012498703797268,-0.5936296240783723
2016-06-03,12.184252738952637,0.1446378402362859,0.14695862615042785,0.13887327811725228,0.13939733311331892,1.6970563468442323,300124.SZ,1.413874253747688,-0.07499422591381016,-0.6639814367657214,-0.6201539866747608,0.23543025456178954,1.4761465995995289,-1.0781865087052827,-0.6386170328094524,-0.6239210013983925,0.00231347366888253,0.025448265515271025,0.004241340814169757,0.023905949736015904,2.0099447883198187
2016-06-06,12.05812168121338,0.14314054483727756,0.14553621105003597,0.14209244555456912,0.14411378524021928,0.3667118482621214,300124.SZ,-1.430309874250422,-0.03704152073888619,-0.6598339879686629,-0.621853358274471,0.12061337180004765,1.3070623036207154,-1.078186508705282,-0.6377261388877054,-0.6228715965881046,0.024291501102048214,-0.007325972372679797,0.01657992220577291,-0.0077116340538381945,-1.7348009480945024
2016-06-07,12.203171730041504,0.14486242758501097,0.14553621105003597,0.14201757596537753,0.14321541442646918,0.25622233242904696,300124.SZ,-0.7192638422508947,0.004528294544347192,-0.6547386488143082,-0.6238766235814933,0.23795178825094307,1.251749703605885,-1.0866618019932783,-0.6366407265475938,-0.6216169774646894,-0.004626947337765162,0.0,-0.00038560652359530235,0.008868343309497808,-0.12790703307995457
2016-06-08,12.020282745361328,0.14269135943040254,0.14456297064709428,0.1416432601476941,0.14456297064709428,0.04056654029335303,300124.SZ,-0.008217810251367088,0.01970499999573925,-0.6520905805386583,-0.6227029707273372,0.0682630790322199,0.915837445163342,-1.130184484568239,-0.636086702517797,-0.6209803961143917,0.006940421006647589,-0.005012553861360362,-0.0019278671452871248,-0.01118181697838034,-0.2664407537641819
2016-06-13,11.27610969543457,0.13385737976186007,0.14119407474081908,0.13385737976186007,0.14111920515162746,0.6938267062967208,300124.SZ,-1.430309874250422,-0.035181811217687674,-0.6520692952452748,-0.6230998811848971,-0.5553672256987207,-0.2708746997867612,-0.5917516211101966,-0.6365764395297007,-0.6209427355106765,-0.017736686618995825,-0.017351080095400418,-0.04010021026063062,-0.04549831548802319,0.8781672410698638
2016-06-14,11.19412326812744,0.13288413935891843,0.13468088098641856,0.1314617135491017,0.13333332476579346,-0.240150977288113,300124.SZ,-0.7192638422508947,-0.08627685571225388,-0.6519738554517591,-0.6236448416780649,-0.6184175271547908,-0.8183394990970361,-0.36700644241155467,-0.6373034036597638,-0.6208788225320226,-0.040100210260630514,-0.033545395777578334,-0.01233858139160315,-0.005012553861360156,-1.212673783685603
2016-06-15,11.61666202545166,0.13790004842373543,0.13864869076852718,0.13108739773141823,0.13138685466933495,0.03428720149727611,300124.SZ,-0.008217810251367088,-0.08958306273624923,-0.651667305267576,-0.6234072779700764,-0.2573111564432206,-0.30473140014091255,-0.8199186795739031,-0.6372048305038042,-0.620960491960349,-0.010025052565157629,0.02043571165391056,-0.0019278671452873303,0.025833816881303026,0.3791515754843721
2016-06-16,12.001362800598145,0.1424667613722526,0.14740781155730287,0.13790004842373543,0.13812464648188538,1.915102489561242,300124.SZ,0.7028282217481605,-0.05872795350293229,-0.6494695170352065,-0.6236739712525385,0.0464666179413744,0.8178074476878013,-0.8626109126414537,-0.6370351250473089,-0.6210302486610019,0.034702160190801044,0.04511276412199088,0.03508771155683335,0.023520288054857504,2.495204416701037
2016-06-17,11.9572172164917,0.14194272779503567,0.14411378524021928,0.1399962469891523,0.14299081636831923,0.49614555304345237,300124.SZ,1.413874253747688,-0.03906011029898172,-0.649770723792331,-0.6175769919713782,0.009424213994777202,0.7164230356470589,-0.8626109126414537,-0.6370124974721251,-0.6212121570365913,0.025062603834112525,-0.016965473571805115,0.010796210454785139,-0.0026989698773516426,-1.8515285832045034
2016-06-20,11.881539344787598,0.1410443569812856,0.1426165005506358,0.13849896229956885,0.14186785820584405,-0.2173782945869491,300124.SZ,-1.430309874250422,-0.031146205305986663,-0.6494833383946156,-0.6140109530033097,-0.055167091234850384,0.5402131249812517,-1.0166803845487513,-0.6374690763312639,-0.621451332522416,-0.005783656593424777,-0.007711578896275202,-0.007711578896274997,-0.00462694733776506,-0.9222737504468383
2016-06-21,11.768020629882812,0.13969679005123561,0.14553621105003597,0.13872356035771877,0.14171812973688572,0.28315028822220745,300124.SZ,-0.7192638422508947,-0.03584917140749338,-0.6497389569521059,-0.6107322573844636,-0.15269808133071341,0.6398445038242839,-0.7446395483089854,-0.6373562845880187,-0.6217358425931466,-0.00077115788962751,0.015037606426517991,0.0011567644132227095,-0.006940476164210684,0.676976562558033
2016-06-22,12.15902614593506,0.1443383832983692,0.14508702564316092,0.13924760464436053,0.1399962469891523,0.3820595526915337,300124.SZ,-0.008217810251367088,-0.006147675959367427,-0.6471865756032591,-0.6107338538202429,0.16467133766883263,0.8114210980653364,-0.7446395483089858,-0.6362329089592005,-0.6216051575811973,-0.008868343309497912,-0.0023134736688826324,0.002699025034914635,0.023905949736015904,0.1479303661501643
2016-06-23,11.982441902160645,0.14224217402352748,0.14501215605396933,0.14044543239602733,0.1443383832983692,0.14824422437916984,300124.SZ,0.7028282217481605,0.0004050587581016924,-0.6462466368439855,-0.6088518088043309,0.009593196040810293,0.6824548717362313,-0.744639548308986,-0.635351497715332,-0.6216486639549449,0.022363633956760883,-0.0003856065235951996,0.006169263117020182,-0.010796265612348336,-0.29036199735005225
2016-06-24,11.894150733947754,0.14119407474081908,0.14373946942253582,0.13767546107501036,0.14089461780290238,0.499751733062955,300124.SZ,1.413874253747688,-0.0035120446935546037,-0.6459532302674105,-0.6066138770282878,-0.06760378702977145,0.3780429406356997,-1.0503293667529334,-0.6342233535999138,-0.6215919423042745,-0.01773668661899572,-0.006554814483052287,-0.014266393379327386,-0.005398105227392364,0.48067367360204627
2016-06-27,12.486967086791992,0.1482313234912862,0.1511510339906864,0.14096948739209397,0.14111920515162746,2.6726422032260357,300124.SZ,-1.430309874250422,0.04413092934959954,-0.6413521593865922,-0.607196121804439,0.3961956228669894,1.1563307698519154,-0.36326770905370714,-0.6325164132143207,-0.6209124293949398,0.001156709255659615,0.03817234311534329,0.01696547357180522,0.03624447597005596,2.879950013086727
2016-06-28,12.34191608428955,0.14650944074355282,0.1482313234912862,0.14418865482941084,0.1465843103327444,1.3735331938563216,300124.SZ,-0.7192638422508947,0.06693217463559648,-0.6393476019673332,-0.6044993480678722,0.2662578293513783,0.9860072228903015,-0.36326770905370737,-0.6309233314750379,-0.6207292560173805,0.028147345707748756,-0.015037606426517991,0.01657992220577301,-0.008868343309497808,-1.6936549772555827
2016-06-29,12.310382843017578,0.14613512492586936,0.148755367777928,0.1443383832983692,0.148081584312903,0.7613112144562924,300124.SZ,-0.008217810251367088,0.0799638001529318,-0.6396321106966752,-0.5982989854454753,0.23775918019588596,0.9138518140779925,-0.3168038527137242,-0.629695586664703,-0.6205365353907372,0.007711523738712004,0.0026990250349147376,0.00077115788962751,-0.0019278671452873303,-0.7888305478194649
2016-06-30,12.23470401763916,0.14523675411211925,0.1465843103327444,0.1446378402362859,0.14598539645691103,0.2483973806160532,300124.SZ,0.7028282217481605,0.0813219914546819,-0.638434274774433,-0.5967182062751973,0.16810869778047544,0.725360015541146,-0.3168038527137242,-0.6286339000226502,-0.6203151757475539,-0.010796155297222044,-0.011181761820817347,0.00154231577925502,-0.004626947337765162,-0.6580136416559265
2016-07-01,12.095961570739746,0.14358973024415264,0.146659179921936,0.14284109860878574,0.14561106992980272,0.26965777004904146,300124.SZ,1.413874253747688,0.06798930751767328,-0.637937742178682,-0.5954241849184746,0.04018671788995909,0.545522311448509,-0.5325727769745714,-0.6266507430486169,-0.6204398204262966,-0.0019279223028503222,0.00038560652359530235,-0.00925389467553012,-0.008482791943465498,0.045644843224783564
2016-07-04,12.329302787780762,0.14635971227459446,0.14650944074355282,0.1423919132019107,0.14351487136438587,0.7334838985598131,300124.SZ,-1.430309874250422,0.07592258109045597,-0.6362885331570242,-0.5947393725151003,0.23361290876583227,0.6151861438842448,-0.5865132588193811,-0.6247719620430152,-0.6207028800777593,-0.010796210454785139,-0.0007712130471905019,-0.0023134736688826324,0.014266448536890379,0.6286290529669624
2016-07-05,12.247316360473633,0.14538647187165277,0.1467340280922779,0.1444881010579027,0.14553621105003597,0.049116947701378894,300124.SZ,-0.7192638422508947,0.07277940482088834,-0.6359802749262345,-0.5947922583738621,0.155687616904169,0.6500912424390972,-0.5637584293991795,-0.623130401368658,-0.6207273083376067,0.010410659088752931,0.001156709255659615,0.010796155297222148,-0.005012553861360362,-0.8838658735547861
2016-07-06,12.11488151550293,0.1438143283023026,0.14523675411211925,0.14321541442646918,0.14523675411211925,0.07687509780795068,300124.SZ,-0.008217810251367088,0.056570424979183166,-0.6358012393526229,-0.5947249026291203,0.02971856990932225,0.39913301538399953,-0.7227928329444363,-0.6222764092620848,-0.6207517304533539,-0.0015423157792551227,-0.007711523738712108,-0.006554814483052287,-0.008097130262307205,0.05420423121373296
2016-07-07,12.08334732055664,0.14344000177519425,0.14471269911605264,0.14074488933394402,0.1433651428954275,0.4175507521893662,300124.SZ,0.7028282217481605,0.03915648731848357,-0.6362708106877745,-0.5947600802415062,-0.000523250403928352,0.19371458618786822,-1.0234218735450753,-0.6212041771112374,-0.6209933021382693,-0.009639501199125319,-0.0026990801924777295,-0.012724132757635462,-0.001927922302850425,0.4664050588790265
2016-07-08,11.982441902160645,0.14224217402352748,0.1446378402362859,0.14089461780290238,0.1424667613722526,0.3310438765727088,300124.SZ,1.413874253747688,0.014914571695027546,-0.6363509586843016,-0.5948507864953129,-0.09850868214293941,0.10513155230686907,-1.0234218735450749,-0.6202742760732303,-0.6210869204761927,-0.004627002495328154,-0.0003855513660322076,0.0007711578896276126,-0.006169263117020182,-0.09631511504483185
2016-07-11,11.850003242492676,0.14067001974475243,0.1429159574885525,0.14067001974475243,0.14224217402352748,0.3309893223119624,300124.SZ,-1.430309874250422,-0.017165410294294733,-0.638766276483175,-0.5892334764565657,-0.22654913076532834,-0.14172439581150742,-1.0514178545494546,-0.6197523935163055,-0.6214120014061153,-0.0011567092556598203,-0.008868343309497912,-0.001156764413222915,-0.0080971854198703,0.0175670357765957
2016-07-12,12.04550838470459,0.14299081636831923,0.14314054483727756,0.13924760464436053,0.14059517157441054,0.3744741207117044,300124.SZ,-0.7192638422508947,-0.026267445711047638,-0.6432929323950419,-0.5797979144785025,-0.039914097483850546,-0.11335975191351275,-1.2297058691158398,-0.6186422048636667,-0.6216869792466738,-0.008482681628339412,0.0011567092556597175,-0.0073259723726799,0.011952974868007952,0.07492067358044684
2016-07-13,12.203171730041504,0.14486242758501097,0.14650944074355282,0.14231704361271907,0.1433651428954275,0.6891152392021708,300124.SZ,-0.008217810251367088,-0.020580768629411234,-0.6442772597469655,-0.575790833515791,0.10688766795189122,0.4469407143610864,-0.8323173261652383,-0.6169911547245159,-0.6217806071420864,0.014266393379327386,0.017351080095400623,0.0158087643161455,0.009639501199125319,0.43211021408598704
2016-07-14,12.152719497680664,0.1442635137091776,0.14546134146084438,0.14329028401566077,0.14523675411211925,-0.004296862710557757,300124.SZ,0.7028282217481605,-0.021619573443222267,-0.6440503123554475,-0.5753186087917855,0.054657155760400845,0.3687760893695622,-0.8323173261652382,-0.6161940953345554,-0.6217382148985142,0.009639501199125319,-0.005398105227392673,0.005012553861360465,-0.003084631558509937,-0.895780894926243
2016-07-15,12.013976097106934,0.1426165005506358,0.14478756870524423,0.14201757596537753,0.1443383832983692,-0.13366891230108274,300124.SZ,1.413874253747688,-0.03565704344344887,-0.6440938451457319,-0.5749912537958458,-0.0891702534398479,0.0350083440097667,-1.0001730082658065,-0.6157386336016538,-0.6217745633954909,-0.004626947337764957,-0.0034701829245422475,-0.006554924798178579,-0.00848273678590261,-0.152780668900604
2016-07-18,12.001362800598145,0.1424667613722526,0.1444881010579027,0.14081975892313564,0.14141867279896903,0.008965967686449338,300124.SZ,-1.430309874250422,-0.048659830451180254,-0.6443320521801597,-0.5741292605607697,-0.10234734493541099,-0.13903530261234248,-1.1565965119329984,-0.6154255043389756,-0.6213766093407416,-0.015037606426517991,-0.0015423709368181146,-0.006169207959456882,-0.0007712130471906047,0.20552936480173264
2016-07-19,12.070734977722168,0.14329028401566077,0.14344000177519425,0.1412689443300107,0.14269135943040254,-0.4227690778179164,300124.SZ,-0.7192638422508947,-0.053515286027660675,-0.6452760152695574,-0.5715518424418298,-0.031013841219802798,-0.10966745198879413,-1.1565965119329986,-0.6155963024888137,-0.6207734375594759,0.006554814483052287,-0.0053981052273925694,0.0023134736688826324,0.004241451129295947,-0.551078224864662
2016-07-20,12.001362800598145,0.1424667613722526,0.14411378524021928,0.14231704361271907,0.14411378524021928,-0.4131121543277173,300124.SZ,-0.008217810251367088,-0.06409723254654112,-0.6454099954395364,-0.5721633958530329,-0.10736395114301621,-0.016115235394430855,-1.0685224090995857,-0.6156817022424242,-0.6203683249452778,0.007326027530242994,0.003470238082105445,0.005398105227392364,-0.004241451129295947,0.030359797805263808
2016-07-21,12.007668495178224,0.14254163096144418,0.1442635137091776,0.1415683905585025,0.14299081636831923,-0.10254580896251406,300124.SZ,0.7028282217481605,-0.07240963767144538,-0.6454437912627878,-0.5720010257575961,-0.10051454814407905,-0.05286632731339251,-1.1729015728775243,-0.6159758552902812,-0.6199703715732064,-0.0057837117509879745,0.0007711578896274072,-0.0038558446057005416,0.00038560652359530235,0.42674258577553464
2016-07-22,11.950909614562988,0.14186785820584405,0.14276622901959413,0.14081975892313564,0.14209244555456912,-0.3393913908996421,300124.SZ,1.413874253747688,-0.0843786489686241,-0.6456379094575524,-0.5714977529821005,-0.16577932910889592,-0.327865153841453,-1.2693991309960482,-0.6160802312587129,-0.6197442270412974,-0.004626947337765162,-0.0077115788962750995,-0.003855734290574455,-0.0034701829245422475,-0.2943536981501023
2016-07-25,11.887843132019045,0.14111920515162746,0.14254163096144418,0.14081975892313564,0.14194272779503567,-0.43583117038439223,300124.SZ,-1.430309874250422,-0.09962918882767417,-0.6482090780493784,-0.5714127643877988,-0.23904063627912187,-0.5122977429898516,-1.2693991309960482,-0.6151598196854995,-0.6195276249797275,-0.0007711027320643125,-0.0011567644132228123,0.0,-0.0038558446057006444,-0.10939955787597315
2016-07-26,12.039202690124512,0.1429159574885525,0.14351487136438587,0.14111920515162746,0.14141867279896903,-0.16125479657553538,300124.SZ,-0.7192638422508947,-0.09847659178648441,-0.6498232687821291,-0.571001751053439,-0.06271965476072895,-0.3132810069442585,-1.136662209304518,-0.6138883209904332,-0.6192537585386333,-0.0026990801924778323,0.005012553861360362,0.001542260621691925,0.009253949833093213,0.37933361740364613
2016-07-27,11.47791862487793,0.13625303526519364,0.1433651428954275,0.1340071082308184,0.14321541442646918,1.0354463747070224,300124.SZ,-0.008217810251367088,-0.14696874415024544,-0.6476472576351509,-0.577599132140455,-0.6799369741274838,-2.197549867797379,-0.46519584931448904,-0.6140970742846796,-0.6193091721786319,0.00925389467553012,-0.00077115788962751,-0.036629972178525275,-0.03431655366720574,1.594032697949483
2016-07-28,11.509451866149902,0.13662735108287705,0.13760059148581874,0.13475575057561018,0.13595356761785207,0.12129694586286639,300124.SZ,0.7028282217481605,-0.1818267658472285,-0.6467019412546574,-0.5822365395862454,-0.6422736791348379,-2.4676879375827245,-0.46519584931448943,-0.6148371996006445,-0.6195960572854414,-0.037401240383278876,-0.02968960632944068,0.0038557894481376525,0.0019278671452871248,-1.1865543659361666
2016-07-29,11.320255279541016,0.13438142404850187,0.1372262756681353,0.13415682599035192,0.13647762261391871,-0.48876027404158695,300124.SZ,1.413874253747688,-0.22495862242724457,-0.6442786764500085,-0.5888462570746714,-0.8348716876213775,-2.457631807755358,-0.3919486399072875,-0.6157955690330326,-0.620066676248287,0.0026990801924777295,-0.0019278671452872276,-0.0030846867160731345,-0.011567368344412547,-0.7859789474980303
2016-08-01,11.19412326812744,0.13288413935891843,0.1349054790445685,0.13153658313829328,0.1349054790445685,-0.3995361319481773,300124.SZ,-1.430309874250422,-0.26855183198789384,-0.6434917319519675,-0.5952956140571943,-0.9598453069173788,-2.6306782143140715,-0.08062503504762794,-0.6168298487542375,-0.620816483808384,-0.008097130262307205,-0.011952974868007952,-0.013495235489699877,-0.007711578896274997,0.13517232160214826
2016-08-02,11.200430870056152,0.13295900894811,0.13453115251746023,0.13168631160725164,0.13385737976186007,-0.3592722198340305,300124.SZ,-0.7192638422508947,-0.3003977953427698,-0.6433259586882047,-0.6005892016766112,-0.9516593886551804,-2.2165443721085856,-0.08062503504762895,-0.6176838395034278,-0.6211892600230574,-0.005398105227392673,-0.0019279223028503222,0.00077115788962751,0.0003856065235951996,0.0706778556664575
2016-08-03,11.137365341186523,0.1322103558938934,0.13325845517660184,0.13176117048701838,0.13258468242100174,-0.5022551819508307,300124.SZ,-0.008217810251367088,-0.32875968913449444,-0.6427653290406711,-0.6060061185548408,-1.0161103296794352,-1.9945647388918726,-0.0806250350476287,-0.6192210255667363,-0.6213973804955949,-0.006554869640615177,-0.0065548696406153815,0.0003855513660322076,-0.0038558446057006444,-0.17071008905756255
2016-08-04,11.231964111328123,0.13333332476579346,0.13393223864162682,0.13206063813435992,0.13243495395204335,-0.5468550312044521,300124.SZ,0.7028282217481605,-0.34024490478714897,-0.6432223861629709,-0.6096197230127178,-0.8878120368662753,-1.6047819355532815,-0.1970397364622562,-0.6203501917915794,-0.6215219855790252,-0.0007711578896276126,0.0034702380821052393,0.0015423709368181146,0.005783711750987872,-0.041111712499915756
2016-08-05,11.0679931640625,0.13138685466933495,0.13408196711058518,0.1307879300840767,0.13340819435498505,-0.4439049278621669,300124.SZ,1.413874253747688,-0.36104761285983067,-0.64286749460361,-0.614489068115058,-1.0599037132817914,-1.5503291594987607,-0.03601680353082148,-0.6215932234496477,-0.6215797667456467,0.005012553861360362,0.0007711578896276126,-0.006554924798178579,-0.010025052565157629,0.15325329345573566
2016-08-08,11.269801139831545,0.13378251017266848,0.13385737976186007,0.13123711549095174,0.13176117048701838,-0.5782405958425317,300124.SZ,-1.430309874250422,-0.3568423847940459,-0.6431665390797522,-0.6169661935620366,-0.7866418868716811,-1.2576643127892624,-0.03601680353082148,-0.6234245612034303,-0.6216423307529607,-0.008482791943465705,-0.0011567092556598203,0.0023134736688826324,0.01233852623404016,-0.15931915773729624
2016-08-09,11.749100685119627,0.13947220270251048,0.13992138810938556,0.1340071082308184,0.13468088098641856,0.7909722772624919,300124.SZ,-0.7192638422508947,-0.3087622414029293,-0.6444797029010488,-0.616876114218078,-0.20169562431665347,-0.5039831003418633,-1.0354645855623847,-0.624316507097029,-0.6212897037736614,0.015037606426517991,0.031231922108695805,0.014266503694453474,0.02930405496340837,1.8212793853406475
2016-08-10,11.59774398803711,0.13767546107501036,0.1399962469891523,0.13752572189662715,0.13924760464436053,-0.06988555910056113,300124.SZ,-0.008217810251367088,-0.2821498168899636,-0.6473885113803031,-0.6164274116829466,-0.37038202483837857,-0.38083030655089156,-1.0466858119554776,-0.6253887406052594,-0.6212114914257327,0.023520343212420497,0.0003855513660322076,0.018122182827465038,-0.009253894675530016,-1.1163542709327943
2016-08-11,11.471611976623535,0.13617816567600202,0.13894814770644387,0.13610330679623528,0.1377503199547771,-0.5174278894211778,300124.SZ,0.7028282217481605,-0.27044839877418797,-0.6503021406986603,-0.616341751624573,-0.5081354124414305,-0.5382426690648376,-0.8460516727075106,-0.6265368857596897,-0.621254974588435,-0.007711578896274997,-0.0053981052273925694,-0.007325972372679797,-0.0077116340538381945,-0.5719008883315055
2016-08-12,11.572516441345217,0.1373759934276688,0.13812464648188538,0.13550438221097705,0.1358787194475102,-0.5731270385833563,300124.SZ,1.413874253747688,-0.25065658890504117,-0.6522821953454646,-0.6161792362181054,-0.38706469328571996,-0.5148325523302192,-0.7622616377066274,-0.6273244556848566,-0.6206536699309623,-0.009639446041562224,-0.004241340814169757,-0.0030846867160731345,0.00616926311702008,-0.055732628704060254
2016-08-15,12.08334732055664,0.14344000177519425,0.14523675411211925,0.13819950536165215,0.13819950536165215,1.7666113906197425,300124.SZ,-1.430309874250422,-0.18881013763492854,-0.6516483394025481,-0.6165203102408475,0.17604518808527192,0.3047934239641411,-0.7676748832151664,-0.6276945190215306,-0.619894880379003,0.011952919710444857,0.03663002733608817,0.013880897170858376,0.0312319221086957,3.099735949862426
2016-08-16,12.102267265319824,0.1436645998333442,0.14493728646477771,0.1426165005506358,0.1444881010579027,0.3718485518221642,300124.SZ,-0.7192638422508947,-0.13784952433706965,-0.6513904402275786,-0.6166679770197093,0.19552356683761304,0.5456071408670173,-0.7676748832151664,-0.6279127604231877,-0.6191790408183814,0.03238863136435532,-0.0015423709368181146,0.02274918532279299,0.0011567644132228123,-1.8196581158492269
2016-08-17,12.127493858337402,0.14396405677126092,0.14531161299188602,0.14329028401566077,0.1436645998333442,0.019595991707509346,300124.SZ,-0.008217810251367088,-0.0954455422372956,-0.6504103215431849,-0.617198494498544,0.2221615030218997,0.6145595353919717,-0.7183787200971856,-0.6278937828509834,-0.6187399922905648,-0.004241340814169757,0.001927922302850425,0.003470238082105342,0.0015423157792551227,-0.4463773186674904
2016-08-18,12.013976097106934,0.1426165005506358,0.14411378524021928,0.14171812973688572,0.14411378524021928,-0.08100520590486586,300124.SZ,0.7028282217481605,-0.07239353307929736,-0.650366063380019,-0.617219472063927,0.08244786041966772,0.4021143070779294,-0.9590994040522441,-0.6279981588194152,-0.618253221853563,0.0023134736688826324,-0.0061692631170199765,-0.008097185419870402,-0.006940421006647692,-0.11488132215261068
2016-08-19,12.032896041870115,0.14284109860878574,0.1444881010579027,0.1426165005506358,0.1426165005506358,-0.23874021366415504,300124.SZ,1.413874253747688,-0.05315411066193143,-0.6498141207304962,-0.617464855241067,0.10370407829696267,0.47291678761206773,-0.9069247103440461,-0.6279222471732152,-0.6177473616971383,-0.007711578896275202,0.0019278671452871248,0.00462694733776506,0.0011567644132228123,-0.19014270417342777
2016-08-22,12.171638488769531,0.1444881010579027,0.14740781155730287,0.14299081636831923,0.14299081636831923,0.998375218270927,300124.SZ,-1.430309874250422,-0.026615145155519254,-0.6478458366880487,-0.6183816844849225,0.25977691947418163,0.6883004001860968,-0.5134622849156506,-0.627438318403316,-0.6172415022233914,0.0019278671452872276,0.015037606426517991,0.0019278671452872276,0.008482681628339515,1.6472697059879327
2016-08-23,12.089653968811035,0.14351487136438587,0.14523675411211925,0.1426165005506358,0.14493728646477771,-0.008179501055169559,300124.SZ,-0.7192638422508947,-0.014012612163749837,-0.6474870618139795,-0.6185550242905862,0.1528582658767929,0.49206657418845995,-0.5738763408700907,-0.6273718962219096,-0.6166497414016133,0.010025052565157526,-0.011181761820817449,-0.0019278671452872276,-0.005012498703797268,-1.3082782602436347
2016-08-24,12.37345027923584,0.1468837672706611,0.1479318665533695,0.14388918718206933,0.14411378524021928,1.0986154974573878,300124.SZ,-0.008217810251367088,0.01959834274917718,-0.6428886475995542,-0.6195642802899608,0.4665325073791018,0.8361099229989312,-0.22697239906090663,-0.627115698318461,-0.6156905162811519,-0.004241340814169552,0.013880842013295178,0.00655481448305239,0.017351080095400623,1.4756008482711003
2016-08-25,12.203171730041504,0.14486242758501097,0.1459105268677194,0.14254163096144418,0.1459105268677194,0.6313869309972856,300124.SZ,0.7028282217481605,0.02947362842680558,-0.6402160264413082,-0.6193069504299151,0.24315204226575615,0.5709233673953773,-0.4489622984674534,-0.6270397880296441,-0.6152514677533353,0.009253894675530016,-0.010410659088752829,-0.006940421006647692,-0.010410659088753138,-0.5978332274287236
2016-08-26,12.077040672302246,0.1433651428954275,0.14561106992980272,0.14269135943040254,0.14508702564316092,-0.037396482619948955,300124.SZ,1.413874253747688,0.02451071834603404,-0.6387965314640083,-0.6172784977912235,0.08213301775622914,0.4833373503500707,-0.4489622984674533,-0.626944900168623,-0.6149746767205303,-0.00424134081416986,-0.00154231577925502,0.00077115788962751,-0.007711578896274997,-0.863337948906846
2016-08-29,12.08334732055664,0.14344000177519425,0.14493728646477771,0.1426165005506358,0.14299081636831923,-0.20638352856225037,300124.SZ,-1.430309874250422,0.019590835879001373,-0.6380520566236733,-0.6138163189008479,0.0894758960078627,0.4409783327015796,-0.4617802042078625,-0.626821545270604,-0.6147551527979609,-0.010796265612348132,-0.003470238082105445,-0.0003855513660322076,0.0003855513660322076,-0.20496481987036674
2016-08-30,12.152719497680664,0.1442635137091776,0.14531161299188602,0.14321541442646918,0.1436645998333442,-0.208290947621339,300124.SZ,-0.7192638422508947,0.02029027579931221,-0.6373791797444088,-0.6099632746940561,0.17168471016849898,0.5129429434789698,-0.4095563273771893,-0.626698191729968,-0.6147790144352312,0.003470238082105342,0.001927922302850425,0.00308463155851004,0.004241395971732852,0.01512628895676383
2016-08-31,12.095961570739746,0.14358973024415264,0.14486242758501097,0.14269135943040254,0.14486242758501097,-0.3873243074781659,300124.SZ,-0.008217810251367088,0.014325338489460984,-0.6379391876723189,-0.6046392537467805,0.09464173098681243,0.4277537727870823,-0.504129313219788,-0.6265558592597448,-0.6147503808801136,0.0061692631170199765,-0.0023134736688826324,-0.0026990801924778323,-0.0034702380821052393,-0.21819865579830355
2016-09-01,11.982441902160645,0.14224217402352748,0.14403891565102764,0.14224217402352748,0.1433651428954275,-0.4262371310921249,300124.SZ,0.7028282217481605,-0.001769479590583551,-0.6390295782056693,-0.5997094856140874,-0.058816499793245214,0.3027704527850902,-0.5861332741671412,-0.6265938144041533,-0.6149174102929726,-0.007711578896274997,-0.004241395971732749,-0.0023134736688826324,-0.006940421006647795,-0.03362029177848611
2016-09-02,11.963521003723145,0.14201757596537753,0.14411378524021928,0.14141867279896903,0.14224217402352748,-0.06076837457306594,300124.SZ,1.413874253747688,-0.017323239026788347,-0.6424879701936171,-0.5913068109436699,-0.08449951222624591,0.25137557569898605,-0.7370691184427843,-0.6265748381893321,-0.6149603609669881,-0.0057837117509879745,0.0003856065235954051,-0.004241340814169655,-0.0011567644132228123,0.4990645844150301
2016-09-05,11.843698501586914,0.14059517157441054,0.14373946942253582,0.1399962469891523,0.14224217402352748,-0.1816758424198432,300124.SZ,-1.430309874250422,-0.04112282735104188,-0.6454202195114208,-0.5850856143791198,-0.24743230734610067,0.09940740273267734,-0.9927359125934423,-0.6266412576559723,-0.6145308569575441,0.0,-0.0019278671452873303,-0.007326027530242892,-0.007325917215116599,-0.14163042146174942
2016-09-06,12.077040672302246,0.1433651428954275,0.1433651428954275,0.13954706158227723,0.14111920515162746,0.0625604421458641,300124.SZ,-0.7192638422508947,-0.04014675586092778,-0.6452717658200107,-0.5836614684975685,0.059620737103990774,0.1944493582295956,-1.0725996929151111,-0.6265843249393597,-0.6138627399887855,-0.005783711750987769,-0.0019279223028503222,-0.0023134736688826324,0.014266393379327386,0.3393671414902994
2016-09-07,12.05812168121338,0.14314054483727756,0.14486242758501097,0.14224217402352748,0.14344000177519425,-0.13898375361617862,300124.SZ,-0.008217810251367088,-0.04188853883879694,-0.6461059963276592,-0.580444184197598,0.03301582418892752,0.35492823556575676,-0.8243500373329579,-0.6257113566179652,-0.613528681845745,0.011952974868007952,0.007711578896274997,0.013880842013295178,-0.0011567644132228123,-0.24785179141649383
2016-09-08,12.070734977722168,0.14329028401566077,0.14351487136438587,0.14254163096144418,0.14284109860878574,-0.5348656570241928,300124.SZ,0.7028282217481605,-0.042974994368319454,-0.64887444875691,-0.574291444707341,0.049803184141690854,0.2885480234885068,-0.8243500373329591,-0.6248668526188025,-0.6134761859706791,-0.0030845764009469452,-0.006940421006647487,0.0015423157792551227,0.0007712130471906047,-0.503849499578853
2016-09-09,11.80586051940918,0.14014597545811064,0.14344000177519425,0.1400711165783439,0.1433651428954275,0.014495270744980119,300124.SZ,1.413874253747688,-0.06786544034502805,-0.6511822854697116,-0.5704587033000265,-0.3225802038339175,-0.009451736745455222,-1.2718840739903108,-0.6241362154102482,-0.6135907208738279,0.0026990250349147376,-0.00038560652359530235,-0.012724077600072367,-0.016194370839740804,0.7413025677650674
2016-09-12,11.47791862487793,0.13625303526519364,0.1387984192374855,0.13527979486225197,0.13857383188876043,0.06242142778431254,300124.SZ,-1.430309874250422,-0.11665147063907126,-0.6475791971700118,-0.5776171776153669,-0.7375909039372641,-0.7312197380660076,-0.5117616270448127,-0.6237092193569616,-0.6138961461444284,-0.02467705246808032,-0.023905894578452807,-0.02467710762564331,-0.020050105130315257,0.08077119866193792
2016-09-13,11.578824996948242,0.1374508630168604,0.13812464648188538,0.13550438221097705,0.13715140607894372,-0.4380541028839179,300124.SZ,-0.7192638422508947,-0.1460027833489547,-0.6464446902670031,-0.5814924730372932,-0.5936837761554181,-0.742220192845989,-0.5117616270448122,-0.6231398921908347,-0.6140393139200172,-0.007326027530242892,-0.0034701829245422475,0.001156709255659615,0.00616926311702008,-0.6416288795630056
2016-09-14,11.723875045776367,0.13917274576459382,0.14119407474081908,0.13662735108287705,0.13692680802079377,-0.1850110946463023,300124.SZ,-0.008217810251367088,-0.1559223124186597,-0.6466259744369767,-0.5832469362300785,-0.3913624136848243,-0.47928423776688256,-1.0493975593332756,-0.6222574330472636,-0.6143686001452101,-0.0011567644132228123,0.01580870915858251,0.005783711750987769,0.008868343309497912,0.3509680865860128
2016-09-19,11.723875045776367,0.13917274576459382,0.1412689443300107,0.13864869076852718,0.13909787617540223,-0.4183137221527277,300124.SZ,-1.430309874250422,-0.1632222759225309,-0.6465435310801818,-0.5847564804146184,-0.3913624136848251,-0.41909109302482705,-1.062017524299267,-0.6215173063739157,-0.6145642624305092,0.011181816978380442,0.00038560652359530235,0.010410659088753034,0.0,-0.28968662542721196
2016-09-20,11.755406379699709,0.13954706158227723,0.14044543239602733,0.1383492338306105,0.14014597545811064,-0.5717734920689171,300124.SZ,-0.7192638422508947,-0.1656219897461281,-0.6466979636813592,-0.5859278663008631,-0.3461736688444121,-0.5657710226268545,-1.01324263594557,-0.6204830280100938,-0.6146692521326077,0.0053981052273925694,-0.004241395971732955,-0.0015423157792549172,0.0019278671452871248,-0.18451100715003638
2016-09-21,11.755406379699709,0.13954706158227723,0.1410443569812856,0.13932246352412728,0.13992138810938556,-0.5413580920002315,300124.SZ,-0.008217810251367088,-0.16691982247509987,-0.6476344454916451,-0.5868615550035501,-0.3461736688444121,-0.5463004786292481,-1.1194944183487106,-0.6197523908015394,-0.6152228348808952,-0.0011567092556597175,0.0030846867160731345,0.005012498703797062,0.0,0.05770458072673059
2016-09-22,11.799552917480469,0.1400711165783439,0.1412689443300107,0.13977164893100236,0.1410443569812856,-0.41738049607527844,300124.SZ,0.7028282217481605,-0.16346890277342876,-0.6482801809249579,-0.5875204430700421,-0.27972961306207583,-0.4834984911855988,-1.1598928370057697,-0.6196764805127226,-0.6156332491709164,0.005783711750987872,0.0011567092556598203,0.0023134736688826324,0.002699080192477935,0.18095244651650072
2016-09-23,11.761713981628418,0.13962193117146884,0.14052030198521895,0.13872356035771877,0.14022083433787738,-0.5917364596462066,300124.SZ,1.413874253747688,-0.163525121515591,-0.6514697565401103,-0.5867744739490829,-0.3359272377641291,-0.7035703392719963,-0.9769375054684204,-0.6194297720740676,-0.6160484360614628,-0.004241451129295947,-0.0038557894481376525,-0.005398050069829475,-0.0023134736688826324,-0.21203720239915913
2016-09-26,11.47791862487793,0.13625303526519364,0.14074488933394402,0.13610330679623528,0.13924760464436053,-0.4287802199478958,300124.SZ,-1.430309874250422,-0.1878934112928169,-0.6523528027206824,-0.5892759897430228,-0.7371620768821001,-1.2378053900358628,-0.5452407726084724,-0.619420282609274,-0.6166211078464955,-0.00501249870379737,0.0011567092556597175,-0.01349529064726297,-0.017351080095400418,0.2322983412176696
2016-09-27,11.63558292388916,0.13812464648188538,0.1382743642414189,0.1364027530247271,0.1364027530247271,-0.6242035505549034,300124.SZ,-0.7192638422508947,-0.19232558346133025,-0.6533110675124906,-0.5903071215603598,-0.4895911864502576,-1.2831871836627031,-0.5452407726084726,-0.6193253933908699,-0.616969482425756,-0.014652055060485784,-0.012724132757635358,0.0015422606216918223,0.009639501199125421,-0.2397888813892009
2016-09-28,11.660807609558104,0.13842409271037723,0.13887327811725228,0.1370765364897521,0.13887327811725228,-0.7226611549055344,300124.SZ,-0.008217810251367088,-0.19269977666284863,-0.6545623237613829,-0.5909038164556903,-0.450467377097973,-1.046179670720132,-0.664834378754921,-0.619961142738403,-0.6174753425821806,0.012724132757635565,0.003084631558509937,0.003470238082105445,0.001542260621691925,-0.11205760374568945
2016-09-29,11.856311798095703,0.14074488933394402,0.1413438032097774,0.13790004842373543,0.1379749073035022,-0.2896736145837316,300124.SZ,0.7028282217481605,-0.17496070272883252,-0.6564415626353821,-0.5901524544526768,-0.1540556279740369,-0.5291263352148711,-1.1367418929458133,-0.6203312060750769,-0.6177712226517308,-0.004626947337764957,0.012724132757635462,0.004241395971732852,0.011952974868007952,0.5880059129959971
2016-09-30,11.925681114196776,0.1415683905585025,0.14254163096144418,0.1403705735162606,0.14074488933394402,-0.38676865970100155,300124.SZ,1.413874253747688,-0.15429148673809026,-0.6576430218628667,-0.5895784228327955,-0.05240206214268149,-0.11705134301742347,-1.1947971861025597,-0.6206348485877276,-0.6179143911099974,0.014266448536890379,0.00616926311702008,0.012724132757635462,0.004241340814169757,-0.1102627279843096
2016-10-10,12.190558433532717,0.14471269911605264,0.14538647187165277,0.14209244555456912,0.14329028401566077,0.0794048724198598,300124.SZ,-1.430309874250422,-0.1144206613866485,-0.655829924466128,-0.5906826333073825,0.3163307292650035,0.5519468301417154,-0.7156371309745309,-0.6203691625768684,-0.6178332623624915,0.013109739281230763,0.014651999902922689,0.008868288151934715,0.016194370839740804,0.6317212472281489
2016-10-11,12.34191608428955,0.14650944074355282,0.14770726849521956,0.1433651428954275,0.14493728646477771,0.6489316222202365,300124.SZ,-0.7192638422508947,-0.06991332486077692,-0.652413830427363,-0.5928299501166675,0.5125395849022885,0.9636233246668088,-0.35920430199554476,-0.6199042127365564,-0.6175612432475339,0.008482681628339412,0.01195297486800785,0.006554869640615485,0.009253894675530222,0.7678666570801613
2016-10-12,13.023024559020996,0.15459478877672836,0.1596106978415454,0.14531161299188602,0.14583565727852782,2.6994280721398303,300124.SZ,-0.008217810251367088,0.02416698619927059,-0.6396432046181769,-0.6020034479462828,1.262553433526224,2.452973537998146,1.0295499938811918,-0.6186232245766964,-0.616673601673528,0.004626947337765162,0.061307134961731784,0.010025052565157629,0.04164258119744853,2.7187224826468332
2016-10-13,12.95365047454834,0.15377127684274502,0.1559423449973535,0.15242372062211992,0.15422046224962008,0.4651669945985009,300124.SZ,0.7028282217481605,0.09021362799986063,-0.6317826092113822,-0.606915743151256,1.1513931151648564,2.2523461324176663,1.0295499938811918,-0.6173232602020153,-0.6159863956680243,0.04318489697670365,-0.01889339587465554,0.036630027336088375,-0.004241395971732852,-2.9255146566510883
2016-10-14,12.997797966003418,0.15429533183881167,0.15511883306337018,0.15122589287045315,0.1530975040871449,0.18698252898127923,300124.SZ,1.413874253747688,0.14349701691443598,-0.6246106148485701,-0.6107163876300623,1.1957503680508548,1.9225479741761398,0.8078781179739742,-0.6163838696992145,-0.6153850903278736,-0.005783656593424777,-0.004241395971732749,-0.006169263117020182,0.0026990801924778323,-0.3488086961444852
2016-10-17,12.947344779968262,0.15369640725355344,0.15669098734214523,0.15279803643980336,0.1552685615323285,0.24377651865793676,300124.SZ,-1.430309874250422,0.17787917178120724,-0.6189241097141387,-0.6130889219737854,1.1118691204033326,1.7944365154808424,0.9639315254837888,-0.6152641929391651,-0.6147837856704009,0.011181761820817347,0.0080971854198703,0.008097130262307307,-0.0030846867160731345,0.09245264154310105
2016-10-18,13.067169189453123,0.15511883306337018,0.15534343112152013,0.15145048021917823,0.1530975040871449,0.08287285741589466,300124.SZ,-0.7192638422508947,0.21199052264009097,-0.6124571850952826,-0.6144990619203083,1.236773475926025,1.4878354468904573,0.7139648912839656,-0.6137744528424417,-0.6139868180449513,-0.011181761820817347,-0.006940421006647487,-0.006940421006647589,0.007326027530242994,-0.19431671671773101
2016-10-19,12.859053611755373,0.15264831868026987,0.15496911530383667,0.15257344909107826,0.15489424571464505,-0.140314631776966,300124.SZ,-0.008217810251367088,0.2167477529541415,-0.6090438615875547,-0.6117582655464475,0.8919552133718588,1.215398093710429,0.713964891283966,-0.6126073301158073,-0.61333778943026,0.00925389467553012,-0.0019278671452873303,0.005783711750987872,-0.01272407760007247,-0.276362128306277
2016-10-20,12.852746963500977,0.15257344909107826,0.15377127684274502,0.15160021939756144,0.15264831868026987,-0.2237207224154787,300124.SZ,0.7028282217481605,0.21614673662979203,-0.6060813831897228,-0.6090130777392585,0.8816744837693216,0.9831261685960929,0.5297273724406791,-0.611554074179781,-0.6127460292911597,-0.01156736834441265,-0.006169318274583174,-0.005012498703797268,-0.00038560652359530235,-0.09223050451029065
2016-10-21,12.758148193359377,0.15145048021917823,0.15384614643193664,0.14995320623901962,0.1533969610250616,0.11070474795000854,300124.SZ,1.413874253747688,0.20361326179061895,-0.6039272904480043,-0.6064909950798126,0.7259901414589854,0.7722378086415272,0.2245085136309968,-0.6105577509603676,-0.6121733575061269,0.0038557894481375497,0.00038560652359530235,-0.00848273678590261,-0.005783711750987872,0.4581717993482232
2016-10-24,12.88428020477295,0.15294777561818657,0.15369640725355344,0.15055210940542813,0.15189966562605328,-0.1998561351613027,300124.SZ,-1.430309874250422,0.2012270729909748,-0.6014396508594638,-0.603744106760352,0.8733830787139119,0.7518323736267393,0.2245085136309973,-0.6092008525116908,-0.6115100124552156,-0.0077116340538381945,-0.0007712130471906047,0.0030845764009468425,0.0077116340538381945,-0.39145759211733244
2016-10-25,12.859053611755373,0.15264831868026987,0.15399587490089497,0.15219913327339482,0.1527231882694615,-0.2928856247067523,300124.SZ,-0.7192638422508947,0.19354743462813712,-0.5995141310984958,-0.6006170519987027,0.8306157257580482,0.7241888778841593,0.2616949603764022,-0.6078534421704246,-0.6108228064497118,0.00424145112929605,0.0015423709368181146,0.008482791943465807,-0.00154231577925502,-0.10490724179791948
2016-10-26,12.62571144104004,0.14987833664982803,0.15332209143586997,0.14897996583607795,0.15332209143586997,-0.18451211775326753,300124.SZ,-0.008217810251367088,0.16356074939789214,-0.5991004537641865,-0.5968606017720757,0.446727070471778,0.4507650008655167,-0.3311293678670283,-0.6066768326937625,-0.6102644511008989,0.0030845764009467397,-0.003470238082105445,-0.01657992220577301,-0.014266448536890481,0.16039744942898493
2016-10-27,12.688776969909668,0.15062697899461977,0.15130076245964474,0.14935429236318623,0.14987833664982803,-0.5854141056007302,300124.SZ,0.7028282217481605,0.14242728754330278,-0.59865378721062,-0.5930505241999664,0.5263885879237229,0.38311436349433586,-0.3311293678670276,-0.6057564197631659,-0.609772908063372,-0.017736631461432627,-0.010410603931189734,0.0019279223028503222,0.0038557894481375497,-0.510462370168134
2016-10-28,12.78337574005127,0.1517499478665198,0.15219913327339482,0.14980347777006128,0.15017779358774472,-0.363463612079888,300124.SZ,1.413874253747688,0.1312357211100258,-0.5983595959844638,-0.5884171511453391,0.6452459080373355,0.4239008647848869,-0.20725844727043038,-0.6046652073253482,-0.6087850493877929,0.00154231577925502,0.00462694733776506,0.00231347366888253,0.005783711750987872,0.31001045358254753
2016-10-31,13.023024559020996,0.15459478877672836,0.1552685615323285,0.15032752205670305,0.15160021939756144,0.21456083437845672,300124.SZ,-1.430309874250422,0.1406786585124022,-0.5992699116462727,-0.5798267089117416,0.9318703311042765,0.5746031904968638,0.19342518446892576,-0.6032323999452375,-0.6076397058177272,0.007326027530242892,0.015808709158582405,0.0026990250349147376,0.014651999902922689,0.7790605262239804
2016-11-01,13.136540412902832,0.1559423449973535,0.15669098734214523,0.15422046224962008,0.15459478877672836,0.021926667165054828,300124.SZ,-0.7192638422508947,0.15512168783662844,-0.5997042522720838,-0.5720073587462949,1.0605639328382845,0.7129357742030434,0.3673013181963607,-0.601230264041617,-0.6062652938067196,0.015423157792550199,0.007326027530242892,0.020050105130315257,0.006940421006647589,-0.23611476458962352
2016-11-02,12.871665954589844,0.15279803643980336,0.15684071581110356,0.15242372062211992,0.1556428880594368,-0.18286340469413906,300124.SZ,-0.008217810251367088,0.14014070512477034,-0.6029278294401166,-0.5623428655534582,0.6197339942942898,0.5279640241288752,0.0289172432308182,-0.5991332416343583,-0.6049958721804881,0.0053981052273925694,0.00077115788962751,-0.009253894675530016,-0.016194370839740804,-0.25212752797794086
2016-11-03,12.928425788879396,0.15347181990482833,0.1540707444900866,0.15167507827732818,0.15294777561818657,-0.40500446259763856,300124.SZ,0.7028282217481605,0.13047783593290477,-0.6058005802552587,-0.5537641011559016,0.6876777102516857,0.4087472903857445,-0.10901428338670519,-0.597102640051123,-0.6036882724807664,-0.013880842013295178,-0.014266393379327386,-0.0038557894481376525,0.0034702380821052393,-0.27498368242940247
2016-11-04,12.60679054260254,0.14965373859167808,0.15451992989696162,0.14868050889816126,0.15451992989696162,-0.1923755101780263,300124.SZ,1.413874253747688,0.09191482801992278,-0.6102827689599667,-0.5452099904124411,0.19200818069895292,0.1836480974841142,-0.6348238067223786,-0.595774209996827,-0.6025763350663437,0.008097185419870402,0.00231347366888253,-0.015423157792550199,-0.019664553764282947,0.2977313483725425
2016-11-07,12.600485801696776,0.14957887971191136,0.1510012948123032,0.148081584312903,0.14920455318480305,-0.40243515492318604,300124.SZ,-1.430309874250422,0.05879613064514591,-0.6130724217256627,-0.5399541635787638,0.18271228323223154,0.021814202274417754,-0.735395353453631,-0.5944552680499416,-0.6015407537989016,-0.027376187818121143,-0.018122293142591128,-0.0030846867160731345,-0.0003855513660321049,-0.2590690453918401
2016-11-08,12.732922554016112,0.1511510339906864,0.15189966562605328,0.14950401012271974,0.14950401012271974,-0.5667505399461753,300124.SZ,-0.7192638422508947,0.04248516313417244,-0.6153372220758382,-0.5354036328922035,0.35365374572613356,0.13076055635044348,-0.6055993468749173,-0.5929845041680395,-0.6002808760083649,0.00154231577925502,0.00462694733776506,0.007326027530242994,0.0080971854198703,-0.19881092157063882
2016-11-09,12.613099098205566,0.1497286081808697,0.15122589287045315,0.1467340280922779,0.15092643593253646,-0.28009958079634373,300124.SZ,-0.008217810251367088,0.017410585188261996,-0.6158310508983672,-0.5368237071065175,0.17119809152975687,-0.07734356238278642,-1.0664398754694075,-0.591694027900769,-0.5992643837776681,0.0073260275302427895,-0.0034701829245422475,-0.014266448536890583,-0.0073260275302427895,0.3952392602752365
2016-11-10,12.701391220092772,0.15077670746357807,0.15242372062211992,0.14980347777006128,0.1508515770527697,-0.4150214168974945,300124.SZ,0.7028282217481605,0.004002955436683649,-0.6163178493766657,-0.5374839299268266,0.28737316062077006,0.10674691764164249,-0.8881469479729454,-0.5903371308094753,-0.5985437722991991,-0.00038555136603231035,0.006169263117020182,0.015808819473708595,0.005398105227392364,-0.16009130688599568
2016-11-11,12.707695960998535,0.1508515770527697,0.15160021939756144,0.14957887971191136,0.15122589287045315,-0.14965672460846452,300124.SZ,1.413874253747688,-0.0072993745911380074,-0.6171878158247718,-0.5378808720438059,0.2957613922866268,0.03295538120926724,-0.9255054812319126,-0.5889138115367751,-0.5977038539997339,0.0019278671452873303,-0.00424134081416986,-0.0011567644132227095,0.00038560652359530235,0.3671992283241312
2016-11-14,12.934733390808104,0.15354668949401992,0.15384614643193664,0.15062697899461977,0.1508515770527697,-0.09397840028924932,300124.SZ,-1.430309874250422,0.0025296367150658043,-0.6172595357065308,-0.5378585296757292,0.5903366572397903,0.2962653425686732,-0.5938445047463884,-0.5867218999111122,-0.5965966885031586,-0.0019278671452873303,0.01156736834441265,0.005398105227392467,0.013880842013295178,0.09098299482327009
2016-11-15,12.890584945678713,0.1530226344979533,0.1546696476564951,0.15145048021917823,0.15354668949401992,-0.15144185745854588,300124.SZ,-0.7192638422508947,0.005025790976500039,-0.6185044333699359,-0.5372644736983035,0.5174620248288457,0.3477610276443262,-0.4763778428533507,-0.5848336307981001,-0.5955992853092069,0.013880842013295178,0.004241340814169757,0.004241340814169757,-0.0026990801924777295,-0.0580567211912348
2016-11-16,13.268977165222168,0.1575144885667037,0.1596106978415454,0.15317237367633652,0.15332209143586997,1.3379925609607664,300124.SZ,-0.008217810251367088,0.038795839222949484,-0.6148807004580357,-0.5395007477585635,0.9710003322153524,1.1054340665648184,0.1667193418239766,-0.5824139883059866,-0.5947020998995063,-0.0011567644132228123,0.025448265515270924,0.008868398467061006,0.0231347366888253,1.979645152051558
2016-11-17,13.28159236907959,0.1576642277450869,0.15856259855883698,0.15579261652839513,0.1575893581558953,0.04542255228152037,300124.SZ,0.7028282217481605,0.06461256339268501,-0.6117162176862965,-0.5411083532487777,0.9852031637336205,1.2504946658061307,0.1667193418239771,-0.5802695199321427,-0.593809686407653,0.021978027433165685,-0.0053981052273925694,0.013495235489699877,0.0007712130471906047,-1.6850412645041621
2016-11-18,13.161767959594728,0.15624180193527018,0.16095825406217054,0.15609207346631182,0.1576642277450869,-0.014669751129651565,300124.SZ,1.413874253747688,0.07229184758683797,-0.6099974669150444,-0.5411499491944524,0.7806232396475428,1.3813521440008143,0.45148412261180876,-0.5784097151413624,-0.5930270352184233,0.00038560652359530235,0.012338526234040262,0.0015423157792549172,-0.007326027530242892,-0.06151965497378875
2016-11-21,13.016717910766602,0.15451992989696162,0.1564663999934201,0.15362155908321154,0.15534343112152013,-0.3285710756086193,300124.SZ,-1.430309874250422,0.06346166661236095,-0.6095029274923975,-0.5410824942597228,0.5407056790837849,0.5623906449519777,0.0025739162260235097,-0.5771666821259109,-0.5922682449837862,-0.01195297486800785,-0.023134736688825503,-0.012724077600072367,-0.008868288151934817,-0.39585789787749215
2016-11-22,13.300512313842772,0.15788882580323685,0.1588620447873288,0.15474451724568672,0.15474451724568672,0.16325238145102028,300124.SZ,-0.7192638422508947,0.07939771139473557,-0.6069214293777065,-0.5419476139888759,0.8785943823877456,1.2550336919384033,0.2858025580522141,-0.5757243839236236,-0.5913090198633248,-0.0030846315585101427,0.012338471076477064,0.00578365659342488,0.017351080095400522,0.6655094506519835
2016-11-23,13.571693420410156,0.16110798253112887,0.16597416312698757,0.15728990121797862,0.15728990121797862,1.2092115955195302,300124.SZ,-0.008217810251367088,0.11344991482652576,-0.6020241428119211,-0.543060231859757,1.1710381448973315,2.215660755123758,1.0063976873505889,-0.5748988588540481,-0.5902495769586125,0.01310968412366767,0.03663008249365147,0.01310968412366767,0.016579867048209917,1.395462919401904
2016-11-24,13.369884490966797,0.15871232702779534,0.16462660690636244,0.15811341315196195,0.1602096117173788,0.27787416063157117,300124.SZ,0.7028282217481605,0.11983668141931333,-0.5998417371943526,-0.5422916787452291,0.844445408200361,1.651380573580555,1.006397687350589,-0.5742725976139256,-0.5892808073197785,0.015037606426517991,-0.006940421006647589,0.004241395971732955,-0.01233852623404016,-1.2091958296458756
2016-11-25,13.376190185546877,0.15878719661698693,0.16035934018633713,0.15534343112152013,0.15871232702779534,0.06780092852985505,300124.SZ,1.413874253747688,0.12272273911448525,-0.5977963139330135,-0.5417932180155535,0.8514331460800352,0.933155871881305,0.5249112752437379,-0.5737032690904157,-0.5885220170851414,-0.0077115788962750995,-0.02197802743316558,-0.014266448536890481,0.00038560652359530235,-0.25908694378212443
2016-11-28,13.596919059753418,0.16140743946904557,0.16208122293407054,0.1583380112101119,0.15931123019420385,0.24583797327677998,300124.SZ,-1.430309874250422,0.14163328905308298,-0.5942208979727944,-0.5431742594706018,1.0913042902349102,1.320721492430374,0.6947039323348791,-0.5727259220858235,-0.5874673467809541,0.0030845764009469452,0.008868343309497808,0.015423212950113294,0.013495235489699877,0.2521640254250884
2016-11-29,13.363574981689451,0.15863745743860372,0.16208122293407054,0.1581882720317287,0.16095825406217054,-0.0969934961594632,300124.SZ,-0.7192638422508947,0.13307098662965916,-0.5931029742043976,-0.5433742051056465,0.7198177104803969,0.975911349501818,0.6687054837687242,-0.5722799484603326,-0.5864938052242727,0.008482791943465807,0.0,-0.0007712130471907074,-0.014266448536890481,-0.4339670785176131
2016-11-30,13.306818008422852,0.15796367397357874,0.1608085255932122,0.15714017274902026,0.15878719661698693,-0.07568619962117733,300124.SZ,-0.008217810251367088,0.11856444821482547,-0.592001981082644,-0.5425405283472386,0.6323773344186729,0.6982481661197091,0.48479891114079465,-0.5716062453257741,-0.5855679862594544,-0.011181761820817449,-0.006554869640615177,-0.0053981052273925694,-0.003470238082105342,0.045706633145011465
2016-12-01,13.21221923828125,0.15684071581110356,0.15901178396571203,0.15609207346631182,0.1575144885667037,-0.3009074907725529,300124.SZ,0.7028282217481605,0.0962484615317072,-0.5914226646831052,-0.5418347700627815,0.4868360131953353,0.4082265496131581,0.30223826840813295,-0.5710653838392621,-0.5847662460334796,-0.006554924798178477,-0.009253894675530222,-0.005398105227392673,-0.005783656593424777,-0.27904122052436786
2016-12-02,13.180688858032228,0.1564663999934201,0.15841285938045377,0.15586748611758675,0.15661611775295362,-0.3767433754639603,300124.SZ,1.413874253747688,0.07359773964422413,-0.5917973313252828,-0.538601333345112,0.43811667778638647,0.3022347523901513,0.2627813074857781,-0.5704296331343459,-0.5839454160880818,-0.00462694733776506,-0.0030846867160731345,-0.001156709255659615,-0.0019278671452873303,-0.08225840287211329
2016-12-05,13.275285720825195,0.1575893581558953,0.16133256987985395,0.1548193761254535,0.15571774693920354,0.07242718446368987,300124.SZ,-1.430309874250422,0.06200173993046879,-0.5922364025459769,-0.5348011041069621,0.5555925538765424,0.4463808313931498,0.5840680114695993,-0.5698413283960149,-0.5829671019308752,-0.00462694733776506,0.015037606426517991,-0.005398160384955561,0.00578365659342488,0.609323525416282
2016-12-06,12.97887897491455,0.1540707444900866,0.15901178396571203,0.15384614643193664,0.1575893581558953,-0.12451813491215172,300124.SZ,-0.7192638422508947,0.024916390600428967,-0.5928367676802822,-0.5329015805382451,0.10478439495931446,0.01690561268017056,0.4094800128654212,-0.5696610407813831,-0.5821987664951878,0.009639501199125421,-0.011952919710444857,-0.00501249870379737,-0.018122182827464937,-0.24179377092602783
2016-12-07,13.048250198364258,0.15489424571464505,0.1552685615323285,0.1513756213394115,0.15459478877672836,-0.2979134245798232,300124.SZ,-0.008217810251367088,0.00035419698737578826,-0.594364617477578,-0.5289968979460298,0.19469482236649188,-0.34159838922012004,-0.0182548639927144,-0.5690252914338501,-0.581287264649267,-0.015423157792550199,-0.019279002398250842,-0.012724132757635462,0.004241340814169757,-0.21077172324689344
2016-12-08,13.04194164276123,0.1548193761254535,0.15631667152446177,0.15422046224962008,0.15429533183881167,-0.6296298901275699,300124.SZ,0.7028282217481605,-0.0207518545394991,-0.5956371131002521,-0.5258513586891076,0.18516662112273374,-0.12883419892647408,0.10424540592221651,-0.5684939194121317,-0.5805571086524255,-0.00154231577925502,0.005398160384955561,0.014651999902922689,-0.0003856065235951996,-0.4193254757317329
2016-12-09,12.802292823791504,0.15197453521524487,0.15549315959047844,0.1513756213394115,0.1554183007107117,0.048452123124548066,300124.SZ,1.413874253747688,-0.05936855916710118,-0.5962736888802703,-0.5246468778967203,-0.16751372086634392,-0.5861128998848476,-0.3664016346244173,-0.5684654537325168,-0.5799939813857653,0.005783711750987872,-0.004241395971732749,-0.014651999902922689,-0.014651999902922791,0.9108646320446097
2016-12-12,12.241010665893556,0.14531161299188602,0.1527231882694615,0.1446378402362859,0.1508515770527697,0.22405163707216513,300124.SZ,-1.430309874250422,-0.13946467189951092,-0.5906872331969734,-0.5345524347308652,-0.8757711423626692,-1.5520904415166041,-1.22153991336102,-0.569642064566562,-0.5798651307290743,-0.023520343212420705,-0.014266393379327284,-0.034702105033237944,-0.03431655366720574,0.24895310817307095
2016-12-13,12.436513900756836,0.14763239890602795,0.14860563930896964,0.14486242758501097,0.14628484268540284,-0.3524201637173767,300124.SZ,-0.7192638422508947,-0.18479253829041453,-0.5885632978309921,-0.539245632205262,-0.6046514575352391,-1.4843086929505105,-1.2215399133610203,-0.5706953218599712,-0.5793879048104451,-0.023520398369983594,-0.02120692470110127,0.001156709255659615,0.011952919710444754,-0.7417374545565143
2016-12-14,12.436513900756836,0.14763239890602795,0.14935429236318623,0.14598539645691103,0.14755755073568608,-0.5661008731238948,300124.SZ,-0.008217810251367088,-0.2195050711955468,-0.587522238021483,-0.5445171667941098,-0.6046514575352399,-1.2588091046382655,-1.225159123261172,-0.5713500487797085,-0.5786625214141287,0.006554924798178477,0.0038558446057006444,0.0057837117509879745,0.0,-0.26383901137345056
2016-12-15,12.37345027923584,0.1468837672706611,0.1490548247158447,0.14643458186378605,0.14755755073568608,-0.6522378175957161,300124.SZ,0.7028282217481605,-0.251034549018366,-0.5868290566857701,-0.5497509806405376,-0.6816413044901293,-1.2001714611748844,-1.2251591232611714,-0.5721850619566945,-0.5780612160739781,0.0,-0.0015423709368181146,0.00231347366888253,-0.0038557342905742495,-0.09582781113246686
2016-12-16,12.53111171722412,0.148755367777928,0.14927942277399464,0.1468088976814695,0.14703349573961944,-0.430221367359128,300124.SZ,1.413874253747688,-0.2603578605761482,-0.5868395372966729,-0.552810989707732,-0.4583975129183058,-1.0337900336290236,-1.1934891985866232,-0.5722989273899198,-0.5774503668981328,-0.0026990801924778323,0.0011567644132228123,0.0019278671452873303,0.009639446041562224,0.3100973372258374
2016-12-19,12.316690444946287,0.14620999451506098,0.148755367777928,0.14508702564316092,0.14755755073568608,-0.720801871958869,300124.SZ,-1.430309874250422,-0.284800655836886,-0.5858808097019963,-0.5573411697723315,-0.722688698376055,-1.2341337953008986,-1.1067384631276305,-0.5727259220858235,-0.5770017738519436,0.0026990801924778323,-0.0026990801924778323,-0.008868288151935022,-0.013109628966104575,-0.3651377843500391
2016-12-20,12.41128921508789,0.14733295267753613,0.148081584312903,0.14606025533667777,0.14620999451506098,-0.6217281936473934,300124.SZ,-0.7192638422508947,-0.29371638944158146,-0.5867832183675729,-0.560618855271458,-0.5881937668091811,-1.1120521757013473,-1.1067384631276305,-0.5732098508557228,-0.5765054582138914,-0.006940421006647589,-0.003470238082105342,0.00501249870379737,0.005783656593424777,0.14814694566677097
2016-12-21,12.360835075378418,0.1467340280922779,0.14838105196024456,0.14635971227459446,0.1474826811464945,-0.5699814631232971,300124.SZ,-0.008217810251367088,-0.30308325186077767,-0.5899299144115855,-0.5628416202035831,-0.6510708589129981,-1.0846704525701483,-1.1529626108235276,-0.5735894036571904,-0.5760473213320074,0.006554814483052287,0.0015423709368181146,0.00154231577925502,-0.0030846867160731345,0.08580397417325135
2016-12-22,12.297771453857422,0.14598539645691103,0.14710836532881105,0.1444881010579027,0.14695862615042785,-0.5617106548363683,300124.SZ,0.7028282217481605,-0.31380255274259017,-0.5919313947125708,-0.5657263235051022,-0.7302462089633849,-1.1961377662183472,-0.8771886660737818,-0.5741966859677257,-0.5756703125149514,-0.0026990801924778323,-0.006554814483052184,-0.009639501199125421,-0.003855734290574455,0.028533892171280432
2016-12-23,12.291464805603027,0.1459105268677194,0.1465843103327444,0.14471269911605264,0.14523675411211925,-0.6035640145549154,300124.SZ,1.413874253747688,-0.32048289914123457,-0.5945269423197361,-0.567978488648947,-0.7383042260462266,-1.1465603025488194,-0.8771886660737832,-0.5748229472078482,-0.5752694427433029,-0.00886828815193492,-0.002699080192477935,0.0011567644132228123,-0.00038560652359530235,-0.03749380923766359
2016-12-26,12.518499374389648,0.14860563930896964,0.14868050889816126,0.1443383832983692,0.14493728646477771,-0.44009602994509717,300124.SZ,-1.430309874250422,-0.30346363257513276,-0.6002049365917971,-0.5665990248452517,-0.39734014060143197,-0.895855926802985,-1.2161254784653233,-0.5754492084479708,-0.5744820196362259,-0.0015423709368181146,0.010796210454785139,-0.0019278671452872276,0.013880842013295178,0.2329724539572738
2016-12-27,12.518499374389648,0.14860563930896964,0.1502526631769363,0.1479318665533695,0.14860563930896964,-0.46111635331953177,300124.SZ,-0.7192638422508947,-0.2879763194964618,-0.6042408169959582,-0.5660011391847501,-0.39734014060143197,-0.6471324490259651,-1.0884280279814942,-0.576009047506687,-0.5738139033501449,0.018893395874655643,0.008097185419870402,0.018507789351060136,0.0,-0.010050810023782152
2016-12-28,12.493271827697754,0.14830618237105295,0.14912969430503628,0.148081584312903,0.148081584312903,-0.8346251378985823,300124.SZ,-0.008217810251367088,-0.2760775345359776,-0.6082972233810543,-0.565225660537553,-0.43300224847133983,-0.6580986175825303,-1.0884280279814935,-0.5771761688759385,-0.5731839644548767,-0.0026990801924778323,-0.005783711750987872,0.0007711027320645179,-0.00154231577925502,-0.4743777762883188
2016-12-29,12.732922554016112,0.1511510339906864,0.15264831868026987,0.1482313234912862,0.14830618237105295,-0.24946186699425346,300124.SZ,0.7028282217481605,-0.2439020403818402,-0.611450600929837,-0.5638768035852074,-0.07827876695865638,-0.37630659108283826,-0.5689287668127256,-0.5780016939455139,-0.5725206194039654,0.0011567644132228123,0.01812223798502803,0.0007712130471906047,0.014652055060485784,0.7884643764560444
2016-12-30,12.821213722229004,0.15219913327339482,0.15332209143586997,0.15017779358774472,0.15122589287045315,-0.4903347687259578,300124.SZ,1.413874253747688,-0.20947770338186972,-0.614192330035037,-0.5624251080799327,0.04618811367659766,-0.20810502097380942,-0.4751129880213177,-0.578514088395028,-0.5718429572341563,0.015037606426517991,0.0034701829245421447,0.010025052565157629,0.0053981052273925694,-0.29965881700704905
2017-01-03,12.739229202270508,0.15122589287045315,0.1530975040871449,0.15017779358774472,0.15219913327339482,-0.6528892596505116,300124.SZ,-0.7192638422508947,-0.18861334808344354,-0.6188755193135987,-0.5595656345158605,-0.07864477091743238,-0.24480288766562472,-0.47511298802131746,-0.5789315963409041,-0.57142777034361,0.005012553861360362,-0.001156709255659615,0.0,-0.005012553861360362,-0.1964913261664503
2017-01-04,12.789681434631348,0.15182481745571139,0.15242372062211992,0.14935429236318623,0.1510012948123032,-0.7278593088218622,300124.SZ,-0.008217810251367088,-0.16699868502280277,-0.6203213590647809,-0.5587982836002418,-0.005057878019073083,-0.26154542513050794,-0.6237024531684745,-0.5797001886938669,-0.5710889389173667,-0.006169318274583174,-0.0034702380821052393,-0.004241340814169757,0.0030846867160731345,-0.0811178526851992
2017-01-05,12.77076244354248,0.15160021939756144,0.1552685615323285,0.15077670746357807,0.1523488510329283,-0.5847649167256651,300124.SZ,0.7028282217481605,-0.15112502526978372,-0.6227472410270752,-0.5573161652614463,-0.035079897303245705,-0.04443168925748686,-0.21698416067718132,-0.5809052652075268,-0.5712798292848182,0.006940421006647589,0.014651999902922586,0.0073259723726796944,-0.0011567644132228123,0.2061346721716508
2017-01-06,12.67616367340088,0.15047725052566138,0.1511510339906864,0.14965373859167808,0.15047725052566138,-0.7118154401339137,300124.SZ,1.413874253747688,-0.14656555717769026,-0.6259826834680852,-0.555318435710351,-0.18569519036616455,-0.3047835335797162,-0.42157988829544063,-0.5819490330361423,-0.5714898086890151,-0.00963944604156243,-0.021206814385974975,-0.005783711750987769,-0.0057837117509879745,-0.14972256252845145
2017-01-09,12.64462947845459,0.1501029239985531,0.15070184858381133,0.1474826811464945,0.14987833664982803,-0.46593187635072464,300124.SZ,-1.430309874250422,-0.14539297885428287,-0.6270384177768652,-0.5548531945095374,-0.2358876410269102,-0.4247586224767212,-0.8015396448520657,-0.5830497349387537,-0.5717570558861254,-0.003084631558509937,-0.0023134736688826324,-0.011181761820817347,-0.0019279223028502194,0.3415370739727132
2017-01-10,12.556337356567385,0.1490548247158447,0.15017779358774472,0.14868050889816126,0.1497286081808697,-0.7505885666045847,300124.SZ,-0.7192638422508947,-0.15186378845385065,-0.6273776994854331,-0.552920722665884,-0.37651081452116325,-0.4084109066334932,-0.8015396448520656,-0.5846153866816769,-0.5720529359556754,-0.0007711578896274072,-0.0026990801924777295,0.00616926311702008,-0.0053981052273925694,-0.35733444595269914
2017-01-11,12.41128921508789,0.14733295267753613,0.14957887971191136,0.146659179921936,0.14845592154943615,-0.5602852114050756,300124.SZ,-0.008217810251367088,-0.1692257450668227,-0.627359453025551,-0.5530649236502074,-0.6004225611495627,-0.6250514890474225,-1.1457531160309555,-0.5860481940617875,-0.5725492509110498,-0.00655481448305239,-0.003084631558509937,-0.010410603931189836,-0.008868288151934817,0.2683222244771736
2017-01-12,12.222091674804688,0.14508702564316092,0.14838105196024456,0.14456297064709428,0.1468088976814695,-0.5538089583561918,300124.SZ,0.7028282217481605,-0.1987934597238174,-0.6267649247515302,-0.554804009620787,-0.8757949993815742,-0.9328650831922648,-1.0652324419506587,-0.5876802652713512,-0.5730312494302041,-0.0084827919434656,-0.006169263117020182,-0.010796265612348234,-0.011567368344412752,0.026169955528849764
2017-01-13,12.253623962402344,0.14546134146084438,0.14725808308834454,0.14441324217813595,0.14441324217813595,-0.5685023530475154,300124.SZ,1.413874253747688,-0.21823404771237745,-0.6264418101615722,-0.555765200378633,-0.8194392986814342,-0.9618627802739066,-1.0416217219419375,-0.5891225621162555,-0.5734846143942408,-0.012338526234040262,-0.005783711750987872,-0.00077115788962751,0.0019278671452873303,-0.001716456067453135
2017-01-16,12.127493858337402,0.14396405677126092,0.1478569969641779,0.13617816567600202,0.14553621105003597,-0.36646157012851566,300124.SZ,-1.430309874250422,-0.24334235538188237,-0.6257264545870195,-0.5585671152340148,-0.999823572121944,-1.5500408611274377,0.0794796894314393,-0.5907071914313831,-0.5739618403128699,0.005783711750987872,0.003084631558509937,-0.042413739087076144,-0.007711578896274997,0.28378373543306473
2017-01-17,12.499579429626465,0.14838105196024456,0.14897996583607795,0.14321541442646918,0.14321541442646918,-0.41196016498189314,300124.SZ,-0.7192638422508947,-0.22892223531379935,-0.625704473784136,-0.5577018433890333,-0.3668140837347973,-0.6220310357065112,-0.11066516404650605,-0.5918743128006346,-0.5742529484645726,-0.011952974868007952,0.0057837117509879745,0.03624447597005606,0.02274918532279299,-0.04229561456681508
2017-01-18,12.48065948486328,0.14815645390209461,0.149429151242953,0.1465843103327444,0.1482313234912862,-0.7484744695138573,300124.SZ,-0.008217810251367088,-0.21797964428382594,-0.6256516540933461,-0.557425602089489,-0.3951346544565787,-0.29257231062577244,-0.1868740886146583,-0.5926239289387761,-0.574539284698428,0.02583381688130313,0.0023134736688826324,0.017351080095400522,-0.0011567644132228123,-0.4256455862186241
2017-01-19,12.44282054901123,0.14770726849521956,0.1488302373671196,0.146659179921936,0.1482313234912862,-0.8514750987046436,300124.SZ,0.7028282217481605,-0.21154511493104808,-0.6256739203545141,-0.5570001962659711,-0.45283502080019633,-0.3441138236524485,-0.1868740886146593,-0.5935348537619621,-0.5746776805561693,0.0,-0.0030846315585101427,0.00038560652359530235,-0.0023134736688826324,-0.11804205195850417
2017-01-20,12.62571144104004,0.14987833664982803,0.15122589287045315,0.14733295267753613,0.14815645390209461,-0.6306146662261249,300124.SZ,1.413874253747688,-0.18936270310118924,-0.6254236105937764,-0.5556950383166571,-0.15691137958622542,0.26042005467896834,-0.5963521455345252,-0.5941611136447016,-0.5747254031480322,-0.00038560652359530235,0.01233852623404016,0.0034701829245422475,0.011181816978380544,0.30857453498511167
2017-01-23,12.657243728637695,0.1502526631769363,0.15182481745571139,0.14935429236318623,0.14987833664982803,-0.6296056513759241,300124.SZ,-1.430309874250422,-0.16836571410572634,-0.625197430594956,-0.5541773527769797,-0.10714134553890367,0.6548869095390902,-0.6956931273035943,-0.5943793550463587,-0.5748208483317581,0.008868343309497912,0.0030846867160731345,0.010410659088752931,0.0019279223028503222,0.018968057010060015
2017-01-24,12.802292823791504,0.15197453521524487,0.15264831868026987,0.14980347777006128,0.15017779358774472,-0.3577091958828329,300124.SZ,-0.7192638422508947,-0.1385837989361179,-0.6239467746206705,-0.5542558512221938,0.11837883630883622,0.8951983362674293,-0.8327141270965545,-0.593534852404579,-0.5749878777446172,0.00154231577925502,0.004241340814169757,0.00231347366888253,0.008868288151934817,0.37580340725962136
2017-01-25,13.016717910766602,0.15451992989696162,0.15504397418360344,0.1510761644014948,0.15152534980836985,-0.4833982525084989,300124.SZ,-0.008217810251367088,-0.09617597157120168,-0.6209360000979784,-0.555345945743625,0.4307853118399183,1.3775897014969352,-1.2171599190022218,-0.5926618813684186,-0.5750785503278179,0.006940421006647589,0.012338526234040262,0.006554814483052287,0.013109739281230763,-0.14792912583362713
2017-01-26,12.991490364074709,0.15422046224962008,0.15556802917967005,0.15324722184667838,0.15429533183881167,-0.6836477575417887,300124.SZ,0.7028282217481605,-0.06537145363915509,-0.6185645672840993,-0.5556891677342338,0.38644225467512017,1.4131224339727755,-1.248394010356145,-0.5918268668340495,-0.5749878770619393,0.014266448536890481,0.0026990801924777295,0.011181761820817244,-0.0015423709368181146,-0.24614631766487605
2017-02-03,12.865360260009766,0.1527231882694615,0.15504397418360344,0.15182481745571139,0.15474451724568672,-0.8564594736592731,300124.SZ,1.413874253747688,-0.052855882346061506,-0.6178516502410422,-0.5558768208325455,0.16649673097968268,0.9875872000927925,-1.0776237614773658,-0.5910867401607015,-0.5750355989711246,0.00231347366888253,-0.0026990801924777295,-0.007325917215116599,-0.007711523738711902,-0.21000299188126337
2017-02-06,13.04194164276123,0.1548193761254535,0.1559423449973535,0.15197453521524487,0.1523488510329283,-0.6725335047132024,300124.SZ,-1.430309874250422,-0.028270610885946654,-0.6162176397287144,-0.5567103820185056,0.4244027379801948,1.1272153094359212,-1.2226527653076273,-0.5903181478077388,-0.5747063127459314,-0.012338581391603255,0.004626947337764957,0.0007711027320644152,0.010796155297222044,0.2599214036343112
2017-02-07,12.859053611755373,0.15264831868026987,0.1552685615323285,0.15212426368420323,0.15496911530383667,-0.6733601485615839,300124.SZ,-0.7192638422508947,-0.026027028413581565,-0.6156356417714597,-0.5568065408240743,0.11316824921621824,0.8317138333247596,-1.2226527653076273,-0.5895021122029571,-0.5745106497779546,0.013495345804826066,-0.003470238082105342,0.0007711578896276126,-0.011181761820817449,0.016549975488477676
2017-02-08,12.922119140625,0.1533969610250616,0.15354668949401992,0.15077670746357807,0.15264831868026987,-0.7070040820713136,300124.SZ,-0.008217810251367088,-0.019748311551745674,-0.6148890381663722,-0.5570335508505778,0.20628875596539997,0.5899513582167772,-1.0046288071338614,-0.5887335198499943,-0.5743674820023659,-0.011952974868007952,-0.00886828815193492,-0.006940421006647795,0.0038557894481375497,-0.02667967378118406
2017-02-09,12.95995807647705,0.15384614643193664,0.1552685615323285,0.15324722184667838,0.15324722184667838,-0.6032172297109466,300124.SZ,0.7028282217481605,-0.012591503004638845,-0.6138348007712054,-0.5573434331547624,0.2625162935766411,0.8755948927947321,-1.253132290607627,-0.587832083134219,-0.5741050074057809,0.0030845764009468425,0.00886828815193492,0.012724077600072367,0.00231347366888253,0.15435552849560888
2017-02-10,13.29420566558838,0.15781395621404526,0.15878719661698693,0.1533969610250616,0.15444506030777003,-0.08842123973586931,300124.SZ,1.413874253747688,0.021160235832308746,-0.6096309561237584,-0.5592435434152249,0.7267962735819313,1.3413127290191273,-0.7101474439469404,-0.5863328535727019,-0.5736564143595916,0.006169318274583277,0.018122293142591128,0.0007712130471907074,0.02043571165391056,0.6957707717732029
2017-02-13,13.325737953186035,0.1581882720317287,0.1598352851902705,0.15654125887318687,0.15773908662485367,0.2514937275129107,300124.SZ,-1.430309874250422,0.04882231145801902,-0.6056177527952291,-0.560613722291924,0.7678215873304765,1.5382552542914174,-0.5591712523178751,-0.5847766912945722,-0.573188732959335,0.01696547357180532,0.005398050069829475,0.016194315682177707,0.0019278671452872276,0.4654030188480818
2017-02-14,13.439255714416504,0.1595358282523538,0.16170689640696223,0.15684071581110356,0.15728990121797862,0.2775197286321536,300124.SZ,-0.7192638422508947,0.078586390353853,-0.6010009335193532,-0.5617059239865897,0.914723558308101,1.5955198258473346,-0.2977929059010579,-0.5833913271662806,-0.5728069522244317,-0.0023134736688826324,0.009639501199125319,0.00154231577925502,0.006940421006647589,0.051922501248286713
2017-02-15,13.105009078979492,0.15556802917967005,0.15916151243467036,0.1552685615323285,0.15916151243467036,-0.37539604226332324,300124.SZ,-0.008217810251367088,0.07039898305730748,-0.5997257008422788,-0.5598161694020853,0.32822104313408523,0.9494156510465597,-0.5749719584525727,-0.5825088680227095,-0.5726446947294199,0.009639501199125319,-0.01310968412366767,-0.008097185419870402,-0.020435656496347467,-0.8424357770128096
2017-02-16,13.33204460144043,0.15826314162092028,0.16005988324842044,0.15504397418360344,0.1556428880594368,-0.2858556356695664,300124.SZ,0.7028282217481605,0.0817830095216493,-0.5980325560351986,-0.5563869346840576,0.6245440494642532,1.0641199761452638,-0.4475589095027518,-0.5812468574350538,-0.5725969714548792,-0.018122237985027927,0.004626947337765162,-0.001156709255659615,0.013880842013295178,0.13558893136997305
2017-02-17,13.287897109985352,0.15773908662485367,0.1607336560040206,0.15684071581110356,0.15871232702779534,-0.4373195662917903,300124.SZ,1.413874253747688,0.08459430816274448,-0.5972313222740424,-0.5522844421245009,0.5504141100672472,1.0625764025256448,-0.3521315947610189,-0.5804118442580678,-0.5725921995370319,0.0158087643161455,0.0034701829245423503,0.009253894675530016,-0.0026990801924777295,-0.18188192249475002
2017-02-20,13.615839004516602,0.16163203752719552,0.16312931150735413,0.15841285938045377,0.15863745743860372,-0.21526884041202987,300124.SZ,-1.430309874250422,0.11328100764397714,-0.5954489933936647,-0.5471160387059285,0.949994754034107,1.3415942471649462,-0.024688520360301995,-0.5792162558518185,-0.572248596192941,-0.00038560652359530235,0.012338526234040057,0.008097130262307307,0.02005016028787825,0.31014248793901705
2017-02-21,13.899635314941406,0.16500092272404587,0.1658244346580292,0.16095825406217054,0.16230581028279564,0.22968397189473388,300124.SZ,-0.7192638422508947,0.15804279885711275,-0.5892994821153236,-0.547479482830647,1.2576699785049055,1.5811505257179006,0.315395849015672,-0.5774703178516465,-0.5715804799068602,0.01889339587465554,0.013880897170858273,0.013109739281230867,0.017351024937837425,0.6037675592703752
2017-02-22,13.823955535888672,0.1641025519102958,0.16657307700282098,0.162455538751754,0.16545010813092093,-0.37419079594205207,300124.SZ,-0.008217810251367088,0.18337101742817383,-0.5854063750739684,-0.545483502921278,1.1274983581387545,1.444666190154656,0.40596104053078286,-0.5759141569308998,-0.5711843827357369,0.016194315682177707,0.0038557894481376525,0.007711578896274997,-0.00462694733776506,-0.7778349100936697
2017-02-23,13.83656883239746,0.16425228037925416,0.16619876118513752,0.16327905068573734,0.16327905068573734,-0.3382711509045652,300124.SZ,0.7028282217481605,0.20092611300090046,-0.5826677566154702,-0.541893073319527,1.141279811721914,1.2977281934382163,0.4059610405307813,-0.574310551400951,-0.5709839478499126,-0.011181761820817347,-0.0019278671452873303,0.004241395971732852,0.00077115788962751,0.06495522762508879
2017-02-24,13.741969108581545,0.16312931150735413,0.16664794659201254,0.16208122293407054,0.16425228037925416,-0.4522974761327138,300124.SZ,1.413874253747688,0.20279096655549414,-0.580713683588872,-0.5387379338239785,0.9744464154817205,1.0904939330881778,0.1660832746335737,-0.5727069458710022,-0.5707023848992603,0.005012498703797268,0.00231347366888253,-0.006169263117020182,-0.005783711750987872,-0.1325660110534701
2017-02-27,13.748276710510254,0.16320418109654572,0.16784576363425446,0.16110798253112887,0.16327905068573734,0.14203828461976675,300124.SZ,-1.430309874250422,0.20118886691149618,-0.5792732755775113,-0.5351056224350327,0.9818833030655517,0.9958000395452182,0.32194499927511994,-0.5710464062670578,-0.570420821948608,-0.005012498703797268,0.006169207959456985,-0.0050125538613602595,0.00038560652359530235,0.8005471390228798
2017-02-28,13.67259693145752,0.16230581028279564,0.1640276823211042,0.16148230905823716,0.1638030949723791,-0.6299705299359102,300124.SZ,-0.7192638422508947,0.18970040668503793,-0.5782924483514768,-0.5320117148858362,0.8451842882569506,0.7506450587405058,0.321944999275121,-0.5693668890909092,-0.5703635548383725,0.0026990250349147376,-0.01966455376428305,0.0019279223028503222,-0.00462694733776506,-0.999314987971862
2017-03-01,13.937472343444824,0.16545010813092093,0.16642334853386262,0.16140743946904557,0.16282986527886228,-0.2507717837557302,300124.SZ,-0.008217810251367088,0.2004562568301536,-0.5751088678048684,-0.5312452812212447,1.1597794152086875,0.8679575101064172,0.6284221534363955,-0.5670706014968145,-0.569929278911081,-0.005012498703797268,0.012338581391603357,-0.00038560652359530235,0.016194315682177707,0.517150862826541
2017-03-02,13.817648887634276,0.1640276823211042,0.16604902200675434,0.16395283415076234,0.16589929353779595,-0.5140113861680751,300124.SZ,0.7028282217481605,0.19478763466954818,-0.5733969383387,-0.5292205045186239,0.9446109915019218,0.8273654539926679,0.6284221534363955,-0.5646699379342882,-0.5695427255756524,0.015808709158582405,-0.0019279223028503222,0.013109739281230867,-0.007326027530242892,-0.3291220857815696
2017-03-03,13.811344146728516,0.16395283415076234,0.16545010813092093,0.16118285212032046,0.16335390956550408,-0.3321035834787535,300124.SZ,1.413874253747688,0.18626863136685892,-0.5726840934867008,-0.5254448710523305,0.9332682151131243,0.6567000271677464,0.04912531829094306,-0.5623262043736086,-0.569089359928938,-0.013109684123667566,-0.0030846315585101427,-0.014266448536890583,-0.0003854962084690101,0.2572629080562963
2017-03-06,14.35370635986328,0.17039115831597118,0.1705408760755047,0.16320418109654572,0.16335390956550408,0.5698650874644019,300124.SZ,-1.430309874250422,0.22371973434584372,-0.5670327496853806,-0.5256564678718294,1.5252432391493573,1.086375341982965,0.6801545302993167,-0.5589766594861049,-0.56820171903761,0.0,0.02621936824733534,0.010410603931189836,0.03315978925398272,1.2057866621091355
2017-03-07,14.30955982208252,0.16986710331990457,0.1713643987189129,0.16754631740576262,0.17039115831597118,0.13891128082294038,300124.SZ,-0.7192638422508947,0.2453364436485622,-0.5638664871705853,-0.5222891105492419,1.4456758332287984,1.16852285795932,0.772592119274895,-0.5562533758387236,-0.5674190678483803,0.03624447597005585,0.004241451129295947,0.02236363395676078,-0.0026990801924777295,-0.5500491123941413
2017-03-08,14.17712116241455,0.16829494904112952,0.16986710331990457,0.16724686046784593,0.1691184716845377,-0.48665450688804485,300124.SZ,-0.008217810251367088,0.2465596934737244,-0.5625731867929611,-0.5176861639932796,1.2090988399161176,0.9591128694582817,0.7113454548346708,-0.5537008903411804,-0.5665123386029848,-0.006554814483052184,-0.0077116340538381945,-0.0015423157792549172,-0.008097185419870402,-0.8064081162035973
2017-03-09,13.912246704101562,0.16515065119300423,0.16881900403719616,0.1638030949723791,0.16762117628552936,0.09482850217837098,300124.SZ,0.7028282217481605,0.22017938420689806,-0.5636057008979822,-0.5118408875295838,0.7643371386294714,0.6246070590230521,0.040842650285592155,-0.5514900011433134,-0.5658585387531239,-0.007711634053838297,-0.0053981052273925694,-0.017736686618995825,-0.016194315682177707,0.7836164310554563
2017-03-10,13.905941009521484,0.1650757923132375,0.16619876118513752,0.1637282360926124,0.16530039037138744,-0.6073002644952213,300124.SZ,1.413874253747688,0.19514383185475376,-0.5634194931548601,-0.5090783319725416,0.7540732553979724,0.4763630296354422,0.026897580703020417,-0.5495637755285097,-0.5652047382205853,-0.011952919710444754,-0.013495235489699877,-0.0003855513660321049,-0.0003855513660322076,-0.9072632069727852
2017-03-13,14.58074188232422,0.17308627075722144,0.17398464157097154,0.16500092272404587,0.1650757923132375,0.6797908304176475,300124.SZ,-1.430309874250422,0.2311653931217876,-0.5581250279447999,-0.5091495288961763,1.450671508026044,1.0691956581114652,0.9062157687014664,-0.5466696937312905,-0.5638589597646954,-0.0011567644132228123,0.040100210260630514,0.006554814483052184,0.04125697467385333,1.7131017842869847
2017-03-14,14.31586456298828,0.16994197290909618,0.17376005422224644,0.1691933198548796,0.1721878999434714,-0.2205140379900027,300124.SZ,-0.7192638422508947,0.23222415179776126,-0.55587527555413,-0.5075072509603532,1.0395042436236224,1.0323836102033859,0.9062157687014671,-0.5443923823520171,-0.5622888847857108,0.036630027336088375,-0.0011567092556597175,0.021592420909570278,-0.016194315682177707,-1.168317165419645
2017-03-15,14.35370635986328,0.17039115831597118,0.17196330188532144,0.1692681894440712,0.16964250526175462,-0.6887893771303344,300124.SZ,-0.008217810251367088,0.23241976845167653,-0.555765117168409,-0.501552882022312,1.0763799849880582,0.9197325769552794,0.9062157687014671,-0.542380758340986,-0.5608381159450447,-0.013109739281230867,-0.009253949833093111,0.0003856065235954051,0.0023134736688824272,-0.5992121230138966
2017-03-16,14.454609870910645,0.17158898606763798,0.17398464157097154,0.17001684249828777,0.1706906152538879,-0.5163266990365494,300124.SZ,0.7028282217481605,0.23746637014158434,-0.5542565411764824,-0.49784658964692347,1.1750861677515938,1.015544576254688,1.1118783724621837,-0.5401793572505295,-0.5593109909573979,0.0053981603849556645,0.010410659088752829,0.0038558446057005416,0.006169263117020182,0.2448210084421974
2017-03-17,14.17712116241455,0.16829494904112952,0.1733108688153714,0.16822009016136277,0.17196330188532144,-0.32374121416095997,300124.SZ,1.413874253747688,0.21307921995758522,-0.5557819655688534,-0.49173272178141664,0.7554733216211582,0.749304969497297,0.7616310481963535,-0.5382056897412898,-0.5579461241474406,0.00655481448305239,-0.0034701829245423503,-0.009253949833093213,-0.016965528729368313,0.2713284345116675
2017-03-20,14.164509773254396,0.168145231281596,0.16844468821951272,0.16552497772011251,0.16822009016136277,-0.2916408453229377,300124.SZ,-1.430309874250422,0.1891332660662475,-0.5558866854037161,-0.4889375303733093,0.7369462081902471,0.4026170168764187,0.26645017017715217,-0.5365166831003475,-0.5567101073114965,-0.019278947240687853,-0.025062658991675518,-0.013880842013295178,-0.0007711027320644152,0.059924161005310055
2017-03-21,14.189735412597656,0.16844468821951272,0.17076547413365464,0.16634847894467103,0.16754631740576262,-0.6034596172274044,300124.SZ,-0.7192638422508947,0.16912346714424795,-0.5553390738890399,-0.4881640098661104,0.7643665124733863,0.532531026867935,0.5230725282343759,-0.534514547196727,-0.5552927453091512,-0.0034701829245423503,0.011952919710444857,0.00424134081416986,0.00154231577925502,-0.39311458731436094
2017-03-22,13.969005584716797,0.1658244346580292,0.1667976750609709,0.16395283415076234,0.16634847894467103,0.1406622745861967,300124.SZ,-0.008217810251367088,0.13086062855282782,-0.555439752735025,-0.4873397779046568,0.4356272877949715,0.06314094661642967,0.10583757889470197,-0.532939407346393,-0.5541139962661203,-0.006169318274582969,-0.020435656496347467,-0.012338471076477064,-0.01349529064726297,0.9978578242760333
2017-03-23,14.00053882598877,0.16619876118513752,0.16956765709141275,0.16477633537532077,0.1658244346580292,-0.08536872742649518,300124.SZ,0.7028282217481605,0.10085095888028864,-0.5555232182018952,-0.4864434849171709,0.4724247382623026,0.229200178074692,0.4102497549994953,-0.5313737556034697,-0.552873206829651,-0.00269902503491484,0.014266448536890583,0.004241340814169552,0.0019279223028503222,-0.2801078386669918
2017-03-24,14.366318702697754,0.1705408760755047,0.1721878999434714,0.1650757923132375,0.16724686046784593,0.09908489524554331,300124.SZ,1.413874253747688,0.10695548441586296,-0.5546542170033767,-0.4844171215145317,0.876351277842017,0.5892926127639517,0.6784571869612587,-0.5297606619661104,-0.5513079051338695,0.007326027530242892,0.013495235489699877,0.0015423157792551227,0.022363523641634693,0.26061647278063027
2017-03-27,14.082523345947266,0.16717199087865434,0.17203817147451306,0.1670971319988876,0.1706157456646963,-0.12499239510632516,300124.SZ,-1.430309874250422,0.08433166762054531,-0.5551497215665601,-0.482209980995024,0.4670924998242731,0.46005967012916676,0.6784571869612587,-0.5286220062764737,-0.549952582159607,0.017351024937837425,-0.00077115788962751,0.010410659088752931,-0.017351024937837425,-0.27753424801575294
2017-03-28,14.013151168823242,0.16634847894467103,0.16859441668847105,0.16545010813092093,0.16649820741362933,-0.3368749988097684,300124.SZ,-0.7192638422508947,0.058257814019682025,-0.5563261631725034,-0.4791766517311765,0.3711883930277344,0.06904616904947247,0.3871792824609815,-0.5277585260624899,-0.548821555708439,-0.021206869543538072,-0.017736631461432832,-0.008482791943465705,-0.004241395971732749,-0.2614703977647144
2017-03-29,13.880715370178224,0.16477633537532077,0.1693430590332628,0.16470146578612918,0.1667976750609709,-0.20068667086558228,300124.SZ,-0.008217810251367088,0.024248692004466478,-0.5561825010263444,-0.47962097751825694,0.18988812340981,-0.08851253431912272,0.3871792824609815,-0.5265914046932383,-0.5477907463588445,0.0015423709368181146,0.0038557894481376525,-0.0038557894481376525,-0.008097130262307512,0.19703743305757354
2017-03-30,13.748276710510254,0.16320418109654572,0.16604902200675434,0.16320418109654572,0.1641025519102958,-0.4473100969384437,300124.SZ,0.7028282217481605,-0.015590031406426981,-0.5558482646265961,-0.48034937649654263,0.012860114098649159,-0.6158715061533605,0.12119943022071823,-0.5259651448104988,-0.5468410657567557,-0.013880897170858273,-0.016965528729368313,-0.007711578896274997,-0.0080971854198703,-0.30723388347201863
2017-03-31,13.842875480651855,0.16432714996844575,0.16574957577826246,0.16342877915469567,0.16425228037925416,-0.5565988045315341,300124.SZ,1.413874253747688,-0.039635950125131394,-0.5559712576787638,-0.48005208620204204,0.12836629591889748,-0.618740332137669,0.12119943022071722,-0.5251301302761298,-0.5460011474572904,0.00077115788962751,-0.0015422606216920279,0.0011567644132228123,0.005783711750987872,-0.1263252291104523
2017-04-05,14.233881950378418,0.16896873250615452,0.1706157456646963,0.16470146578612918,0.16470146578612918,-0.15889271315811085,300124.SZ,-0.008217810251367088,-0.025046114559790954,-0.5565870233095229,-0.47991648010900895,0.5728116655896944,0.22235194630245783,0.6671450322404185,-0.5242002292381226,-0.5449321607168833,0.0023134736688824272,0.025062603834112525,0.006554814483052184,0.02390589457845291,0.541530269227027
2017-04-06,14.303252220153809,0.16979224444013782,0.1706906152538879,0.16822009016136277,0.16994197290909618,-0.5125044868756179,300124.SZ,0.7028282217481605,-0.00855259982279053,-0.5566215855434891,-0.4799068249020086,0.6466666235643393,0.5536394900657909,0.6749949401281495,-0.5235929455702042,-0.5437486390733274,0.026990581294526046,0.00038560652359530235,0.018122237985028135,0.004241395971732749,-0.448167787287544
2017-04-07,14.486143112182615,0.17196330188532144,0.17368518463305482,0.1680703616924044,0.1691933198548796,0.051309496413630265,300124.SZ,1.413874253747688,0.019197399346757685,-0.5548538414408242,-0.4804664941103705,0.8374961306909733,0.9014577150040773,0.9801899458750815,-0.5225966223507909,-0.542464901010876,-0.0038558446057006444,0.015423157792550199,-0.00077115788962751,0.011181761820817449,0.7603413283530172
2017-04-10,14.498754501342772,0.17211303035427977,0.17480814279553,0.1706906152538879,0.17293654228826308,0.06064182546629685,300124.SZ,-1.430309874250422,0.040520825793869376,-0.5531812630775379,-0.4795632018495857,0.8505509792365084,1.1199280198285009,1.0891157366582942,-0.5216002991313773,-0.5411573013111541,0.01927900239825074,0.005783656593424777,0.01349529064726297,0.0007711578896274072,0.029932215154953135
2017-04-11,14.5050630569458,0.1721878999434714,0.1733108688153714,0.1691933198548796,0.1733108688153714,-0.25549554092153737,300124.SZ,-0.7192638422508947,0.05601327916551053,-0.5518005016171617,-0.4782575650606355,0.857275961316134,0.8193685315166104,0.8052892969516101,-0.520452153976947,-0.539773344781774,0.0019279223028503222,-0.007711523738712108,-0.0077116340538381945,0.0003856065235954051,-0.3988033972916748
2017-04-12,14.593354225158691,0.17323599922617977,0.17578138319847167,0.1721878999434714,0.17368518463305482,-0.46487411088453756,300124.SZ,-0.008217810251367088,0.07394901931825323,-0.5516883400084375,-0.47832714692905004,0.9525760681018568,1.249505699920042,1.0504797344546624,-0.5191806552818807,-0.5382987149865153,0.0019278671452873303,0.012724077600072367,0.015423212950113396,0.005398105227392364,-0.25817187733612934
2017-04-13,14.643807411193848,0.17383491310201318,0.17630543819453834,0.17001684249828777,0.1733108688153714,-0.2647999442011811,300124.SZ,0.7028282217481605,0.09027694050235002,-0.5495127182868907,-0.4792711322133231,1.007133492652117,1.094828826466528,0.6508093596275604,-0.5177193808647722,-0.5367190954891582,-0.0019278671452873303,0.002699080192477935,-0.011181761820817449,0.0030846315585101427,0.2811931458081387
2017-04-14,14.694259643554688,0.17443382697784657,0.17772785329493018,0.17226276953266298,0.17338572769513813,-0.1964353986614337,300124.SZ,1.413874253747688,0.10515910128441146,-0.5472080290676008,-0.4803044487711299,1.06224226292763,1.3162533771546507,0.7957672930213717,-0.5165807251751354,-0.5349915362983648,0.00038555136603231035,0.007325972372679797,0.01156736834441265,0.00308463155851004,0.10769433508263558
2017-04-17,14.946521759033203,0.17742840706643837,0.17877596328706347,0.17413437003992988,0.17458355544680493,-0.29537019916770507,300124.SZ,-1.430309874250422,0.1364333141328917,-0.5429807342736875,-0.4828464030348336,1.3274376144712494,1.597213398486601,0.9009503295358373,-0.5148822290693995,-0.5329299182818533,0.006169263117020182,0.005398160384955561,0.009639446041562328,0.015423212950113294,-0.11268620600547516
2017-04-18,14.37893295288086,0.1706906152538879,0.1794497360426636,0.1706906152538879,0.17742840706643837,0.2328976206939222,300124.SZ,-0.7192638422508947,0.10831069628279531,-0.5425433625275832,-0.4823742155172841,0.4494754793306399,0.8260612943995175,0.2868451438519974,-0.5140282383202093,-0.5313216652293785,0.014652055060485681,0.0034701829245423503,-0.017736631461432728,-0.034702160190801044,0.713516980769311
2017-04-19,14.587048530578612,0.17316114034641303,0.17368518463305482,0.1691933198548796,0.1706906152538879,-0.14735615982549874,300124.SZ,-0.008217810251367088,0.10198512572655871,-0.5411564619111441,-0.48193597993538045,0.6732551146414694,0.42353533122769776,0.03630991138773834,-0.5136771525557395,-0.5294604820986912,-0.034702160190801044,-0.02968960632944068,-0.0077116340538381945,0.012724132757635358,-0.4832628430271157
2017-04-20,14.467223167419434,0.17173871453659634,0.1758562527876633,0.17009169066862964,0.17316114034641303,-0.1957113086298746,300124.SZ,0.7028282217481605,0.08405580223131615,-0.5404908810221359,-0.48136172022809853,0.5047735700664412,0.5019748176286666,0.27750995382235305,-0.5134399322244952,-0.5279715358672126,0.012724132757635358,0.011181816978380442,0.004626947337764957,-0.0073260275302427895,-0.0460585037845365
2017-04-21,14.858229637145996,0.17638029707430508,0.17772785329493018,0.17128952912972129,0.17203817147451306,-0.08536708875032757,300124.SZ,1.413874253747688,0.10202824941211724,-0.5377066232336206,-0.48028240921018894,0.9046545506459114,0.9637304607309929,0.47633856113287554,-0.5124151419680839,-0.5261723924472861,-0.0057837117509876666,0.009639446041562328,0.006169318274583277,0.023905894578452807,0.16299343555349416
2017-04-24,14.719486236572266,0.17473329462518813,0.17757812482597188,0.1703162887267796,0.17638029707430508,-0.24968636562921492,300124.SZ,-1.430309874250422,0.10147662206458333,-0.5363431806192488,-0.47837281126689263,0.7111598188160142,0.7168781769470184,0.3092644755316035,-0.5112005746322472,-0.5244496044916624,0.022363578799197686,-0.0007711578896274072,-0.005012553861360465,-0.008482681628339515,-0.19881604824524288
2017-04-25,14.933908462524414,0.17727866788805519,0.180048649918497,0.17368518463305482,0.17368518463305482,-0.021819841474287945,300124.SZ,-0.7192638422508947,0.11738296394741075,-0.5334129286319345,-0.47903089452949965,0.9206734994051341,1.2155246525601566,0.570371096410029,-0.5096539018189111,-0.522702956264124,-0.013880842013295178,0.012724132757635358,0.017351080095400623,0.013109628966104677,0.3178035386306793
2017-04-26,15.085264205932615,0.1790754095155553,0.1826689034799805,0.17690435207037172,0.1778775924733134,-0.024796360176389535,300124.SZ,-0.008217810251367088,0.1404730712561742,-0.5296702264121053,-0.47851823055441745,1.0626798704365943,1.5247090066627085,0.8299461073071904,-0.5088947989307421,-0.5208656354533849,0.021592476067133375,0.01349529064726297,0.01657992220577301,0.009253894675530016,0.013717982448862166
2017-04-27,14.96544075012207,0.17765299441516347,0.1789256917560218,0.17211303035427977,0.1789256917560218,-0.27504324064668706,300124.SZ,0.7028282217481605,0.1451516890565276,-0.5277458118493733,-0.4761272242449191,0.8912960912122478,0.8110082453413078,0.04498524842537775,-0.5079174532835329,-0.5192287488457923,0.005398105227392467,-0.019278947240687853,-0.024677107625643412,-0.0073259723726796944,-0.31200699741171933
2017-04-28,14.814083099365234,0.1758562527876633,0.180048649918497,0.17465842503599652,0.17720380900828842,-0.3561966977801363,300124.SZ,1.413874253747688,0.13258726097890325,-0.5279918867450695,-0.4712928287786174,0.679472599606998,0.8415570549508584,0.16232455119550784,-0.507224771219387,-0.5178686539536824,-0.008868343309497808,0.00578365659342488,0.013109739281230763,-0.009253894675530222,-0.08926314927279598
2017-05-02,15.053732872009276,0.17870109369787188,0.17922514869393852,0.17458355544680493,0.1755567958497466,-0.5496515686408121,300124.SZ,-0.7192638422508947,0.14093919236512392,-0.5286897602775108,-0.4641180150300582,0.9151838593278459,0.8702635240342478,0.15041018947047305,-0.5063233358609948,-0.5163081234930704,-0.00848273678590261,-0.004241340814169757,-0.0003856065235951996,0.014651999902922689,-0.23719586333946244
2017-05-03,14.700567245483398,0.17450869656703819,0.17930000757370526,0.17398464157097154,0.17825190829099682,-0.4112792950342546,300124.SZ,-0.008217810251367088,0.11360643368316184,-0.532039207229448,-0.45602694009033484,0.44416959339230244,0.5643607355853698,0.05307357339790651,-0.5055357645784447,-0.5149193950458428,0.013880842013295178,0.0003855513660322076,-0.0030846315585101427,-0.021592420909570278,0.1999143069853895
2017-05-04,14.952828407287598,0.17750326594620514,0.1781021798220385,0.1724124980016213,0.17383491310201318,-0.28042178549779845,300124.SZ,0.7028282217481605,0.11170993443420577,-0.531828932926463,-0.45277021463859396,0.6910620096755081,0.5368699872483977,-0.20040079874344446,-0.5043496656369889,-0.5134733988057019,-0.02274918532279309,-0.00616926311702008,-0.008097130262307307,0.015423157792550301,0.1900152379749051
2017-05-05,14.542901992797852,0.17263708535034641,0.17802732094227175,0.1725622157611548,0.17750326594620514,-0.2783974059272472,300124.SZ,1.413874253747688,0.07170431729574171,-0.5327008264470522,-0.4505842171616021,0.1921087851007215,0.2520253862580503,-0.20040079874344446,-0.5038182936152706,-0.5121992045789452,0.018893395874655643,-0.0003855513660322076,0.0007711027320644152,-0.025062658991675722,0.02030557943176174
2017-05-08,13.811344146728516,0.16395283415076234,0.1721878999434714,0.16395283415076234,0.1721878999434714,0.5535524758849667,300124.SZ,-1.430309874250422,-0.025903199123807088,-0.5276448203199365,-0.45977793049715104,-0.5575055576301963,-1.040265206812332,-1.1212315576956666,-0.5040555125891318,-0.5115263150096614,-0.02737613266055815,-0.03007521285303588,-0.04434155107480017,-0.044727157598395476,1.113552119657507
2017-05-09,14.057297706604004,0.16687253394073764,0.1683698186303211,0.1576642277450869,0.16387796456157072,0.26713898822309,300124.SZ,-0.7192638422508947,-0.08182140195008052,-0.526061443860723,-0.4637781994404735,-0.30899896683522093,-1.392218948501109,-0.4135011051957225,-0.5039701141929044,-0.5106959412285689,-0.04279929045310845,-0.019664553764283155,-0.03238868652191861,0.015037551268954794,-0.35964864485730447
2017-05-10,13.792424201965332,0.1637282360926124,0.1690436020953461,0.16335390956550408,0.16574957577826246,-0.3815779481056015,300124.SZ,-0.008217810251367088,-0.14922842089625044,-0.5230899772548888,-0.4707210996991479,-0.5542209898300254,-1.1537242504871073,-0.5023328322251955,-0.5048335930495053,-0.5103189324115129,0.009639501199125421,0.003470238082105342,0.02930399980584548,-0.016194315682177607,-0.8369047247066453
2017-05-11,13.99423122406006,0.1661238915959459,0.16657307700282098,0.16095825406217054,0.1635036487438873,-0.3807221494770714,300124.SZ,0.7028282217481605,-0.18395043573093364,-0.5221730007081852,-0.4747109466298189,-0.3523431177239373,-1.211657002338627,-0.25255251439128285,-0.5049664360549349,-0.5098130722550881,-0.01156736834441265,-0.012724132757635358,-0.01233852623404016,0.012338526234040057,0.01876622792564749
2017-05-12,14.30955982208252,0.16986710331990457,0.17009169066862964,0.16537524925115418,0.16649820741362933,-0.4246797742293402,300124.SZ,1.413874253747688,-0.18271581160105232,-0.5224539430746873,-0.47601104434603586,-0.052601043514858566,-0.6456983558311435,-0.7116760901381739,-0.5045204624294439,-0.509154499804702,0.015423102634987104,0.01812218282746473,0.02274918532279299,0.01927894724068775,-0.04026572124858589
2017-05-15,14.5050630569458,0.1721878999434714,0.17293654228826308,0.16986710331990457,0.16986710331990457,-0.44452216255196364,300124.SZ,-1.430309874250422,-0.16383004562746936,-0.5228914723303354,-0.4764215985047888,0.12427079511283486,-0.18642836913298258,-1.057736647639455,-0.5035810719266433,-0.5080950575826675,0.017351080095400522,0.014652055060485784,0.0231347366888253,0.011952974868008054,-0.008499136510286208
2017-05-16,14.65011215209961,0.17390977198177993,0.17428410921831308,0.1703162887267796,0.17226276953266298,-0.49763677800696565,300124.SZ,-0.7192638422508947,-0.13575391109868667,-0.5242585064994482,-0.4762685967837413,0.25269898851628003,-0.037476342285370834,-1.216186337085572,-0.5022241748353494,-0.5070976550713936,0.012338581391603255,0.006940476164210787,0.0023134736688824272,0.008868288151934715,-0.05232806705866482
2017-05-17,14.656421661376951,0.17398464157097154,0.17765299441516347,0.17323599922617977,0.17405951116016313,-0.48296625650381486,300124.SZ,-0.008217810251367088,-0.11296204556171874,-0.5238277632289288,-0.4754200005266599,0.2583345318003666,0.3043691565000317,-0.9512632928898646,-0.5010001207494853,-0.5060620738039515,0.00925389467553012,0.01735102493783753,0.015037606426517991,0.00038560652359530235,0.036964123936871374
2017-05-18,14.662726402282717,0.17405951116016313,0.17510761044287157,0.17293654228826308,0.17443382697784657,-0.5768263500317177,300124.SZ,0.7028282217481605,-0.09457001317260645,-0.5236280015038084,-0.4752846917601761,0.26415193272409954,0.10251379302955871,-0.9872949075859448,-0.5003548819371584,-0.5052698780963493,0.0019278671452872276,-0.013109684123667772,-0.00154231577925502,0.00038560652359530235,-0.10600138208841786
2017-05-19,14.561822891235352,0.17286168340849636,0.17495788197391324,0.17173871453659634,0.17428410921831308,-0.5964953800714435,300124.SZ,1.413874253747688,-0.08923486963463062,-0.5234982543590507,-0.47497542254625064,0.1531269985806822,-0.08843424342427514,-1.1327586110393193,-0.4999658410282803,-0.5047687898577718,-0.0007711027320644152,-0.0007711578896274072,-0.0061692631170199765,-0.00616926311702008,-0.00827077463625617
2017-05-22,14.751019477844238,0.17510761044287157,0.1758562527876633,0.1718884430055547,0.17196330188532144,-0.4997531282774235,300124.SZ,-1.430309874250422,-0.06875474195070472,-0.5239911829537914,-0.47492186492653465,0.3339817679705161,0.12194274346043651,-1.0279966257049844,-0.4995673106546084,-0.5040672667333702,-0.011953030025570943,0.004626947337764957,0.0007711578896276126,0.01156736834441265,0.14507579775395896
2017-05-23,14.788858413696287,0.1755567958497466,0.17742840706643837,0.17128952912972129,0.17540706738078826,0.00517973812303145,300124.SZ,-0.7192638422508947,-0.04991299409399481,-0.5237101487494921,-0.4749122230868777,0.36991251713207907,0.2049303431184477,-0.8461222137693655,-0.4991308251365282,-0.5033466545722235,0.01773668661899572,0.008097185419870402,-0.0030846315585101427,0.00231347366888253,0.6827782493182959
2017-05-24,14.473530769348145,0.17181358412578793,0.17443382697784657,0.16994197290909618,0.17443382697784657,-0.17685198945146505,300124.SZ,-0.008217810251367088,-0.06353460281182978,-0.52537256338921,-0.4752129345642769,0.01568205334290535,-0.3657916330010984,-1.0191095027427737,-0.4991782683883472,-0.502793071141258,-0.005012553861360362,-0.015423212950113294,-0.006940421006647589,-0.01927894724068775,-0.2221483538432642
2017-05-25,14.441997528076172,0.17143925759867965,0.17390977198177993,0.1691184716845377,0.17181358412578793,-0.4831133276898571,300124.SZ,0.7028282217481605,-0.07755267958869011,-0.5283892774617095,-0.47482251194783853,-0.01873208998776666,-0.4640836734834566,-1.1244395716268616,-0.499405999254798,-0.5022681219480882,-0.013495235489699877,-0.0026990801924778323,-0.004241340814169757,-0.0019279223028503222,-0.38579387586308056
2017-05-26,14.349438667297363,0.16829494904112952,0.1706906152538879,0.16492605313485428,0.17009169066862964,-0.1471475017268241,300124.SZ,1.413874253747688,-0.11218068995894936,-0.5306698016709451,-0.4759987276119407,-0.30201933096081895,-1.0868335142733474,-0.9141686371977135,-0.5001081707837374,-0.5018863412131848,-0.00886839846706111,-0.016579867048209917,-0.021592531224696468,-0.016194370839740804,0.4602008831915149
2017-05-31,14.681367874145508,0.1721878999434714,0.17301140116802982,0.1670971319988876,0.16994197290909618,-0.18642370178094883,300124.SZ,-0.008217810251367088,-0.11058433231713398,-0.5320123689588139,-0.475935748589659,0.035154883132930095,-0.5163370547271049,-1.2022969000605914,-0.5003928343668008,-0.5014568372037408,-0.0007711027320643125,0.011952919710444754,0.011181872135943537,0.020050160287878455,-0.03409896129151796
2017-06-01,14.617535591125488,0.17143925759867965,0.172711954939538,0.16994197290909618,0.1724124980016213,-0.6063362449614559,300124.SZ,0.7028282217481605,-0.11490801475277468,-0.5356343989008315,-0.47468458771645194,-0.032747892427008665,-0.37188914423833763,-1.2022969000605916,-0.501151938612353,-0.5009843825202811,0.012724132757635462,-0.0015422606216918223,0.014651999902922689,-0.0038557894481376525,-0.5355046466007591
2017-06-02,14.33029079437256,0.1680703616924044,0.17428410921831308,0.16545010813092093,0.16986710331990457,-0.18288859934021592,300124.SZ,1.413874253747688,-0.14317380009341443,-0.5367955803427154,-0.4759702370455171,-0.32977784135279664,-0.7335792748418842,-0.6813677205688732,-0.5014840468046184,-0.500721908606374,-0.013109739281230763,0.008097185419870402,-0.02313479184638839,-0.017351080095400522,0.5754391743582064
2017-06-05,14.113261222839355,0.16552497772011251,0.16941791791302954,0.16500092272404587,0.168145231281596,-0.3673374425400989,300124.SZ,-1.430309874250422,-0.1837930748305432,-0.5397643977956205,-0.47741767539192925,-0.5421658070569786,-1.1298586670520003,-0.6318356870408611,-0.5024519043444171,-0.5010321057948218,-0.008868288151934817,-0.025062714149238715,-0.00231347366888253,-0.01310968412366767,-0.22533237853902527
2017-06-06,14.323908805847168,0.16799550281263767,0.1680703616924044,0.16500092272404587,0.16559983659987926,-0.6560815373813473,300124.SZ,-0.7192638422508947,-0.19658065552775245,-0.5405570798974102,-0.47839646052755336,-0.31983317104640413,-0.9831710812973999,-0.631835687040861,-0.5029263436495228,-0.5011514119331403,-0.013109739281230763,-0.006940421006647589,0.0,0.012724132757635462,-0.3627187134701998
2017-06-07,14.789880752563477,0.17346058657490487,0.17368518463305482,0.1669473928205044,0.1670971319988876,0.09265268161866387,300124.SZ,-0.008217810251367088,-0.16529926898557878,-0.5406378018344401,-0.4744004085460309,0.13307680514383616,-0.2328468749869198,-1.2001670853630302,-0.5032964069861968,-0.5008221257079472,0.0077116340538381945,0.02891844843981317,0.010025052565157629,0.028147235392622566,1.0039335632734643
2017-06-08,14.962228775024414,0.175481926260555,0.17570651360928005,0.17143925759867965,0.1725622157611548,-0.13555830592232776,300124.SZ,0.7028282217481605,-0.12528285747127518,-0.5389072384446286,-0.4728889596271278,0.2885778343760527,0.2562616684267826,-0.9663571772848633,-0.5032015204825586,-0.5001635532575611,0.028147235392622566,0.010410603931189734,0.02313479184638839,0.010410659088752931,-0.282979495978544
2017-06-09,14.94307804107666,0.17525732820240505,0.1760808508458132,0.1724124980016213,0.17458355544680493,-0.40140729529705776,300124.SZ,1.413874253747688,-0.09546726747736944,-0.5394003983880645,-0.4675815897132071,0.2680630130694148,0.34468406486819847,-0.9233220795818762,-0.5034577183860072,-0.49951452600822543,0.010410659088753034,0.001927977460413417,0.005012553861360362,-0.0011567644132228123,-0.33255938619110326
2017-06-12,15.121808052062988,0.17735353747724675,0.17765299441516347,0.17368518463305482,0.1751824800320632,-0.14991911762980178,300124.SZ,-1.430309874250422,-0.05684209228151455,-0.5377944223779589,-0.4648493091901516,0.43072112333530926,0.6782224418095454,-0.7424883781319275,-0.5036759597876643,-0.4992425068932679,0.0030846867160731345,0.008097130262307512,0.006554814483052287,0.010796265612348234,0.3489199351108604
2017-06-13,15.313302993774414,0.17959946451162195,0.18169567378646367,0.17675462360141336,0.17742840706643837,-0.0020591138473500343,300124.SZ,-0.7192638422508947,-0.010649179422366865,-0.5336472159606086,-0.46570013546434713,0.599802977254194,1.1861501970381128,-0.3053190037076191,-0.5034292513490094,-0.4986268851168974,0.011567368344412547,0.020821318177505762,0.0158087643161455,0.01156736834441265,0.21241233019515393
2017-06-14,15.287772178649902,0.17930000757370526,0.1807973029727136,0.17802732094227175,0.17967433410081354,-0.5416314778075264,300124.SZ,-0.008217810251367088,0.02214627613451337,-0.5303413720502819,-0.46664337379513815,0.5701353036327652,1.1460990233697543,-0.3053190037076186,-0.5029927671883122,-0.49805898593238973,0.01156736834441265,-0.00462694733776506,0.0065548696406153815,-0.00154231577925502,-0.6931304632771504
2017-06-15,15.230321884155272,0.17862622410868026,0.1822197073636806,0.17667975401222177,0.17855136522891352,-0.049085637670669,300124.SZ,0.7028282217481605,0.041306638821005756,-0.5281321192284424,-0.4672886973353405,0.50210079678869,1.0835525291082346,-0.15536392948550037,-0.5030022566531058,-0.4976103935688783,-0.0057837117509879745,0.007325917215116703,-0.006940476164210684,-0.003470238082105445,0.666461033411825
2017-06-16,15.332451820373535,0.17982405186034706,0.1816207934878472,0.17825190829099682,0.17959946451162195,-0.4410713153775149,300124.SZ,1.413874253747688,0.06338958717040276,-0.5252938467041316,-0.4682080046508943,0.5972916703263677,1.136039038401012,-0.15536392948550076,-0.5023285535185472,-0.4968754649715115,0.005398105227392673,-0.00308463155851004,0.008097185419870402,0.006169263117020182,-0.49871706870856947
2017-06-19,15.766510009765623,0.18491481980493082,0.1849897001035473,0.17967433410081354,0.18124647767016377,0.11215374735121053,300124.SZ,-1.430309874250422,0.11626387190022731,-0.5184510926974082,-0.47174693031909976,0.9768760260689074,1.5255458166142277,0.1939051678863236,-0.5013891643731294,-0.49580647891378216,0.00848273678590261,0.017351135252963616,0.007326027530242892,0.02621936824733534,0.7463927260552825
2017-06-20,15.836727142333984,0.18573835315776388,0.18963127193183116,0.18341753511534736,0.18536401592123072,0.22916553572220882,300124.SZ,-0.7192638422508947,0.16114211342466137,-0.511801761469462,-0.47423038214886715,1.034849999502047,1.74353733194743,0.6269013173807179,-0.49972862341180196,-0.4947040853350542,0.021206869543538072,0.023905839420889714,0.019278892083124655,0.004241506286859042,0.17177650845016815
2017-06-21,16.053756713867188,0.1882837264206309,0.1909039799821144,0.18483996092516408,0.18536401592123072,-0.00813839759463221,300124.SZ,-0.008217810251367088,0.21196170879566756,-0.5040838624247581,-0.4778392459330079,1.2108465579641303,1.7446503090672565,0.7379156872567959,-0.4966447658925404,-0.493272406213811,0.0,0.006554924798178477,0.007326027530242892,0.013109628966104575,-0.2949574765118052
2017-06-22,15.836727142333984,0.18573835315776388,0.19052964274558123,0.18476510204539734,0.18716075754873088,-0.06932547324210953,300124.SZ,0.7028282217481605,0.22925686546635685,-0.49944997857636886,-0.4790742679349785,0.9341366592284056,1.4605101497863842,0.7261199660843701,-0.4942535877226587,-0.4920268448594944,0.00925389467553012,-0.001927977460413417,-0.0003855513660322076,-0.013109628966104575,-0.06296177954574528
2017-06-23,16.264400482177734,0.19075424080373118,0.19075424080373118,0.1843907862277139,0.18491481980493082,-0.21364108875221197,300124.SZ,1.413874253747688,0.2759367408005797,-0.49133188840711556,-0.48078500487182,1.2725138410681112,1.4508735866429012,0.6655870521620432,-0.490828133903721,-0.49073833351383994,-0.011567423501975744,0.0011567644132228123,-0.0019278671452872276,0.02583370656617694,-0.17246557037198487
2017-06-26,16.270788192749023,0.19082912110234765,0.19314991772591447,0.18948155417229767,0.190305066106281,-0.3087061554886914,300124.SZ,-1.430309874250422,0.30861263447970344,-0.4844472929410027,-0.48087043359292797,1.2773556685872205,1.5057388504244802,0.8838129941076592,-0.48769683041787437,-0.4892302975629383,0.027761794341716547,0.012338636549166348,0.02621936824733534,0.0003856616811583971,-0.10758867249916307
2017-06-27,16.27716827392578,0.1909039799821144,0.19329963548544796,0.18903235805599777,0.19023020722651426,-0.3997512764733487,300124.SZ,-0.7192638422508947,0.32994421460365686,-0.4793152327601022,-0.47758748736120477,1.282351656562746,1.3040813203470403,0.8086711109872643,-0.48503047812972283,-0.4876649945018012,-0.0003855513660322076,0.0007711027320644152,-0.0023135288264456246,0.0003855513660322076,-0.10229326734146615
2017-06-28,15.76012897491455,0.18483996092516408,0.1909039799821144,0.18386673123164726,0.1909039799821144,-0.1670094176071114,300124.SZ,-0.008217810251367088,0.29680301145485893,-0.47760152028166963,-0.47439733929424804,0.6389582414014758,0.76609200420703,-0.0001286279665317467,-0.48342687259977407,-0.48638602835719713,0.0034701829245422475,-0.01233852623404016,-0.026604919613367545,-0.031231977266258794,0.3242257329013531
2017-06-29,16.2005672454834,0.19000560916836431,0.19067938192396444,0.18543887480099747,0.18551375509961393,-0.1872734919301977,300124.SZ,0.7028282217481605,0.3043035939450502,-0.47385676756975786,-0.47115276330656697,0.9971351264765113,0.8730383043799673,-0.0001286279665309871,-0.48138678019436204,-0.48467755752047126,-0.027761684026590357,-0.0011567644132228123,0.008097130262307307,0.026605029928493736,-0.009054616200719257
2017-06-30,16.302701950073242,0.19120343692003108,0.19389854936128134,0.18880778141669755,0.18940669529253093,-0.2725502679703753,300124.SZ,1.413874253747688,0.3142542705722835,-0.47149334536717363,-0.4644204479341766,1.0755037571421668,0.9913720718543867,0.32374645588072665,-0.47920435667610983,-0.48296431476589796,0.020050105130315257,0.01657992220577301,0.017351135252963616,0.00616926311702008,-0.09469472610330955
2017-07-03,15.677145957946776,0.18386673123164726,0.1918023507958645,0.18259404460021375,0.1910536977416479,1.1876688075603252,300124.SZ,-1.430309874250422,0.2629751567026681,-0.4753188231118755,-0.45242452274144673,0.3860340357141086,0.5010904682309133,-0.5442445422848589,-0.47796132501804134,-0.4820146341638092,0.008482681628339515,-0.010796210454785139,-0.03200307999832321,-0.03778679174931108,1.9411602850987852
2017-07-04,15.77927589416504,0.18506455898331403,0.18573835315776388,0.17982405186034706,0.18371701347211378,0.10109637024127467,300124.SZ,-0.7192638422508947,0.22734434401372866,-0.4789407860173234,-0.44118862730110775,0.47039627593132555,0.26082790897746205,-0.8888874757502249,-0.4764146522047053,-0.48104109260712785,-0.03778668143418489,-0.031231866951132604,-0.014266503694453576,0.00616926311702008,-1.4136842191113541
2017-07-05,15.657997131347656,0.1836421331734973,0.18536401592123072,0.18192027184461362,0.18416618816956395,-0.04071275351413334,300124.SZ,-0.008217810251367088,0.18502647789842083,-0.48070847182429643,-0.4349453606380506,0.34417538345447823,0.24470138388700316,-0.888887475750225,-0.47533293058906434,-0.4802966194913885,0.002313418511319435,-0.001927977460413417,0.010796320769911329,-0.007326027530242892,-0.16916381204364983
2017-07-06,15.881407737731934,0.1862623867349808,0.18978101111021436,0.1842410470493307,0.1845405039872474,0.08894176288078202,300124.SZ,0.7028282217481605,0.16781091319594058,-0.48150815229640187,-0.4295871348433902,0.532391538825916,0.46784664734595455,-0.4193202587529651,-0.4739760334977705,-0.47939466148116266,0.0019278671452872276,0.02274918532279309,0.011952864552881762,0.01349529064726297,0.18843055587229174
2017-07-07,15.645230293273926,0.18349241541396383,0.18708589866896413,0.1823694465420638,0.18671156143243098,-0.4758978268548639,300124.SZ,1.413874253747688,0.13064643339681983,-0.4835987367902968,-0.4237654390819706,0.28597237318552277,0.2343582617318803,-0.655756065983291,-0.4724957815084578,-0.4786740493200159,0.011181761820817347,-0.013880842013295178,-0.009639446041562328,-0.014266393379327386,-0.7264145436982523
2017-07-10,15.536713600158691,0.1822197073636806,0.18386673123164726,0.17727866788805519,0.18244430542183054,0.30023778879439744,300124.SZ,-1.430309874250422,0.08933476066394071,-0.48500064692194683,-0.42013077312008734,0.17523701265394728,-0.06287385527319753,-1.2516596185228428,-0.4711293963097534,-0.47810137821766086,-0.021977972275602487,-0.01657992220577301,-0.02621942340489833,-0.006554924798178477,1.0400289501524458
2017-07-11,15.453734397888184,0.18124647767016377,0.18356727429373057,0.18087216185248034,0.18192027184461362,-0.44571197800598994,300124.SZ,-0.7192638422508947,0.04745659525376694,-0.48544406145317465,-0.4189368831129849,0.0903585530407181,-0.029561783151135775,-1.251659618522843,-0.4694878342780132,-0.4776289242168791,-0.0026989698773516426,-0.00154231577925502,0.01850784450862323,-0.005012498703797268,-0.9649878541229829
2017-07-12,15.728211402893066,0.18446564510748065,0.18476510204539734,0.18012353021711344,0.1804978460347969,-0.3381808188808262,300124.SZ,-0.008217810251367088,0.036576845482169495,-0.48630437136082877,-0.415812018470535,0.3376049961930492,0.05692279847046204,-1.1166223070971857,-0.4679316719998834,-0.4769894408032382,-0.007326027530242892,0.00616926311702008,-0.003855734290574455,0.01657992220577301,0.15928783917301462
2017-07-13,15.332451820373535,0.17982405186034706,0.18379187235188052,0.17855136522891352,0.1797491929805803,0.019132519464772603,300124.SZ,0.7028282217481605,-0.007951913362345301,-0.4868617609427032,-0.41466931806153157,-0.060428972388031736,-0.2209044785291417,-1.2473335555396017,-0.4668689279564468,-0.47683672919195463,-0.0038558446057006444,-0.005012498703797268,-0.0080972405774336,-0.023905949736015904,0.48832159281138937
2017-07-14,15.6835298538208,0.183941590111414,0.1849897001035473,0.18042296573618044,0.18042296573618044,-0.37956893112412154,300124.SZ,1.413874253747688,-0.013641544716855244,-0.48781578636064415,-0.41186508999405613,0.24774304868970348,-0.00527060889658133,-1.1607870428469131,-0.46485730394541563,-0.4759920389746421,0.0034701829245422475,0.00616926311702008,0.00963944604156243,0.021206869543538072,-0.507563640417006
2017-07-17,15.13457489013672,0.17750326594620514,0.1849897001035473,0.17667975401222177,0.18416618816956395,-0.12059459794152351,300124.SZ,-1.430309874250422,-0.06680231939971464,-0.4857527393480768,-0.41731665828152276,-0.258530998128463,-0.4853901565886502,-0.9582846395892934,-0.4633390968116943,-0.4757152479418371,0.019279002398250842,0.0,-0.01927894724068775,-0.03315978925398282,0.35878131856592194
2017-07-18,15.38351821899414,0.18042296573618044,0.18042296573618044,0.17660489513245503,0.17660489513245503,-0.5748294182869738,300124.SZ,-0.7192638422508947,-0.08743148958013636,-0.4855554498326972,-0.419728438388025,-0.044202316676819925,-0.6657904866919111,-0.9499615157029272,-0.4617639583187434,-0.47516166587622727,-0.0389435010049708,-0.023520398369983694,-0.0003855513660322076,0.015037551268954794,-0.5807167899339775
2017-07-19,15.562249183654783,0.1825191643015973,0.18259404460021375,0.17877596328706347,0.18057270491456365,-0.6407618270031317,300124.SZ,-0.008217810251367088,-0.08842021730031825,-0.4867373686416601,-0.42071336226114325,0.10511137257951281,-0.432500155600504,-1.213439724543976,-0.4606158145216962,-0.4747703406229513,0.02043571165391056,0.011181872135943537,0.01118181697838034,0.010796210454785139,-0.06921272489631149
2017-07-20,15.79204559326172,0.18521429816169724,0.18865804223831434,0.18192027184461362,0.1825191643015973,-0.05936628227716155,300124.SZ,0.7028282217481605,-0.06958613609829066,-0.4868560773550711,-0.42078974668796953,0.29189516840431906,0.14400875915319267,-0.6674655686961128,-0.4593822696136553,-0.4741022236541927,0.010024997407594535,0.031231866951132604,0.016194370839740905,0.013880952328421368,0.7835012157893545
2017-07-21,15.79204559326172,0.18521429816169724,0.18850832447878085,0.18416618816956395,0.18476510204539734,-0.5558379808425513,300124.SZ,1.413874253747688,-0.05534223031599536,-0.4895200663728557,-0.4199511424851709,0.29189516840431906,0.21594085153918055,-0.6674655686961127,-0.4581202576686166,-0.47359636281509015,0.011567423501975744,-0.0007711027320644152,0.011567313186849554,0.0,-0.6363547006370027
2017-07-24,15.951626777648926,0.18708589866896413,0.1882837264206309,0.18326781735581388,0.18521429816169724,-0.3712637106376731,300124.SZ,-1.430309874250422,-0.031033316185465364,-0.49185190780842347,-0.41876322126709314,0.4226913324641993,0.21994392256502,-0.7794783678690596,-0.4568867141179588,-0.47308573005814025,0.0023135288264456246,-0.0011567644132228123,-0.00462694733776506,0.009639446041562328,0.2607753996933562
2017-07-25,16.060138702392578,0.18835858530039765,0.19329963548544796,0.186412125913364,0.18693615949058093,-0.022022491093681384,300124.SZ,-0.7192638422508947,-0.0035393085421399745,-0.4937391886564704,-0.41760307460186774,0.5109079002824081,0.7430238128190132,-0.2674001896035593,-0.4557765254653199,-0.47240329665316155,0.008868232994371722,0.02583381688130313,0.016194370839740804,0.006554814483052287,0.4776883300326075
2017-07-26,15.875025749206545,0.18618752785521406,0.190305066106281,0.18476510204539734,0.18873290111808108,-0.45048114015727436,300124.SZ,-0.008217810251367088,0.0007013600869419147,-0.49332935397717037,-0.41752883310389033,0.32066887433045244,0.28776462335457365,-0.4752394626957958,-0.45490355578654235,-0.4717447242027755,0.00925389467553012,-0.015423157792550199,-0.008482791943465705,-0.011181761820817347,-0.5467622843813199
2017-07-27,16.32823371887207,0.1915028938579478,0.19202694885401445,0.18379187235188052,0.1870110397891974,-0.07124764038670657,300124.SZ,0.7028282217481605,0.041969925581272174,-0.49204306292366873,-0.4184170245534076,0.6841495150588528,0.6382430320012791,-0.30503844847186223,-0.4532714818622127,-0.4709286668579029,-0.008868232994371722,0.008868343309497912,-0.005012498703797268,0.02737613266055815,0.5171966431313386
2017-07-28,15.93247413635254,0.18686130061081418,0.19344935324498144,0.18633724561474754,0.1909039799821144,-0.3162238555202598,300124.SZ,1.413874253747688,0.038236649294402104,-0.4950568255905361,-0.41667826499560146,0.29240037043798134,0.556863892188559,-0.16668288145753948,-0.4523795346112311,-0.4701412437508258,0.020050105130315257,0.007325917215116703,0.013109628966104575,-0.023905949736015904,-0.30506404093126455
2017-07-31,15.855877876281738,0.1859629297970641,0.1888826402964643,0.18536401592123072,0.18588807091729737,-0.5449663886431173,300124.SZ,-1.430309874250422,0.026935469106918634,-0.4945384625916319,-0.4164235855172199,0.2194058358615107,0.09423678866023058,-0.2955665589387887,-0.45224669024841835,-0.46960197812143595,-0.02583381688130313,-0.023520288054857504,-0.005012498703797268,-0.00462694733776506,-0.2836796917994671
2017-08-01,15.453734397888184,0.18124647767016377,0.18334267623558062,0.17967433410081354,0.18311807817743067,0.09888422569318572,300124.SZ,-0.7192638422508947,-0.018366503993723186,-0.4947292759981603,-0.4177675266325206,-0.14926609494576396,-0.95162528123251,-0.9964736458411867,-0.4528160201293114,-0.46905316797367347,-0.014266503694453576,-0.028532897073780962,-0.029303999805845377,-0.02429150110204811,0.8657722010604791
2017-08-02,15.766510009765623,0.18491481980493082,0.18528915704146398,0.18087216185248034,0.18124647767016377,-0.4261519882095832,300124.SZ,-0.008217810251367088,-0.02786100339409254,-0.4944930673956269,-0.4175211847839151,0.11219314936005208,-0.46774681233690063,-0.793059830986047,-0.4532430175399809,-0.4677169354015117,-0.009639446041562328,0.010025107722720724,0.00616926311702008,0.018893340717092446,-0.673982243689321
2017-08-03,15.715448379516602,0.18431592734794716,0.18835858530039765,0.18334267623558062,0.1842410470493307,-0.2699886074513716,300124.SZ,0.7028282217481605,-0.0407107685084642,-0.4950819102726544,-0.41763208053894646,0.0655513013048601,-0.12475003560038482,-0.48596419600136825,-0.4534233051546127,-0.4666049973044112,0.015423157792550199,0.015808709158582405,0.012724077600072367,-0.00308452124338385,0.22335022537540872
2017-08-04,15.709062576293944,0.1842410470493307,0.18566347285914742,0.1822197073636806,0.18341753511534736,-0.6834066673106304,300124.SZ,1.413874253747688,-0.052172518225877144,-0.49497414348071755,-0.41745075294437306,0.05957033852463148,-0.36479742325313935,-0.6219894348386013,-0.45424883022418805,-0.4652973976046895,-0.004241395971732852,-0.013880842013295178,-0.005783711750987872,-0.0003856616811583971,-0.5269495758114764
2017-08-07,15.94524097442627,0.1870110397891974,0.18790941060294747,0.18356727429373057,0.18506455898331403,-0.5819841515474183,300124.SZ,-1.430309874250422,-0.04140396836431959,-0.49395056842412555,-0.4166802424635858,0.26082018493999776,0.1283811432598114,-0.3996421227587208,-0.4547327589940874,-0.4639659355850196,0.008482791943465705,0.011567423501975744,0.006940476164210684,0.014266503694453576,0.15124102870281164
2017-08-08,15.8048095703125,0.18536401592123072,0.18903235805599777,0.18513941786308077,0.18708589866896413,-0.5251397043004334,300124.SZ,-0.7192638422508947,-0.04596527781920683,-0.4937953957248795,-0.41517177606526345,0.12384418725285959,0.25994892996324936,-0.2905241185598453,-0.4554349305230268,-0.4629780769094405,0.010410659088752931,0.005783601435861683,0.008097130262307307,-0.008482791943465705,0.09251910842963441
2017-08-09,15.94524097442627,0.1870110397891974,0.18805912836248095,0.18536401592123072,0.18566347285914742,-0.6592546972235612,300124.SZ,-0.008217810251367088,-0.03815537518528897,-0.4930342788907334,-0.4150163415554205,0.24492014469850854,0.3264857110559359,-0.2905241185598463,-0.45515975368999106,-0.4620331682251991,-0.007326027530242892,-0.005012498703797268,0.0011567644132228123,0.008482791943465705,-0.15902846629307998
2017-08-10,15.97077465057373,0.18731049672711408,0.18978101111021436,0.18551375509961393,0.18708589866896413,-0.5498341444771525,300124.SZ,0.7028282217481605,-0.030695045590333776,-0.49291598302779277,-0.4120822775236279,0.2670978819455419,0.5138387523554098,-0.11949110342142172,-0.45550134998966707,-0.4611789321241582,0.007326027530242892,0.008868343309497912,0.0007712130471906047,0.00154231577925502,0.1617767047807969
2017-08-11,15.785662651062012,0.18513941786308077,0.1881339872422477,0.18401644899118075,0.18671156143243098,-0.59583069205096,300124.SZ,1.413874253747688,-0.04184096967665146,-0.4927927575326657,-0.41173466945616505,0.07809987736720324,0.1567604991074872,-0.32179900582730075,-0.4562699437000129,-0.46046786516406185,-0.001927977460413417,-0.008482791943465705,-0.007711689211401289,-0.011181872135943537,-0.04295155909115579
2017-08-14,16.2197208404541,0.19023020722651426,0.1904547838658145,0.1842410470493307,0.1842410470493307,-0.21728891845764114,300124.SZ,-1.430309874250422,-0.01380133498795395,-0.49323707971899966,-0.4059927831689502,0.454160206614328,0.7599492935228722,-0.08902429906489592,-0.4554633948452586,-0.45943705581446725,-0.012724077600072367,0.011952974868007952,0.0011567644132228123,0.026219478562461526,0.5162854441767115
2017-08-15,16.33461570739746,0.19157775273771455,0.19285043936914806,0.1884334655990141,0.190305066106281,-0.34770439509788664,300124.SZ,-0.7192638422508947,0.016972132979413822,-0.4914090783890602,-0.40355059219309475,0.548377097289372,1.275006281918346,0.1409183653809135,-0.45463786977568327,-0.4582439903352164,0.031231977266258794,0.01233852623404016,0.021592531224696468,0.006940365849084495,-0.1541551573444508
2017-08-16,16.56441307067871,0.19427286517896478,0.19547069293063155,0.1901553269278978,0.19172749191609773,0.25494047799694036,300124.SZ,-0.008217810251367088,0.0594899147083912,-0.4866717349388456,-0.40426130546772315,0.7327692166327213,1.6302107085363315,0.38053245906174255,-0.45329046079179997,-0.457022291300848,0.007326027530242892,0.01349529064726297,0.008868232994371722,0.013880842013295178,0.8114925893025511
2017-08-17,16.870807647705078,0.1978663698528148,0.20385550861114868,0.19127829579979785,0.1938236904815146,0.8927037517614705,300124.SZ,0.7028282217481605,0.11736006512654508,-0.4786247304243264,-0.4084696843707934,0.9661003535681615,2.2145662521270517,1.0478094976993557,-0.45181969555251483,-0.4556001560152995,0.010796210454785139,0.04318495213426675,0.005783711750987872,0.018507899666186427,0.857753452388109
2017-08-18,16.5707950592041,0.19434772405873152,0.19659366180253157,0.19389854936128134,0.1958450301671647,-0.33906365566612173,300124.SZ,1.413874253747688,0.13406866079222096,-0.47534374240283717,-0.40855438574079156,0.643259216857077,1.4884499645184368,1.0478094976993557,-0.4504438222463998,-0.4541637056588868,0.010410659088752931,-0.037401240383278876,0.01349529064726297,-0.01812234830015422,-1.6049470472815899
2017-08-21,16.468666076660156,0.19314991772591447,0.1953958340508648,0.19097883886188113,0.19404828853966455,-0.23677544093920033,300124.SZ,-1.430309874250422,0.13547946168971922,-0.47324029661569356,-0.4085230967929658,0.5365651651835962,1.0666583687924576,0.6371810718271133,-0.44905845540334216,-0.45277974844682883,-0.00925389467553012,-0.00616926311702008,-0.015037606426517991,-0.0061691528018938905,0.15238139900640632
2017-08-22,16.481428146362305,0.19329963548544796,0.19442260435734798,0.1916526116174813,0.19314991772591447,-0.36614305244843803,300124.SZ,-0.7192638422508947,0.1348415333271954,-0.4713698232787432,-0.4086804895896151,0.5470498768081946,0.960574757247868,0.6371810718271133,-0.44753075880482723,-0.4511858118305738,-0.00462694733776506,-0.005012498703797268,0.0034701829245422475,0.0007711027320644152,-0.15277482269272216
2017-08-23,16.660160064697266,0.1953958340508648,0.19734231485674816,0.19314991772591447,0.19397340824104808,0.08720210329435163,300124.SZ,-0.008217810251367088,0.1469824335508713,-0.4682552629144507,-0.4085400416331147,0.6941870499595441,1.178800385842384,0.8689982392168575,-0.4461453946765357,-0.44970641011746787,0.004241285656606662,0.015037606426517991,0.007711689211401289,0.010796210454785139,0.6148226484332455
2017-08-24,16.16865348815918,0.18963127193183116,0.19532097517109806,0.18955641305206442,0.19494665935341463,-0.0039168946741950615,300124.SZ,0.7028282217481605,0.11093737587147288,-0.4688205735941752,-0.4086477161316109,0.1816071499497203,0.515136137812358,0.3725754566128994,-0.44490236301846714,-0.44854675079385997,0.005012609018923457,-0.010410659088752931,-0.018507899666186427,-0.029689661487003773,-0.1023905842172836
2017-08-25,16.411216735839844,0.19247612355146462,0.19457232211688147,0.18963127193183116,0.18963127193183116,-0.4691368538218594,300124.SZ,1.413874253747688,0.10113960402105754,-0.4675752166608303,-0.4077983498277952,0.38528467129490834,0.5742426212208237,0.37257545661289965,-0.4438206400454431,-0.44699099293377326,-0.02737624297568434,-0.0038558446057006444,0.0003855513660322076,0.014652055060485784,-0.5951873236830695
2017-08-28,16.77505874633789,0.19674340098091478,0.20123525504966516,0.19329963548544796,0.1941231474194313,0.8589327525705781,300124.SZ,-1.430309874250422,0.12252362386854805,-0.46411756537857324,-0.40741352088613153,0.6727236464481712,1.2285107729755635,0.8990386303197555,-0.44138201862374243,-0.4450009584637172,0.02313484700395149,0.034316608824768835,0.018893451032218636,0.021978082590728677,1.7670820702013634
2017-08-29,16.896337509155273,0.19816580537188178,0.19981282923984844,0.19591988904693144,0.19651880292276483,-0.30012877820207373,300124.SZ,-0.7192638422508947,0.14708192496490358,-0.46179405918043426,-0.4031845482714223,0.7646376624442175,1.2445595960865345,0.8990386303197563,-0.43913317428146686,-0.44307773698762487,0.01233852623404016,-0.007326027530242892,0.01349529064726297,0.007325917215116703,-1.509172850811666
2017-08-30,16.93463706970215,0.19861500148818167,0.19868986036794842,0.19577014986854824,0.19764177179466486,-0.33550923050224585,300124.SZ,-0.008217810251367088,0.16665922491492946,-0.4585411562346744,-0.4013623540304528,0.7939274127937191,1.0816262320762644,0.8776045007064237,-0.4370930818760548,-0.4414742558529975,0.005783711750987872,-0.005783711750987872,-0.0007712130471906047,0.0023135288264456246,-0.02896716001285241
2017-08-31,16.851655960083008,0.19764177179466486,0.20258282197971514,0.19562043210901475,0.1992887742437818,-0.05073353139171368,300124.SZ,0.7028282217481605,0.17160490460673375,-0.4568814913877849,-0.39783256316896304,0.7028577614106981,1.0879569766508383,1.1680376009218645,-0.43551794202572086,-0.44006166508582156,0.008482681628339515,0.020050215445441447,-0.0007711027320644152,-0.005012498703797268,0.3927690125910164
2017-09-01,17.158050537109375,0.20123525504966516,0.20228334362294872,0.19502151823318137,0.19764177179466486,0.06133396131258772,300124.SZ,1.413874253747688,0.19876040104251624,-0.45345096722235917,-0.3948660763060955,0.9412308339726484,1.0909782671782444,1.0799672516325143,-0.43348734044248555,-0.438405688758806,-0.008482681628339515,-0.0015424260943812094,-0.00308463155851004,0.01850778935106024,0.16526347310317677
2017-09-04,17.61764144897461,0.20662547993216568,0.2071495349282323,0.19876474066656488,0.20048660199544857,0.39471293211054015,300124.SZ,-1.430309874250422,0.2562780030840041,-0.4450808167426539,-0.39659476476065053,1.2684558726397985,1.5183825499212384,1.42272848570433,-0.4310107652337592,-0.4365397337102713,0.014651944745359594,0.025062714149238715,0.019279002398250842,0.027761684026590565,0.45679326352968896
2017-09-05,17.713390350341797,0.20774844880406568,0.20909601573411565,0.20385550861114868,0.20550251106026562,0.17136287258621868,300124.SZ,-0.7192638422508947,0.3054101965061664,-0.43798613332348435,-0.39569671831680164,1.3330557481503493,1.6094357808264212,1.5505775129480561,-0.42855316623985423,-0.4347453622081923,0.02583381688130313,0.010025107722720724,0.02621936824733534,0.0057837117509876666,-0.2765762793980712
2017-09-06,17.949567794799805,0.21051842012508265,0.21081787706299934,0.20520305412234893,0.206101424936099,0.24224435644122896,300124.SZ,-0.008217810251367088,0.35957745855136536,-0.4293553423163461,-0.39613231719043335,1.48949639456858,1.6049071314767023,1.6612737649491005,-0.42546930872059263,-0.432755328420814,0.00308463155851004,0.008868232994371722,0.006940365849084495,0.014266393379327386,0.11100985448490784
2017-09-07,17.802749633789062,0.2087965373773492,0.21635784112388307,0.20872167849758247,0.20969490819109932,0.2028133697674395,300124.SZ,0.7028282217481605,0.3838954932497693,-0.4239064477444346,-0.3936803440746183,1.316919081618106,1.6222597682753892,1.991920320609136,-0.42327739845231277,-0.43083210626204393,0.01850778935106024,0.028532897073781167,0.018122237985027826,-0.008868343309498117,-0.03430285903410406
2017-09-08,17.885738372802734,0.20976978848971578,0.2110424751211493,0.20497845606419898,0.20872167849758247,-0.3017450591287184,300124.SZ,1.413874253747688,0.40445648533268014,-0.42002844959551305,-0.3881028974336445,1.3738405024315312,1.2027297715309682,1.4489047522514114,-0.4203738258329169,-0.42892319985681593,-0.005012498703797472,-0.027376132660558355,-0.019279002398250637,0.0050126090189236625,-0.6470072109309647
2017-09-11,18.185747146606445,0.21328841286494934,0.2181545827513832,0.20999438654786573,0.21006924542763247,0.5396181979282847,300124.SZ,-1.430309874250422,0.4406397146448677,-0.41260301259802723,-0.3873147361245454,1.573969304991755,1.4708988038120672,1.8591087999138198,-0.4169104141548048,-0.4271145105531613,0.00694047616421089,0.03663002733608827,0.02583392719642932,0.01812223798502803,1.125952196399836
2017-09-12,18.345325469970703,0.21516001337221627,0.21755566887554975,0.21216544399304937,0.21471083867476606,-0.06493341144389447,300124.SZ,-0.7192638422508947,0.4764853415699125,-0.4047267965617668,-0.3868381138735253,1.6762238409081334,1.4026654342401261,1.8591087999138198,-0.41261198929970655,-0.42523901166893185,0.023905949736015904,-0.0030846315585102454,0.011181761820817553,0.009639446041562328,-0.7787265017664777
2017-09-13,18.17297744750977,0.21313867368656614,0.21620810194549983,0.21253975981073275,0.21448624061661611,-0.42994668426653376,300124.SZ,-0.008217810251367088,0.48290474920779897,-0.39922052023416704,-0.3855284541784907,1.4643570551249563,1.1956053065861088,1.8591087999138203,-0.4090347121883691,-0.4236546202537273,-0.0011567644132228123,-0.006940476164210479,0.001927867145287022,-0.010410659088752931,-0.46318678527761087
2017-09-14,17.7772216796875,0.20849708043943255,0.21411190338008299,0.20707467604846555,0.212464900930966,-0.25107459745586835,300124.SZ,0.7028282217481605,0.44684310339093675,-0.3967569179310738,-0.38404383856639607,1.0050003162678707,0.8087029531935347,1.1059274904944496,-0.40596983359869493,-0.4222038534610947,-0.010410659088752931,-0.010796210454785139,-0.028147235392622566,-0.023905949736015904,0.25326401192346865
2017-09-15,18.0836124420166,0.21209056369443285,0.2133632717447161,0.20797304686221563,0.20819764492036558,-0.6533420804981589,300124.SZ,1.413874253747688,0.4387337356956055,-0.39319065746603904,-0.3809286979977632,1.2207534588157103,0.8161219101419133,1.1059274904944496,-0.4024400024539424,-0.4208437585689847,-0.021977972275602487,-0.003855734290574455,0.00462694733776506,0.01850778935106024,-0.5122611134208819
2017-09-18,17.872968673706055,0.20962004931133257,0.21456109949638286,0.2088714176759657,0.21283921674864945,-0.4423933173757278,300124.SZ,-1.430309874250422,0.4078280872215378,-0.3918894083453172,-0.3756898672368143,0.9872828324996986,0.7275072783890416,1.1862895948832113,-0.399574387693721,-0.41964592117188665,0.023905839420889714,0.00616926311702008,0.00462694733776506,-0.012724077600072367,0.29551806401014347
2017-09-19,17.681472778320312,0.20737411156753252,0.2110424751211493,0.20535279330073214,0.20909601573411565,-0.10476614689144101,300124.SZ,-0.7192638422508947,0.36107302682393566,-0.3920326786773091,-0.3697466728904309,0.7810606581331507,0.4501791606267169,0.7172724736804224,-0.3967846832223165,-0.4185960241509023,-0.019278892083124655,-0.01812223798502803,-0.01812223798502803,-0.011567423501975744,0.4623893436558311
2017-09-20,18.109149932861328,0.21239004205119927,0.21321353256633288,0.205876826877949,0.20662547993216568,-0.3960404260136405,300124.SZ,-0.008217810251367088,0.3560692460806137,-0.39000797778636737,-0.3651379078047156,1.0885130215584613,0.5798214763031293,0.8728009336580391,-0.39356798134024246,-0.4168398300396357,-0.01272418791519835,0.011181761820817347,0.002698969877351437,0.02583392719642932,-0.36605168155445783
2017-09-21,17.99424934387207,0.2110424751211493,0.21628298224411632,0.21096761624138255,0.21224030287281612,-0.3749060098110366,300124.SZ,0.7028282217481605,0.3368328743294351,-0.392610705483427,-0.35331076697218383,0.9649314453665604,0.683831804960122,1.0840268113475562,-0.3905600341097977,-0.415498824184271,0.02891844843981317,0.015808819473708803,0.026219478562461734,-0.006940476164210684,0.04547890086259947
2017-09-22,18.17935943603516,0.21321353256633288,0.21411190338008299,0.20797304686221563,0.21081787706299934,-0.5455862861816864,300124.SZ,1.413874253747688,0.332653355889707,-0.3941561307165595,-0.3429952723940335,1.0957392799930672,0.5646113356739525,0.6947262724761782,-0.38700173592804754,-0.4140957793008235,-0.007326027530243097,-0.011181872135943741,-0.015423157792550199,0.011181761820817347,-0.20719528308977236
2017-09-25,17.55380630493164,0.205876826877949,0.21373758756239952,0.20475387942489875,0.2133632717447161,-0.25729603636069,300124.SZ,-1.430309874250422,0.2700939001833826,-0.39648051714931404,-0.3365317933745081,0.45810810357431986,0.25864562052700646,0.29768963350985556,-0.3850185803113972,-0.41269273441737575,0.013109739281230763,-0.0019278671452872276,-0.01657992220577301,-0.03778679174931129,0.39739866958346304
2017-09-26,17.534658432006836,0.20565225023864883,0.20804790574198237,0.2042298244288321,0.20580196799818232,-0.5946940652942071,300124.SZ,-0.7192638422508947,0.21503822240436646,-0.3986195815081463,-0.3309606883997836,0.43978003717650355,0.060877815326615854,0.23421189509431614,-0.38323468580943376,-0.41138036143445106,-0.03894355616253389,-0.029303999805845377,-0.0026990801924778323,-0.0011566540980964173,-0.42680970112038497
2017-09-27,17.96871566772461,0.21074301818323266,0.21194084593489934,0.20557736994003237,0.20662547993216568,-0.6271244908236538,300124.SZ,-0.008217810251367088,0.20574807201667575,-0.4004842847618963,-0.32380530176483796,0.7615187632082925,0.3164340557545508,0.5326025603084842,-0.38114715015220263,-0.40965280156098,0.004241395971733058,0.020050105130315053,0.006940365849084495,0.026219368247335544,-0.0250811406629738
2017-09-28,18.338943481445312,0.21508515449244953,0.21560920948851617,0.21081787706299934,0.21126707317929924,-0.2564999811341037,300124.SZ,0.7028282217481605,0.22689058865989367,-0.40255808218756517,-0.31422435365140955,1.0138631188598224,0.6498057431225072,0.7944733155380058,-0.37896472799133357,-0.4078154793848854,0.0239059497360157,0.01889345103221884,0.02699058129452594,0.02236363395676068,0.5058561690821755
2017-09-29,18.44745635986328,0.21635784112388307,0.21807972387161645,0.21283921674864945,0.2159835253061996,-0.3220865609007239,300124.SZ,1.413874253747688,0.2489644967921281,-0.40236892787107986,-0.3082393775818114,1.0852633819506738,0.7749623827689928,0.9621854449858144,-0.376175020805163,-0.4057204558954086,0.02429150110204811,0.012724077600072367,0.010410659088752931,0.006554814483052493,-0.06875717038982777
2017-10-09,18.83045196533203,0.22084969519263342,0.22309563293643345,0.21560920948851617,0.21778026693369978,-0.0590237306799591,300124.SZ,-1.430309874250422,0.29529331281979765,-0.39571987419632926,-0.310169504913841,1.3281169867330584,1.0922041418748718,1.2805862252457147,-0.37266416858999774,-0.40325796742457093,0.009253894675530325,0.025833816881302925,0.014266503694453576,0.023134736688825094,0.3641670251499781
2017-10-10,19.034711837768555,0.22324535069596696,0.22429346068810024,0.21628298224411632,0.22114915213055011,-0.08851443944290166,300124.SZ,-0.7192638422508947,0.3446147956573139,-0.38779443192533486,-0.3130684253167945,1.4512587243087243,1.181934404155265,1.3529597188722915,-0.3688686514343863,-0.40058072763168884,0.01735102493783722,0.006169263117020285,0.003470182924542453,0.01233852623404016,-0.021208702503712967
2017-10-11,18.83045196533203,0.22084969519263342,0.2240688626299503,0.21837918080953314,0.22294589375805027,-0.3747458292156535,300124.SZ,-0.008217810251367088,0.36033031527930903,-0.38329939062353807,-0.3140798113360005,1.235407976748757,1.1250366014616482,1.3529597188722908,-0.3656424614449015,-0.39826140761911755,0.00925389467553012,-0.0011567644132228123,0.010796210454784934,-0.01233852623404016,-0.3594087704508302
2017-10-12,19.168758392333984,0.22481751568416689,0.22609020231560045,0.22084969519263342,0.22084969519263342,-0.36135402134862143,300124.SZ,0.7028282217481605,0.39653785478991904,-0.37619611309738815,-0.31580321317779353,1.4417312539280729,1.3522047582417926,1.4780153451453795,-0.36118272518999284,-0.3953932760934283,-0.010796210454785139,0.010410659088753138,0.012724077600072367,0.020435766811473657,0.035279696533628155
2017-10-13,19.08577537536621,0.22384426457180034,0.2259404845560669,0.22159834824685,0.2245180587462502,-0.4862948857474299,300124.SZ,1.413874253747688,0.4118930667656724,-0.37097634717943934,-0.31612510051093623,1.3534891159451758,1.281859521231022,1.4780153451453788,-0.3572069204197496,-0.3928496595577624,0.018893451032218636,-0.0007711027320646207,0.0038558446057006444,-0.005012609018923457,-0.14694354512641125
2017-10-16,18.581506729125977,0.21792998469323327,0.22092455407240016,0.21456109949638286,0.22092455407240016,0.26573682764901196,300124.SZ,-1.430309874250422,0.37424160597771805,-0.36977295319447206,-0.3156261120697395,0.8432914025099957,0.6159891931947629,0.5512377117989637,-0.35452159327415983,-0.3902726375491314,-0.018507899666186427,-0.02583392719642932,-0.03624447597005606,-0.030460764219067984,1.0082772957296597
2017-10-17,19.14322853088379,0.2245180587462502,0.22459291762601694,0.21643270000364978,0.21792998469323327,-0.34079928684030675,300124.SZ,-0.7192638422508947,0.38783204307398805,-0.36519242605591573,-0.3171367524222274,1.1953002076849768,0.9781160005830443,0.8065592311333356,-0.35118153513668365,-0.3874617731336776,-0.015423157792549994,0.018893451032218636,0.009639446041562328,0.033931057458736424,-0.7813406561062505
2017-10-18,19.21343994140625,0.2253415492613838,0.2277372261835671,0.22084969519263342,0.2245180587462502,-0.47463072050826577,300124.SZ,-0.008217810251367088,0.3988372309234538,-0.3602416186351014,-0.31791250312960656,1.237054714038977,1.1834575844962716,1.0132259601723315,-0.34779403646215445,-0.38473203814840745,0.033931057458736424,0.016194370839740804,0.02274918532279309,0.004241285656606662,-0.15865493858026125
2017-10-19,18.84959983825684,0.22107429325078337,0.22661425731166707,0.22092455407240016,0.2253415492613838,-0.5983739174630781,300124.SZ,0.7028282217481605,0.37009131847546983,-0.3587230809272379,-0.31452506841263234,0.8868940727709955,0.916009723772447,1.0132259601723326,-0.34482404437611835,-0.38244612429147906,0.004241285656606662,-0.005783711750987872,0.0003855513660322076,-0.021977972275602487,-0.1453658784732561
2017-10-20,18.95173072814941,0.22227212100245014,0.22309563293643345,0.21792998469323327,0.2197267263207334,-0.8109903066987388,300124.SZ,1.413874253747688,0.35089402642429457,-0.35646706409957113,-0.3129822738171405,0.9521607096972661,0.6580507993712119,0.6360716277708284,-0.3421576934453498,-0.3800838542875701,-0.02891844843981317,-0.018122237985028235,-0.015423157792549994,0.00616926311702008,-0.2624370007817293
2017-10-23,18.94534683227539,0.2221972621226834,0.2259404845560669,0.2203256616154165,0.22159834824685,-0.6446399589882825,300124.SZ,-1.430309874250422,0.3299965685605733,-0.3549623451250597,-0.3095786961003573,0.9459382100231525,0.7785984803736334,0.8337112638579354,-0.34018402322134417,-0.3778456623398269,0.009639556356688516,0.014652055060485988,0.012338636549166143,-0.0003855513660322076,0.23676934112236953
2017-10-24,19.564516067504883,0.22945908751245078,0.22953396781106725,0.21965186744096665,0.22144860906846678,-0.16425220839877389,300124.SZ,-0.7192638422508947,0.36219389906744553,-0.35031186951887194,-0.30594822388265847,1.329337075533488,1.047737056567281,1.070466008932329,-0.3374322738943481,-0.3752256896571804,-0.0007712130471908102,0.01850778935106024,-0.0034702932396684367,0.03740113006815268,0.6504453918903967
2017-10-25,19.526216506958008,0.22900991281500063,0.2305820563843508,0.22496723344370037,0.2283361186405507,-0.21249661000548933,300124.SZ,-0.008217810251367088,0.3786694168724711,-0.34564802817997564,-0.3045761131676086,1.2908849319661073,1.130406418294866,1.1375755909669671,-0.3350885403336684,-0.37249595467191016,0.035473262922865456,0.005398050069829475,0.02737613266055815,-0.00231341851131923,-0.045912618412470046
2017-10-26,19.149608612060547,0.22459291762601694,0.22983340333013422,0.22399400375018355,0.22983340333013422,-0.09505350841154347,300124.SZ,0.7028282217481605,0.35333323597982036,-0.34449642868721236,-0.30036063235518196,0.9214511202168352,0.831614977707811,1.0107268185734157,-0.3330864030726648,-0.37038661406353585,0.007711578896275305,-0.0038558446057006444,-0.005012498703797268,-0.022749185322793297,0.17234466991462177
2017-10-27,19.34110450744629,0.22683885536981702,0.2275874870051839,0.22309563293643345,0.22459291762601694,-0.5382228265443935,300124.SZ,1.413874253747688,0.3447396916498351,-0.34222251011909743,-0.2974255119997729,1.042853542184164,0.7384816732311241,0.8927070810876383,-0.33092295712661673,-0.36783822424466694,-0.026990470979399755,-0.01156731318684935,-0.004626947337765265,0.011567423501975744,-0.5661403948513946
2017-10-30,19.10492706298828,0.2240688626299503,0.2270634320091172,0.22137375018870004,0.2258656042574505,-0.43538872781913973,300124.SZ,-1.430309874250422,0.31231391544223813,-0.3454089882958919,-0.2862375046117257,0.817011794811629,0.5264489132386798,0.6672422845283797,-0.32955657192791243,-0.36540914192947205,0.006554814483052493,-0.002699080192478243,-0.008868343309497912,-0.014266503694453576,0.15310048257587072
2017-10-31,19.698564529418945,0.23103125250065065,0.2317798841360176,0.2227212956999003,0.22414372150971704,-0.049929692453331294,300124.SZ,-0.7192638422508947,0.33346897155530963,-0.3474085720159368,-0.27348666534185845,1.1849450992321113,0.8716514757725751,1.0008306415982324,-0.3275449465594982,-0.36223558581586,-0.008868343309498117,0.024291501102048522,0.006940365849084495,0.03585892460402365,0.525397433722983
2017-11-01,19.519834518432617,0.22893503251638414,0.23267825494976763,0.22691371424958376,0.23095637220203424,-0.25618228279210986,300124.SZ,-0.008217810251367088,0.32945542373375786,-0.34905347006620613,-0.26409953568389033,1.0167228230436733,0.8887791177781846,1.061564347350611,-0.32554281201326074,-0.3594294946836093,0.03508771155683325,0.004626947337764649,0.021592531224696673,-0.010796320769911123,-0.25405407832915133
2017-11-02,19.232593536376957,0.22556614731953373,0.23327716882560104,0.22519183150185032,0.22900991281500063,0.019635183379184493,300124.SZ,0.7028282217481605,0.29636872964362776,-0.3506292157382498,-0.2579576073398195,0.7537962629430284,0.7072921157272376,0.8324363440595067,-0.3233793660672127,-0.356799978165268,-0.010024997407594329,0.0030846315585102454,-0.008868343309497912,-0.017351024937837634,0.38096848695238344
2017-11-03,19.02832794189453,0.2231704918162002,0.22459291762601694,0.22062509713448353,0.2245180587462502,-0.3662501126247214,300124.SZ,1.413874253747688,0.2480692510005189,-0.352652112135292,-0.25279871832430123,0.5725968042800372,0.19451774452170723,0.25723247264789234,-0.3219750230093337,-0.35431840065768494,-0.023134736688825503,-0.04472715759839558,-0.02352039836998349,-0.01233852623404016,-0.49068114117919265
2017-11-06,19.08577537536621,0.22384426457180034,0.2266891161914338,0.22234697988221688,0.2233202095757337,-0.06738801178661485,300124.SZ,-1.430309874250422,0.2110721130662306,-0.35287286805401435,-0.25131193273554314,0.6115062735815989,0.3166222339153217,0.4180205011833324,-0.3201721522925491,-0.3519704477726737,-0.006169373432146269,0.010796210454785139,0.008868343309497706,0.003470182924542453,0.41132478646626763
2017-11-07,18.275108337402344,0.21433650143823288,0.2245180587462502,0.21351298950424957,0.22421858038948378,0.9553260346190725,300124.SZ,-0.7192638422508947,0.10815097903620281,-0.34928179016259203,-0.259162995788339,-0.06027625152911395,-0.4362896161413288,-0.5636383824184198,-0.3192896931489779,-0.3501235817608843,0.00462694733776506,-0.011181761820817347,-0.04549837064558618,-0.04896855357012864,1.3648424612334211
2017-11-08,18.479372024536133,0.21673215694156647,0.21778026693369978,0.212464900930966,0.2141867836786994,0.4754607486143343,300124.SZ,-0.008217810251367088,0.042671416487014,-0.3480380452257161,-0.2623056732650092,0.0856336721780537,-0.6750408083742814,-0.6692661000811116,-0.3187393449124383,-0.34822899383990963,-0.051667523447480275,-0.034702160190800836,-0.005398050069829475,0.012338526234040364,-0.6144793599847918
2017-11-09,18.89428329467773,0.22159834824685,0.22264643682013358,0.2141867836786994,0.21530973113174975,-0.16636685171489052,300124.SZ,0.7028282217481605,0.025519977998964924,-0.3484100146468279,-0.26319220866029425,0.36900769171862663,-0.27211380712776007,-0.27269157053192455,-0.3174014240359658,-0.3460432970845547,0.005783601435861888,0.02506260383411232,0.008868343309497706,0.025062714149238715,-0.8278295212991995
2017-11-10,19.44961929321289,0.22811154200125053,0.23080665444250076,0.21995132437888332,0.22084969519263342,0.33554122331469227,300124.SZ,1.413874253747688,0.058592656609082236,-0.34690994767715383,-0.26319339406180314,0.7165330297046283,0.5287896892761833,0.3117915104807285,-0.31551315220818765,-0.34330401689823414,0.028532897073780962,0.042028187721043934,0.029689551171877587,0.03354539577757823,0.6787937438510234
2017-11-13,19.768779754638672,0.23185474301578435,0.23200448219416753,0.22571588649791696,0.2312558291399509,0.17827153130882836,300124.SZ,-1.430309874250422,0.11017867835709164,-0.34386572700123047,-0.26103525701480473,0.9021159285771867,0.9606526185784783,0.3909308454421058,-0.31222054003729655,-0.3406506394253002,0.053595500907893286,0.00616926311702008,0.02968966148700398,0.01927889208312486,-0.1895297517624334
2017-11-14,19.162376403808597,0.22474263538555042,0.23402582187981763,0.22429346068810024,0.23170502525625086,0.022060355829061684,300124.SZ,-0.7192638422508947,0.09550437599792078,-0.3438282000253124,-0.26098693505693366,0.4220185473904577,0.6522890886116036,0.5237984615121074,-0.3098008989025659,-0.33853652689907837,0.0023135288264460353,0.010410659088752931,-0.007326027530242892,-0.03663002733608847,-0.1881353862117884
2017-11-15,17.847434997558594,0.20932059237341594,0.22481751568416689,0.20625116411448216,0.22474263538555042,1.1336297739122747,300124.SZ,-0.008217810251367088,-0.032293159986645316,-0.33840710539740926,-0.2738944556503341,-0.44514246505060845,-1.619567616822372,-1.1129910121844886,-0.3099811865171977,-0.33757730177861706,-0.03585892460402406,-0.04742623779087341,-0.09292460843645979,-0.07942931778919642,1.4818901087687073
2017-11-16,17.955947875976562,0.2105932790048494,0.2120157048146661,0.2013101139294319,0.2088714176759657,0.36247266129470884,300124.SZ,0.7028282217481605,-0.12395651532464695,-0.3351725672588751,-0.2819741888026368,-0.37632627809473257,-2.3289323116445053,-1.0742474288147181,-0.31055051639809056,-0.3367660183996253,-0.08174273630051605,-0.06593413745705984,-0.025448265515270716,0.006554814483052082,-0.99819305570851
2017-11-17,17.847434997558594,0.20932059237341594,0.21021896318716593,0.20363091055299876,0.20902113543549922,0.22662640700050965,300124.SZ,1.413874253747688,-0.20506512096439566,-0.33224892526409067,-0.29070457375248654,-0.4418747127286967,-2.158307526888605,-1.0742474288147168,-0.3114424636490722,-0.33581156519701133,0.0007711027320646207,-0.009253894675530325,0.011952974868008157,-0.006554814483052082,-0.16130902701694988
2017-11-20,18.224044799804688,0.21373758756239952,0.21433650143823288,0.20894627655573245,0.21194084593489934,-0.08021188180522558,300124.SZ,-1.430309874250422,-0.2349560860230552,-0.3317501902864955,-0.2947588412795287,-0.19951079677371653,-1.3891937058186221,-1.1638489531676817,-0.31234389900746456,-0.33449919357944213,0.01503760642651758,0.021206869543538072,0.027376132660557946,0.022749185322792884,-0.38655388288771775
2017-11-21,18.04531478881836,0.21164138899698268,0.2148605564342996,0.20804790574198237,0.2127643578688827,-0.20101809312047977,300124.SZ,-0.7192638422508947,-0.2724850186420885,-0.3336890776141563,-0.29980579419093856,-0.31168933646327324,-1.3467695055555493,-1.2321106105742714,-0.3138146615319838,-0.33332998905478395,0.004241395971733058,0.002699080192478243,-0.00462694733776506,-0.010796210454785139,-0.1414970379803841
2017-11-22,17.924034118652344,0.21021896318716593,0.216582439182033,0.2082724823812826,0.21074301818323266,-0.29381045256884264,300124.SZ,-0.008217810251367088,-0.3105939546438686,-0.3357436660910979,-0.30511698423609135,-0.3878844769139877,-1.2009985181932306,-1.1020253268133566,-0.3151620705158669,-0.3323850810532203,-0.010410659088752727,0.008868343309497706,0.0011566540980966229,-0.007326027530243097,-0.1045948744137106
2017-11-23,17.10698699951172,0.20063634117383178,0.21096761624138255,0.19809094649211503,0.20962004931133257,0.06052138276797811,300124.SZ,0.7028282217481605,-0.40899415004925904,-0.33213719927401225,-0.3191612498319477,-0.8671697473314847,-1.840180145955613,-0.7082761546818593,-0.31822695182030736,-0.33168355724614096,-0.005783711750988078,-0.02891844843981317,-0.05243873649467068,-0.04935410493616043,0.4843941103563797
2017-11-24,17.09421730041504,0.20048660199544857,0.2040800852504489,0.1989893173058651,0.1995882311816985,-0.3976610767433988,300124.SZ,1.413874253747688,-0.483838535518519,-0.33148086472605737,-0.3307423085877141,-0.8742476052965121,-1.773563777485497,-0.7082761546818593,-0.3211874557989329,-0.3311729251718687,-0.05166763376260626,-0.03547337323799165,0.00462694733776506,-0.0007712130471906047,-0.5859169468740305
2017-11-27,16.411216735839844,0.19247612355146462,0.20048660199544857,0.1916526116174813,0.19981282923984844,-0.15168369874961446,300124.SZ,-1.430309874250422,-0.5974339314777507,-0.326899726103331,-0.3490588800935875,-1.2377406024387296,-1.9996823110114124,-0.23430374531347103,-0.3244136457884177,-0.33144494496950405,0.0011567644132228123,-0.01850778935106024,-0.03778679174931108,-0.04125697467385333,0.341660653813169
2017-11-28,16.609094619750977,0.19479692017503142,0.19689311874044826,0.1921018077337812,0.19255098243123137,-0.4658511715494702,300124.SZ,-0.7192638422508947,-0.663788573039775,-0.3301688457857714,-0.360109603332846,-1.0956807479138966,-1.7545877461574542,-0.23430374531347167,-0.32818069862179733,-0.3316596962915483,-0.037401240383278876,-0.01850778935106024,0.0023135288264456246,0.011952974868007952,-0.3962084904670822
2017-11-29,16.966554641723633,0.1989893173058651,0.20018714505753188,0.19404828853966455,0.195545573229248,-0.3760881098314405,300124.SZ,-0.008217810251367088,-0.6785514259429292,-0.3355299457863655,-0.3661357847162162,-0.8454251051477921,-1.3877395027387043,-0.5082211212726231,-0.3315207540445075,-0.33163583533695584,0.015423268107676389,0.01696547357180522,0.010025107722720724,0.021592420909570278,0.1358822311223212
2017-11-30,16.634628295898438,0.1950963771129481,0.1998876881196152,0.19389854936128134,0.19921391536401506,-0.5573990930048868,300124.SZ,0.7028282217481605,-0.7124433478676881,-0.3389223424836928,-0.3746768585233437,-1.0243921985598083,-1.338385740973668,-0.4982024981831282,-0.3348133662153986,-0.33179809283196743,0.018893340717092446,-0.00154231577925502,-0.0007712130471906047,-0.020050105130315257,-0.2211989296832559
2017-12-01,17.39422607421875,0.20400522637068216,0.205876826877949,0.1946471809966482,0.1946471809966482,-0.22209112724497224,300124.SZ,1.413874253747688,-0.6663823056582133,-0.34380192168421714,-0.3768415137079464,-0.5220212748346511,-0.9518251421451083,-0.9816356590195109,-0.3371286327390804,-0.3316215195834137,-0.023520398369983694,0.030846315585100193,0.003855734290574455,0.04588392201161839,0.45933429530010905
2017-12-04,17.23464584350586,0.20213362586341524,0.20625116411448216,0.20138497280919865,0.20363091055299876,-0.6043634836901841,300124.SZ,-1.430309874250422,-0.6378292626636569,-0.34966651505663016,-0.3789000384635542,-0.6109832158578676,-0.7985098208933173,-1.0108655950768217,-0.33967163012921303,-0.33190785513459115,0.04626958369277699,0.001927977460413417,0.034702160190801044,-0.009639446041562328,-0.4859218782550889
2017-12-05,16.806974411010742,0.1971177167985982,0.20363091055299876,0.19479692017503142,0.2016095708673486,-0.3586983417845016,300124.SZ,-0.7192638422508947,-0.64654253663604,-0.3507938999819605,-0.3846492060214716,-0.8431995921640465,-0.9984922946589382,-0.551445637607255,-0.3437707884400922,-0.33258551662172237,-0.010410659088753138,-0.01349529064726256,-0.03393094714361044,-0.02583381688130313,0.3412493506032677
2017-12-06,17.01761817932129,0.1995882311816985,0.20026200393729862,0.19359909242336465,0.1953958340508648,-0.5487704388098579,300124.SZ,-0.008217810251367088,-0.6290591193459845,-0.35375457220662443,-0.38822601297560355,-0.7049867245370478,-0.9785596617649367,-0.4718202779993861,-0.3474998861290636,-0.33328226714559883,-0.03200307999832321,-0.01735113525296382,-0.00616926311702008,0.012724077600072367,-0.2327397937502761
2017-12-07,16.704843521118164,0.19591988904693144,0.19913905648424832,0.19547069293063155,0.1978663698528148,-0.7805492340367608,300124.SZ,0.7028282217481605,-0.6365920052598093,-0.3595782994404435,-0.39196057550182806,-0.8741724924100484,-0.97382766623512,-0.471820277999386,-0.3511340945996307,-0.33410309572564106,0.012724187915198555,-0.005783601435861683,0.009639446041562328,-0.018893340717092446,-0.2876793074655726
2017-12-08,17.196348190307617,0.20168442974711534,0.20437956360721532,0.1952460948724816,0.19547069293063155,-0.5294864976695185,300124.SZ,1.413874253747688,-0.5939675321863412,-0.3724356206888038,-0.3877857453504163,-0.5549801505874619,-0.7343960214559477,-0.9079392812723999,-0.35432233215947306,-0.334618501083116,-0.012338636549166348,0.02699058129452594,-0.0011567644132228123,0.029689551171877587,0.3483595086291427
2017-12-11,17.604873657226562,0.20647574075378244,0.20722439380799904,0.20108551587128196,0.20213362586341524,-0.5763032709433844,300124.SZ,-1.430309874250422,-0.5197199971191272,-0.39198111251540374,-0.37536769673652515,-0.3046478379505782,-0.45522695459402657,-1.1324455741336572,-0.3565522002869274,-0.33505277837576314,0.034316608824768835,0.014651944745359594,0.030075212853035983,0.02467705246808032,-0.04403202824937668
2017-12-12,17.432527542114258,0.20445442248698206,0.20655062105239894,0.2040800852504489,0.20512819524258222,-0.8530481595473678,300124.SZ,-0.7192638422508947,-0.4718606988207084,-0.4072267534354838,-0.36588358261740306,-0.40411736413631844,-0.4180023692702833,-1.1324455741336568,-0.3599207227466354,-0.3357352117807417,0.015423157792550404,-0.003470182924542042,0.015423157792550199,-0.010410548773626743,-0.34691236619094074
2017-12-13,17.655941009521484,0.20707467604846555,0.20849708043943255,0.20363091055299876,0.20692493687008234,-0.7054506170644269,300124.SZ,-0.008217810251367088,-0.41093874523073903,-0.4083242890220377,-0.3655231151105591,-0.2668954789604197,-0.30255089275423536,-1.2587119740471788,-0.3626914482884526,-0.3361217644334925,0.009253894675529914,0.010024997407594329,-0.00231341851131923,0.01349529064726297,0.2120665944551888
2017-12-14,17.96871566772461,0.21074301818323266,0.21209056369443285,0.2063260229942489,0.20722439380799904,-0.478709180654906,300124.SZ,0.7028282217481605,-0.33273561270841245,-0.40822838226752206,-0.3655737037157334,-0.07891359333945333,-0.048666791888771134,-0.9785925368387365,-0.36457022929405414,-0.335978595975226,0.00154231577925502,0.01850778935106024,0.013880842013294767,0.01889334071709265,0.31632147996180693
2017-12-15,17.74530601501465,0.2081227646217491,0.2118659870551326,0.2071495349282323,0.2110424751211493,-0.7192962016735375,300124.SZ,1.413874253747688,-0.2883318060958412,-0.40886093485509245,-0.36532631751371175,-0.21603339841969318,-0.05981053199888724,-0.9785925368387363,-0.3664774773366535,-0.33623152537076056,0.01966455376428305,-0.0011566540980968282,0.004241395971733058,-0.013495290647263177,-0.29928223127779985
2017-12-18,17.681472778320312,0.20737411156753252,0.21216544399304937,0.20445442248698206,0.2081227646217491,-0.6587771596770525,300124.SZ,-1.430309874250422,-0.25709135577343456,-0.4131154955009733,-0.3629675709331491,-0.25535704545764587,-0.09474112744473116,-1.2060274625960241,-0.3685650129938846,-0.3363746938290271,-0.015037606426517991,0.0015423157792554308,-0.013880842013295178,-0.0038558446057006444,0.09735958867246566
2017-12-19,17.655941009521484,0.20707467604846555,0.20962004931133257,0.20647574075378244,0.20962004931133257,-0.6885962181770784,300124.SZ,-0.7192638422508947,-0.23320217646784733,-0.41604008354012717,-0.36142514573862855,-0.27147192874926546,-0.0895377488052249,-1.206027462596024,-0.3694854245670982,-0.33639378150041666,0.0077115788962750995,-0.01310973928123097,0.010410548773626743,-0.0015422054641288305,-0.02164123194530826
2017-12-20,17.343164443969727,0.2034063124948488,0.20932059237341594,0.20228334362294872,0.20804790574198237,-0.7113153707901005,300124.SZ,-0.008217810251367088,-0.24022765139944288,-0.41951067555813315,-0.3601665592753663,-0.46815500700516477,-0.2887920610086633,-0.9919742885353579,-0.3711744298506575,-0.33696645396812736,-0.008097130262307307,-0.0015423157792548144,-0.021592420909570278,-0.01889345103221843,-0.012288648459284854
2017-12-21,17.885738372802734,0.20976978848971578,0.21119219288068278,0.20220848474318198,0.20228334362294872,-0.2276498581963462,300124.SZ,0.7028282217481605,-0.19729887647720695,-0.4159182790087699,-0.3606150382951875,-0.11641220169942139,-0.019354670761811674,-1.1543961216711258,-0.3726736594121744,-0.33704758203295543,-0.029689661487003773,0.009639446041562121,-0.0003855513660322076,0.03277429304551361,0.6547631312069331
2017-12-22,18.211278915405277,0.21358786980286604,0.215234872251983,0.2082724823812826,0.20962004931133257,-0.38264923265017126,300124.SZ,1.413874253747688,-0.13452163395652864,-0.40987653265207136,-0.3622965417945453,0.08213323050590296,0.48462622841651676,-1.0544015364757777,-0.3745144852733676,-0.33702371971300726,0.03778679174931108,0.020821318177505863,0.031231866951132604,0.01966455376428305,-0.18653910163507115
2017-12-25,17.732540130615234,0.20797304686221563,0.2133632717447161,0.20774844880406568,0.21328841286494934,-0.6243179164957673,300124.SZ,-1.430309874250422,-0.1265803479898699,-0.4103286379301178,-0.35540882933456647,-0.22348228548209556,0.3415514682615059,-1.10011877025145,-0.3775414087186334,-0.3368900950904354,0.018893451032218636,-0.009639446041562328,-0.0026989698773516426,-0.02891844843981317,-0.30070708705109006
2017-12-26,17.94318199157715,0.2104435612453159,0.21239004205119927,0.20774844880406568,0.20797304686221563,-0.6530594771374212,300124.SZ,-0.7192638422508947,-0.10197398133043276,-0.40924430639725423,-0.35025453684327085,-0.09341654856934171,0.5275213331620403,-1.10011877025145,-0.3793537675428286,-0.3365846705025128,-0.02737613266055815,-0.005012498703797268,0.0,0.012724077600072367,-0.02022186261326099
2017-12-27,18.230430603027344,0.213812467861016,0.2177053866350833,0.21036870236554917,0.21141679093883273,-0.08814082127668843,300124.SZ,-0.008217810251367088,-0.057955825564878535,-0.40512456957971305,-0.3489841357296475,0.08049625528651497,0.9823609071916497,-0.6601200839235994,-0.3787844376619357,-0.3363890068518581,0.017736576303869635,0.02737602234543196,0.01349529064726297,0.017351135252963616,0.7617964944656331
2017-12-28,18.300642013549805,0.21463595837614965,0.21688189611994968,0.21134193205906598,0.21373758756239952,-0.5563288326329218,300124.SZ,0.7028282217481605,-0.018031053360406852,-0.4029249465944619,-0.3435351541161953,0.12280490333273822,0.9529806322711465,-0.6601200839236,-0.37827204185503854,-0.3364176410896536,0.011952974868007952,-0.004241285656606662,0.005012498703797268,0.004241285656606868,-0.5990970876311142
2017-12-29,18.5240535736084,0.21725621193763311,0.21860375744883337,0.21403704450031621,0.21590864500758308,-0.39870293339512536,300124.SZ,1.413874253747688,0.031502543370085276,-0.39702832489558393,-0.3449856828906788,0.2576049194262575,1.119644399556532,-0.5203058455130519,-0.3772662291708314,-0.33636037397941804,0.011181761820817142,0.008868232994371722,0.013880842013295178,0.013495290647262766,0.2252767757266192
2018-01-02,18.86874771118164,0.22129889130893332,0.22361968793250012,0.21673215694156647,0.21703161387948317,-0.12380428660664013,300124.SZ,-0.7192638422508947,0.09850595934082722,-0.3886931766744725,-0.3468578123098456,0.4595421184475986,1.4421642582589478,-0.13306426286339748,-0.3763078597384435,-0.3363317397416225,0.005783711750988078,0.02583392719642932,0.013880842013295178,0.020821318177505863,0.37975814203752634
2018-01-03,18.772998809814453,0.2201759224370333,0.22129889130893332,0.2180048649918497,0.22047537937495001,-0.4152117764456309,300124.SZ,-0.008217810251367088,0.14027955569911316,-0.38440778855828467,-0.3424014560077976,0.39006670889160083,1.2684572969696704,-0.13306426286339723,-0.37522613676541944,-0.33652740202692166,0.01773668661899603,-0.011952974868007952,0.006554924798178477,-0.005783711750987872,-0.36622715773257225
2018-01-04,18.421924591064453,0.21605838418596635,0.21927755162328322,0.21328841286494934,0.21927755162328322,-0.24490272850511666,300124.SZ,0.7028282217481605,0.139692286359063,-0.3830639662790843,-0.3372123502837278,0.13956591267356178,0.8658079767853348,-0.609392384230604,-0.37448601009207144,-0.33683282661484426,-0.006169263117020285,-0.010410659088752931,-0.02429150110204811,-0.021206869543538072,0.24198406861129726
2018-01-05,18.064468383789062,0.2118659870551326,0.21635784112388307,0.21051842012508265,0.21635784112388307,-0.4051051729037724,300124.SZ,1.413874253747688,0.10537009013949096,-0.38668766305845265,-0.3264352643532447,-0.10393115052799685,0.501181427565051,-0.8728912837359696,-0.37306269081937143,-0.3376584284780895,-0.015037606426517787,-0.015037606426517787,-0.014266503694453576,-0.021592420909570482,-0.19339301587240273
2018-01-08,17.738920211791992,0.20804790574198237,0.21328841286494934,0.20625116411448216,0.21149164981859944,-0.22378265071897932,300124.SZ,-1.430309874250422,0.04777322482068099,-0.3882657363205519,-0.3219803467821484,-0.31633844577221054,0.12308037653450282,-1.2578651893995694,-0.37210432138698335,-0.338665375507736,-0.025062714149239128,-0.015808709158582613,-0.021977972275602692,-0.019664553764282847,0.25649192814917326
2018-01-09,17.700620651245117,0.20759870962568247,0.20804790574198237,0.20333145361508204,0.20737411156753252,0.03343317810126092,300124.SZ,-0.7192638422508947,-0.0025198519129541654,-0.38839950665891143,-0.32136323729290694,-0.3411521751386106,-0.1992822432419164,-1.0398097183815294,-0.37018758523697337,-0.3393239479581221,-0.021206869543537864,-0.02699058129452594,-0.015037606426517787,-0.0023135288264456246,0.35646487111982367
2018-01-10,17.55380630493164,0.205876826877949,0.20864681961781573,0.20385550861114868,0.2082724823812826,-0.36132534451568843,300124.SZ,-0.008217810251367088,-0.05591749790492757,-0.3887818464480936,-0.3203328686377985,-0.4374576998401514,-0.2713736328200029,-1.093972940647307,-0.3687832448938605,-0.3405122428848811,0.00462694733776506,0.0030846315585098343,0.0026990801924778323,-0.008868343309498117,-0.5023696894514736
2018-01-11,17.170814514160156,0.20138497280919865,0.20580196799818232,0.1998876881196152,0.20580196799818232,-0.14966792222894315,300124.SZ,0.7028282217481605,-0.13159796007990862,-0.3869852073289329,-0.3247666140088916,-0.6817478602694818,-0.7327157713327034,-0.7604359720500908,-0.3684796037385929,-0.34203936718985006,-0.012724077600072367,-0.014652055060485579,-0.020435766811473657,-0.023134736688825094,0.2964515684963812
2018-01-12,17.24103355407715,0.20220848474318198,0.20325659473531527,0.1997379703600817,0.2019090278052653,-0.5599082476083536,300124.SZ,1.413874253747688,-0.18461477154378503,-0.3860846095819497,-0.3293210566126712,-0.6299342264934327,-0.8527425993896026,-0.7480648844607667,-0.3675781683802005,-0.3432419778701512,-0.020050105130315257,-0.013109628966104575,-0.0007711027320644152,0.004241395971732852,-0.5227636010264303
2018-01-15,16.826122283935547,0.19734231485674816,0.20550251106026562,0.1972674345581317,0.20228334362294872,-0.19102544585044326,300124.SZ,-1.430309874250422,-0.26129491652040826,-0.38303295362884865,-0.3373100285185344,-0.8881153539581546,-1.0429782652465274,-0.5438038639635635,-0.3684226696645972,-0.34483114120320313,0.0019278671452872276,0.011567313186849554,-0.012724187915198555,-0.025062603834112525,0.5035618472843684
2018-01-16,16.985702514648438,0.19921391536401506,0.20138497280919865,0.1972674345581317,0.1989893173058651,-0.3635807774258715,300124.SZ,-0.7192638422508947,-0.3058757551359915,-0.3815238161371809,-0.34242174629596034,-0.7665225012709189,-1.0899081164263313,-0.5438038639635635,-0.3687927330012711,-0.3462962264800893,-0.01696547357180522,-0.021206869543538072,0.0,0.009639446041562328,-0.20966526094901336
2018-01-17,16.794208526611328,0.19696799903906473,0.20093579811174847,0.19292531966776452,0.19921391536401506,0.027911931867220845,300124.SZ,-0.008217810251367088,-0.35521146052359404,-0.3794700728906079,-0.34896845966059625,-0.8857101948233429,-1.343275345449932,-0.19198038501314382,-0.36881170921609224,-0.3483673876496177,0.0011567644132228123,-0.002313418511319435,-0.022363523641634693,-0.011567313186849554,0.533345488250813
2018-01-18,17.196348190307617,0.20168442974711534,0.20228334362294872,0.1956952909887815,0.19651880292276483,-0.3087783255182395,300124.SZ,0.7028282217481605,-0.3562864304036031,-0.3792193040707297,-0.34996802624629914,-0.5804301107976363,-1.0253227673905445,-0.3344001374650131,-0.36854602320523316,-0.3501092646419865,-0.013880842013295178,0.006940365849084495,0.014266393379327386,0.02429139078692192,-0.4258773658757235
2018-01-19,17.221881866455078,0.20198388668503203,0.20572710911841557,0.20093579811174847,0.20250794168109867,-0.5046318768974163,300124.SZ,1.413874253747688,-0.3521617581318871,-0.37950681628159944,-0.35282730220880454,-0.561380508350771,-0.7228259803368734,-0.6881571404823392,-0.3677774322096535,-0.35155048896428004,0.030846315585100398,0.017736686618995825,0.02699058129452594,0.00154231577925502,-0.240355603787099
2018-01-22,17.23464584350586,0.20213362586341524,0.20520305412234893,0.19913905648424832,0.20228334362294872,-0.2073625010160452,300124.SZ,-1.430309874250422,-0.3451161108955749,-0.3813364191755983,-0.3553905121662109,-0.5515725227763965,-0.8255723785823503,-0.5368947247295713,-0.36772049813565766,-0.35312533654378975,-0.0011567644132228123,-0.0026990801924778323,-0.00925389467553012,0.0007712130471906047,0.4092267173699704
2018-01-23,17.61764144897461,0.20662547993216568,0.20909601573411565,0.20041174311568183,0.2013101139294319,0.517692301136729,300124.SZ,-0.7192638422508947,-0.30379142397226006,-0.38153575473217805,-0.35571065806159496,-0.26198286865141907,-0.4326537079043226,-0.9243758307448201,-0.3677015192060704,-0.3542372739582126,-0.005012498703797268,0.020050215445441447,0.006554814483052287,0.023134736688825503,0.9727410761491596
2018-01-24,18.351707458496094,0.215234872251983,0.21710647275924985,0.20595170717656552,0.20662547993216568,1.306520897545714,300124.SZ,-0.008217810251367088,-0.20566877825989408,-0.37955794484955513,-0.3560548904219569,0.2385330134196755,0.4371395578144872,-0.9130983332159586,-0.36633513400736606,-0.3552442223532145,0.027376132660558355,0.041256864358726934,0.028532897073780962,0.04434160623236316,1.0567491946361236
2018-01-25,18.007015228271484,0.21119219288068278,0.21845403968929988,0.21119219288068278,0.212464900930966,0.07217339449223252,300124.SZ,0.7028282217481605,-0.1576125938870043,-0.380586837336761,-0.35592823934928447,-0.010203240031168622,0.495475006592472,-0.8031297900688479,-0.36581325280782434,-0.3563752488043824,0.030075212853035778,0.00694047616421089,0.026990470979399755,-0.020821318177505863,-1.6083457627191036
2018-01-26,18.09638023376465,0.21224030287281612,0.21403704450031621,0.20962004931133257,0.21119219288068278,-0.3800141730944937,300124.SZ,1.413874253747688,-0.1117293970916601,-0.3816575589152482,-0.3556605452369841,0.049091344888396976,0.2856143755027027,-0.94928121752633,-0.36562347708578213,-0.35722471162222014,-0.006554924798178477,-0.02274918532279309,-0.008097130262307307,0.00539816038495587,-0.5780199792089217
2018-01-29,18.479372024536133,0.21673215694156647,0.21710647275924985,0.20789816656359916,0.2118659870551326,0.19845749540125898,300124.SZ,-1.430309874250422,-0.04263610824948942,-0.38198657649885653,-0.3554912475187889,0.29756636872230696,0.4745876021578291,-0.6948630961992185,-0.3645322660053475,-0.3576351265949191,0.003470293239668231,0.0158087091585822,-0.008868343309497912,0.023134736688825094,0.7796496440951488
2018-01-30,18.19851303100586,0.21343813062448283,0.21875349662721658,0.2105932790048494,0.2161332430657331,-0.4508318168571412,300124.SZ,-0.7192638422508947,-0.013652099902333698,-0.3873032919413786,-0.3525061447423097,0.09051069613983043,0.47331040555753295,-0.5616841671206887,-0.36376367229500167,-0.3582984709631526,0.021977972275602692,0.00848279194346591,0.013880842013295178,-0.01696547357180522,-0.8376587056400812
2018-01-31,17.924034118652344,0.21021896318716593,0.21545947031013296,0.2063260229942489,0.21373758756239952,-0.2966597007552605,300124.SZ,-0.008217810251367088,-0.01587013663918747,-0.3935287516252366,-0.34931967933373465,-0.10545069528535143,0.06769844397897792,-0.9669005433356328,-0.363365144636096,-0.3585609455597375,-0.01233852623404016,-0.01696547357180522,-0.021977972275602692,-0.01657992220577322,0.22072716681132365
2018-02-01,17.55380630493164,0.205876826877949,0.2159835253061996,0.20557736994003237,0.21298893450818293,-0.27097181315193275,300124.SZ,0.7028282217481605,-0.05080318060858162,-0.3979789767313296,-0.34829920688317867,-0.3587614466257369,-0.1141317023690435,-1.0359937366567673,-0.3630520153734177,-0.35925292416576654,-0.0038558446057006444,0.0026990801924778323,-0.003855844605700439,-0.022363633956760883,0.051477110149351406
2018-02-02,18.1282958984375,0.2126146186904995,0.21388730532193304,0.20333145361508204,0.2048287383046655,-0.4457025556180262,300124.SZ,1.413874253747688,-0.029133300602017128,-0.39757584586445316,-0.3484629226499506,0.025329700079912715,-0.031793075699054985,-1.2424680052821448,-0.3626914428589205,-0.35982559663347724,-0.04202807740591775,-0.010796320769911329,-0.011567313186849554,0.034702160190801246,-0.2125308921693643
2018-02-05,18.434690475463867,0.21620810194549983,0.21710647275924985,0.20969490819109932,0.20991950624924927,-0.25209303469403294,300124.SZ,-1.430309874250422,0.01341281665255445,-0.39344764744714983,-0.3499367225305531,0.21679533108149554,0.45353508970028555,-0.9592595853250535,-0.362359337381421,-0.36058438755079203,0.02621936824733534,0.016579922205772805,0.032774182730387624,0.01850778935106024,0.2726773795241537
2018-02-06,17.904884338378906,0.20999438654786573,0.2155343291898997,0.20819764492036558,0.21313867368656614,-0.3330808489782071,300124.SZ,-0.7192638422508947,-0.0006057707109050466,-0.3927625688299134,-0.3497539009874145,-0.1434547612894709,0.09809513895202478,-1.0994662447572534,-0.36210313947797246,-0.3619778872331893,0.01657992220577301,-0.008097130262307102,-0.00771146858114891,-0.03200296968319702,-0.08904495080631433
2018-02-07,17.368694305419922,0.2037057694327655,0.215234872251983,0.20363091055299876,0.213812467861016,-0.4016051654442957,300124.SZ,-0.008217810251367088,-0.05933490172543923,-0.39287880124720076,-0.35050906839991686,-0.4785297599931509,-0.3051444699253426,-1.0380355949754754,-0.3629571315845457,-0.36331889308855403,0.0034702932396684367,-0.00154231577925502,-0.02352039836998349,-0.0323887416794814,-0.07262700024095671
2018-02-08,17.668704986572266,0.20722439380799904,0.21283921674864945,0.20220848474318198,0.2037057694327655,0.06772554942614535,300124.SZ,0.7028282217481605,-0.07998819179662989,-0.3927679375565557,-0.348242221102676,-0.2839263970842331,-0.2945200684605371,-0.9156467028924695,-0.36379214747629784,-0.36345251634577025,-0.052053295443764455,-0.01233852623404016,-0.007326027530243097,0.018122237985027826,0.6358801495736192
2018-02-09,16.851655960083008,0.19764177179466486,0.20782330768383242,0.19270072160961457,0.20183416892549855,-0.14530433242914018,300124.SZ,1.413874253747688,-0.16734029723186508,-0.3917019594580442,-0.3513615624215369,-0.7575322872714825,-1.1078531376354614,-0.1753124160214203,-0.3659461026001691,-0.36427811684365985,-0.009639446041562532,-0.02583381688130313,-0.04896855357012843,-0.04935410493616064,-0.26298168747299594
2018-02-12,17.987865447998047,0.21096761624138255,0.2118659870551326,0.19846526230979847,0.19854014260841493,-0.25340964271652744,300124.SZ,-1.430309874250422,-0.13675213078043683,-0.3917566209652107,-0.3457062111094184,-0.081247244254235,-0.24063657077196568,-0.5528501406240012,-0.3667431606327467,-0.3641731264588836,-0.01696547357180522,0.020821318177505658,0.029689551171877587,0.06863310733441148,-0.12476636026417873
2018-02-13,18.62618827819824,0.21845403968929988,0.22010106355726655,0.21268949898911596,0.21268949898911596,0.16109322076568378,300124.SZ,-0.7192638422508947,-0.05723910783162155,-0.3875165769071826,-0.34276373274706007,0.24958989741611406,0.9271498372187362,-1.244964928516253,-0.3671037358620101,-0.36387247378880827,0.07287450330614433,0.042413739087076345,0.07326016498730273,0.0385578944813755,0.5636563672265383
2018-02-14,18.76661872863769,0.22010106355726655,0.2219726640645335,0.21590864500758308,0.21882835550698332,-0.160135239362195,300124.SZ,-0.008217810251367088,0.016569474947787842,-0.38427309945448157,-0.3370594994791853,0.31957819569616797,1.1937313049544303,-1.1568721520236918,-0.3671132239694207,-0.36333320747674064,0.03161741831716481,0.009639446041562532,0.016579811890646615,0.008482791943465705,-0.405509807207065
2018-02-22,18.76661872863769,0.22010106355726655,0.22189780518476676,0.21733107081739986,0.22092455407240016,-0.43691433533117713,300124.SZ,0.7028282217481605,0.07290274109930218,-0.3802572651682394,-0.3341930406806951,0.31957819569616797,1.2011443190511828,-1.1568721520236929,-0.36660082816252354,-0.36270326789879453,0.010796210454785139,-0.0003855513660322076,0.007326027530243097,0.0,-0.3469574269624606
2018-02-23,18.62618827819824,0.21845403968929988,0.22010106355726655,0.21441136031799962,0.21935241050304996,-0.3981969238502046,300124.SZ,1.413874253747688,0.10273764287484995,-0.37816857287724054,-0.3298740897061105,0.23224528569877323,0.9107533651709123,-1.1527259025035317,-0.36576581498553745,-0.3615674695297793,-0.008097130262307307,-0.009253894675530325,-0.015037606426518196,-0.008482791943465705,0.06864067707379096
2018-02-26,19.43047142028809,0.22788694394310058,0.22811154200125053,0.2155343291898997,0.21950212826258345,0.5197460403219498,300124.SZ,-1.430309874250422,0.1933079615112006,-0.36939075681142414,-0.3295597639585504,0.6381362993407345,1.400531368092025,-0.7772029240436031,-0.3632512846324028,-0.359820820619563,0.0007711027320644152,0.04125697467385333,0.005783711750988078,0.04858300220409622,1.2268293228756553
2018-02-27,19.78792762756348,0.23207934107393427,0.2382182190106513,0.22683885536981702,0.22683885536981702,1.3031260384736585,300124.SZ,-0.7192638422508947,0.2917245328711522,-0.3572812910407497,-0.3332603505926433,0.804868674811648,1.9354518299322387,-0.11390091204938987,-0.3601484481835539,-0.3572962931206422,0.03778690206443727,0.05205318512863826,0.05822255856078474,0.021592420909570278,1.0495718501904376
2018-02-28,20.126239776611328,0.23604716156546773,0.2444319558271352,0.22975854445036747,0.2305820563843508,0.6546766160293278,300124.SZ,-0.008217810251367088,0.3935081759645863,-0.3436983635309562,-0.3405870199059949,0.957614065217803,1.9896786789036724,0.24305476582646598,-0.3563244612761784,-0.3546667752369454,0.019278892083124655,0.03200307999832362,0.015037496111391801,0.020435766811473657,-0.8365523332838608
2018-03-01,20.31773567199707,0.23829307789041804,0.24091333145190158,0.23395094158120114,0.23627175962361768,-0.09362478762791555,300124.SZ,0.7028282217481605,0.4840519430540826,-0.3298750861962894,-0.3456137767167952,1.0426255596361198,1.7979331928390414,0.24305476582646598,-0.35164648497699574,-0.35216133677476985,0.029304110120971567,-0.018122237985028235,0.021592420909570073,0.01156731318684935,-0.9680856247670722
2018-03-02,20.324119567871094,0.23836793677018478,0.2483997763186686,0.2355231065694011,0.2355231065694011,0.5203203963186943,300124.SZ,1.413874253747688,0.5487222922764852,-0.31812481692671446,-0.3486182510243337,1.0455013793205659,1.754454991014733,0.6447783172110819,-0.3470633978962172,-0.34940296891705974,-0.0038558446057006444,0.038558004796501684,0.008097240577433702,0.0003855513660322076,0.8263782937529124
2018-03-05,20.52199935913086,0.24068873339375163,0.24256035531986825,0.23402582187981763,0.24151224532773496,-0.061877280391316895,300124.SZ,-1.430309874250422,0.6089729357000137,-0.30634772032262214,-0.3525450146858155,1.1358487891287348,1.4391802560723868,0.5127300885818054,-0.3415693873496357,-0.3470645598677433,0.030846315585100398,-0.030075212853035983,-0.0077115788962750995,0.011952974868008157,-0.7492800520823248
2018-03-06,20.426250457763672,0.23956576452185155,0.24181170226565166,0.23776902289435145,0.2392663075839349,-0.34249019581075096,300124.SZ,-0.7192638422508947,0.6396386108163626,-0.2966333194044594,-0.3531711941402284,1.0656510023787655,1.288346004340674,0.5127300885818054,-0.3364549282471388,-0.34467842890924183,-0.011567423501975744,-0.0038558446057006444,0.019278892083124655,-0.005783711750988078,-0.3520076511557598
2018-03-07,20.094322204589844,0.23567282432893458,0.23881713288648476,0.2329028530079176,0.2381433601308846,-0.3065089638606318,300124.SZ,-0.008217810251367088,0.6263167317928214,-0.2907123244892562,-0.3496424290463103,0.8248582646059944,0.9494093091563778,0.08203902765174598,-0.3315492237962714,-0.3422207137216069,-0.005783601435861683,-0.015423157792549994,-0.025062603834112525,-0.020050105130315053,0.06503635500215657
2018-03-08,20.17091941833496,0.23657119514268465,0.24023955869630148,0.23118097026018417,0.2373198481969013,-0.4498379597614906,300124.SZ,0.7028282217481605,0.6140720626200735,-0.28619115126894046,-0.3423278186988643,0.8633702495337746,0.8596546352151926,-0.06538952826785488,-0.32712744540053723,-0.3398632156355454,-0.004241395971732647,0.007326027530242892,-0.008868343309498117,0.00462694733776506,-0.17116591338902543
2018-03-09,21.147550582885746,0.24802543908213542,0.24967246295010215,0.2343252788177343,0.23619687932500122,0.5680010933237547,300124.SZ,1.413874253747688,0.6807764790401384,-0.27395713856495074,-0.34208780410978334,1.3188526895539066,1.150957337764758,0.4653088163156573,-0.32129183583951365,-0.33654172051117504,-0.005783711750988078,0.04858300220409602,0.016194370839740804,0.05899366129284895,1.3584207166710458
2018-03-12,22.11141586303711,0.259329943843203,0.2635972212726532,0.24944786489195214,0.24944786489195214,1.0359263702677826,300124.SZ,-1.430309874250422,0.8074694557288071,-0.25395436432520535,-0.3477588140049675,1.7016900180268084,1.582295955296008,1.114215095506353,-0.3140423978279666,-0.3328670775243413,0.06824755596837907,0.07171773889292152,0.0778870020099416,0.058222448245658545,0.6340287904499349
2018-03-13,21.862468719482425,0.2564102333438028,0.25992885771903645,0.25251729315088584,0.2576080825143194,-0.14835950758728667,300124.SZ,-0.7192638422508947,0.8746583049734863,-0.24051808684131826,-0.34440708316342483,1.5219087095517616,1.3343073560141532,1.1142150955063526,-0.30773235031922036,-0.32968397757503454,0.04202818772104414,-0.01889345103221843,0.015808709158582613,-0.015037606426517991,-1.5424004478704634
2018-03-14,21.415645599365234,0.2511697476396856,0.25498782895283584,0.25034623570570225,0.25453863283653594,-0.17751258078152957,300124.SZ,-0.008217810251367088,0.8773202031183113,-0.23537113621453443,-0.33094165945998166,1.2093970760167114,1.0240284632271115,0.9267844696344332,-0.3031777275606736,-0.3267060851120771,-0.015808819473708595,-0.02544815520014494,-0.011181761820817347,-0.026990470979399755,-0.0207639409963957
2018-03-15,21.93268394470215,0.25723374527778625,0.2581321160915363,0.2478008410239855,0.24967246295010215,-0.10761075216205064,300124.SZ,0.7028282217481605,0.912891267903297,-0.2273478744914773,-0.31979177316308943,1.4173499659165298,0.996119097786947,1.068014349104423,-0.2973421179996499,-0.3235086694092282,-0.025062603834112525,0.016194260524614614,-0.013109739281230763,0.031231866951133017,0.10971937155123987
2018-03-16,21.26883316040039,0.24944786489195214,0.26052779301371953,0.24929814713241868,0.25708402751825277,0.05474272781927724,300124.SZ,1.413874253747688,0.8715454336800209,-0.2331880063989623,-0.29170937552253595,0.978130263035463,0.8570501524027995,1.17374967650091,-0.29262618655605876,-0.32104140902054296,0.038172343115343496,0.012338636549166348,0.007711689211401289,-0.04010021026063093,0.2315043362456581
2018-03-19,21.56245994567871,0.252891630387419,0.25738348445616943,0.2440576400094517,0.24959758265148563,-0.02194444914119934,300124.SZ,-1.430309874250422,0.853350305805251,-0.2324432656364224,-0.2753747724098838,1.1000012830548063,0.7278665386505119,0.7178223059247076,-0.2880430967605142,-0.3181875946137514,-0.0385580047965021,-0.016194370839740804,-0.02699058129452594,0.01773668661899603,-0.08337979548550695
2018-03-20,22.80080223083496,0.2674153025858035,0.26876284809700374,0.24854949407820215,0.24929814713241868,0.6493010071396834,300124.SZ,-0.7192638422508947,0.9353366319418125,-0.22000209617502267,-0.2698159820458092,1.564356007798394,1.0072599614489897,1.2140762093089492,-0.2812016745152835,-0.3143602379676008,-0.001542205464128625,0.058607999611690755,0.023134736688825503,0.07480237045143157,0.9018589535401277
2018-03-21,22.047584533691406,0.2585813122078362,0.2671158456478868,0.2571588863980195,0.2641961351484866,0.127707856699567,300124.SZ,-0.008217810251367088,0.9223589130264978,-0.21628889047025002,-0.2583623686364175,1.1029230759433275,0.9150708640039668,1.2140762093089488,-0.27507191190640284,-0.3110769209167208,0.07673023759671879,-0.008482681628339515,0.04434160623236337,-0.04549837064558618,-0.6694467556146015
2018-03-22,21.82417106628418,0.2559610586463527,0.26247425240075317,0.25416431701885256,0.25850645332806943,-0.02657630388527347,300124.SZ,0.7028282217481605,0.8810216591026258,-0.2162236055216755,-0.24372255497336126,0.972397257774323,0.7445122141259202,0.9593606346003384,-0.26872390653848194,-0.3077267915545549,-0.029303999805845377,-0.02390594973601611,-0.015423157792550199,-0.01349529064726297,-0.18559696274950022
2018-03-23,20.56029891967773,0.24113792951005153,0.25266703232926907,0.24001496063815145,0.24001496063815145,0.7544632550300576,300124.SZ,1.413874253747688,0.7278061544671693,-0.22357077430515065,-0.22583069336205824,0.2952240233205272,0.25516408878680735,-0.11372930679276573,-0.265108674282736,-0.30572721324880403,-0.09523813726290542,-0.050510869349383244,-0.07287450330614474,-0.07634468623068658,1.0464888299785424
2018-03-26,21.5050106048584,0.25221783621296917,0.25618565670450266,0.2363465970845347,0.23956576452185155,0.6649951550221962,300124.SZ,-1.430309874250422,0.6800023688906898,-0.2250546348271274,-0.2141124393989134,0.665542538753646,0.3645504282010084,-0.3609348037468044,-0.2605445634167787,-0.30326472614332184,-0.0023135288264456246,0.01812223798502803,-0.01889345103221843,0.05706568383243574,-0.1002158848269046
2018-03-27,21.862468719482425,0.2564102333438028,0.26284856821843666,0.25386486008093584,0.25453863283653594,0.13948072079118207,300124.SZ,-0.7192638422508947,0.6644598055268622,-0.2241920072640259,-0.2051353452616437,0.7968058376301197,0.6893747877494717,-0.03110465138343056,-0.25466151331870196,-0.3001770727430965,0.07711589927787739,0.03431649850964285,0.09022563855910795,0.021592420909570073,-0.6746121950740026
2018-03-28,20.994356155395508,0.2462286974546353,0.2603031949555696,0.24338384583500186,0.2530413481469525,0.5137337374630184,300124.SZ,-0.008217810251367088,0.5682045207155019,-0.22550088497474274,-0.19942806113427422,0.370671574628932,0.35295593608300685,-0.6965021711876538,-0.2492718773831693,-0.29789593080401555,-0.0077115788962750995,-0.01310962896610478,-0.05398116258905188,-0.05243873649467047,0.5106359387046955
2018-03-29,21.44756126403809,0.25154406345736907,0.2559610586463527,0.24570464245856866,0.24742652520630207,0.046778351975690004,300124.SZ,0.7028282217481605,0.524269667866142,-0.22563347682267107,-0.19383528205595996,0.5418080412281141,0.3664166804967214,-0.696502171187653,-0.2436545105811858,-0.29549071080876893,-0.02891844843981317,-0.022363633956760883,0.011952974868007952,0.027376132660558355,-0.5974733708481823
2018-03-30,22.571006774902344,0.2647201901445532,0.2647201901445532,0.25146920457760236,0.25146920457760236,0.5096603981794019,300124.SZ,1.413874253747688,0.5798867913279878,-0.2197498583645588,-0.18989417534484482,0.9334881863161268,0.7409995465274687,-0.2617035418826552,-0.23515255008939367,-0.2922980656584117,0.020821318177506067,0.04511281927955377,0.02968966148700398,0.06786200460234665,0.6273854296380087
2018-04-02,22.74973487854004,0.26681638870997015,0.27213175471270384,0.25992885771903645,0.26367208015241994,0.5151937296501781,300124.SZ,-1.430309874250422,0.6310304215223193,-0.21299862970764077,-0.18705877771457535,0.9922168885169508,0.9860261852715494,0.07411056201153224,-0.22807390887030157,-0.28913882666369745,0.06284939558342341,0.038172343115343496,0.043570393185172765,0.01079621045478555,0.024927861208111357
2018-04-03,22.302913665771484,0.2615758815870031,0.2731798432859874,0.25843157302945297,0.2618753385249198,0.7053679025451413,300124.SZ,-0.7192638422508947,0.6238975070373979,-0.21122885543547135,-0.1800937997570614,0.771664457199859,0.8425185827740374,-0.022047054314463927,-0.22260836264595185,-0.28657134917343907,-0.00925389467553012,0.005398050069829475,-0.007711578896275305,-0.02699058129452615,0.2681520548569826
2018-04-04,21.919919967651367,0.25708402751825277,0.26457045096617005,0.2555118625300528,0.26352234097403676,-0.15829459635693616,300124.SZ,-0.008217810251367088,0.576717162083699,-0.21460787298322315,-0.16735979962041303,0.5874007191374255,0.5347995632997767,-0.209528371944182,-0.2179208982393586,-0.2842186230052248,0.008482681628339515,-0.04434160623236337,-0.015037606426517991,-0.023134736688825094,-1.1200488044891281
2018-04-09,21.07733726501465,0.24720192714815212,0.25888076914575286,0.24720192714815212,0.2546134917163027,-0.000714921442700909,300124.SZ,-1.430309874250422,0.45888598558199295,-0.21954486975551105,-0.1572298192067823,0.2031742280485541,0.06259070725175005,-0.7158202640183489,-0.2144859563130104,-0.28223336181837183,-0.04588392201161839,-0.029303999805845377,-0.042799290453108346,-0.05089653103054205,0.2252158852229885
2018-04-10,20.413482666015625,0.23941604676231812,0.24944786489195214,0.2333520491242175,0.2478008410239855,1.4058119735620915,300124.SZ,-0.7192638422508947,0.3025270595508794,-0.21621681538084053,-0.16465072911065093,-0.07840279695679808,-0.6484173113955568,-1.0912854222145973,-0.21182909348965243,-0.2804771690724609,-0.03508771155683325,-0.04858300220409643,-0.07133207721176313,-0.040100210260630514,1.8704325023778334
2018-04-11,20.426250457763672,0.23956576452185155,0.24480627164481858,0.23672093432106783,0.24038927645583497,0.5216957918487015,300124.SZ,-0.008217810251367088,0.1763766944452899,-0.21538277180316628,-0.17373579987534554,-0.07328569790836774,-0.7529830668039781,-1.0912854222145973,-0.21034884285772276,-0.27846804693101523,-0.03817234311534309,-0.0239059497360157,0.01735102493783722,0.0007711027320642098,-1.1469920878416031
2018-04-12,20.37518310546875,0.23896687206486794,0.24248547502125176,0.2382182190106513,0.23964064482046807,-0.4815953673332685,300124.SZ,0.7028282217481605,0.06980238841840003,-0.21428992820168022,-0.18217079210001225,-0.09533143718151729,-0.8280119326913562,-1.0912854222145971,-0.20947587182156216,-0.27646846725990887,-0.0038557342905746607,-0.011952974868008157,0.0077115788962750995,-0.0030845212433836446,-1.30397922879232
2018-04-13,20.79009246826172,0.24383304195130173,0.24742652520630207,0.23979036258000155,0.23979036258000155,-0.0023007503038976677,300124.SZ,1.413874253747688,0.02014487052269231,-0.21403976551993395,-0.18547383886070787,0.07714161941737678,-0.5834977027121827,-1.1880789140440777,-0.2084890380669423,-0.27404892878040876,0.0007711027320644152,0.02544826551527113,0.008097130262307512,0.02506260383411232,0.6490054259182735
2018-04-16,21.051803588867188,0.24690247021023543,0.24929814713241868,0.24181170226565166,0.24196142002518514,-0.1973382409516087,300124.SZ,-1.430309874250422,0.00237545906261288,-0.21581823179631157,-0.18763594703949463,0.18416691334187232,-0.4420047812061983,-1.0884060601330414,-0.2073978269865077,-0.2711473924644321,0.011181761820817347,0.009639556356688516,0.010410659088752931,0.015808709158582613,-0.23928062107012107
2018-04-17,20.043256759643555,0.2350739104531012,0.2507954104031524,0.23425041993796755,0.24705220938861863,0.13437201128233578,300124.SZ,-0.7192638422508947,-0.10024428899462486,-0.2131351579535352,-0.19666903038294453,-0.2598425100622013,-0.9046835040479683,-1.0503746318008156,-0.20781533357500073,-0.2690523689749555,0.026219478562461526,0.007711468581148705,-0.03894344584740791,-0.06092152843813638,0.454595089366123
2018-04-18,20.324119567871094,0.23836793677018478,0.24166198450611817,0.23357662576351773,0.23582256350731778,0.17296563443448065,300124.SZ,-0.008217810251367088,-0.15647748989418603,-0.21291161230255062,-0.2028903501684724,-0.14122675796855513,-1.0655597862002206,-1.015010452437501,-0.20810948662285783,-0.2664371695755119,-0.05783689687962634,-0.04704057610971481,-0.003470293239668231,0.016965473571805015,0.06847761284471791
2018-04-19,20.043256759643555,0.2350739104531012,0.24008981951791825,0.23395094158120114,0.2373198481969013,-0.19239599363012133,300124.SZ,0.7028282217481605,-0.224386413605142,-0.22048969655583875,-0.2073097858639979,-0.26155067983489594,-1.156667451730671,-1.0150104524375003,-0.20867881378898467,-0.26415125571858367,0.007711578896275305,-0.008097240577433497,0.001927867145287022,-0.016965473571805015,-0.46364566762550424
2018-04-20,19.794309616088867,0.232154199953701,0.23881713288648476,0.23140556831833414,0.2350739104531012,-0.37881841743935984,300124.SZ,1.413874253747688,-0.297904399495967,-0.22243159378521138,-0.21588631890659304,-0.3676259916604806,-1.314246461752194,-0.8756620255532257,-0.2091247874144754,-0.2619082932183487,-0.011567423501975949,-0.006554814483052082,-0.013109628966104368,-0.015037606426517991,-0.22793214221324276
2018-04-23,19.934741973876957,0.23380122382166768,0.23746956595643479,0.23140556831833414,0.23207934107393427,-0.3861067710856377,300124.SZ,-1.430309874250422,-0.34124928185685305,-0.22469677446588412,-0.2223340052596539,-0.3040241171698487,-1.2921086971081837,-0.8756620255532259,-0.20947587182156216,-0.2598609916380572,-0.015423157792550199,-0.006940476164210684,0.0,0.008482791943465705,0.008038076695860636
2018-04-24,20.80924415588379,0.2440576400094517,0.2440576400094517,0.2331274510660676,0.23582256350731778,-0.0503211312228672,300124.SZ,-0.7192638422508947,-0.29687142065425604,-0.22458098781600933,-0.22127108789938388,0.07531901007817009,-0.8061420376804631,-1.2711654287945617,-0.2099787768062827,-0.257178978561972,0.019279002398250842,0.033931057458736424,0.008868343309498117,0.052824398175829075,0.45996352715151284
2018-04-25,21.07733726501465,0.24720192714815212,0.2507954104031524,0.24008981951791825,0.24300953001731845,0.07377704395675196,300124.SZ,-0.008217810251367088,-0.23680076156797594,-0.22604331267867356,-0.22162121311969507,0.18565640123307134,-0.3666472138108901,-0.8914916424232089,-0.2115159615122082,-0.25430607648379094,0.03701557870212068,0.03470204987567465,0.03585881428889746,0.016194260524614614,0.18111128348756692
2018-04-26,21.0007381439209,0.24630355633440204,0.24907354907426874,0.2422608983819515,0.24720192714815212,-0.09091571453200133,300124.SZ,0.7028282217481605,-0.19497877403162647,-0.2297447110453828,-0.22144478858183198,0.1493170432934718,-0.355382455372176,-0.8914916424232093,-0.21279694831468504,-0.2517767770670229,0.021592420909570073,-0.008868232994371518,0.01118187213594333,-0.00462694733776506,-0.19930802912391335
2018-04-27,20.94967460632324,0.24570464245856866,0.24914840795403548,0.24106304921143507,0.24727680744676858,-0.43070170431075633,300124.SZ,1.413874253747688,-0.16571899651878413,-0.22984029113392146,-0.22154819179376564,0.12450262722034806,-0.3815861703396513,-0.966860503653253,-0.21348963173621385,-0.24983446587150762,0.0003856616811583971,0.0003855513660322076,-0.006169373432146063,-0.00308463155851004,-0.4299553207274454
2018-05-02,21.22414970397949,0.24892380989588553,0.2521429773332024,0.24562978357880189,0.2489986687756523,-0.2500435970337521,300124.SZ,-0.008217810251367088,-0.11843453925072817,-0.23073377033866446,-0.22157972129188855,0.24453940523831563,-0.09386518006147723,-0.794304412332787,-0.21454288767224003,-0.24742924451090534,0.008868232994371722,0.015423157792550199,0.02352039836998349,0.01657992220577301,0.25561670585843427
2018-05-03,21.35181427001953,0.250421094585469,0.25251729315088584,0.24241061614148499,0.24705220938861863,-0.3138737890613977,300124.SZ,0.7028282217481605,-0.0702848455157409,-0.23999938952074876,-0.21662365963210514,0.30044193927471646,-0.11677320675466425,-1.0024583461758774,-0.21441953413160408,-0.24499539027786307,-0.010024997407594535,0.0019278671452872276,-0.01657992220577301,0.0077115788962750995,-0.0664435111351808
2018-05-04,20.49008178710937,0.24031441757606822,0.24989703958940238,0.240164678397685,0.24817517826051866,-0.1519834399319383,300124.SZ,1.413874253747688,-0.10771272391292136,-0.25555538808884704,-0.2093269636082882,-0.1280594490318195,-0.49165399459983355,-1.1457487221865503,-0.2160136529115253,-0.24349212692748656,0.005783711750987872,-0.01349529064726297,-0.011567423501975538,-0.05205318512863826,0.23089426196777477
2018-05-07,21.42203140258789,0.2512446065194523,0.25139432427898584,0.24038927645583497,0.24038927645583497,-0.0074468762519042,300124.SZ,-1.430309874250422,-0.05638393957778077,-0.26441471588407345,-0.2032172321593843,0.27658946855563193,-0.12035362395228401,-1.053490148099951,-0.21806323342434786,-0.2410821336490369,-0.0401003205757565,0.0077115788962750995,0.0011567644132230177,0.05629458110037091,0.2080344199082646
2018-05-08,21.59437561035156,0.25326594620510245,0.2565599725221861,0.24989703958940238,0.2511697476396856,-0.2477527960296183,300124.SZ,-0.7192638422508947,-0.0019020777061067881,-0.2677762560641192,-0.20085714046682085,0.3475814726716084,0.3948166115642476,-0.7431611258473613,-0.21873693791628956,-0.23833808154486896,0.0555234783683065,0.026605029928493736,0.04896855357012822,0.010410659088753138,-0.29891194146473105
2018-05-09,21.55607795715332,0.25281675008880256,0.25438891507700245,0.2500467787677856,0.25296648926718573,-0.7058239621179456,300124.SZ,-0.008217810251367088,0.03618191447048083,-0.2645138417717038,-0.2023640940754436,0.32816152286743944,0.349843870713127,-0.7431611258473618,-0.21913546828996125,-0.23534587196301382,0.009253894675530325,-0.011181761820817347,0.0007712130471908102,-0.0023135288264456246,-0.5857703419686863
2018-05-10,21.3964958190918,0.25094514958153563,0.25379000120116907,0.24854949407820215,0.2521429773332024,-0.6000737025960969,300124.SZ,0.7028282217481605,0.05047870208168541,-0.2613777839882197,-0.20129636023003417,0.24579635049276977,0.20785169489797997,-0.8484151668970037,-0.21789243663189287,-0.23290247252892124,-0.004241395971732852,-0.00308463155851004,-0.0077115788962750995,-0.009639446041562328,0.15694189086252802
2018-05-11,21.460329055786133,0.25169380263575225,0.25820699639015277,0.25139432427898584,0.2530413481469525,-0.3073614851368267,300124.SZ,1.413874253747688,0.0653290322061856,-0.25819972286573617,-0.20003190591316553,0.2744506527346801,0.4175500258054309,-0.5786120096530326,-0.2179588560985331,-0.2306404182612298,0.00462694733776506,0.02274918532279309,0.014651944745359389,0.0038558446057006444,0.40322365123359355
2018-05-14,22.23269271850586,0.26075236965301973,0.2617255993465366,0.2525921734495023,0.25266703232926907,0.009287284771646614,300124.SZ,-1.430309874250422,0.1418207595533125,-0.24884399112407019,-0.20202099747647673,0.6088286558396141,0.8164046326774659,-0.37207719177861825,-0.21740850514722748,-0.22740482448489055,-0.0019278671452872276,0.01812212766990184,0.006169373432146269,0.0466550247436826,0.434754858648405
2018-05-15,21.632673263549805,0.2537151209025526,0.26052779301371953,0.2510200084613024,0.2585813122078362,0.5792008987039247,300124.SZ,-0.7192638422508947,0.14685178784943068,-0.2456494489194696,-0.20169748391780787,0.29106717757376604,0.49817916168345855,-0.4894954774001033,-0.21645962653701603,-0.2242169526177364,0.03046076421906819,-0.0061691528018938905,-0.008097240577433497,-0.03624447597005606,0.768376266524137
2018-05-16,21.02627182006836,0.24660301327231873,0.25483808977445266,0.24555492469903514,0.2544637739567692,0.12854829273902585,300124.SZ,-0.008217810251367088,0.09528484834713369,-0.24571369436224128,-0.20174532252194524,-0.010101378614243359,-0.014517984084677141,-0.8847697808896444,-0.21708588777713872,-0.22170674223771344,-0.021206869543538072,-0.029304110120971567,-0.02814723539262277,-0.03663002733608806,-0.5759980007567479
2018-05-17,20.930524826049805,0.2454800658192684,0.25064569264361897,0.24181170226565166,0.24592924051671866,-0.4010957419906924,300124.SZ,0.7028282217481605,0.04419830857118185,-0.24686934633979143,-0.19612485777283972,-0.05658097549759535,-0.2408781978805004,-1.1417506195064442,-0.21952450784145647,-0.2186572655456229,-0.04395605486633095,-0.021592420909570278,-0.019279002398250637,-0.005783601435861888,-0.6800520465372104
2018-05-18,20.68157958984375,0.24256035531986825,0.24750140550491853,0.23619687932500122,0.24480627164481858,0.06773504009228272,300124.SZ,1.413874253747688,-0.019200541440944827,-0.2474226214653938,-0.19375805583333905,-0.17809894321440156,-0.5625231421352717,-1.0397198874298668,-0.22259887725330732,-0.21664337012097434,-0.005783711750988078,-0.016194260524614614,-0.02891844843981317,-0.015037606426517787,0.6352215967411465
2018-05-21,20.994356155395508,0.2462286974546353,0.24929814713241868,0.24390790083106847,0.2440576400094517,-0.13046168165021754,300124.SZ,-1.430309874250422,-0.04286400095774843,-0.2491873034787169,-0.18711890374343898,-0.02870122586271105,-0.054205324497694475,-1.160474622086197,-0.2245440804403153,-0.2148728602561656,-0.003855734290574455,0.00925389467553012,0.039714658894598104,0.018893340717092446,-0.2434422216653829
2018-05-22,20.62413024902344,0.24188658256426812,0.24750140550491853,0.23964064482046807,0.24705220938861863,-0.36265492539117644,300124.SZ,-0.7192638422508947,-0.09429123375682737,-0.253471952907643,-0.17811965437673102,-0.21218199756943082,-0.4026812983319204,-0.888732007955992,-0.22647030469773582,-0.21348413112626005,0.015423157792550199,-0.00925389467553012,-0.02197797227560228,-0.022363523641634693,-0.28822525334007526
2018-05-23,20.253904342651367,0.2375444462550512,0.24256035531986825,0.2366460754413011,0.24256035531986825,-0.2156242965840522,300124.SZ,-0.008217810251367088,-0.16688480344885032,-0.25579622591864576,-0.1738683176898654,-0.39051653446702095,-0.8388105722444313,-0.7042903077357956,-0.22769435742621696,-0.2123721937118374,-0.0231347366888253,-0.025448265515270924,-0.015423157792550404,-0.022363633956760883,0.21131980885453053
2018-05-24,20.202836990356445,0.2369455323792178,0.23956576452185155,0.2350739104531012,0.23956576452185155,-0.3622087275263732,300124.SZ,0.7028282217481605,-0.22758700348623984,-0.2536929484145115,-0.17924399757941034,-0.41507268658433727,-1.0071152115530557,-0.6082851972759016,-0.22800748668889528,-0.21119344398612877,-0.015423268107676594,-0.015423268107676594,-0.00809724057743329,-0.00308463155851004,-0.17545424178283328
2018-05-25,20.19007110595703,0.23679579320083458,0.23911658982440143,0.23567282432893458,0.23582256350731778,-0.5204418245624397,300124.SZ,1.413874253747688,-0.2749632404086493,-0.2522109471176145,-0.18524569376283173,-0.42138900222418524,-0.9758432464235498,-0.6082851972759025,-0.22835857109598204,-0.21062554480162113,-0.019278892083124447,-0.00231341851131923,0.00308463155851004,-0.0007712130471908102,-0.1907988285810879
2018-05-28,20.604982376098636,0.24166198450611817,0.24256035531986825,0.23589742238708453,0.23627175962361768,-0.4866588084129848,300124.SZ,-1.430309874250422,-0.2743113934979865,-0.25224818638236,-0.18710698039346071,-0.20112985270844957,-0.653909257328224,-0.8668314769076543,-0.22801697479630587,-0.2100146942604201,0.0023135288264456246,0.017736686618995825,0.0011567644132228123,0.02506271414923892,0.06214068326745903
2018-05-29,20.483699798583984,0.24023955869630148,0.24555492469903514,0.2397155037002348,0.2407636136923681,-0.4229567062391068,300124.SZ,-0.7192638422508947,-0.28248579995535184,-0.2520772319341924,-0.18954942773633102,-0.2646558692996481,-0.4386284612085248,-1.0851724111440637,-0.22847243652920737,-0.20974744774598783,0.0231347366888253,0.015423157792549994,0.01966455376428305,-0.007326027530242686,0.10155257890696992
2018-05-30,20.61774635314941,0.24181170226565166,0.24645329551278525,0.2355231065694011,0.23791876207273466,-0.14335929209637036,300124.SZ,-0.008217810251367088,-0.27536434592589604,-0.2529487412141957,-0.1914499712827266,-0.19219952283690853,-0.4805081119552809,-0.8056689446376621,-0.2291176739841511,-0.20952315122289328,-0.014652055060485784,0.004626947337765265,-0.021592420909570278,0.008097130262307102,0.38594774717616326
2018-05-31,20.86030578613281,0.2446565538852851,0.24555492469903514,0.23776902289435145,0.2442073577689852,-0.1652789755741238,300124.SZ,0.7028282217481605,-0.24693990237139463,-0.2544537048919161,-0.19205750639050653,-0.06126468357601574,-0.33898360409598755,-0.8056689446376633,-0.22790310664831448,-0.2091222800858891,0.032388631364355415,-0.004626947337765265,0.011567313186849554,0.014652055060485784,-0.011235521565618958
2018-06-01,20.505979537963867,0.23829307789041804,0.2460789796951018,0.2375444462550512,0.242635214199635,-0.43035949410442215,300124.SZ,1.413874253747688,-0.27016162687866746,-0.2540797025243608,-0.19332392393335254,-0.35684901291164656,-0.5852578853487072,-0.8463758540740973,-0.2279125947557251,-0.2092749923798504,-0.008097130262307307,0.002699080192478038,-0.0011566540980966229,-0.03277429304551402,-0.3315470928109504
2018-06-04,20.96982955932617,0.24368332419176827,0.24473141276505184,0.2384428170688013,0.24008981951791825,-0.2991586819108534,300124.SZ,-1.430309874250422,-0.24676935851141787,-0.25620336150926293,-0.19394604071650107,-0.1081956617576535,-0.430985481254342,-0.8463758540740967,-0.2268213809605244,-0.20901251641790985,-0.013109739281230763,-0.006940476164210684,0.00462694733776506,0.02776179434171675,0.19046746463997916
2018-06-05,21.053577423095703,0.2446565538852851,0.24555492469903514,0.2407636136923681,0.24480627164481858,-0.5831172961173151,300124.SZ,-0.7192638422508947,-0.21974677629181658,-0.2595830200658333,-0.1935310219712765,-0.0640327369777705,-0.31801011655059713,-0.9138561100540651,-0.2252367502880138,-0.2084398439501993,0.02429150110204811,0.004241395971732647,0.011952974868007952,0.005012498703797268,-0.356414882423718
2018-06-06,20.82809829711914,0.2420363003238016,0.24398275971083522,0.23851767594856804,0.24271007307940176,-0.4956702983276697,300124.SZ,-0.008217810251367088,-0.2167293134938141,-0.2632387014908559,-0.19368450394798864,-0.18939970571169026,-0.6490219544002054,-0.7474993476140548,-0.22419298245939823,-0.20809146800558315,-0.010796210454784934,-0.008097240577433497,-0.011567423501975744,-0.01349529064726297,0.1328313200829463
2018-06-07,21.43367576599121,0.24907354907426874,0.25154406345736907,0.2421860180833351,0.24375818307153502,-0.05945162999422415,300124.SZ,0.7028282217481605,-0.16122344830006924,-0.26421400766570435,-0.193313214239385,0.13112678520303558,0.14144521533192594,-1.1961471546236098,-0.22355723311186512,-0.2080246556942973,0.005398160384955459,0.0389435561625343,0.018893340717092446,0.03624447597005606,0.5922622221589445
2018-06-08,21.285505294799805,0.24735166632653532,0.2512446065194523,0.24562978357880189,0.2512446065194523,-0.4248061571287665,300124.SZ,1.413874253747688,-0.12992159738156725,-0.2664244274921725,-0.19251291720116734,0.046294378702427856,0.19218529381698418,-1.1961471546236098,-0.22353825418227785,-0.2087882171641041,0.03855789448137529,-0.0015423157792554308,0.017736686618995617,-0.008868343309497912,-0.4636363136928933
2018-06-11,20.750789642333984,0.24113792951005153,0.24997191988801887,0.24031441757606822,0.24735166632653532,-0.20737212823852988,300124.SZ,-1.430309874250422,-0.1511165127059245,-0.28042622238282006,-0.1842053598782565,-0.2507171606728407,-0.37142399334649256,-0.9475623159448645,-0.22419297974463218,-0.2097617580381076,-0.020050105130315053,-0.006554814483051876,-0.027376132660557738,-0.03200307999832321,0.304060992675364
2018-06-12,21.291942596435547,0.24742652520630207,0.2478008410239855,0.24091333145190158,0.24091333145190158,-0.44428755874730197,300124.SZ,-0.7192638422508947,-0.12085772791420503,-0.2859855044153929,-0.1802917129014237,0.03514917679308388,-0.1622250134504425,-0.947562315944864,-0.22397473698559195,-0.2100003716801,-0.03315984441154602,-0.011181872135943741,0.0030846315585098343,0.032388631364355415,-0.2944457084679963
2018-06-13,21.25973129272461,0.24705220938861863,0.2519932595736689,0.24615383857486856,0.2489986687756523,-0.49322546176378124,300124.SZ,-0.008217810251367088,-0.09984324492031103,-0.2857249085104764,-0.18041180091830938,0.01702444530669858,0.24414531711987716,-1.2632149733441207,-0.22421195595945337,-0.21064939892943568,0.04164252603988554,0.021592531224696468,0.02699058129452594,-0.0019278671452872276,-0.04682615585024991
2018-06-14,21.395023345947266,0.2486243529579689,0.25326594620510245,0.24667787215208548,0.24705220938861863,-0.3995814003773073,300124.SZ,0.7028282217481605,-0.07193439949781023,-0.2838942831990133,-0.18125999171083806,0.0888546592272679,0.38534525405347386,-1.1637465898119268,-0.22443968682590404,-0.21070189412182383,-0.010024997407594535,0.006554814483052287,0.0026989698773516426,0.008097130262307512,0.14099460500248714
2018-06-15,21.066463470458984,0.24480627164481858,0.2530413481469525,0.24271007307940176,0.24989703958940238,-0.24687671878351414,300124.SZ,1.413874253747688,-0.07875418672511668,-0.2833617433192674,-0.18096043305213572,-0.10201920485677589,0.01702362955249733,-1.0712973600399527,-0.22387035965977722,-0.21121729947929882,0.014651944745359594,-0.0011567644132228123,-0.020435656496347262,-0.019664553764283256,0.21879414066061328
2018-06-19,20.505979537963867,0.23829307789041804,0.24615383857486856,0.2376941640145847,0.24143738644796822,0.3208987641409116,300124.SZ,-0.7192638422508947,-0.13261137282112642,-0.28427884714147555,-0.1831456626882794,-0.4112526372731134,-0.760155703741317,-0.7015491327953454,-0.22551192169151746,-0.2130737106921387,-0.043570393185172765,-0.035473262922865456,-0.025833816881303335,-0.03354539577757844,0.7655597434499934
2018-06-20,21.388578414916992,0.24854949407820215,0.25161892233713584,0.23829307789041804,0.23829307789041804,-0.0033620662351145116,300124.SZ,-0.008217810251367088,-0.09884728701255409,-0.2816782232118927,-0.18344940458838335,0.06124405383666468,-0.009919658783185925,-1.1385999603808838,-0.22610971589464213,-0.2137131941057796,-0.01619437083974101,0.02814723539262277,0.0030846315585098343,0.052824398175829484,-0.4095042961985664
2018-06-21,21.214637756347656,0.246528154392552,0.25154406345736907,0.24562978357880189,0.24884895101611879,-0.32286848254536465,300124.SZ,0.7028282217481605,-0.08750221923991022,-0.2810929610442313,-0.18044640826238653,-0.034475133696697594,0.26723464062393393,-1.1385999603808843,-0.22690677392721978,-0.21431449944593017,0.0543667139550843,-0.0003855513660322076,0.03778679174931108,-0.010410659088753138,-0.40324138860725733
2018-06-22,21.71714210510254,0.25236757539135235,0.25341566396463594,0.24106304921143507,0.24458169500551835,-0.06879310832215985,300124.SZ,1.413874253747688,-0.03579169490511351,-0.27728326243519424,-0.17856805045455842,0.21918941374335615,0.43814698001363517,-0.8008105042144581,-0.226726486312588,-0.21359865988530863,-0.021977972275602487,0.009639446041562121,-0.02352039836998349,0.030075212853035983,0.3523280044809849
2018-06-25,21.298389434814453,0.24750140550491853,0.25566160170843605,0.24630355633440204,0.25431403477838604,-0.12822796119925517,300124.SZ,-1.430309874250422,-0.032116497892902426,-0.2777480713204805,-0.17363173645796237,-0.01342690496284077,0.6091691353316367,-0.9831228830540116,-0.2272578583343064,-0.2138993111900283,0.05012520766822526,0.011567423501975949,0.02699058129452594,-0.025062603834112525,-0.06065360673234124
2018-06-26,21.67848396301269,0.25191837927505245,0.25453863283653594,0.24196142002518514,0.24353358501338507,-0.11132228540349534,300124.SZ,-0.7192638422508947,0.002447510578379135,-0.27427211478272456,-0.17348336001023537,0.17683948202086477,0.6604430403234297,-0.6701361289194743,-0.22837753645173883,-0.2141856467412058,-0.05552336805318092,-0.005783711750988078,-0.022363633956760883,0.022749075007666902,0.03990845410947764
2018-06-27,21.33060073852539,0.24787572132260194,0.25423917589861933,0.2462286974546353,0.252891630387419,-0.3317763261924487,300124.SZ,-0.008217810251367088,-0.0016644955577213125,-0.2739423330056176,-0.17073491257556517,-0.015445162525922524,0.7316694619251711,-0.6701361289194752,-0.2291176604103208,-0.21408065635642962,0.04819745083806402,-0.0015423157792548144,0.021978082590728677,-0.02082120786237988,-0.27276140390103143
2018-06-28,20.80876922607422,0.24181170226565166,0.25146920457760236,0.23874227400671802,0.24630355633440204,-0.2938151637628245,300124.SZ,0.7028282217481605,-0.05096111574603635,-0.2739423330056176,-0.17073491257556517,-0.291258885068649,-0.1832697645883251,-0.16200904334573096,-0.22972494272085606,-0.21470105073332543,-0.033931057458736626,-0.014266393379327386,-0.03855789448137529,-0.03123197726625859,0.06764448325072805
2018-06-29,21.143774032592773,0.24570464245856866,0.24645329551278525,0.2363465970845347,0.24241061614148499,-0.015591916142969545,300124.SZ,1.413874253747688,-0.06155499673901629,-0.2738103359584563,-0.17045900076360143,-0.11650270957948086,-0.37744577007532876,-0.01080116228034933,-0.22969647839862428,-0.21591320661467686,-0.020050105130315465,-0.025833816881303335,-0.012338636549166554,0.020050105130315257,0.38413758133263093
2018-07-02,20.35780334472656,0.23657119514268465,0.24473141276505184,0.23395094158120114,0.24353358501338507,-0.05165590123955262,300124.SZ,-1.430309874250422,-0.13791826367149915,-0.2728033072455191,-0.17234202772140506,-0.5121731300707302,-1.12409332830821,0.1378226265797847,-0.23045558400155938,-0.21784120205665,0.005783711750988078,-0.008868343309497912,-0.012338526234040364,-0.0470406864248412,-0.029867565968313105
2018-07-03,20.16453742980957,0.2343252788177343,0.2372449678982848,0.2265393770130506,0.23582256350731778,0.39426270583349154,300124.SZ,-0.7192638422508947,-0.21406877747222178,-0.2694767404902084,-0.18006842899683959,-0.604495155856942,-1.917922798805759,0.5666441908542784,-0.23196430167048704,-0.21957830576581583,-0.03971465889459831,-0.038558004796501684,-0.03817234311534309,-0.01156731318684976,0.6050397840471199
2018-07-04,19.835973739624023,0.23050719750458407,0.23612202044523448,0.2285607166987007,0.23395094158120114,-0.1898439603336023,300124.SZ,-0.008217810251367088,-0.3007967877037658,-0.26484126704322014,-0.19129012963159261,-0.7595552433738644,-1.8367786978675724,0.566644190854278,-0.23340659987277432,-0.22127245948364394,-0.009639556356688722,-0.005783601435861683,0.010410659088752931,-0.019664553764282847,-0.7517947309464469
2018-07-05,19.662033081054688,0.22848585781893396,0.23252853719023417,0.22683885536981702,0.23050719750458407,-0.4529489864656829,300124.SZ,0.7028282217481605,-0.3815529404674984,-0.26019751287841103,-0.20227572392718512,-0.840767545597366,-2.0000466616040775,0.6634526708975275,-0.23455474502720464,-0.22246552496289476,-0.01773657630386943,-0.01850778935106024,-0.008868232994371722,-0.010410659088752931,-0.3289448107702607
2018-07-06,19.66847419738769,0.2285607166987007,0.23342690800398425,0.2275874870051839,0.2277372261835671,-0.2586349713459681,300124.SZ,1.413874253747688,-0.44122748704438614,-0.25907378169571865,-0.21200643602305128,-0.836952144035328,-1.7898223665631494,0.5747453485351389,-0.23561749178540745,-0.22315750356892383,-0.014266393379327386,0.00462694733776506,0.0038557342905746607,0.0003855513660322076,0.27360539756914853
2018-07-09,19.32703018188477,0.22459291762601694,0.2317798841360176,0.21635784112388307,0.22975854445036747,0.7757885770061871,300124.SZ,-1.430309874250422,-0.5135640866355371,-0.2564947789754517,-0.22435886167507071,-0.9996599889985476,-2.2365422225092293,1.1677231310162877,-0.23716416459874354,-0.22411195540618212,0.010410548773626743,-0.008482791943465498,-0.05783689687962634,-0.020435656496347467,1.3802671860504867
2018-07-10,19.63626289367676,0.22818640088101727,0.23103125250065065,0.2231704918162002,0.22444317844763373,-0.3596747196676977,300124.SZ,-0.7192638422508947,-0.5391491908773788,-0.2551107221018978,-0.23129070824338316,-0.8107039583741524,-1.6564734977302389,1.167723131016288,-0.2388721488118901,-0.2247991620943638,-0.02737613266055815,-0.003855734290574866,0.03508771155683284,0.01850778935106024,-1.478087304320769
2018-07-11,19.47520637512207,0.22631480037375035,0.23035745832620086,0.22309563293643345,0.22848585781893396,-0.43769195545087786,300124.SZ,-0.008217810251367088,-0.5681791186327793,-0.2557682304313946,-0.23918635313353862,-0.889675319955627,-1.5367014361958018,1.1714751258758669,-0.24063706438426627,-0.2259158714266338,0.020821318177505863,-0.003470293239668231,-0.0003855513660322076,-0.009639446041562328,-0.08513185901685989
2018-07-12,20.061458587646484,0.2331274510660676,0.23484933381380096,0.22459291762601694,0.22631480037375035,-0.09935141460829507,300124.SZ,0.7028282217481605,-0.535435360973848,-0.2584936864912699,-0.24171686997866054,-0.53848890789704,-1.0293372048675191,0.7182218479697458,-0.24173776357211146,-0.22679396711691158,-0.011181761820817347,0.02313484700395149,0.007711578896275305,0.035087711556833455,0.46332905411658964
2018-07-13,20.022802352905277,0.23267825494976763,0.2343252788177343,0.22945908751245078,0.2330525707674511,-0.6356918994969186,300124.SZ,1.413874253747688,-0.5083024956503454,-0.2624503123806374,-0.24363864737429683,-0.558605292748357,-0.8472274698925393,0.7182218479697468,-0.24325597206321578,-0.22694667941087288,0.03470204987567485,-0.002699080192478038,0.025062603834112525,-0.0023135288264460353,-0.6888731647559461
2018-07-16,19.681358337402344,0.22871045587708386,0.23425041993796755,0.22309563293643345,0.23425041993796755,-0.34438061360460076,300124.SZ,-1.430309874250422,-0.5118632026288684,-0.26445714899166145,-0.2478996028939269,-0.7357989143496456,-1.041955196592392,1.062166991845985,-0.24447053668428634,-0.2275623005045656,0.006169373432146063,-0.0003855513660322076,-0.03277418273038783,-0.020435656496347467,0.40137822825945085
2018-07-17,19.468759536743164,0.22623992007513394,0.22998314250851742,0.2239191448704168,0.22998314250851742,-0.5256536341134975,300124.SZ,-0.7192638422508947,-0.5283722302413341,-0.26419290636524567,-0.2531546162936724,-0.8439622997686568,-1.0932154330332926,1.062166991845985,-0.24668142859691947,-0.22812542777122585,-0.02197808259072847,-0.02197808259072847,0.004241395971733058,-0.012724187915198146,-0.22114892212045137
2018-07-18,19.127317428588867,0.22227212100245014,0.22908477169476738,0.22212240324291666,0.22818640088101727,-0.36036787968659334,300124.SZ,-0.008217810251367088,-0.5658965885561189,-0.2678479293677937,-0.25966843196723227,-1.014189734756075,-1.1506859041257271,1.1572094590597906,-0.24951857903490907,-0.22875536598381643,-0.00925389467553012,-0.0046269473377648545,-0.00925389467553012,-0.02043565649634767,0.23536697076400942
2018-07-19,18.34779167175293,0.21321353256633288,0.22369454681226686,0.20999438654786573,0.22369454681226686,0.3186132205561489,300124.SZ,0.7028282217481605,-0.6570588428139447,-0.26765536639633225,-0.27356490278516477,-1.374934689958253,-1.5797172047642243,1.7285607805426724,-0.25317176643506356,-0.23006773896674115,-0.0231347366888253,-0.027761684026590565,-0.0624638442173914,-0.04665513505880899,0.9120489838198076
2018-07-20,17.999906539916992,0.20917085319503267,0.2126146186904995,0.20677521911054886,0.21081787706299934,0.24648975672244364,300124.SZ,1.413874253747688,-0.752158747425627,-0.27201165880406775,-0.28620279166153767,-1.52448189894167,-1.7609658900987675,1.8619032657152546,-0.25822929689309687,-0.23229161516094227,-0.06631968882309204,-0.057065794147561924,-0.01657992220577301,-0.020821318177505863,-0.07736809494979695
2018-07-23,18.42510223388672,0.21411190338008299,0.21605838418596635,0.20969490819109932,0.21029382206693267,0.12694443843998546,300124.SZ,-1.430309874250422,-0.7829062060461571,-0.27760209348764664,-0.29337431231189626,-1.2452146380532858,-1.4113701252297415,1.5074417292296935,-0.26244232335196743,-0.23440095576931658,-0.002699080192478038,0.017736686618995825,0.015037496111391801,0.025448265515270924,-0.1398360853503279
2018-07-24,18.682796478271484,0.21710647275924985,0.22159834824685,0.21441136031799962,0.21441136031799962,0.07269606391152389,300124.SZ,-0.7192638422508947,-0.7772613717457996,-0.2899296048070562,-0.29325932227242907,-1.08101444401107,-1.0820785437178195,0.9688894123293748,-0.26548822844158665,-0.23626213890000383,0.021206869543538072,0.028532897073780962,0.024291501102047905,0.015423157792549994,-0.053821548318321685
2018-07-25,18.74077606201172,0.21778026693369978,0.22137375018870004,0.21710647275924985,0.21710647275924985,-0.512282992480297,300124.SZ,-0.008217810251367088,-0.7603096091717323,-0.30098220904130035,-0.29269815609194416,-1.043917394475086,-0.9680814725837726,0.968889412329374,-0.2692457904527897,-0.23804219260050738,0.013880842013295178,-0.0011567644132230177,0.013880842013295178,0.003470293239668848,-0.7529439155326941
2018-07-26,18.12231063842773,0.2105932790048494,0.22010106355726655,0.20962004931133257,0.2191278124449,-0.19608916004285415,300124.SZ,0.7028282217481605,-0.792751985592862,-0.3064770151488703,-0.2990904311989781,-1.3305862054789332,-1.2003452153723198,1.3248544100280926,-0.27386683539274287,-0.24048559203460013,0.010410659088753138,-0.006554814483052082,-0.03855789448137529,-0.037015689017246875,0.43415557736968813
2018-07-27,18.025680541992188,0.2094703315517991,0.2133632717447161,0.2081227646217491,0.21179112817536586,-0.3665735463333018,300124.SZ,1.413874253747688,-0.8187348154455004,-0.3173713874238805,-0.3012333501212493,-1.3738460434566429,-1.304371349297511,1.392120776693636,-0.2788294739176059,-0.2430960195161962,-0.0377866814341851,-0.034702160190801044,-0.0077115788962750995,-0.005783601435861683,-0.2069372404680346
2018-07-30,17.748655319213867,0.20625116411448216,0.21298893450818293,0.20550251106026562,0.21111733400091603,-0.34328638759368457,300124.SZ,-1.430309874250422,-0.8548433070050568,-0.32089684317022266,-0.3095575354190801,-1.497562004911643,-1.3326168153541105,1.5089458834803717,-0.28371620215365206,-0.24526739915265358,-0.003470293239668231,-0.001927977460413417,-0.01349529064726297,-0.01657992220577322,0.04831467145192323
2018-07-31,17.19461441040039,0.19981282923984844,0.20804790574198237,0.19779148955419834,0.20677521911054886,0.43215531697677106,300124.SZ,-0.7192638422508947,-0.9222502562498337,-0.3213472273442868,-0.32319447714585564,-1.7336767031997038,-1.544592581898843,1.8297142427841473,-0.2885934422822877,-0.24854594428568608,-0.022363523641634693,-0.025448155200144734,-0.03971465889459831,-0.03315984441154582,1.0391148730647077
2018-08-01,17.117307662963867,0.19891445842609837,0.2034063124948488,0.1977166306744316,0.2016095708673486,-0.14654890697843384,300124.SZ,-0.008217810251367088,-0.9724924975234965,-0.32135272714192803,-0.33615295241690063,-1.7657352447757164,-1.515634144415269,1.8326955877810174,-0.29488451357621276,-0.25201060786832313,-0.026605029928493736,-0.0239059497360157,-0.0003855513660322076,-0.00462694733776506,-0.7446781870627318
2018-08-02,16.434417724609375,0.19097883886188113,0.19696799903906473,0.18835858530039765,0.19629420486461488,0.5699438121986204,300124.SZ,0.7028282217481605,-1.0606910961982792,-0.3180216290155744,-0.35543630882686933,-2.0378653496705743,-1.7347587175980672,2.184268486327288,-0.3019251996508963,-0.25595249736958914,-0.02737613266055815,-0.03315973409642004,-0.04819745083806402,-0.04087142330782112,0.9614623920202244
2018-08-03,16.51172637939453,0.19187720967563124,0.19255098243123137,0.18865804223831434,0.1901553269278978,0.054942100086335474,300124.SZ,1.413874253747688,-1.11237470153093,-0.3182007747868249,-0.37028106013062795,-1.9809461538652917,-1.620437757834511,2.1842684863272885,-0.3095921469657025,-0.2597178136223014,-0.031617528632291,-0.02274929563791928,0.00154231577925502,0.00462694733776506,-0.6607639676685159
2018-08-06,16.105859756469727,0.18716075754873088,0.19779148955419834,0.186412125913364,0.19187720967563124,0.40124203246582907,300124.SZ,-1.430309874250422,-1.1763317351226557,-0.3163326464263518,-0.38782465968706037,-2.137699752058102,-1.5018863638506665,1.6572106622220395,-0.31724011806568747,-0.2638315058196296,0.008868343309497912,0.02699058129452594,-0.011567313186849554,-0.02429150110204811,0.4738138232151731
2018-08-07,16.750091552734375,0.1946471809966482,0.1959947479266982,0.18820886754086416,0.18820886754086416,0.11837354757986457,300124.SZ,-0.7192638422508947,-1.159045525833374,-0.32139962187106746,-0.39566912430172324,-1.673105685213615,-1.2941488432747852,1.6572106622220406,-0.3244990468994112,-0.26804541511853097,-0.018893340717092446,-0.00925389467553012,0.00925389467553012,0.0385578944813755,-0.35497887388462246
2018-08-08,16.653457641601562,0.1935242335435979,0.19749203261628165,0.19172749191609773,0.1946471809966482,-0.45681039029828946,300124.SZ,-0.008217810251367088,-1.1418929276765417,-0.3264959164217156,-0.4031721092275245,-1.7131425793807615,-1.1634717817171942,1.5063794173386773,-0.3313879123964609,-0.2718823142350208,0.033159734096419834,0.0077115788962750995,0.01812223798502803,-0.005783601435861683,-0.7400409749708686
2018-08-09,17.394325256347656,0.20213362586341524,0.20273253973924862,0.19202694885401445,0.19427286517896478,0.004602992390209224,300124.SZ,0.7028282217481605,-1.0531575138615166,-0.3389937498777869,-0.4012913006939691,-1.214204615374291,-0.898817690492292,0.9961590542168701,-0.3364169731027304,-0.27471703823971155,-0.0019278671452872276,0.02699058129452594,0.00154231577925502,0.04434160623236337,0.6254507845374233
2018-08-10,17.329904556274414,0.20138497280919865,0.20288225749878214,0.19854014260841493,0.2019090278052653,-0.3877415553973415,300124.SZ,1.413874253747688,-0.9784683603717704,-0.35310696738867214,-0.39764629563224696,-1.2434566507311111,-0.7647431975244383,0.9818781053843681,-0.3420343399047139,-0.2775279026551654,0.0393291075285661,0.0007711027320644152,0.03354539577757823,-0.0038558446057006444,-0.49918980207205976
2018-08-13,17.961252212524414,0.20872167849758247,0.21253975981073275,0.19666852068229831,0.19674340098091478,0.05091949148574101,300124.SZ,-1.430309874250422,-0.8559168882382284,-0.36458194723585075,-0.3924441745041413,-0.8448649473207747,-0.4994878253661713,0.11798385977329191,-0.34556417104946624,-0.2796849665380806,-0.026604919613367545,0.049739766617319034,-0.009639556356688516,0.03778679174931088,0.5954795252688021
2018-08-14,17.652021408081055,0.20512819524258222,0.20954519043156583,0.20288225749878214,0.20954519043156583,-0.508251507717128,300124.SZ,-0.7192638422508947,-0.7779933168798009,-0.3761069643604191,-0.38764443061059356,-0.9929042872373192,-0.47377476324039064,0.11798385977329216,-0.34926480170143975,-0.28230493922072714,0.06593402714193365,-0.015423157792550199,0.03200307999832321,-0.018507789351059827,-0.7189474072249472
2018-08-15,17.149518966674805,0.1992887742437818,0.205876826877949,0.19809094649211503,0.20572710911841557,-0.4664623977599857,300124.SZ,-0.008217810251367088,-0.7525111175257316,-0.3861185490699704,-0.3853807422057785,-1.2235335236696647,-0.6665572182581075,0.38529235156836744,-0.3532216302568618,-0.2850203584524551,-0.01966455376428305,-0.01889345103221884,-0.02467705246808032,-0.030075212853036187,0.07268697246129127
2018-08-16,17.207496643066406,0.19996254699938193,0.20310685555693203,0.19621934598484814,0.19719257567836496,-0.5701989291063726,300124.SZ,0.7028282217481605,-0.7202994722026828,-0.3902952907677762,-0.3859393717109578,-1.1862917261385533,-0.6944432308349827,0.48637187131938886,-0.3568368625126077,-0.2874160359773626,-0.04395605486633116,-0.014266393379327386,-0.009639446041562328,0.0034701829245422475,-0.1190114431669704
2018-08-17,17.059326171875,0.19824068567049824,0.20475387942489875,0.19749203261628165,0.20183416892549855,-0.6747243464711126,300124.SZ,1.413874253747688,-0.7008766835087777,-0.39271453780523863,-0.38759869292507815,-1.2548944656888386,-0.6410130490054434,0.33929469221312575,-0.36067982292003836,-0.2898832963660478,0.023905949736015904,0.00848279194346591,0.006554814483052287,-0.008868232994371722,-0.12005062910337963
2018-08-20,17.619810104370117,0.20475387942489875,0.2071495349282323,0.19606960680646493,0.19816580537188178,-0.33613192744593456,300124.SZ,-1.430309874250422,-0.6308709589696886,-0.39734337290973654,-0.3860316105725363,-0.893459862955221,-0.4825390981229951,0.12693957950852175,-0.3631943532731732,-0.2919258246631364,-0.018893451032218636,0.01233852623404016,-0.007326027530242892,0.03354539577757823,0.4636608488992981
2018-08-21,18.03211784362793,0.20954519043156583,0.2101441043073992,0.20333145361508204,0.20475387942489875,-0.37894719007486394,300124.SZ,-0.7192638422508947,-0.5347503245857292,-0.40274885066105776,-0.38281991723940145,-0.6429401664133689,-0.18019651203222195,-0.13282394453855542,-0.365557063048674,-0.29397312624342786,0.033931057458736626,0.015423157792549994,0.037401240383278876,0.02467705246808032,-0.038760907339804265
2018-08-22,17.954814910888672,0.20864681961781573,0.2094703315517991,0.20520305412234893,0.20797304686221563,-0.8020832823897386,300124.SZ,-0.008217810251367088,-0.46128861779316255,-0.40988140690520025,-0.37823583506258035,-0.6827950674720471,-0.13997396929749042,-0.13282394453855442,-0.3677964192835389,-0.29598702166807644,0.01657992220577301,-0.003470182924542042,0.009639446041562328,-0.004626947337765265,-0.5397509722394777
2018-08-23,17.845291137695312,0.20737411156753252,0.2118659870551326,0.206101424936099,0.206101424936099,-0.5845140627156747,300124.SZ,0.7028282217481605,-0.4091816537241162,-0.4118500549911729,-0.37725713558248675,-0.7401467511218475,-0.04696880041171437,-0.342958992971947,-0.3710605671321982,-0.29818226362448186,-0.009639556356688516,0.012338526234039953,0.00462694733776506,-0.006554924798178271,0.30423907716161036
2018-08-24,17.4909610748291,0.20325659473531527,0.2087965373773492,0.2028073986190154,0.20737411156753252,-0.7329879555574144,300124.SZ,1.413874253747688,-0.3954111552973621,-0.4149136620531704,-0.37622820778738486,-0.9234276417940724,-0.22982438276315312,-0.12676337430705115,-0.3747896621064034,-0.30082132534387357,0.006554814483052287,-0.015808819473708595,-0.01696547357180522,-0.021206759228411882,-0.1779431973322753
2018-08-27,17.787311553955078,0.20670033881193242,0.20864681961781573,0.20400522637068216,0.20497845606419898,-0.48180778073149394,300124.SZ,-1.430309874250422,-0.35598587774002194,-0.4146827027972656,-0.37631368315609853,-0.7328159137663726,-0.0596251922480058,-0.12676337430705115,-0.37757936929257396,-0.30283522076852215,-0.01233852623404016,-0.0007711027320644152,0.00616926311702008,0.01773657630386984,0.34851420828386176
2018-08-28,18.012792587280273,0.20932059237341594,0.21134193205906598,0.205876826877949,0.20670033881193242,-0.4003659848707204,300124.SZ,-0.7192638422508947,-0.30299228593956523,-0.41102161388922026,-0.3766887981611942,-0.5904343566227611,0.20848475951894432,-0.37203429762544976,-0.3797238363090347,-0.3050256908070803,0.008868343309498117,0.013880842013295385,0.009639446041562121,0.01349529064726297,0.12492077122721967
2018-08-29,17.774425506591797,0.20655062105239894,0.20932059237341594,0.20400522637068216,0.20932059237341594,-0.5630543692938019,300124.SZ,-0.008217810251367088,-0.27978431321774705,-0.40906945621819474,-0.3758356050221492,-0.7204554447678793,0.08127705714428578,-0.2422222693045073,-0.38171648274786174,-0.3074547731222751,0.01349529064726297,-0.010410659088752727,-0.009639446041562121,-0.014266393379327386,-0.19666770176116194
2018-08-30,17.452308654785156,0.2028073986190154,0.20729925268776578,0.2013101139294319,0.20595170717656552,-0.7192040261391098,300124.SZ,0.7028282217481605,-0.28736555341591874,-0.4102248494109898,-0.369631722040136,-0.8921089830751004,-0.15205017396985432,-0.058583210476541074,-0.383035424694747,-0.3099554396666032,-0.017351024937837634,-0.010410659088753138,-0.013880842013295178,-0.01927900239825105,-0.18805434877638033
2018-08-31,16.795188903808594,0.19517123599271485,0.20213362586341524,0.193075037427298,0.20213362586341524,-0.3264601875920535,300124.SZ,1.413874253747688,-0.34773621924894793,-0.41132994999684297,-0.3669889579350787,-1.2201606822886761,-0.8071609321630168,0.4554474957389764,-0.3848098283745338,-0.31339147037680026,-0.01966455376428305,-0.026604919613367545,-0.042413739087076144,-0.0393291075285661,0.5349935792235291
2018-09-03,16.84028434753418,0.1956952909887815,0.19831554455026498,0.1933744943652147,0.19404828853966455,-0.5114525933323647,300124.SZ,-1.430309874250422,-0.38850684802739555,-0.41595078603354646,-0.35808854493949843,-1.189259546392105,-0.8553799187113776,0.4554474957389764,-0.3871440711130368,-0.3166843326287306,-0.04164252603988554,-0.01966455376428305,0.00154231577925502,0.0026990801924778323,-0.2260484040920592
2018-09-04,16.93048095703125,0.19674340098091478,0.19764177179466486,0.19329963548544796,0.19659366180253157,-0.5527346012938078,300124.SZ,-0.7192638422508947,-0.4095860347079983,-0.4166335377859865,-0.35643071828610917,-1.1262060743184699,-0.8045827495029653,0.4600093265348676,-0.3897250209328118,-0.31951428471557397,0.013109628966104575,-0.0034701829245422475,-0.0003855513660322076,0.0053981603849556645,-0.03674117742912348
2018-09-05,16.427976608276367,0.1909039799821144,0.19614446568623167,0.19075424080373118,0.1950963771129481,-0.6031927178466062,300124.SZ,-0.008217810251367088,-0.46586847236082224,-0.4151530469473039,-0.35923551194536346,-1.3743169525676706,-1.1044555935374356,0.6157079833467158,-0.39313149853692825,-0.3231173434732745,-0.0077115788962750995,-0.007711689211401289,-0.013109739281230763,-0.030075212853035983,-0.048828706903924116
2018-09-06,16.711437225341797,0.19419800629919803,0.19794120731373183,0.19037992498604775,0.19067938192396444,-0.518172258070311,300124.SZ,0.7028282217481605,-0.48163085532682903,-0.4142884241173154,-0.36350214891988264,-1.173480969308517,-0.8855186290727545,0.42956413888505646,-0.39520954337198255,-0.3264865618721856,-0.02274918532279309,0.00925389467553012,-0.0019278671452872276,0.01696547357180522,0.1296348834381438
2018-09-07,16.737207412719727,0.19449746323711473,0.19719257567836496,0.19419800629919803,0.19674340098091478,-0.6968843691201143,300124.SZ,1.413874253747688,-0.48758498903504466,-0.41369930339446487,-0.36701682609265174,-1.155186458039243,-0.7148984573181981,0.42956413888505596,-0.3971073033071715,-0.32993690833592465,0.031231977266258794,-0.003855734290574455,0.01966455376428305,0.00154231577925502,-0.2177754802893192
2018-09-10,16.447303771972656,0.19112857804026434,0.19614446568623167,0.18910723835461424,0.19614446568623167,-0.6429868761260404,300124.SZ,-1.430309874250422,-0.5128810833182216,-0.4151672572902802,-0.3725217522827621,-1.3031210405482296,-1.0214148587730805,0.7490840264451334,-0.39902403945718146,-0.33335862056186827,-0.003084741873636229,-0.0053981603849556645,-0.02621936824733534,-0.017351024937837425,0.08863713645444322
2018-09-11,16.447303771972656,0.19112857804026434,0.19300017854753126,0.18963127193183116,0.19300017854753126,-0.6943133544913205,300124.SZ,-0.7192638422508947,-0.5281603070788108,-0.4155640738162465,-0.3778032986171883,-1.3031210405482296,-1.038938836679347,0.7490840264451338,-0.4001247386450266,-0.33636514589726546,-0.016194260524614614,-0.016194260524614614,0.0026989698773516426,0.0,-0.04997258493224787
2018-09-12,15.91258716583252,0.18491481980493082,0.1916526116174813,0.17862622410868026,0.1915028938579478,-0.11673851980646159,300124.SZ,-0.008217810251367088,-0.5813121917078886,-0.4120501036120062,-0.3878070324148191,-1.570181903863473,-1.5487934688346832,1.3612868928128385,-0.40189914503957946,-0.34042157098435827,-0.0077115788962750995,-0.006940476164210684,-0.05668013246640363,-0.0320031903134494,0.7784682603947216
2018-09-13,16.498842239379883,0.19172749191609773,0.19187720967563124,0.1849897001035473,0.1849897001035473,-0.38875596422326075,300124.SZ,0.7028282217481605,-0.5673175802596887,-0.41205110125754707,-0.3911853354706575,-1.136616136358357,-1.0667358274136705,1.3366302036495645,-0.40180425582117535,-0.343914867439435,-0.03354539577757823,0.0011567644132228123,0.032774293045513915,0.03508782187195944,-0.34068498555522125
2018-09-14,16.84028434753418,0.1956952909887815,0.19831554455026498,0.19240126467169788,0.19329963548544796,-0.3481470424976601,300124.SZ,1.413874253747688,-0.5218870028392029,-0.4122322054668378,-0.3920183388613585,-0.8997950954329363,-0.4911453232049508,0.658117291977945,-0.401320327051276,-0.34752747139818596,0.042799290453108346,0.03315984441154602,0.03817234311534329,0.020435656496347467,0.07113233087302456
2018-09-17,16.924034118652344,0.19666852068229831,0.20175928862688208,0.19277558048938132,0.1935242335435979,-0.313952172404748,300124.SZ,-1.430309874250422,-0.4744626953576281,-0.4143983406981954,-0.39280590338356175,-0.8423266839060036,-0.35753841392625557,0.3218078713451299,-0.40011525053761604,-0.3507678398230838,0.0011567644132228123,0.017736576303869635,0.0019278671452872276,0.005012498703797268,0.06268321135889234
2018-09-18,16.6856689453125,0.19389854936128134,0.19966311148031496,0.18940669529253093,0.19794120731373183,-0.2302738566878924,300124.SZ,-0.7192638422508947,-0.4536640432911326,-0.4199171638090858,-0.39277983709137615,-0.9734138556282145,-0.6633825854552706,0.5221074480001314,-0.40021013704125413,-0.3544663437645102,0.022749075007666902,-0.01079610013965895,-0.017351024937837425,-0.014266393379327386,0.12786690023302036
2018-09-19,17.375,0.2019090278052653,0.20250794168109867,0.19240126467169788,0.19389854936128134,-0.237166538317868,300124.SZ,-0.008217810251367088,-0.37433867086823036,-0.4238539293060056,-0.39094594798757343,-0.5096340535584962,-0.17953544656019113,0.2485188688727129,-0.3991473929978174,-0.35739651431828234,-0.020821207862379672,0.014651944745359594,0.015423157792550199,0.04125697467385333,0.00855928861394022
2018-09-20,17.188173294067383,0.1997379703600817,0.20310685555693203,0.19839040343003173,0.20138497280919865,-0.5606581467895524,300124.SZ,0.7028282217481605,-0.3252637493511484,-0.42790945619416265,-0.38934198318971497,-0.6163027241091072,-0.02008811574929902,0.19114505022735223,-0.3994510341530851,-0.3600785260290117,0.0385578944813755,0.0030846315585098343,0.030846315585100398,-0.011181761820817347,-0.4084910134601566
2018-09-21,17.394325256347656,0.20213362586341524,0.20318171443669877,0.19719257567836496,0.20108551587128196,-0.457727571004931,300124.SZ,1.413874253747688,-0.2667188840114345,-0.4284772950919989,-0.38913947502824137,-0.4816271652222873,0.027832485549410528,0.26780383635817057,-0.3993561449346809,-0.36285598292346705,-0.00154231577925502,0.0003855513660322076,-0.00616926311702008,0.01233852623404016,0.15322757014105562
2018-09-25,17.1752872467041,0.1995882311816985,0.20385550861114868,0.19876474066656488,0.1995882311816985,-0.7096879605211509,300124.SZ,-0.7192638422508947,-0.23791627410818794,-0.43244394375966155,-0.3874242867075587,-0.6101732738515938,0.04118327183399463,0.20004556838899676,-0.40051377819652184,-0.36521348100952866,-0.0077115788962750995,0.0034702932396686423,0.008097240577433497,-0.013109739281230763,-0.3142641733040619
2018-09-26,17.748655319213867,0.20625116411448216,0.20917085319503267,0.1989893173058651,0.20033688423591509,-0.19860336723117106,300124.SZ,-0.008217810251367088,-0.16473161676845088,-0.435204426225606,-0.38545911949763867,-0.24218149981777487,0.5191940526941446,-0.31568807585781433,-0.4003714457262987,-0.36700307991108255,0.0038558446057006444,0.02737602234543196,0.0011566540980966229,0.03431660882476863,0.6908818129757824
2018-09-27,17.342788696289062,0.20153471198758185,0.206101424936099,0.2014598531078151,0.206101424936099,-0.5592413746863132,300124.SZ,0.7028282217481605,-0.14165674182496782,-0.4387218677173291,-0.3834084640888523,-0.4819754341911763,0.30064002281711966,-0.31568807585781467,-0.40008678078585214,-0.36884994592287196,0.029689551171877587,-0.015808709158582405,0.012724187915198555,-0.024291501102047905,-0.4574233237227291
2018-09-28,17.845291137695312,0.20737411156753252,0.20902113543549922,0.20078605893336526,0.20250794168109867,-0.3202369734547169,300124.SZ,1.413874253747688,-0.08013921026986395,-0.43518834146833996,-0.38566224893947154,-0.17437017642517716,0.5627718288444991,-0.590970896831327,-0.3991473902830513,-0.3701957250614398,-0.01850778935106024,0.015037606426518196,-0.0034702932396684367,0.030075102537909792,0.3324752718725658
2018-10-08,17.01422882080078,0.1977166306744316,0.2040800852504489,0.19764177179466486,0.2040800852504489,-0.606051729811856,300124.SZ,-1.430309874250422,-0.10366365281025289,-0.43476920638151223,-0.3851073124535081,-0.6389766494848779,-0.09165841996652777,-0.3554553659941105,-0.39921381246445775,-0.3721618972115475,0.008097130262307307,-0.02544826551527113,-0.016194260524614614,-0.04973965630219285,-0.35885994644321645
2018-10-09,17.02066993713379,0.19779148955419834,0.20063634117383178,0.19614446568623167,0.19839040343003173,-0.8893767908450185,300124.SZ,-0.7192638422508947,-0.12166536986922392,-0.43439840338935165,-0.3846802538503555,-0.6349947488105139,-0.2568254287646961,-0.24565275986686705,-0.4000962716080288,-0.3738703680482735,-0.029303999805845377,-0.017736576303869635,-0.007711689211401289,0.0003855513660322076,-0.3555803137631726
2018-10-10,17.03999900817871,0.1980160876123483,0.20093579811174847,0.19651880292276483,0.19913905648424832,-0.811687836520748,300124.SZ,-0.008217810251367088,-0.13402904535074042,-0.4341264414308827,-0.3844756789570371,-0.6226682193737733,-0.19250119536435348,-0.2753820587757282,-0.40155754602513744,-0.37579359020704356,0.0038558446057006444,0.00154231577925502,0.001927977460413417,0.0011567644132228123,0.11997721784234888
2018-10-11,15.931917190551758,0.18513941786308077,0.19292531966776452,0.1816207934878472,0.1909039799821144,-0.20028908706041787,300124.SZ,0.7028282217481605,-0.23860039321047216,-0.43193934996016575,-0.3893962697914949,-1.1879504787531667,-1.4986263418759744,0.6928388794209936,-0.4045370289333502,-0.37841833617289317,-0.042413739087076144,-0.04125697467385333,-0.07673034791184498,-0.06631968882309204,0.8230239195536408
2018-10-12,15.861051559448242,0.18431592734794716,0.18865804223831434,0.1820699896041471,0.18416618816956395,-0.3741647136797177,300124.SZ,1.413874253747688,-0.3251978572711462,-0.4295855090189506,-0.3962013866766795,-1.2211962989859761,-1.5601564918998685,0.6928388794209934,-0.4074595750528012,-0.38152985189306665,-0.034702160190801044,-0.021978082590728677,0.0023135288264456246,-0.004241285656606662,-0.21140446282302627
2018-10-15,14.302003860473633,0.16619876118513752,0.18304321929766393,0.16589929353779595,0.18304321929766393,0.7216282813217341,300124.SZ,-1.430309874250422,-0.5244572749422244,-0.4149019196748449,-0.4249678150341621,-1.8707836202917696,-2.6579045376892214,1.492989100154329,-0.4121565289241882,-0.3857676214638829,-0.005783711750987872,-0.02891844843981317,-0.08328516239489726,-0.0933102149600549,1.4611080989320573
2018-10-16,13.58046054840088,0.15781395621404526,0.1669473928205044,0.15287290602899495,0.16642334853386262,0.09977320751410977,300124.SZ,-0.7192638422508947,-0.73783071624322,-0.39896989982599584,-0.45725106869908777,-2.1232517658392673,-3.1933067335502807,1.9919234708765845,-0.4183527109997091,-0.390286955350707,-0.0855985809062166,-0.08289955587130196,-0.06709079155515646,-0.04318489697670365,-0.8015200568227739
2018-10-17,14.211809158325195,0.16515065119300423,0.16657307700282098,0.15923638202386195,0.15923638202386195,-0.03796571775366967,300124.SZ,-0.008217810251367088,-0.8437116996879315,-0.39322339839513115,-0.47462482941653095,-1.719189506668207,-2.3581390055741918,1.9919234708765834,-0.42395110022948845,-0.39418112226011015,-0.03701557870212068,-0.0019278671452871248,0.032774293045513714,0.037786736591747985,-0.16380220982439872
2018-10-18,14.186040878295898,0.16485120496451236,0.1683698186303211,0.1638030949723791,0.16500092272404587,-0.2991558142275601,300124.SZ,0.7028282217481605,-0.9205687901096906,-0.38843661107982846,-0.48845036382241064,-1.7286477573815082,-1.9014251867370806,1.8193089921020764,-0.42923635883920636,-0.39784144812804606,0.029689551171877687,0.009253894675530016,0.02352028805485761,-0.0015422606216920279,-0.326422306981743
2018-10-19,15.004216194152832,0.17435895738865498,0.1768294824811801,0.1602096117173788,0.16193149446511218,-0.08554024219870418,300124.SZ,1.413874253747688,-0.9013746240126148,-0.38847585856268413,-0.49553214378863747,-1.2338504916567552,-1.3975467596946083,1.0544028885193928,-0.43284210163015874,-0.4003182530351038,-0.01580870915858251,0.04357044834273586,-0.01850778935106024,0.04896849841256544,0.2990310053555019
2018-10-22,15.268354415893556,0.17742840706643837,0.18304321929766393,0.17503274085367995,0.1791502791047469,0.47043390463569446,300124.SZ,-1.430309874250422,-0.8546986035520375,-0.39048083679255413,-0.5006862244061757,-1.0831456296672448,-0.8264882209413722,0.5456305534285989,-0.43509094461505116,-0.4023416916127694,0.08868321246472684,0.03200307999832321,0.07634468623068658,0.015808819473708595,0.750014047100604
2018-10-23,14.495274543762209,0.16844468821951272,0.17780272288412183,0.16327905068573734,0.17705408053933006,0.165669838467275,300124.SZ,-0.7192638422508947,-0.8760477229601773,-0.39176444667404275,-0.5107690973604371,-1.3914966046636472,-1.2105085126814958,1.0512645207120885,-0.4385448654709866,-0.4052527717644408,-0.010796210454785139,-0.026990526136962744,-0.06053592191454108,-0.04626952853521369,-0.3838215452070724
2018-10-24,14.205367088317873,0.1650757923132375,0.16777090475448772,0.1635036487438873,0.16777090475448772,-0.44668145979364743,300124.SZ,-0.008217810251367088,-0.908978569083174,-0.3921540755569907,-0.5221421002807428,-1.5009791867476787,-1.3024731164868275,1.051264520712088,-0.4425586267430214,-0.40856949428828604,-0.047811844314468714,-0.051667633762606364,0.0011567644132228123,-0.017351080095400522,-0.7890008973229753
2018-10-25,14.166712760925291,0.16462660690636244,0.16964250526175462,0.15347181990482833,0.16013475283761205,-0.03310417523343667,300124.SZ,0.7028282217481605,-0.9290431836559506,-0.3972117866457204,-0.5315335071354574,-1.5156745363300432,-1.3030362264414765,1.4356572697120449,-0.44588919405832095,-0.41195780172394225,-0.03932905237100301,0.009639446041562328,-0.05166768892016946,-0.00231347366888253,0.5624371180873688
2018-10-26,13.921905517578123,0.16178175528672897,0.16792063322344605,0.1615571679380039,0.16604902200675434,-0.6042194850219561,300124.SZ,1.413874253747688,-0.9564931284122005,-0.40187349667967964,-0.5416640300676038,-1.6096366799871427,-1.1405382705995513,1.4356572697120444,-0.44999784319137676,-0.41506931744411574,0.0304607090615052,-0.008868288151934817,0.041642581197448736,-0.014652055060485886,-0.7346814414097911
2018-10-29,13.999211311340332,0.16268012610047908,0.16500092272404587,0.15908664284547874,0.16193149446511218,-0.5846280872656704,300124.SZ,-1.430309874250422,-0.9617690757492581,-0.4097393697265167,-0.5486659097023646,-1.560729516096438,-1.1086176192977342,1.5269275318343467,-0.45403058203561586,-0.41805198319027614,-0.021206814385975183,-0.015037606426517991,-0.012724132757635565,0.004626947337765162,0.04344630929457867
2018-10-30,13.97988510131836,0.162455538751754,0.1662736200649043,0.15811341315196195,0.16268012610047908,-0.4969505823617823,300124.SZ,-0.7192638422508947,-0.9579062665160777,-0.41757366675015445,-0.5547522728460774,-1.568521342724202,-1.0191026611527736,1.4188141944022405,-0.45766479186356607,-0.42084375788630696,0.003855734290574558,0.006554869640615485,-0.005012498703797062,-0.0011567092556597175,0.13313496312616227
2018-10-31,14.353543281555176,0.1667976750609709,0.16829494904112952,0.16230581028279564,0.16320418109654572,-0.5108290770505922,300124.SZ,-0.008217810251367088,-0.9131977064259351,-0.43249820028851815,-0.553508243626893,-1.3259237240124566,-0.8168810742766544,1.2462078415585591,-0.46074865074021065,-0.4229483258941561,0.0026990801924778323,0.010410603931189734,0.021592420909570177,0.022363633956760883,-0.0006430023586904351
2018-11-01,14.398636817932127,0.16732171934761267,0.17346058657490487,0.1670971319988876,0.1706906152538879,-0.16743076221670605,300124.SZ,0.7028282217481605,-0.8651973798950268,-0.4457174312354961,-0.5521057697425608,-1.2967825727543292,-0.6425526944258189,0.8178196216414718,-0.4629785161528989,-0.4249622213188046,0.03855794963893859,0.02660497477093064,0.024677107625643412,0.002699025034914635,0.46999157250203627
2018-11-02,15.513164520263672,0.18027324797664696,0.18296836041789719,0.17480814279553,0.17480814279553,0.6605695686407189,300124.SZ,1.413874253747688,-0.723375766525697,-0.46467628827574,-0.5410796364652253,-0.6268665822123032,-0.24592265745296085,0.09913745277252634,-0.46443030246259676,-0.42564465472378343,0.021206814385974975,0.04896860872769152,0.03971460373703521,0.06670524018912435,1.1083494443509818
2018-11-05,15.648452758789062,0.18184539154599716,0.19082912110234765,0.17832677788018844,0.17959946451162195,0.1548564192717909,300124.SZ,-1.430309874250422,-0.5937116762608452,-0.4754307914916133,-0.5350294351720892,-0.5518216707419373,-0.06325910849905812,-0.43218764287680955,-0.46618572992756235,-0.4262841381374243,0.024677107625643412,0.04048587194178892,0.018122293142591128,0.008097130262307307,-0.6485283042801557
2018-11-06,15.72576141357422,0.18274376235974724,0.18566347285914742,0.17877596328706347,0.18326781735581388,-0.4662554466156523,300124.SZ,-0.7192638422508947,-0.48002684347768615,-0.4870747629205241,-0.5276022104892025,-0.5083037886463859,-0.09334914208934679,-0.43218764287680855,-0.46795064549993853,-0.4265657017707544,0.01889339587465554,-0.026605029928493736,0.0023134736688824272,0.00462694733776506,-0.8005410418567177
2018-11-07,15.5518159866333,0.18072242267409713,0.18476510204539734,0.1797491929805803,0.18341753511534736,-0.4957264912645837,300124.SZ,-0.008217810251367088,-0.4017218792837554,-0.5019885740534461,-0.5172768484135228,-0.5973960856298594,-0.10222598693053869,-0.43218764287680905,-0.4696206745686766,-0.4274533426620825,0.0007711027320644152,-0.00462694733776506,0.00501249870379737,-0.010410659088752931,-0.0211827993057135
2018-11-08,15.242583274841309,0.1771289394190968,0.18401644899118075,0.17667975401222177,0.18319295847604714,-0.5895021246916814,300124.SZ,0.7028282217481605,-0.36364038689744094,-0.5069721800147413,-0.5147423236273561,-0.7539336754006775,-0.18101026051694327,-0.2668075326927312,-0.47276146616193393,-0.42849846913057493,-0.0011566540980966229,-0.0038558446057006444,-0.0158087643161455,-0.01850778935106024,-0.10589012425534375
2018-11-09,15.107295036315918,0.1755567958497466,0.1794497360426636,0.1751824800320632,0.1771289394190968,-0.6244698354321387,300124.SZ,1.413874253747688,-0.3425773922455818,-0.5123650596480286,-0.5120369158590411,-0.8218445031793169,-0.26474006520943,-0.1866137789443489,-0.47582634746637426,-0.43019262284840304,-0.031231977266258794,-0.023520288054857504,-0.007711523738711902,-0.008097130262307307,-0.02842346267984273
2018-11-12,15.635568618774414,0.18169567378646367,0.18379187235188052,0.17593111166743,0.1769792216595633,-0.4233678091226539,300124.SZ,-1.430309874250422,-0.2781344818938799,-0.5071881626427545,-0.5117249901373279,-0.503213551414389,-0.05791426990063834,-0.49729156276103953,-0.4784167881083259,-0.43144772735573667,-0.0007711027320644152,0.022363633956760883,0.0038557342905742495,0.031617528632291,0.28254712755356926
2018-11-13,15.841723442077637,0.1840913292897972,0.18633724561474754,0.17982405186034706,0.18633724561474754,-0.23157537523401023,300124.SZ,-0.7192638422508947,-0.20808625513054302,-0.503347655656907,-0.5054278562558459,-0.3833564695349961,0.1257982767967064,-0.6745012177563292,-0.4803809675101549,-0.4330178016520434,0.04819734052293782,0.013109628966104575,0.02005010513031536,0.01233852623404016,0.2702837621340153
2018-11-14,15.44229793548584,0.1794497360426636,0.1840913292897972,0.1789256917560218,0.18229458766229706,-0.44057841524193503,300124.SZ,-0.008217810251367088,-0.1864217206714729,-0.5010407334293435,-0.5022547949335371,-0.5963755499459786,0.04445359081009946,-0.6214943239186649,-0.48377795700686077,-0.4346546882596361,-0.020821207862379672,-0.011567313186849554,-0.004626892180202067,-0.023905949736015904,-0.25767719820766727
2018-11-15,15.603355407714844,0.18132133654993052,0.1816207934878472,0.1789256917560218,0.1789256917560218,-0.5946402620933708,300124.SZ,0.7028282217481605,-0.15480514030865009,-0.49837154452966137,-0.49861398701794085,-0.5000099506899732,0.0879572449870236,-0.621494323918664,-0.4863399333265806,-0.4358000318297017,-0.017351080095400623,-0.012724187915198555,0.0,0.009639446041562328,-0.18530411270545066
2018-11-16,15.44229793548584,0.1794497360426636,0.18506455898331403,0.17870109369787188,0.1846902431656306,-0.3309821827547246,300124.SZ,1.413874253747688,-0.1433989225825498,-0.49677298786641105,-0.4983922826701144,-0.5872256634889633,0.18488901183344175,-0.8722712760464487,-0.4898792525787436,-0.43710763152942345,0.029689606329440784,0.017736686618995825,-0.0011567644132227095,-0.009639446041562328,0.3649511365394204
2018-11-19,15.352103233337402,0.17840163675995518,0.1807973029727136,0.17690435207037172,0.1789256917560218,-0.47717722327271916,300124.SZ,-1.430309874250422,-0.14187464782128417,-0.4964299998973523,-0.4983935700572091,-0.6365000988869911,0.09321115270004446,-0.7572503938530288,-0.49232736210785505,-0.43837228192048533,-0.029689606329440784,-0.021977972275602487,-0.00925389467553012,-0.0053981052273925694,-0.17494130449744796
2018-11-20,14.475946426391602,0.16822009016136277,0.17855136522891352,0.1669473928205044,0.17840163675995518,-0.0994275447719149,300124.SZ,-0.7192638422508947,-0.21556956074149297,-0.49641015995127613,-0.49850891665842734,-1.086147444941973,-0.36746309130705973,-0.16700786812383256,-0.49607543601164755,-0.4407011471341069,-0.0026990801924777295,-0.011567423501975847,-0.05128208239657405,-0.05243879165223377,0.5152420309822955
2018-11-21,14.475946426391602,0.16822009016136277,0.17039115831597118,0.16522552078219582,0.16559983659987926,-0.6385608800755213,300124.SZ,-0.008217810251367088,-0.2721562523524769,-0.49695135937195767,-0.4965863450406652,-1.086147444941973,-0.5632630370058516,-0.07235654781411559,-0.4998519769524379,-0.4433354369356513,-0.06593408229949674,-0.04202813256348084,-0.008868288151934817,0.0,-0.6925521384051484
2018-11-22,14.33421516418457,0.16657307700282098,0.1703162887267796,0.16545010813092093,0.16956765709141275,-0.4296405249358868,300124.SZ,0.7028282217481605,-0.3268590276335738,-0.49740569735347656,-0.49525680437057495,-1.1564607655918724,-0.5682923120817326,-0.07235654781411406,-0.5022051972631452,-0.4460174493290585,0.020435766811473757,-0.00038560652359530235,0.0011567092556597175,-0.008482736785902507,0.29284607718317046
2018-11-23,13.68997859954834,0.15908664284547874,0.16664794659201254,0.15826314162092028,0.16664794659201254,-0.1588230011428141,300124.SZ,1.413874253747688,-0.4225923139705101,-0.49613839041448504,-0.49784327756804675,-1.4618788686434274,-1.0119324516777206,0.31647372549526614,-0.5054029229303981,-0.4490955588935891,-0.015037606426518094,-0.018893340717092342,-0.03701557870212048,-0.0385579496389388,0.37438214915271995
2018-11-26,13.496709823608398,0.15684071581110356,0.16058393824448708,0.15429533183881167,0.15946096937258705,-0.3492521930163603,300124.SZ,-1.430309874250422,-0.5106746992784329,-0.4934491386560216,-0.5033812063223643,-1.549003966627922,-1.2425082865754584,0.5164759728334166,-0.5065890232292369,-0.4520543630024791,-0.037015633859683574,-0.0312319221086957,-0.02043571165391056,-0.011567368344412547,-0.23321018863061366
2018-11-27,13.574017524719238,0.15773908662485367,0.15946096937258705,0.15579261652839513,0.15773908662485367,-0.2926926023098435,300124.SZ,-0.7192638422508947,-0.5685352473797253,-0.49155338708793256,-0.5075313356933743,-1.4927793122175028,-1.1993100633122737,0.5164759728334168,-0.5065985126940306,-0.4551754232410251,-0.008868343309497808,-0.005783711750987872,0.0077115788962750995,0.004626947337765162,0.092143871825281
2018-11-28,13.142379760742188,0.1527231882694615,0.1583380112101119,0.15197453521524487,0.15773908662485367,0.6363326605056291,300124.SZ,-0.008217810251367088,-0.6457410736270242,-0.4865885124219121,-0.5191071170932829,-1.6890623825359505,-1.3864733134505616,0.7078734227323782,-0.5081736511869814,-0.458783253916573,0.0,-0.005783656593424675,-0.01966455376428305,-0.025833761723740037,1.2414278436065294
2018-11-29,13.258344650268556,0.1540707444900866,0.1583380112101119,0.15347181990482833,0.1554183007107117,0.1317183800634254,300124.SZ,0.7028282217481605,-0.6902232040609264,-0.48329971933845284,-0.5283869558978641,-1.602086562302343,-1.2455980613572983,0.707873422732378,-0.5095400377430689,-0.4621286106782136,-0.01195291971044496,0.0,0.007711578896274997,0.006940421006647487,-0.647080783208616
2018-11-30,13.7415189743042,0.159685567430737,0.16095825406217054,0.15384614643193664,0.15429533183881167,0.17416289220943482,300124.SZ,1.413874253747688,-0.6770422014657541,-0.4856502548719388,-0.5340897566907197,-1.2497646631766872,-0.9713026773826624,0.4741263047382657,-0.5113998398190832,-0.46487743401755116,-0.005783711750987872,0.013495235489699877,0.001927922302850425,0.02891844843981317,0.07355032245294718
2018-12-03,14.495274543762209,0.16844468821951272,0.16979224444013782,0.1625304083409456,0.1661238915959459,0.501509418087229,300124.SZ,-1.430309874250422,-0.5956099877368755,-0.48992072644462514,-0.5346003318247244,-0.7485155849581133,-0.351089490909559,-0.2549367672756905,-0.5125384955087199,-0.46658113157107406,0.06092152843813638,0.04549837064558608,0.04472721275595867,0.04511276412199088,0.448846827951734
2018-12-04,14.366426467895508,0.1669473928205044,0.16956765709141275,0.16485120496451236,0.1683698186303211,-0.3294125358206829,300124.SZ,-0.7192638422508947,-0.5373863966360195,-0.4952614714971722,-0.5348437407086924,-0.8157197838306715,-0.32883547684735953,-0.25493676727569126,-0.5127282725881451,-0.46841368114664356,0.01156736834441265,-0.001156709255659615,0.01195297486800785,-0.0077116340538381945,-1.0769202496449921
2018-12-05,14.160270690917969,0.16455173731717082,0.16672280547177928,0.162455538751754,0.16470146578612918,-0.44376441138079503,300124.SZ,-0.008217810251367088,-0.5046449951291486,-0.49998613087596305,-0.5359604691000638,-0.9232619809247308,-0.5020314418392013,-0.11269924907589268,-0.5127946947695515,-0.47046575532746027,-0.018893395874655643,-0.014652055060485886,-0.01233858139160315,-0.012338526234040262,-0.13299485288701685
2018-12-06,13.728633880615234,0.1595358282523538,0.16447686772797923,0.15901178396571203,0.1638030949723791,-0.4480784995047017,300124.SZ,0.7028282217481605,-0.5115945610652107,-0.5029232278910183,-0.5397491514234473,-1.1415909673250044,-0.7416007402577047,0.08697699351849156,-0.5134399335818782,-0.4724653343158889,-0.004626947337764957,-0.011567423501975847,-0.017736631461432728,-0.025833816881303026,0.011956025334939979
2018-12-07,13.831710815429688,0.1607336560040206,0.1618566248759206,0.1596106978415454,0.16013475283761205,-0.6029551098023039,300124.SZ,1.413874253747688,-0.5036672411250956,-0.5057360787648115,-0.5425462480938162,-1.0708449594030196,-0.747160881210218,0.08697699351849131,-0.5135727765873078,-0.47459853656153367,-0.018893340717092446,-0.013495235489699773,0.00308463155851004,0.006169263117020182,-0.18637738653089392
2018-12-10,13.528921127319336,0.15721504233821187,0.16170689640696223,0.15609207346631182,0.16065879712425385,-0.5735377317978615,300124.SZ,-1.430309874250422,-0.5190101721387892,-0.5124822536254909,-0.5447116505782822,-1.2234630624398288,-0.8911456966056464,0.2905498647911373,-0.5142654572940706,-0.4769751236843404,0.00269902503491484,-0.0007711578896276126,-0.018122237985028135,-0.018122182827465038,0.056389903486597844
2018-12-11,13.825268745422363,0.16065879712425385,0.16163203752719552,0.15796367397357874,0.15938609978339546,-0.46046661821907764,300124.SZ,-0.7192638422508947,-0.5009859466178025,-0.5229396048586948,-0.5421115540410877,-1.0164319872757792,-0.7642835656224652,0.2905498647911368,-0.5144931881605214,-0.47891743556253347,-0.006554869640615485,-0.0003855513660321049,0.00963944604156243,0.017736631461432832,0.1665855255594066
2018-12-12,13.883249282836914,0.16133256987985395,0.1641025519102958,0.1599101547794621,0.16140743946904557,-0.6361059383419326,300124.SZ,-0.008217810251367088,-0.47748382690082275,-0.5307295982949997,-0.5404461579539177,-0.9760474059886646,-0.6354628075912843,0.06596323478292754,-0.5151858715820502,-0.4808167974493889,0.010410659088752931,0.012724077600072367,0.010025107722720724,0.0034701829245421447,-0.21372774583526336
2018-12-13,14.295559883117676,0.1661238915959459,0.16829494904112952,0.16095825406217054,0.16268012610047908,-0.23113231816519486,300124.SZ,0.7028282217481605,-0.41954556314466224,-0.5407509667919711,-0.5349758933586148,-0.6934504630571987,-0.4024969150489415,-0.30144123388324606,-0.515337692159684,-0.48201463484648704,0.006554814483052287,0.021592420909570278,0.005398105227392673,0.024677107625643412,0.5511036594876639
2018-12-14,14.140944480895996,0.16432714996844575,0.1673965782273794,0.16365336650342077,0.16604902200675434,-0.5840789941931764,300124.SZ,1.413874253747688,-0.3839470520580353,-0.5509895618481899,-0.5292211451127783,-0.7806091660854032,-0.37969300228649855,-0.30144123388324656,-0.5173588056355088,-0.48376128375670324,0.017351080095400623,-0.004626947337765162,0.013880842013295178,-0.00925389467553012,-0.4472916655802078
2018-12-17,13.921905517578123,0.16178175528672897,0.16432714996844575,0.15841285938045377,0.16335390956550408,-0.5727872863912735,300124.SZ,-1.430309874250422,-0.37178642149214636,-0.5629212135172104,-0.5221030275956255,-0.9033042031746322,-0.5961539478634158,0.03623743024062111,-0.5199018030256414,-0.4859231195574658,-0.013880842013295178,-0.015808709158582304,-0.026990581294526046,-0.013109739281230867,0.03251327096394879
2018-12-18,13.773730278015137,0.16005988324842044,0.1637282360926124,0.1589369143765204,0.1608085255932122,-0.5075378642461373,300124.SZ,-0.7192638422508947,-0.3720448550918593,-0.5660440006262526,-0.5218037503630474,-0.9857987821863028,-0.6137854743257593,0.03623743024062136,-0.5227769072506564,-0.48825675600625695,-0.01310968412366767,-0.003084631558509937,0.0026990801924777295,-0.008868288151934715,0.10359083679955311
2018-12-19,13.644883155822754,0.15856259855883698,0.16148230905823716,0.15796367397357874,0.1604341990661039,-0.7212953865980118,300124.SZ,-0.008217810251367088,-0.3803715796090822,-0.5696086501771394,-0.5216027404662378,-1.05776423368255,-0.7029314743389955,0.09898268801069525,-0.5255855892942651,-0.4905092643902202,-0.0019279223028503222,-0.011567368344412752,-0.0050125538613602595,-0.0077115788962750995,-0.263940195740636
2018-12-20,13.503151893615724,0.15691558540029518,0.1605090686552955,0.15571774693920354,0.15871232702779534,-0.5614436871773966,300124.SZ,0.7028282217481605,-0.3960306162582403,-0.5722721112196006,-0.5224544960833659,-1.137190309465463,-0.7964146432926393,0.24343624117509474,-0.5281475628992188,-0.49337739455055385,-0.00886828815193492,-0.005012553861360362,-0.01156736834441265,-0.00848273678590261,0.22820878389184376
2018-12-21,13.432286262512209,0.15609207346631182,0.1575893581558953,0.15429533183881167,0.15571774693920354,-0.6806945216969019,300124.SZ,1.413874253747688,-0.41117351921605744,-0.572081615491572,-0.5239059318147861,-1.1772823287532337,-0.9013841843663789,0.33420907769202257,-0.5306146500005345,-0.4961596247282122,-0.015423212950113294,-0.015037606426517991,-0.007325972372679797,-0.004241395971732955,-0.13944816697195392
2018-12-24,13.69642162322998,0.15916151243467036,0.16260526722071234,0.15496911530383667,0.15684071581110356,-0.38242452918068887,300124.SZ,-1.430309874250422,-0.39698617731183,-0.5721391991971085,-0.5228862636105915,-0.9688556671093029,-0.6327608642772852,-0.15263684618550163,-0.5334707780107284,-0.4988989042318549,0.005783711750987872,0.02583381688130313,0.003470238082105342,0.0158087643161455,0.41054481239317253
2018-12-25,13.342093467712402,0.15504397418360344,0.15871232702779534,0.15324722184667838,0.1581882720317287,-0.3036130134034373,300124.SZ,-0.7192638422508947,-0.41306392255735447,-0.5716990957073507,-0.5245064004020596,-1.1751675453113377,-0.8999093135980241,-0.03606557468298711,-0.5371524310904976,-0.5017384008370709,0.006940421006647589,-0.020050105130315257,-0.00886839846706111,-0.021206869543537864,0.12145594866981159
2018-12-26,13.174592971801758,0.1530975040871449,0.15661611775295362,0.15279803643980336,0.15556802917967005,-0.6208019319436564,300124.SZ,-0.008217810251367088,-0.43663491999458465,-0.5718696262775447,-0.5241535769320598,-1.2700367376827122,-1.0312363467183863,-0.005378672232912284,-0.5404924865132077,-0.5051267082727271,-0.013495235489699877,-0.010796265612348234,-0.0023134736688824272,-0.010025052565157733,-0.4001885887930283
2018-12-27,12.878244400024414,0.14965373859167808,0.1564663999934201,0.14231704361271907,0.15504397418360344,0.24498654445136347,300124.SZ,0.7028282217481605,-0.4768670931229739,-0.5696345671669019,-0.5285771987531562,-1.4343694629506512,-1.5382548178457234,0.6491575153492769,-0.5445062464278594,-0.5084338876435552,-0.0026990801924777295,-0.0007711027320645179,-0.0539810522739258,-0.017736686618995825,1.158127116273266
2018-12-28,12.974881172180176,0.15077670746357807,0.1513756213394115,0.14598539645691103,0.14897996583607795,-0.2735278748606972,300124.SZ,1.413874253747688,-0.4959645515153127,-0.5681478461473594,-0.5339699632786228,-1.3530450942677605,-1.5608035107507279,0.6491575153492771,-0.5481404548984266,-0.5120417183191031,-0.031231922108695805,-0.02621942340489833,0.018893395874655643,0.005783711750987769,-0.6653911962361501
2019-01-02,13.01353359222412,0.15122589287045315,0.15317237367633652,0.15002806511878636,0.15122589287045315,-0.4936543169724774,300124.SZ,-0.008217810251367088,-0.5032623960594959,-0.5720724442107648,-0.5364514398498678,-1.3199406979380992,-1.2634457362900529,0.4674021863347504,-0.5515848876469516,-0.5150052943458404,0.01156736834441265,0.009253949833093213,0.02082126301994277,0.0023134736688826324,-0.27232986381769303
2019-01-03,12.87180233001709,0.14957887971191136,0.15399587490089497,0.14897996583607795,0.14897996583607795,-0.6354868601414474,300124.SZ,0.7028282217481605,-0.5167148650209411,-0.5751327664519413,-0.5400040012207596,-1.4031328510311092,-1.2866200392719676,0.5318960861009038,-0.5539475974224524,-0.5180786319925237,-0.01156736834441265,0.004241340814169757,-0.0053981052273925694,-0.008482736785902507,-0.16919466203293393
2019-01-04,13.09084129333496,0.15212426368420323,0.15317237367633652,0.146659179921936,0.1497286081808697,-0.2001891960923678,300124.SZ,1.413874253747688,-0.503871023797614,-0.5780856558773997,-0.5416543815228437,-1.2099921069455013,-1.2407261369404012,0.6739622463883115,-0.5559876884704814,-0.5210040299457707,0.0038557894481376525,-0.004241340814169757,-0.011952919710444857,0.01310968412366767,0.5910489991109763
2019-01-07,13.754403114318848,0.1598352851902705,0.1627549956896707,0.15429533183881167,0.15459478877672836,0.4285877141253807,300124.SZ,-1.430309874250422,-0.43241767977348844,-0.5779768963372006,-0.5416585441439967,-0.6681763949779052,-0.023656265323096455,-0.25491669237168174,-0.5568416805770546,-0.5226170549160929,0.025062658991675518,0.04935410493616064,0.03932905237100301,0.03971465889459821,0.8459158707856712
2019-01-08,13.79949951171875,0.16035934018633713,0.16193149446511218,0.15796367397357874,0.1588620447873288,-0.34427000296328764,300124.SZ,-0.7192638422508947,-0.368942358259011,-0.5781373400687418,-0.541624724500365,-0.6333065670238825,0.1550150931855989,-0.2549166923716806,-0.5566803705346273,-0.5241441799037397,0.021977972275602383,-0.00424134081416986,0.018893340717092446,0.0026990801924778323,-1.0004332326271654
2019-01-09,13.915461540222168,0.16170689640696223,0.1641025519102958,0.15931123019420385,0.16035934018633713,-0.3733524082478027,300124.SZ,-0.008217810251367088,-0.30635861754471777,-0.5766229141102501,-0.5415505231760674,-0.5424095120151258,0.3714607583535365,-0.45218027188965004,-0.5560635987592983,-0.5244305161375951,0.007711634053838297,0.011181761820817449,0.006940421006647589,0.006940421006647487,-0.02067085137858511
2019-01-10,13.915461540222168,0.16170689640696223,0.16320418109654572,0.159685567430737,0.162455538751754,-0.6202791259680178,300124.SZ,0.7028282217481605,-0.2551396511024276,-0.5761492667777852,-0.5416737217324751,-0.5424095120151258,0.31917696901180914,-0.45218027188965015,-0.5555606924171947,-0.5241823586599079,0.010796210454785139,-0.00462694733776506,0.001927977460413417,0.0,-0.30763340432449654
2019-01-11,14.031424522399902,0.16305446333701223,0.16649820741362933,0.16110798253112887,0.16320418109654572,-0.42294243610081395,300124.SZ,1.413874253747688,-0.20345528562881823,-0.5752585949437053,-0.5420075780486782,-0.4480233041926031,0.5787837702781622,-0.7528934526673652,-0.55425123857772,-0.5243159812344462,0.0038557894481375497,0.01696547357180522,0.007325972372679797,0.006940476164210787,0.2775871148449696
2019-01-14,14.031424522399902,0.16305446333701223,0.1658244346580292,0.16103312365136213,0.16320418109654572,-0.4700205099452387,300124.SZ,-1.430309874250422,-0.16194840328581617,-0.5774143017815033,-0.5407489077803306,-0.4480233041926031,0.50425107383609,-0.7470228587811492,-0.5531125828880833,-0.5244305154549173,0.0,-0.0034701829245422475,-0.0003855513660322076,0.0,-0.04437623498112656
2019-01-15,14.637003898620604,0.17009169066862964,0.17173871453659634,0.16133256987985395,0.162455538751754,-0.07457667929936353,300124.SZ,-0.7192638422508947,-0.07691145203495363,-0.5724103517728611,-0.5442288772384599,0.03032511044402286,1.0586105364474798,-1.2652514352616258,-0.5517936422985811,-0.5247025345698747,-0.0038557894481375497,0.03046076421906819,0.001542260621691925,0.03624436565492977,0.5385502322155117
2019-01-16,14.669215202331545,0.1704660279051628,0.17233762841242972,0.16881900403719616,0.17009169066862964,-0.5190802895016834,300124.SZ,-0.008217810251367088,-0.007950870160549598,-0.5663127169181869,-0.5477882980706983,0.0544631072024991,1.4048469617470092,-1.23168676683983,-0.5515374443951325,-0.5251463550155389,0.039329052371002905,0.00308463155851004,0.03855794963893859,0.001927977460413417,-0.5678980347656502
2019-01-17,14.48883056640625,0.1683698186303211,0.1706157456646963,0.16672280547177928,0.1704660279051628,-0.5344867131604347,300124.SZ,0.7028282217481605,0.029380957274957046,-0.5619846268737173,-0.5494341613499002,-0.09398799429565594,1.111906513277146,-1.137236407497364,-0.5513571567805009,-0.525151127616064,0.001927977460413417,-0.008868343309497912,-0.010796210454785139,-0.010796265612348132,-0.0026557168199130322
2019-01-18,14.604793548583984,0.16971737485094623,0.17039115831597118,0.1667976750609709,0.1680703616924044,-0.672423918244494,300124.SZ,1.413874253747688,0.06694260643981387,-0.5567680972156739,-0.5509504426516002,-0.0027359140150964474,1.1102782565723113,-1.1372364074973638,-0.5507024298607635,-0.5248552475465139,-0.01233858139160315,-0.0011567092556598203,0.00038560652359530235,0.006940421006647589,-0.1640634004042267
2019-01-21,14.817390441894531,0.1721878999434714,0.17480814279553,0.16956765709141275,0.16994197290909618,-0.4132754757190883,300124.SZ,-1.430309874250422,0.11255049966843082,-0.5501356518668445,-0.5524310534584131,0.1625405961671904,1.3783942391695465,-1.0242928043162371,-0.5490988229734317,-0.5243732490273595,0.009639501199125421,0.0227491301652301,0.014266448536890583,0.012724132757635565,0.3590106697982089
2019-01-22,14.75296688079834,0.17143925759867965,0.17398464157097154,0.1703162887267796,0.17263708535034641,-0.6194211424379309,300124.SZ,-0.7192638422508947,0.14016594247047556,-0.5448519888195472,-0.5523052964449954,0.10601186578572111,1.1945869909238354,-1.0242928043162367,-0.5477419245247549,-0.5237576265683112,0.013880842013295178,-0.004241340814169757,0.0038557342905742495,-0.0038557894481376525,-0.2539132296900292
2019-01-23,14.746525764465332,0.1713643987189129,0.17263708535034641,0.17009169066862964,0.17113980066076295,-0.8424535036202585,300124.SZ,-0.008217810251367088,0.1583465883687169,-0.5402895067691672,-0.5526274023100547,0.10022348065892771,1.022504948968224,-1.045544084633766,-0.5459485419153809,-0.5232040431373457,-0.0077115788962750995,-0.006940421006647589,-0.0011567644132228123,-0.0003855513660322076,-0.2761577808553923
2019-01-24,14.984890937805176,0.17413437003992988,0.1756316654389382,0.17084034372284626,0.17143925759867965,-0.6320181923636761,300124.SZ,0.7028282217481605,0.18994000102210232,-0.5345284635689912,-0.5515231952100756,0.29260870950177753,1.1277451231900597,-0.7818757987174123,-0.5442405590596172,-0.5224595700216064,0.00154231577925502,0.015423212950113294,0.003855844605700747,0.014266393379327386,0.2948417027290462
2019-01-25,14.41796588897705,0.16754631740576262,0.17510761044287157,0.1662736200649043,0.17203817147451306,0.0915303932783775,300124.SZ,1.413874253747688,0.16256367780691663,-0.5333993280932356,-0.5469128022347233,-0.20662061606151008,0.664713657886426,-1.2151108528110695,-0.5434529877770673,-0.5224118474297434,0.0030846315585101427,-0.0026990801924778323,-0.023520343212420497,-0.03393094714361054,0.9707569631357281
2019-01-28,14.901141166687012,0.17316114034641303,0.18109673849178057,0.16896873250615452,0.16896873250615452,0.3886845156026273,300124.SZ,-1.430309874250422,0.17942829709062338,-0.5314898434267791,-0.5394965838923395,0.17262031158141272,1.0356508274029972,-0.7088486934185873,-0.5425610405260856,-0.5220396105305349,-0.0158087643161455,0.030846260427537305,0.013880842013295178,0.02891844843981317,0.4090748958483624
2019-01-29,14.46306037902832,0.1680703616924044,0.17405951116016313,0.16724686046784593,0.17368518463305482,-0.34829377229283415,300124.SZ,-0.7192638422508947,0.1516909636637364,-0.5326542633637513,-0.5310394125949996,-0.18410893909179876,0.5732389147071164,-0.8692764299269606,-0.54208660122098,-0.5228174898019171,0.02429150110204801,-0.036244365654929875,-0.00886828815193492,-0.02621942340489833,-0.9531698798023642
2019-01-30,14.366426467895508,0.1669473928205044,0.1705408760755047,0.1658244346580292,0.16829494904112952,-0.6511694690126133,300124.SZ,-0.008217810251367088,0.11863138024526779,-0.5350211088080277,-0.5218227459875115,-0.2598227586237317,0.3584505133969322,-1.0011642154867129,-0.5414318743012425,-0.523767170404006,-0.027761739184153453,-0.018122293142591128,-0.007326027530242892,-0.005783711750987872,-0.3813340287241859
2019-01-31,13.986327171325684,0.1625304083409456,0.16979224444013782,0.16140743946904557,0.1691933198548796,-0.43559028498775476,300124.SZ,0.7028282217481605,0.057449122640493025,-0.5404989085071703,-0.5101086022311889,-0.5486347535559905,0.06614210301800776,-1.151950703973253,-0.5411187436811812,-0.5250556810669826,0.00462694733776506,-0.003855734290574455,-0.02274918532279309,-0.022749130165229996,0.30161763754740023
2019-02-01,14.359983444213867,0.16687253394073764,0.1683698186303211,0.16335390956550408,0.16455173731717082,-0.031581230570171634,300124.SZ,1.413874253747688,0.03962536734299514,-0.5457062548088535,-0.4979730617218135,-0.24971946667081132,0.1878954262897681,-1.151950703973253,-0.5400654877451552,-0.5259385493577854,-0.02390589457845291,-0.007326027530242892,0.010025052565157733,0.02236357879919779,0.5498330536607942
2019-02-11,14.88825511932373,0.17301140116802982,0.17443382697784657,0.16769604587472095,0.16777090475448772,0.44355988859971757,300124.SZ,-1.430309874250422,0.06924578470772949,-0.544528673197266,-0.49394154773879717,0.13864240609301354,0.6215604996064094,-0.8692228332282641,-0.5380253980545091,-0.5262010239543704,0.016579922205773114,0.0312319221086957,0.02236363395676068,0.031617473474727806,0.6435340948741635
2019-02-12,15.203930854797363,0.17667975401222177,0.17870109369787188,0.17443382697784657,0.1756316654389382,0.3518760935787374,300124.SZ,-0.7192638422508947,0.11745281233633614,-0.5412200196074729,-0.4911092009821439,0.35396711445307866,0.9651750939005443,-0.5319044467562077,-0.5354159798403533,-0.5261294404079149,0.04048587194178892,0.02197802743316558,0.03470210503323805,0.018893395874655643,-0.10313458162649056
2019-02-13,15.352103233337402,0.17840163675995518,0.1846902431656306,0.1778775924733134,0.17959946451162195,0.48382339104482247,300124.SZ,-0.008217810251367088,0.1652960217576388,-0.5368811699255337,-0.48932671138150224,0.45252125384814534,1.1667111806748323,-0.09831277557069287,-0.5329773597760353,-0.5263394204947897,0.020435656496347467,0.03084637074266349,0.017736686618995825,0.008868343309497912,0.19145079680570204
2019-02-14,16.00922393798828,0.18603778867683085,0.18805912836248095,0.17862622410868026,0.18027324797664696,0.839639593876796,300124.SZ,0.7028282217481605,0.2559917018592313,-0.5258699297061599,-0.4922051938732589,0.8610108784998172,1.3611348594899588,0.12791957640355067,-0.5290489996149943,-0.5262153424386238,0.003470238082105342,0.017351024937837425,0.0038557342905743523,0.03932905237100301,0.4863494420387007
2019-02-15,15.674222946166992,0.18214484848391385,0.1862623867349808,0.18147107572831372,0.1845405039872474,0.0829560885095741,300124.SZ,1.413874253747688,0.2940739225700781,-0.5207064011075697,-0.4904029765344473,0.5851718266886831,1.202495558767767,0.12791957640355067,-0.5253673478926081,-0.5260435411079173,0.021977972275602487,-0.00925389467553012,0.014652055060485886,-0.020050105130315257,-0.9791272226809845
2019-02-18,16.21537971496582,0.1884334655990141,0.18895749917623103,0.18289350153813044,0.18461538428586385,0.06172901882532708,300124.SZ,-1.430309874250422,0.36570167088479755,-0.5109698820612879,-0.49136221472884517,0.9006840516567503,1.4057696713286307,0.3083681257748945,-0.520452149904798,-0.5255901747785251,0.0003856616811583971,0.013880842013295178,0.007326027530242892,0.03238874167948161,-0.010323153369415455
2019-02-19,16.801631927490234,0.1952460948724816,0.199438513422165,0.18790941060294747,0.1885831833585476,0.8318896797766436,300124.SZ,-0.7192638422508947,0.4666656058463337,-0.4950575791502129,-0.49962815338968464,1.2102561587098375,1.8475033166465424,0.9323188619692386,-0.5148158068879932,-0.5245832277488786,0.020435656496347467,0.05398116258905188,0.02583381688130313,0.03508760124170706,1.0321582454519753
2019-02-20,16.69855499267578,0.19404828853966455,0.19794120731373183,0.190305066106281,0.19472206129526468,-0.005213087522768181,300124.SZ,-0.008217810251367088,0.5302981461345586,-0.4834232708596376,-0.5035417224100245,1.1248377780389744,1.6629994133547503,0.9323188619692382,-0.509388214450669,-0.5235858238722491,0.031617528632291,-0.007711689211401289,0.01233852623404016,-0.0061691528018938905,-1.0850621284495194
2019-02-21,16.492399215698242,0.1916526116174813,0.19913905648424832,0.1909039799821144,0.1946471809966482,0.011478877589466883,300124.SZ,0.7028282217481605,0.5551098249276086,-0.4756308088398406,-0.5030901533050581,0.9543654178443542,1.4785006213025857,0.9991247536237916,-0.504055512589132,-0.522092105722923,-0.0003856616811583971,0.006169373432146269,0.00308463155851004,-0.012338636549166348,0.039626936714552856
2019-02-22,17.10442352294922,0.19876474066656488,0.19891445842609837,0.19127829579979785,0.19240126467169788,0.02812147758215294,300124.SZ,1.413874253747688,0.6194481081212979,-0.4632250112691457,-0.5056622259216954,1.2722251144077865,1.4476791876215285,0.9991247536237916,-0.4981439913819084,-0.5201450212442047,-0.011567313186849554,-0.0011567644132228123,0.0019278671452872276,0.03663013765121446,0.039561908894575025
2019-02-25,17.619810104370117,0.20475387942489875,0.20647574075378244,0.19981282923984844,0.19981282923984844,0.8867877894055594,300124.SZ,-1.430309874250422,0.7057269333717899,-0.4473963242758997,-0.5107889525368805,1.5157131563974406,1.6538225137544118,1.40689180537844,-0.492450712933725,-0.5177111663284847,0.03817234311534329,0.03894344584740771,0.04395605486633116,0.030846315585100398,1.1487452118061738
2019-02-26,17.220382690429688,0.20011228617776514,0.20737411156753252,0.1995882311816985,0.205876826877949,0.31351509416421836,300124.SZ,-0.7192638422508947,0.729693923186865,-0.43774569917472095,-0.5102960605423517,1.1911978742795752,1.362113990029864,1.4523307626674713,-0.48741216276266197,-0.5150959655636855,0.0312318669511324,0.00462694733776506,-0.0011567644132228123,-0.023905949736015904,-0.7375233280319758
2019-02-27,16.724323272705078,0.19434772405873152,0.20018714505753188,0.1913531760984143,0.1998876881196152,0.5749679933284879,300124.SZ,-0.008217810251367088,0.6962737335390699,-0.4328694141515496,-0.5065607171777169,0.8131732954311883,0.8533434007422038,0.5818789297936605,-0.48327504930737425,-0.5127050620046588,-0.030846315585100193,-0.03701557870212048,-0.04241362877194995,-0.029689661487003773,0.3620462907554314
2019-02-28,16.71788215637207,0.19427286517896478,0.19749203261628165,0.1921018077337812,0.1941231474194313,0.16674767771651516,300124.SZ,0.7028282217481605,0.6602970287593066,-0.4284508343958488,-0.5034581338719532,0.8083647994438218,0.7355460814433411,0.5818789297936597,-0.47914742395949717,-0.5103761974737149,-0.029689551171877587,-0.013880842013295178,0.003855734290574455,-0.0003855513660322076,-0.5201026770236029
2019-03-01,17.07221031188965,0.19839040343003173,0.20183416892549855,0.19494665935341463,0.20048660199544857,0.325030071593957,300124.SZ,1.413874253747688,0.6536923521037107,-0.4238614312346431,-0.4961617889548971,0.9932454612453004,0.8486979306212779,0.8321826921130333,-0.47466871420453327,-0.5074651173220435,0.032774182730387624,0.022363633956760883,0.014652055060485784,0.021206869543538072,0.2261415647848306
2019-03-04,17.478076934814453,0.20310685555693203,0.20722439380799904,0.20138497280919865,0.20250794168109867,1.2605044810233745,300124.SZ,-1.430309874250422,0.674598787291475,-0.41635172306834967,-0.49264560471270835,1.1946816159776779,1.0257336311340037,1.120758985082263,-0.4695922102464448,-0.50433928516565,0.010410659088752931,0.027761684026590357,0.033159734096419834,0.024291501102047905,1.249923193133758
2019-03-05,17.987022399902344,0.20902113543549922,0.20939545125318268,0.20220848474318198,0.20355603025438226,0.4414045514921055,300124.SZ,-0.7192638422508947,0.7256684066634947,-0.40766765194086313,-0.48598509621861324,1.431180502349658,1.0601124640102706,1.2314378963185413,-0.46465803604381367,-0.5011943639725114,0.005398050069829475,0.011181761820817553,0.004241395971732852,0.0304607642190686,-1.0613473009727075
2019-03-06,18.231834411621094,0.2118659870551326,0.2157589272480496,0.2081227646217491,0.20962004931133257,0.8716344729365288,300124.SZ,-0.008217810251367088,0.7771173928357915,-0.39972315294847205,-0.47683232385844987,1.539660396768726,1.1716338030030833,1.537479275894477,-0.459410732578504,-0.4984264509137509,0.031231977266258794,0.0327742930455134,0.03046076421906819,0.014652055060485373,0.5843733492432105
2019-03-07,17.748655319213867,0.20625116411448216,0.2108927573616158,0.20250794168109867,0.2108927573616158,0.6428552744344213,300124.SZ,0.7028282217481605,0.765794215546117,-0.4009887171807174,-0.45741194938240426,1.1591459733109588,0.8429131631811587,0.9710573515724257,-0.4546094013813023,-0.4959210117688976,0.006554924798178477,-0.02506260383411232,-0.02891844843981317,-0.02891844843981317,-0.283727990470737
2019-03-08,16.827402114868164,0.195545573229248,0.20602656605633227,0.19547069293063155,0.20063634117383178,0.604377041395745,300124.SZ,1.413874253747688,0.6678192442934363,-0.4071242867311784,-0.4384776712285944,0.5108384028194597,0.46201430890383705,0.3261746180391865,-0.4513357654252324,-0.4939452937350615,-0.052824398175829075,-0.025062714149238715,-0.03624447597005606,-0.0551378166871483,-0.033047813114365915
2019-03-11,18.09010124206543,0.21021896318716593,0.2104435612453159,0.19749203261628165,0.19764177179466486,0.8760388248060009,300124.SZ,-1.430309874250422,0.6905201231570222,-0.40509429227315386,-0.42558001583782845,1.0896629751364746,0.7195274064092241,0.5625662401146224,-0.4465154580132095,-0.4907144711938919,-0.015423157792550199,0.02274918532279309,0.010410659088752931,0.07557347318349576,0.3754942777751624
2019-03-12,17.71644401550293,0.205876826877949,0.21463595837614965,0.20452928136674875,0.21021896318716593,1.309513529896797,300124.SZ,-0.7192638422508947,0.6670604146603747,-0.40599939279181113,-0.4125409039923112,0.8509470564530937,0.7607747502560342,0.7757931239815697,-0.44215061369147124,-0.48783679651518563,0.06477726272871064,0.021592420909570482,0.03624447597005585,-0.022363633956760883,0.588647646738102
2019-03-13,17.001344680786133,0.1975668914960484,0.20752385074591573,0.19621934598484814,0.20617630523471542,0.7835804139049606,300124.SZ,-0.008217810251367088,0.5783962251359783,-0.4107253927933618,-0.3991550465063321,0.4227136404705825,0.3779285254216513,0.07535754060606348,-0.43882953719834833,-0.4852645471070797,-0.020821207862379672,-0.03663002733608847,-0.042799290453108145,-0.042799290453108145,-0.6751637173314079
2019-03-14,16.988460540771484,0.1974171737365149,0.20385550861114868,0.19547069293063155,0.19614446568623167,0.43199691161390286,300124.SZ,0.7028282217481605,0.49992761073375236,-0.41244840440571856,-0.3924724040045807,0.4152388027625812,0.2823066262034758,0.015487144813780183,-0.4358785213271333,-0.4829213654572382,-0.051667744077732246,-0.018893340717092446,-0.0038558446057006444,-0.0007711027320644152,-0.4454959803438905
2019-03-15,17.168846130371094,0.19951337230193175,0.20138497280919865,0.19681825986068152,0.1997379703600817,0.22792294123995102,300124.SZ,1.413874253747688,0.4469295281353628,-0.41722110335689255,-0.37976932810229214,0.5011099742564578,0.2716882513588756,0.01548714481378069,-0.4318268062680731,-0.4804875105415181,0.018507899666186427,-0.012724187915198555,0.006940476164210684,0.010796210454785139,-0.25118421985079353
2019-03-18,17.168846130371094,0.19951337230193175,0.19966311148031496,0.19314991772591447,0.19839040343003173,0.8996623901071921,300124.SZ,-1.430309874250422,0.39900845470953916,-0.41933553967985704,-0.3727523232272094,0.5011099742564594,0.15935629893997472,-0.28510248209787625,-0.428486750845363,-0.4783590808963985,-0.006940476164210684,-0.008868232994371722,-0.018893340717092446,0.0,0.9025096814482046
2019-03-19,17.297691345214844,0.2010106569915152,0.20393036749091542,0.19719257567836496,0.19951337230193175,0.3374490520428228,300124.SZ,-0.7192638422508947,0.3666701344369561,-0.4191972185155659,-0.37054827194571266,0.5648577346797563,0.3088624896851563,-0.03214337987878103,-0.4243116808882838,-0.47602067184708213,0.005783711750987872,0.021977972275602487,0.020821207862379672,0.0077115788962750995,-0.7229550276987677
2019-03-20,16.89826774597168,0.19636906374438162,0.2020587669836485,0.1936739513031314,0.20108551587128196,0.3172339331702436,300124.SZ,-0.008217810251367088,0.30156735837423937,-0.4196184738559425,-0.36910377249841175,0.3115649996262103,0.08717506059370878,-0.3163136179033027,-0.42058258455669556,-0.47381588605498187,0.008097130262307307,-0.009639446041562328,-0.01812223798502803,-0.023905949736015904,-0.008990128030699747
2019-03-21,16.89826774597168,0.19636906374438162,0.19636906374438162,0.19636906374438162,0.19636906374438162,-1.131685036343195,300124.SZ,0.7028282217481605,0.24581909969586765,-0.4209766569556266,-0.3655816288813543,0.3115649996262103,-0.03172687619001776,-0.3163136179033027,-0.41629365052377415,-0.47150133864293575,-0.02429150110204811,-0.029304110120971567,0.013880842013295178,0.0,-1.8909970521479784
2019-03-22,16.89826774597168,0.19636906374438162,0.19636906374438162,0.19636906374438162,0.19636906374438162,-1.131685036343195,300124.SZ,1.413874253747688,0.19803518664543493,-0.4208392416073468,-0.36672528522678083,0.3115649996262095,-0.10278420822992845,-0.3163136179033027,-0.4125550660847751,-0.4690913460471639,0.0,0.0,0.0,0.0,0.01763889916271228
2019-03-25,16.89826774597168,0.19636906374438162,0.19636906374438162,0.19636906374438162,0.19636906374438162,-1.131685036343195,300124.SZ,-1.430309874250422,0.1570356915433995,-0.4222413421357262,-0.36852828255252856,0.3115649996262095,-0.18168792828314517,-0.3163136179033032,-0.4095945621061496,-0.46657636374929357,0.0,0.0,0.0,0.0,0.01763889916271228
2019-03-26,16.89826774597168,0.19636906374438162,0.19636906374438162,0.19636906374438162,0.19636906374438162,-1.131685036343195,300124.SZ,-0.7192638422508947,0.12181885432232051,-0.42235647361719963,-0.36992991476556464,0.3115649996262103,-0.2631474630548557,-0.3163136179033037,-0.4070990093252191,-0.4640088862590352,0.0,0.0,0.0,0.0,0.01763889916271228
2019-03-27,16.89826774597168,0.19636906374438162,0.19636906374438162,0.19636906374438162,0.19636906374438162,-1.131685036343195,300124.SZ,-0.008217810251367088,0.0915339209934017,-0.4226839050250102,-0.368717901267945,0.3115649996262095,-0.3441231495561922,-0.3163136179033037,-0.40482169930332884,-0.46163707173675367,0.0,0.0,0.0,0.0,0.01763889916271228
2019-03-28,16.89826774597168,0.19636906374438162,0.19636906374438162,0.19636906374438162,0.19636906374438162,-1.131685036343195,300124.SZ,0.7028282217481605,0.06545814237576375,-0.4230571851306495,-0.36742160718570677,0.3115649996262103,-0.4165841205896686,-0.3163136179033032,-0.403512245463854,-0.459002782617887,0.0,0.0,0.0,0.0,0.01763889916271228
2019-03-29,16.89826774597168,0.19636906374438162,0.19636906374438162,0.19636906374438162,0.19636906374438162,-1.131685036343195,300124.SZ,1.413874253747688,0.042977294413603456,-0.42298265154699577,-0.36833818625941467,0.3115649996262103,-0.5071311541504105,-0.3163136179033032,-0.40170937474706936,-0.4562444147601769,0.0,0.0,0.0,0.0,0.01763889916271228
2019-04-01,16.89826774597168,0.19636906374438162,0.19636906374438162,0.19636906374438162,0.19636906374438162,-1.131685036343195,300124.SZ,-1.430309874250422,0.023569179562852285,-0.4239406567801081,-0.3699840753049181,0.311564999626212,-0.5796086228254925,-0.3163136179033027,-0.4007035647776283,-0.45326652229721964,0.0,0.0,0.0,0.0,0.01763889916271228
2019-04-02,16.89826774597168,0.19636906374438162,0.19636906374438162,0.19636906374438162,0.19636906374438162,-1.131685036343195,300124.SZ,-0.7192638422508947,0.006789651791992109,-0.42881944274321476,-0.3694767991127252,0.311564999626212,-0.5968035600826916,-0.3163136179033034,-0.40056123230740515,-0.4503602140633956,0.0,0.0,0.0,0.0,0.01763889916271228
2019-04-03,16.89826774597168,0.19636906374438162,0.19636906374438162,0.19636906374438162,0.19636906374438162,-1.131685036343195,300124.SZ,-0.008217810251367088,-0.00773922196732281,-0.4379253523304826,-0.36519886938149565,0.311564999626212,-0.6152661102771999,-0.3163136179033034,-0.4002670819743142,-0.44748253938468935,0.0,0.0,0.0,0.0,0.01763889916271228
2019-04-04,18.586158752441406,0.2159835253061996,0.2159835253061996,0.21119219288068278,0.2159835253061996,3.399422941052337,300124.SZ,0.7028282217481605,0.12453303282725935,-0.42698090300576347,-0.3739902129346328,1.3233695929042608,1.867489301438757,1.0138225756640753,-0.39718322174028653,-0.44324954104904274,0.10102184901389309,0.10102184901389309,0.07634468623068658,0.10102184901389309,5.986389234339803
2019-04-08,18.54750633239746,0.2155343291898997,0.21845403968929988,0.20872167849758247,0.216582439182033,3.1250905251579315,300124.SZ,-1.430309874250422,0.2221230580855237,-0.41612705207699957,-0.3784667420499092,1.2903022625316216,1.5680809772929203,0.7565877717002064,-0.395057733653413,-0.43920743376352556,0.00308463155851004,0.012724077600072367,-0.012724077600072572,-0.0023135288264456246,-0.34373445752804066
2019-04-09,18.289813995361328,0.21253975981073275,0.2177053866350833,0.20722439380799904,0.2126146186904995,1.745924333010894,300124.SZ,-0.7192638422508947,0.2726281569090588,-0.41425831392196377,-0.3796973968409537,1.07012790551882,1.2021211397316445,0.6023604236520619,-0.3940708998987933,-0.4358477598829871,-0.020435766811473657,-0.0038558446057006444,-0.007711578896274894,-0.015423157792550199,-1.7991129224026206
2019-04-10,17.800195693969727,0.2068500779903156,0.21403704450031621,0.2020587669836485,0.20969490819109932,1.7021352870693671,300124.SZ,-0.008217810251367088,0.2657617248551828,-0.41376022412345836,-0.3798798648960379,0.6738918451801283,0.5885970488064376,0.09188423156335582,-0.39321690779221996,-0.4328841838562497,-0.015037606426517991,-0.018893340717092446,-0.026604919613367545,-0.029303999805845377,-0.04004365529073628
2019-04-11,17.143075942993164,0.19921391536401506,0.20572710911841557,0.19674340098091478,0.20378062831253224,1.156036144211806,300124.SZ,0.7028282217481605,0.19964764912641805,-0.41364798593713353,-0.37933508220962536,0.1919587291348669,-0.21716516686634396,-0.3915147973636025,-0.39260013465950805,-0.43049327961454514,-0.030460764219067984,-0.042799290453108346,-0.02737613266055815,-0.0393291075285661,-0.7017280764714809
2019-04-12,17.342788696289062,0.20153471198758185,0.20243308280133193,0.1972674345581317,0.1995882311816985,-0.012579210008833415,300124.SZ,1.413874253747688,0.16140992135630458,-0.41315471391356273,-0.37822158235338277,0.31191236549394813,-0.2593984378629378,-0.3915147973636019,-0.3916797203715284,-0.4279544349967267,-0.021592420909570482,-0.01696547357180522,0.0026989698773516426,0.011952974868007952,-1.5217579375480397
2019-04-15,17.54250144958496,0.20385550861114868,0.20662547993216568,0.20310685555693203,0.20415496554906537,0.194504257425093,300124.SZ,-1.430309874250422,0.14544839472496401,-0.41215450766396083,-0.37760811178769466,0.43053464049196194,0.19180899375811042,-0.10523451824790052,-0.3909870369499996,-0.42535355135082537,0.023520398369983694,0.021592420909570482,0.030075212853035778,0.011952974868007952,0.2904263767117132
2019-04-16,18.23827362060547,0.21194084593489934,0.21373758756239952,0.20220848474318198,0.20288225749878214,0.7279744644498145,300124.SZ,-0.7192638422508947,0.18969847213665,-0.40690698032231887,-0.3786383201111275,0.8172452482200229,0.6836451973530834,0.33844089265958716,-0.3898673588325671,-0.4222372637128045,-0.006554924798178477,0.03663002733608806,-0.0046269473377648545,0.04164252603988533,0.7203699955900454
2019-04-17,18.14808464050293,0.2108927573616158,0.21605838418596635,0.20962004931133257,0.21194084593489934,0.6328228892673203,300124.SZ,-0.008217810251367088,0.21315921299095544,-0.40302536157160934,-0.3791174383716256,0.7494827038488099,0.9385367824856905,0.4736609086552812,-0.3896301371439398,-0.4196363787015474,0.04665513505880879,0.011952974868007952,0.03817234311534329,-0.00539805006982927,-0.1077026285820288
2019-04-18,18.180294036865234,0.21126707317929924,0.21321353256633288,0.20962004931133257,0.21216544399304937,-0.36410044260552227,300124.SZ,0.7028282217481605,0.23057051837774506,-0.3992908716098264,-0.37736627283806795,0.7672177585914474,0.8574989322337777,0.4736609086552805,-0.38970604743275666,-0.4170354950556461,0.0011567644132232232,-0.014652055060485784,0.0,0.0019278671452872276,-1.2955909997818185
2019-04-19,18.19961929321289,0.21149164981859944,0.2129140756284162,0.20969490819109932,0.21096761624138255,-0.02245318981306609,300124.SZ,1.413874253747688,0.24193784600620424,-0.39598565939762526,-0.37502146556930677,0.7781601024229355,0.8065589203165996,0.473660908655282,-0.3890418337629918,-0.4142866717163085,-0.006169263117020285,-0.00154231577925502,0.0003855513660322076,0.0011566540980964173,0.46768492869684747
2019-04-22,17.993467330932617,0.20909601573411565,0.21358786980286604,0.2063260229942489,0.21268949898911596,0.017724486967760654,300124.SZ,-1.430309874250422,0.22908747002737387,-0.39437000777515274,-0.3716860296580412,0.6128061822106567,0.5717880510706306,0.13725088925041584,-0.38732436144243465,-0.41177645997092993,0.008868343309497912,0.0034702932396684367,-0.017351024937837634,-0.012338415918913765,0.07056425935023065
2019-04-23,17.664905548095703,0.2052779344209654,0.20864681961781573,0.20220848474318198,0.20737411156753252,-0.052829944435465744,300124.SZ,-0.7192638422508947,0.18690337122324105,-0.3943248943204471,-0.3680827448383717,0.35708435192060306,0.15096128568050127,-0.25325451062320686,-0.3879506199677911,-0.4096671186798777,-0.02737624297568434,-0.02544826551527113,-0.021206869543537864,-0.01966455376428305,-0.07530123560942269
2019-04-24,17.407211303710938,0.20228334362294872,0.20699979574984909,0.19831554455026498,0.20662547993216568,0.23824291407446602,300124.SZ,-0.008217810251367088,0.12830003444077998,-0.394887543277825,-0.36499838195081813,0.163663511869705,-0.11198608099773083,-0.602114785273574,-0.3884060817006924,-0.4077009465297699,-0.0038557342905742495,-0.008482791943465498,-0.020050105130315257,-0.015423268107676389,0.40106415198370726
2019-04-25,16.878938674926758,0.19614446568623167,0.205876826877949,0.19547069293063155,0.2034063124948488,0.018858655710262132,300124.SZ,0.7028282217481605,0.03427679205082937,-0.3948280390203705,-0.3651600642728789,-0.21000910835899217,-0.45376711632755057,-0.8466351334095613,-0.3885863693153242,-0.40612132839776843,-0.01657992220577301,-0.005783711750988078,-0.014652055060485784,-0.031617528632291,-0.27135219797653254
2019-04-26,16.692113876342773,0.19397340824104808,0.19816580537188178,0.1915028938579478,0.19389854936128134,-0.23646429730187693,300124.SZ,1.413874253747688,-0.05711931470903971,-0.3940818947978086,-0.36701482693950443,-0.3356680121469711,-0.8972977803547278,-1.1735816454730714,-0.3890228548334045,-0.40485667868938435,-0.04896855357012864,-0.039714658894598104,-0.020435656496347467,-0.011181761820817347,-0.31869362016197106
2019-05-06,15.448740005493164,0.17952459492243036,0.18558861397938067,0.17525732820240505,0.17817703870180523,0.6777483571310791,300124.SZ,-1.430309874250422,-0.23609896003251524,-0.3846848261641374,-0.3849050170519355,-1.0722649073682538,-2.111932404389883,-0.25400517749131685,-0.3915563641161264,-0.4040931172195777,-0.08097168872601473,-0.06477726272871083,-0.08367076891849257,-0.07441681908539935,1.2219154502384921
2019-05-07,15.712875366210938,0.18259404460021375,0.18334267623558062,0.17967433410081354,0.17967433410081354,-0.4123615040866083,300124.SZ,-0.7192638422508947,-0.35226881078724354,-0.37969447960405267,-0.396387660318058,-0.887146908692627,-1.792845471545249,-0.25400517749131674,-0.3937008311325872,-0.4034918118794272,0.0077116340538381945,-0.011567423501975744,0.022749240480356186,0.015808819473708595,-1.4183440065598072
2019-05-08,15.493836402893066,0.180048649918497,0.1836421331734973,0.17825190829099682,0.17967433410081354,-0.4204673523059985,300124.SZ,-0.008217810251367088,-0.45937602202037364,-0.37439611206774465,-0.40927470144173644,-1.0062206549801016,-1.713426336279423,-0.16661859811482924,-0.39635769395594517,-0.4027282497269426,0.0,0.00154231577925502,-0.007326027530242892,-0.013109739281230763,0.006961205204028561
2019-05-09,14.959121704101562,0.17383491310201318,0.18117161879039703,0.1721878999434714,0.17855136522891352,-0.07847324639139995,300124.SZ,0.7028282217481605,-0.5852566193764827,-0.3669104229628403,-0.4272669326898773,-1.2836662144123545,-1.8890242256903318,0.1907067705879456,-0.39921382060875593,-0.40228920119912587,-0.0057837117509879745,-0.012724077600072367,-0.031231922108695596,-0.03200307999832321,0.468141832328227
2019-05-10,15.474507331848145,0.17982405186034706,0.18027324797664696,0.17293654228826308,0.17675462360141336,-0.22615477102793038,300124.SZ,1.413874253747688,-0.6342808517932351,-0.3708287894697591,-0.4375284875957574,-0.9229674830118237,-1.591662178101017,0.1907067705879456,-0.40131084437339754,-0.4011868089857537,-0.009253894675530016,-0.00462694733776506,0.003855789448137344,0.030846315585100398,-0.1768994243712203
2019-05-13,15.126622200012209,0.17578138319847167,0.1789256917560218,0.17495788197391324,0.1789256917560218,-0.5851053516994844,300124.SZ,-1.430309874250422,-0.6966261358744102,-0.37483378151371627,-0.449163521515636,-1.1025053244166048,-1.5158970083243684,0.19070677058794586,-0.4039202625875535,-0.40061890980124604,0.01118181697838034,-0.006940421006647692,0.010410659088753138,-0.02082126301994287,-0.4552005055443997
2019-05-14,15.210372924804688,0.17675462360141336,0.18491481980493082,0.17623056860534672,0.17817703870180523,-0.2442069056374487,300124.SZ,-0.7192638422508947,-0.731650197671516,-0.37934390153099223,-0.4585801728792711,-1.0440955675088832,-1.2356929449126646,-0.33288390549220476,-0.40640632590369025,-0.40038029615925363,-0.0038558446057005416,0.030846260427537405,0.006554814483052184,0.005012553861360465,0.4666985385146941
2019-05-15,15.371431350708008,0.17862622410868026,0.1803481068564137,0.17510761044287157,0.1794497360426636,-0.3755645527958916,300124.SZ,-0.008217810251367088,-0.7382343297373188,-0.38269605309750737,-0.4662465908870596,-0.9308694750376489,-1.2075864340691014,-0.26061023455515686,-0.4086551702459658,-0.40025621742040995,0.0065548696406153815,-0.023520288054857504,-0.005783656593424777,0.009639446041562224,-0.1553962623069323
2019-05-16,15.8095121383667,0.18371701347211378,0.18536401592123072,0.1771289394190968,0.17817703870180523,0.250205454932481,300124.SZ,0.7028282217481605,-0.6986845348039447,-0.3844756295914806,-0.4705272510966494,-0.6320133362360152,-0.9154855301670164,-0.677528449705188,-0.41025877441853154,-0.39991738599416654,-0.0065548696406153815,0.02583381688130313,0.010410603931189836,0.02621947856246163,0.8419549300332456
2019-05-17,15.203930854797363,0.17667975401222177,0.18536401592123072,0.17390977198177993,0.18536401592123072,0.0013727519948239378,300124.SZ,1.413874253747688,-0.7130182871356046,-0.3864985194904881,-0.47836399446738304,-0.9622628014783478,-1.016091483530876,-0.4627478347466057,-0.41275432719946203,-0.40051391873379194,0.037015633859683574,0.0,-0.01657992220577301,-0.036244531127619155,-0.31014412575559086
2019-05-20,14.823833465576172,0.17226276953266298,0.17690435207037172,0.17128952912972129,0.17690435207037172,-0.2994769947564101,300124.SZ,-1.430309874250422,-0.7500518204714451,-0.389426333826917,-0.4879086313033487,-1.1558239364731635,-1.1595862274375088,-0.29255918038134504,-0.41580971768172564,-0.40114385694638255,-0.04357044834273586,-0.04357044834273586,-0.013495235489699877,-0.022749130165229996,-0.3786652797969629
2019-05-21,14.933351516723633,0.1735354561640965,0.17525732820240505,0.17158898606763798,0.1721878999434714,-0.3204954063419825,300124.SZ,-0.7192638422508947,-0.7624241918483706,-0.3991397570808672,-0.4923220896075756,-1.0794649964121117,-1.0635889480102014,-0.29255918038134543,-0.41870379947894487,-0.4020935382311491,-0.02429150110204801,-0.008482791943465705,0.00154231577925502,0.006554814483052287,-0.010048291657309982
2019-05-22,14.765851020812988,0.17158898606763798,0.17376005422224644,0.1709900721918046,0.17376005422224644,-0.5090111706771588,300124.SZ,-0.008217810251367088,-0.7791108049806804,-0.4096300362900967,-0.49619670145160627,-1.1660753251243452,-1.0327374811345906,-0.2523167635619459,-0.4218445897148191,-0.40360157281669506,0.0080971854198703,-0.007711523738712004,-0.00308463155851004,-0.010025052565157629,-0.23068966355860981
2019-05-23,14.778736114501951,0.17173871453659634,0.17376005422224644,0.16095825406217054,0.1706906152538879,-0.15751458650115763,300124.SZ,0.7028282217481605,-0.7835048587777305,-0.42275280107199875,-0.49708821737079634,-1.1566292667712563,-1.0770661310598977,0.36983324420707814,-0.4249664023784891,-0.40502370810224353,-0.0158087643161455,0.0,-0.051667633762606156,0.00077115788962751,0.480659282936491
2019-05-24,14.778736114501951,0.17173871453659634,0.17435895738865498,0.1703162887267796,0.17143925759867965,-0.4933764248057216,300124.SZ,1.413874253747688,-0.7793238083630339,-0.4389415877795179,-0.49449017719862676,-1.1566292667712572,-0.890492077692226,0.31498568530354104,-0.430574281073062,-0.406293129728475,0.0038557894481375497,0.0030845764009469452,0.048197395680500715,0.0,-0.4247861037183362
2019-05-27,14.701428413391112,0.17084034372284626,0.17480814279553,0.1667976750609709,0.17001684249828777,0.009798551735938413,300124.SZ,-1.430309874250422,-0.7751073769449365,-0.4560077202036385,-0.4902527837572975,-1.1997438424709261,-0.8940258325795727,0.5177801734418781,-0.43623909112686454,-0.4080731847943341,-0.007325972372679797,0.00231347366888253,-0.018122182827464833,-0.00462694733776506,0.680462611347135
2019-05-28,14.624119758605955,0.16994197290909618,0.1721878999434714,0.16687253394073764,0.1721878999434714,0.33557993703915184,300124.SZ,-0.7192638422508947,-0.770911275867967,-0.4725207563198027,-0.4854633366902398,-1.2435470294858737,-0.8963785730659682,0.5177801734418775,-0.441638215169808,-0.4102922877053321,0.011181761820817449,-0.013495235489699773,0.0003855513660322076,-0.00462694733776506,0.4467850952859638
2019-05-29,14.456619262695312,0.16799550281263767,0.1703162887267796,0.16769604587472095,0.16851954709927947,-0.591282136678739,300124.SZ,-0.008217810251367088,-0.7745201731572603,-0.48923720450863206,-0.4800061407727005,-1.3388889197713552,-0.8962712098673346,0.5177801734418781,-0.4465628999076456,-0.41233958860294584,-0.018893395874655643,-0.009639501199125627,0.004241395971732749,-0.010025052565157629,-1.2033005136178438
2019-05-30,14.263349533081056,0.16574957577826246,0.16747144781657103,0.16440201955763736,0.16747144781657103,-0.4026844385351825,300124.SZ,0.7028282217481605,-0.7864147566849851,-0.5016114523510974,-0.4780239159182065,-1.4478191289134419,-0.9663058109659299,0.7128563950582326,-0.45080439068874795,-0.4141625922947871,-0.0053981052273925694,-0.014651999902922586,-0.016965473571805115,-0.01156736834441265,0.26607539187569884
2019-05-31,14.59190845489502,0.16956765709141275,0.17301140116802982,0.16657307700282098,0.1667976750609709,-0.19683544048084953,300124.SZ,1.413874253747688,-0.759876716594248,-0.5162357302998797,-0.47095541466748275,-1.1701399749579038,-0.7758720406491991,0.16781990019990548,-0.45485610574780827,-0.4157374385089412,-0.0034701829245422475,0.028532841916217765,0.011181761820817449,0.019664553764283155,0.2888002315039688
2019-06-03,14.41796588897705,0.16754631740576262,0.17166384494740475,0.16657307700282098,0.16956765709141275,-0.44711509447449904,300124.SZ,-1.430309874250422,-0.7466599817392059,-0.5176501439311672,-0.4742186981586211,-1.2723596372731494,-0.8007301445035008,0.16781990019990548,-0.45945817175817405,-0.4177036106590491,0.014266448536890583,-0.006940421006647384,0.0,-0.010410659088753138,-0.3120501694083851
2019-06-04,14.372868537902832,0.16702226240969598,0.1691184716845377,0.16432714996844575,0.16717199087865434,-0.5918489820763819,300124.SZ,-0.7192638422508947,-0.7329718546864695,-0.5217492591061543,-0.4758204098226111,-1.2990454932638844,-0.8690105475176025,0.31160886695246653,-0.4651514488489744,-0.4200038416348752,-0.012338581391603357,-0.013109628966104677,-0.011567368344412752,-0.0026990801924777295,-0.17301655297943191
2019-06-05,14.682101249694824,0.1706157456646963,0.17278681381930475,0.16724686046784593,0.1673965782273794,-0.3896710965846928,300124.SZ,-0.008217810251367088,-0.6886582953976151,-0.5251125743508631,-0.4757624327688303,-1.0339445311930378,-0.6975612442736364,-0.045422436613027306,-0.47025642255882677,-0.4224520129868153,0.001156709255659615,0.018893340717092446,0.015037606426517991,0.01850778935106024,0.28396433828578327
2019-06-06,14.46306037902832,0.1680703616924044,0.17203817147451306,0.16732171934761267,0.1706157456646963,-0.6312857723949317,300124.SZ,0.7028282217481605,-0.666197063712162,-0.5253657311662969,-0.4778323290175143,-1.170202092933651,-0.7461317031812918,-0.04542243661302781,-0.47573145824797014,-0.42524378768284615,0.016579922205773114,-0.003855789448137447,0.0003855513660321049,-0.01310968412366767,-0.3006359431982512
2019-06-10,14.688543319702148,0.1706906152538879,0.17233762841242972,0.16724686046784593,0.1680703616924044,-0.5054112039714583,300124.SZ,-1.430309874250422,-0.622959220831592,-0.5291824994041128,-0.4771217353187741,-0.9783420340863684,-0.6760049800068463,-0.07522766629282282,-0.48090285006707967,-0.42751061318570704,-0.01310968412366767,0.0015423157792549172,-0.0003855513660321049,0.01349529064726297,0.18345129564851195
2019-06-11,15.18460464477539,0.17645516666349667,0.1768294824811801,0.17084034372284626,0.17084034372284626,-0.2733333503439681,300124.SZ,-0.7192638422508947,-0.5407123915052954,-0.5288356658917002,-0.47725040058587137,-0.579741129209819,-0.31523081298878103,-0.5119006784123212,-0.48503996623713347,-0.42872754098490584,0.014266448536890481,0.0231347366888253,0.01850778935106024,0.02968960632944068,0.3233510502605724
2019-06-12,15.133064270019531,0.1758562527876633,0.17825190829099682,0.17428410921831308,0.17593111166743,-0.4140868252565722,300124.SZ,-0.008217810251367088,-0.47584074515447683,-0.5293129729743608,-0.47706148175930435,-0.6148680108705848,-0.12983934889676688,-0.6451564793329502,-0.48876906392610475,-0.43091800965810834,0.026219368247335235,0.007326027530242892,0.017736686618995825,-0.00308463155851004,-0.16777322404271308
2019-06-13,14.952679634094238,0.17376005422224644,0.1755567958497466,0.17278681381930475,0.175481926260555,-0.5961260634301702,300124.SZ,0.7028282217481605,-0.43638034223467304,-0.5319727349112175,-0.4759513154883412,-0.7383396903076163,-0.2558250457262889,-0.52777982756861,-0.4923842934670847,-0.4329653098730443,-0.0023134736688824272,-0.013880842013295178,-0.0077116340538381945,-0.010796210454785139,-0.22215824742583345
2019-06-14,14.817390441894531,0.1721878999434714,0.17570651360928005,0.1715141164784464,0.1733108688153714,-0.5649179537654072,300124.SZ,1.413874253747688,-0.41340813831198786,-0.5416234949871958,-0.4694085994862847,-0.8303143115956952,-0.28607219078268725,-0.4280182789155209,-0.49542070637714414,-0.43458310676121403,-0.011181761820817449,0.0007711027320643125,-0.0065548696406153815,-0.0080971854198703,0.05874880339608417
2019-06-17,14.849601745605469,0.1725622157611548,0.17742840706643837,0.1718884430055547,0.17368518463305482,-0.23568640406948155,300124.SZ,-1.430309874250422,-0.3892392211046379,-0.544172247345029,-0.46812089383418204,-0.8027931378533321,-0.08555216655452078,-0.5987311550300638,-0.4981345019171147,-0.43616749885909634,0.0019278671452873303,0.00886839846706111,0.001927922302850425,0.0019278671452871248,0.4513299372932941
2019-06-18,14.765851020812988,0.17158898606763798,0.1735354561640965,0.16859441668847105,0.1724124980016213,-0.5996859508479381,300124.SZ,-0.7192638422508947,-0.3743610954588632,-0.544375403303574,-0.46816007222290645,-0.8620405560774659,-0.47630773646910274,-0.336436689418863,-0.4991403132439388,-0.43794755324227763,-0.006554814483052287,-0.020050160287878354,-0.01696547357180532,-0.005012498703797268,-0.46185142145574243
2019-06-19,14.965563774108888,0.17390977198177993,0.17930000757370526,0.17390977198177993,0.1791502791047469,-0.36880938340764735,300124.SZ,-0.008217810251367088,-0.342602063706637,-0.5441738347034979,-0.46824193380554857,-0.6855720825107572,0.3037237412271478,-0.8892356115362172,-0.5002410151465501,-0.4395796679320228,0.034702105033237944,0.02968960632944068,0.027376077502995054,0.011952919710444857,0.3217686166994521
2019-06-20,15.24902629852295,0.17720380900828842,0.1789256917560218,0.172711954939538,0.17398464157097154,-0.10248333443362424,300124.SZ,0.7028282217481605,-0.29079075375022323,-0.5409033445156556,-0.46975832164920683,-0.443238324074236,0.45082670125084967,-0.7913244672612634,-0.5006015890184303,-0.44109724771861925,-0.02660497477093064,-0.0019278671452873303,-0.006169207959456985,0.016965528729368313,0.3684656068929941
2019-06-21,15.500280380249023,0.18012353021711344,0.18536401592123072,0.17832677788018844,0.18192027184461362,0.2129315805988185,300124.SZ,1.413874253747688,-0.22662410472495598,-0.5353965939054616,-0.4727503633330735,-0.2368807522034681,1.2360637473411213,-1.1873721087879543,-0.49980452827108673,-0.44213282762070566,0.04087147846538421,0.03315978925398303,0.02891844843981317,0.015037661584081086,0.4331295229155981
2019-06-24,15.229701042175291,0.1769792216595633,0.18102190103086355,0.17667975401222177,0.18102190103086355,-0.4410153272751219,300124.SZ,-1.430309874250422,-0.19829745613188068,-0.5331773859476246,-0.4731922568674749,-0.44837832205259515,0.7122821987336917,-1.2199722140485683,-0.500165100785584,-0.4433688430912942,-0.00462694733776506,-0.022363523641634693,-0.008482791943465705,-0.016194370839740804,-0.8437940759579067
2019-06-25,14.86892795562744,0.17278681381930475,0.17667975401222177,0.16994197290909618,0.17630543819453834,-0.3066515286872132,300124.SZ,-0.7192638422508947,-0.20611464198799082,-0.5328665465904413,-0.47275659390077407,-0.7159098032886761,-0.12755364829071864,-0.6836177048795469,-0.5005446522296686,-0.4448721057589928,-0.024291556259611206,-0.022363689114323976,-0.034702105033237944,-0.021592476067133375,0.1946340120265256
2019-06-26,14.817390441894531,0.1721878999434714,0.17398464157097154,0.17128952912972129,0.17128952912972129,-0.5842452515460144,300124.SZ,-0.008217810251367088,-0.21561905026176256,-0.5326903904388607,-0.4720407045234065,-0.7532804305085962,-0.20581178698948605,-0.6836177048795471,-0.5011234688605891,-0.44641354650018183,-0.02583381688130313,-0.013880842013295178,0.006940421006647589,-0.003084631558509937,-0.3480305209045845
2019-06-27,15.029987335205078,0.17465842503599652,0.17533219779159664,0.17226276953266298,0.17308627075722144,-0.47326597637334794,300124.SZ,0.7028282217481605,-0.20366619740014316,-0.5321527365328509,-0.469934487089337,-0.567448033360198,0.12291898232892032,-0.8068594439948423,-0.5016263738453095,-0.4477975023468843,0.00925389467553012,0.006940421006647589,0.005012553861360362,0.012724132757635358,0.1638299829305534
2019-06-28,14.759408950805664,0.1715141164784464,0.17540706738078826,0.17091521331203785,0.17428410921831308,-0.5584424517764336,300124.SZ,1.413874253747688,-0.21650942223813116,-0.5334925447718618,-0.4660036985878956,-0.7692224832417115,-0.09735845644369528,-0.698614493185061,-0.5031730493734117,-0.4493818937620887,0.006169318274583174,0.00038560652359530235,-0.006940421006647589,-0.016194370839740804,-0.09456260180518031
2019-07-01,15.416526794433594,0.1791502791047469,0.17997379103873026,0.17405951116016313,0.17405951116016313,-0.05986730751540584,300124.SZ,-1.430309874250422,-0.1690089554736385,-0.5304542637513826,-0.4656205311405875,-0.22635015698071428,1.0184588575155384,-1.1137932443900893,-0.5028599187533505,-0.4504795140576136,-0.0011567644132228123,0.0235203432124206,0.016194315682177707,0.0393291075285661,0.6744033316734329
2019-07-02,15.416526794433594,0.1791502791047469,0.18229458766229706,0.17825190829099682,0.1797491929805803,-0.2283547620611096,300124.SZ,-0.7192638422508947,-0.13117260722074509,-0.5286354688475412,-0.4629832547570041,-0.22635015698071428,1.3264862202325918,-1.2325895447427735,-0.501986950431956,-0.45157713435313857,0.029303999805845377,0.011952974868007952,0.021592420909570278,0.0,-0.20430671674619275
2019-07-03,15.55825901031494,0.1807973029727136,0.18177053266623042,0.17877596328706347,0.17922514869393852,-0.3005852860710982,300124.SZ,-0.008217810251367088,-0.08917414279980374,-0.5265832028302354,-0.45972776003853216,-0.11392396455001463,1.2722208617977844,-1.2325895447427744,-0.5010665361439763,-0.45256976426388734,-0.0026990250349147376,-0.0026990801924778323,0.0026990801924777295,0.008482791943465705,-0.0775091234722385
2019-07-04,15.48739242553711,0.17997379103873026,0.1807973029727136,0.17795245135308013,0.18012353021711344,-0.43760196481800706,300124.SZ,0.7028282217481605,-0.06264072980194157,-0.5244114721707865,-0.4584244520998578,-0.1721651524266161,0.9948279628870003,-1.2403698066846809,-0.5000037907431566,-0.4536148893670241,0.004627002495328154,-0.005012498703797268,-0.004241395971732749,-0.004241395971732852,-0.16285080694787657
2019-07-05,15.474400520324709,0.17832677788018844,0.1803481068564137,0.17765299441516347,0.17817703870180523,-0.6647341572153275,300124.SZ,1.413874253747688,-0.054608557284657556,-0.5248357925106159,-0.45371977597188506,-0.2890860037930398,0.7811083070368513,-1.2128411208307388,-0.4991687762087876,-0.45476500417225946,-0.010025162880283819,-0.0023135288264456246,-0.0015423157792549172,-0.00848273678590261,-0.28155841775496204
2019-07-08,15.013155937194824,0.17301140116802982,0.17877596328706347,0.17158898606763798,0.17877596328706347,-0.4627009531736028,300124.SZ,-1.430309874250422,-0.0882576912994625,-0.5254067545150106,-0.4521003852868063,-0.6476617044843013,0.03083231603154487,-0.6815882486004577,-0.4990074675237431,-0.45750428435857987,0.0030846867160730317,-0.00809713026230741,-0.031231922108695805,-0.027376187818121348,0.28377375190883575
2019-07-09,14.824762344360352,0.17084034372284626,0.17435895738865498,0.1691933198548796,0.1733108688153714,-0.6265086216973301,300124.SZ,-0.7192638422508947,-0.13095574182979758,-0.5252323764158985,-0.45460828148434157,-0.7860203076518113,-0.48894303484761886,-0.4867817042274059,-0.4990074675237431,-0.46035332548216845,-0.02814729055018566,-0.02274924048035608,-0.012338581391603255,-0.011181761820817244,-0.1981421153889581
2019-07-10,14.92220687866211,0.17196330188532144,0.1733108688153714,0.1709900721918046,0.17293654228826308,-0.84453830937449,300124.SZ,-0.008217810251367088,-0.15592724425263862,-0.5253534665422658,-0.4560643977893622,-0.6990312514253667,-0.4018438514176405,-0.4867817042274055,-0.4987512709776775,-0.4629398926918498,-0.0019279223028503222,-0.005398050069829578,0.009253949833093213,0.00578365659342488,-0.26956784538934
2019-07-11,14.954689979553224,0.17233762841242972,0.17443382697784657,0.17158898606763798,0.17233762841242972,-0.8129612927374956,300124.SZ,0.7028282217481605,-0.17225523604032816,-0.5252902022590815,-0.45672203225548874,-0.6695808460441696,-0.31043210268606186,-0.6033776083001581,-0.49820092138375494,-0.46513990656610277,-0.003084631558509937,0.00578365659342488,0.00308463155851004,0.0019279223028502194,0.059234758183553365
2019-07-12,15.013155937194824,0.17301140116802982,0.1742092396291215,0.1706906152538879,0.17233762841242972,-0.8443997046819804,300124.SZ,1.413874253747688,-0.17941346561735097,-0.5253648097534402,-0.4562969309285381,-0.6154700924834858,-0.3987252086934114,-0.5255983334296457,-0.49728050981054145,-0.46681019932933826,0.0,-0.0011567092556597175,-0.00462694733776506,0.0034701829245421447,-0.02377437828889644
2019-07-15,14.870237350463867,0.1713643987189129,0.17368518463305482,0.16724686046784593,0.1709900721918046,-0.07988018643763349,300124.SZ,-1.430309874250422,-0.19644705663521095,-0.5251772490592016,-0.4570075940268725,-0.730658424035259,-0.7828792443835167,-0.23477159003223375,-0.49705277894409067,-0.46873342148810837,-0.006940421006647589,-0.0026990801924778323,-0.017736631461432728,-0.008482681628339412,1.024727265525878
2019-07-16,15.29899787902832,0.17630543819453834,0.1768294824811801,0.17128952912972129,0.17128952912972129,-0.26029809109973673,300124.SZ,-0.7192638422508947,-0.17236442491061305,-0.5249634480686615,-0.455321837162614,-0.33708314918619575,-0.010997357309118683,-0.5718939941024256,-0.4959425902914519,-0.4704896149166972,0.00154231577925502,0.016194315682177707,0.02082126301994277,0.025448210357707828,-0.22002249277411337
2019-07-17,15.383452415466309,0.17727866788805519,0.17855136522891352,0.17450869656703819,0.17615569901615513,-0.6938711167605889,300124.SZ,-0.008217810251367088,-0.14564887918995448,-0.5242875961086672,-0.4547288514090604,-0.262808554059087,0.35453994149003226,-0.7508061441834554,-0.4946426259167708,-0.47269917330932265,0.025062603834112525,0.008868343309497808,0.01657992220577301,0.00501249870379737,-0.5534993644026748
2019-07-18,15.208047866821287,0.17525732820240505,0.17735353747724675,0.17368518463305482,0.175481926260555,-0.6914140584036171,300124.SZ,0.7028282217481605,-0.13929282040724641,-0.524805275253686,-0.45492288919647517,-0.4131888682616304,0.025857770492542936,-0.6769687696025718,-0.4940543211784397,-0.47497077209538663,-0.0034701829245422475,-0.0061692631170199765,-0.004241395971732852,-0.010410659088753034,0.02087553972940977
2019-07-19,15.292500495910645,0.17623056860534672,0.17877596328706347,0.17465842503599652,0.17593111166743,-0.6791898073060014,300124.SZ,1.413874253747688,-0.12684242059267176,-0.5267646477479039,-0.45423153435307884,-0.3357978212502602,0.2394952736708607,-0.8282448196409424,-0.4930200428146178,-0.4772041921252824,0.0023134736688824272,0.0073260275302427895,0.005012553861360362,0.005012553861360362,0.033741694152409706
2019-07-22,15.182063102722168,0.17495788197391324,0.17735353747724675,0.17473329462518813,0.17735353747724675,-0.7070333734078095,300124.SZ,-1.430309874250422,-0.12634753253432524,-0.5273215969380576,-0.45441041728364406,-0.43286330255718475,-0.006079882083970589,-0.8282448196409428,-0.4924791813281058,-0.47953305597354845,0.007326027530242994,-0.0073260275302427895,0.00038560652359530235,-0.006554814483052184,-0.01903894990461859
2019-07-23,15.376954078674316,0.17720380900828842,0.17795245135308013,0.17368518463305482,0.17488301238472162,-0.8267506844096921,300124.SZ,-0.7192638422508947,-0.10923669147518612,-0.5266334323351272,-0.4534017003875745,-0.2500971481801277,0.12903720756077214,-0.7266202130819616,-0.4923842934670847,-0.48156604111762,-0.012724132757635358,0.00308463155851004,-0.0053981603849556645,0.011567368344412547,-0.14006264839116353
2019-07-24,15.89017105102539,0.18311807817743067,0.18521429816169724,0.17720380900828842,0.17742840706643837,-0.19892680093975149,300124.SZ,-0.008217810251367088,-0.052208309237929615,-0.5221739529406922,-0.454125767648934,0.19594402020337692,1.3465438061931698,-1.0662414764925985,-0.4914638818938712,-0.4829786325674736,0.01310973928123066,0.037401240383278876,0.01812223798502803,0.030460709061505095,0.8446604650992943
2019-07-25,15.818708419799805,0.18229458766229706,0.18551375509961393,0.18072242267409713,0.18274376235974724,-0.3817866062042761,300124.SZ,0.7028282217481605,-0.014320424464471588,-0.5189344108597529,-0.45477649283248994,0.1285593987021735,1.386703735116464,-1.0373467477275304,-0.49038215892084713,-0.4842528261115524,0.027376077502995054,0.00154231577925502,0.018122182827464937,-0.004241285656606662,-0.22323916629235294
2019-07-26,15.864184379577637,0.1828186426583637,0.18296836041789719,0.17982405186034706,0.18274376235974724,-0.5350803236021485,300124.SZ,1.413874253747688,0.018092531479726642,-0.5162114195892373,-0.4533183768669139,0.16741371907971778,1.0600786277096625,-1.1315481335567101,-0.4890347485795809,-0.48510228756403456,0.0,-0.013109739281230763,-0.00462694733776506,0.0026990801924778323,-0.1842922690335964
2019-07-29,15.981119155883787,0.18416618816956395,0.1843907862277139,0.18177053266623042,0.1828186426583637,-0.6129622320451542,300124.SZ,-1.430309874250422,0.05192892787840592,-0.5131536667793741,-0.45483202543763634,0.2681347242589877,1.2274568935614043,-0.9881837417559799,-0.48756398469767875,-0.48572745385877764,0.0003856616811583971,0.007326027530242892,0.010025107722720724,0.006940365849084495,-0.08495359464729411
2019-07-30,16.15652084350586,0.18618752785521406,0.18790941060294747,0.183941590111414,0.1845405039872474,-0.2744396615916203,300124.SZ,-0.7192638422508947,0.09147159273482552,-0.5087114976783403,-0.4571334354809613,0.41724851665595836,1.5128014156328564,-0.6467790686415398,-0.48571366937169197,-0.48530272176718103,0.008868232994371722,0.01812223798502803,0.011181761820817347,0.010410659088752931,0.46356883858140413
2019-07-31,16.18900489807129,0.1865618436728975,0.187834530304331,0.1845405039872474,0.18693615949058093,-0.7124612833784698,300124.SZ,-0.008217810251367088,0.12286944963616223,-0.5049970414741592,-0.4591070224285713,0.44486819363541463,1.3584815129987355,-0.6467790686415392,-0.48411006248436017,-0.4850497923716464,0.01233852623404016,-0.0003856616811583971,0.00308463155851004,0.0019278671452872276,-0.5593594233000961
2019-08-01,16.033090591430664,0.18476510204539734,0.18768481254479752,0.1845405039872474,0.18551375509961393,-0.5650783391953113,300124.SZ,0.7028282217481605,0.13149282700142229,-0.5025817330166557,-0.45996233921547114,0.27856011058804975,1.110309576077291,-0.6467790686415396,-0.4831516944093552,-0.4847491397015712,-0.007325917215116703,-0.0007711027320644152,0.0,-0.00925389467553012,0.21178390781868767
2019-08-02,15.922651290893556,0.18349241541396383,0.18686130061081418,0.1790754095155553,0.18192027184461362,-0.3168754341314025,300124.SZ,1.413874253747688,0.1260453442223383,-0.5006463298048865,-0.4601034176376244,0.162033364038362,0.7056445882100004,-1.259512588406283,-0.48272469971345155,-0.4841335172425228,-0.01850778935106024,-0.004241395971732852,-0.02814729055018566,-0.006554814483052287,0.34459230221175474
2019-08-05,15.630315780639648,0.18012353021711344,0.18686130061081418,0.18012353021711344,0.18341753511534736,-0.5610054095807366,300124.SZ,-1.430309874250422,0.0941532604020748,-0.5002644175637938,-0.45763091961697494,-0.1360332072251898,0.5453422216629865,-1.2595125884062834,-0.4823261693397798,-0.48411442684042205,0.00771146858114891,0.0,0.005398215542518759,-0.017351024937837425,-0.3039493040006902
2019-08-06,15.513378143310549,0.17877596328706347,0.18139621684854698,0.17480814279553,0.17862622410868026,-0.3204246018759073,300124.SZ,-0.7192638422508947,0.056835351888944424,-0.5010982056596078,-0.45340030367963813,-0.2511213051059408,-0.0571148895334059,-0.7449625439809527,-0.48156706509422764,-0.4839235357902925,-0.02467705246808042,-0.028147235392622566,-0.02737624297568434,-0.006940476164210787,0.33455184491218987
2019-08-07,15.000164985656738,0.17286168340849636,0.18042296573618044,0.17166384494740475,0.1790754095155553,-0.28917579841964886,300124.SZ,-0.008217810251367088,-0.018037981477167616,-0.5013777377240546,-0.4527050810564994,-0.7215906637811335,-0.5721991936647568,-0.4517273782649969,-0.4814816653406171,-0.4841716932679797,0.0023134736688826324,-0.005012609018923457,-0.016194315682177607,-0.030460764219068088,0.05880240862527751
2019-08-08,15.02614974975586,0.17316114034641303,0.17503274085367995,0.17158898606763798,0.17368518463305482,-0.5653175176376074,300124.SZ,0.7028282217481605,-0.07558722303560923,-0.50162049952315,-0.4520835380172805,-0.6946463957381148,-0.8228673732275252,-0.44483385546744303,-0.4816714410626594,-0.4845200678472401,-0.027761684026590357,-0.027761684026590357,-0.00038555136603231035,0.0015423157792549172,-0.3461178215689709
2019-08-09,14.74680519104004,0.16994197290909618,0.17368518463305482,0.16994197290909618,0.17361032575328808,-0.669666231088941,300124.SZ,1.413874253747688,-0.14489615216991186,-0.500465735504718,-0.4546921491442807,-0.9351344280571212,-1.1146008730600063,-0.29191250350592884,-0.48187070489211226,-0.48539816490287346,-0.0003855513660322076,-0.006940421006647589,-0.00848273678590261,-0.01657992220577291,-0.1198178600880233
2019-08-12,14.811768531799316,0.1706906152538879,0.17091521331203785,0.16754631740576262,0.16844468821951272,-0.31002406079648526,300124.SZ,-1.430309874250422,-0.1933224615098083,-0.5002056736283631,-0.45527245711628783,-0.8647500568215085,-1.2238701723805077,-0.07531184583834374,-0.48294293840034264,-0.48577994563777677,-0.02660497477093064,-0.014266393379327386,-0.012338526234040262,0.0038557894481375497,0.491389322941132
2019-08-13,14.558409690856934,0.16777090475448772,0.17016656025782123,0.16732171934761267,0.16941791791302954,-0.792015324294166,300124.SZ,-0.7192638422508947,-0.25193029599419375,-0.49789529773293567,-0.46147379801394145,-1.0789742613733109,-1.3006493778924815,-0.05511429709856309,-0.48438523524524696,-0.4860662818716321,0.005012498703797268,-0.003855844605700747,-0.0011567644132228123,-0.015037606426517991,-0.6172798734435051
2019-08-14,14.39599895477295,0.16589929353779595,0.1725622157611548,0.16545010813092093,0.16994197290909618,-0.4038352671520546,300124.SZ,-0.008217810251367088,-0.31010596209782765,-0.4953497362187934,-0.4691173362676605,-1.211467545597595,-1.2735717404898108,-0.35746240222483844,-0.4862735070730252,-0.48655305299131163,0.0026990801924778323,0.012338526234040262,-0.009639501199125319,-0.009639501199125421,0.5289817887461594
2019-08-15,14.688337326049805,0.1692681894440712,0.16956765709141275,0.16268012610047908,0.16462660690636244,-0.3532707732047094,300124.SZ,0.7028282217481605,-0.3285737289840514,-0.49455629245672567,-0.47250203318638734,-0.8868528699793625,-1.2844742754805638,-0.09949905955038917,-0.487630405521702,-0.4867009933674256,-0.02737613266055815,-0.015423102634987002,-0.014266448536890481,0.017351080095400623,0.08424663433519301
2019-08-16,14.571402549743652,0.16792063322344605,0.17076547413365464,0.1662736200649043,0.1692681894440712,-0.5405029078752642,300124.SZ,1.413874253747688,-0.3505565295814971,-0.49364581390722234,-0.4769758488717652,-0.9859130232282648,-1.0687441709659822,-0.25091966394029264,-0.4889493488259704,-0.48694437892726544,0.02390589457845291,0.006169207959456882,0.018507844508623437,-0.006940421006647692,-0.22899876035586672
2019-08-19,15.29899787902832,0.17630543819453834,0.17825190829099682,0.17084034372284626,0.17143925759867965,0.024815175301321463,300124.SZ,-1.430309874250422,-0.3031596315753083,-0.49351684689104947,-0.4765735030689376,-0.25674175726256276,-0.2391571744198555,-1.1106827884076744,-0.4885318408800943,-0.4866532707755627,0.01118181697838034,0.03855794963893859,0.023520343212420497,0.04318489697670365,0.7623226531749974
2019-08-20,15.182063102722168,0.17495788197391324,0.17847650634914677,0.17443382697784657,0.17817703870180523,-0.648883447480635,300124.SZ,-0.7192638422508947,-0.2738286815864933,-0.4937882256416853,-0.4771781537126822,-0.36070143581800834,-0.15748898862800587,-1.1344728041605328,-0.48800995696578653,-0.48639079617897774,0.034702105033237944,0.0011567644132228123,0.01850778935106024,-0.006940421006647487,-0.8698126691067966
2019-08-21,14.91571044921875,0.1718884430055547,0.175481926260555,0.17113980066076295,0.1733108688153714,-0.45495725238725265,300124.SZ,-0.008217810251367088,-0.27170402962745877,-0.4961985345629653,-0.478970810723767,-0.5914240381886002,-0.5561450628104759,-0.8048073072063054,-0.48801944507319717,-0.48626671744013417,-0.02506260383411263,-0.015423212950113294,-0.01696547357180522,-0.0158087643161455,0.2730945289419368
2019-08-22,14.811768531799316,0.1706906152538879,0.17368518463305482,0.16994197290909618,0.1721878999434714,-0.516850870575661,300124.SZ,0.7028282217481605,-0.27709536344689517,-0.498417699272401,-0.48114038078443755,-0.6793172542757472,-0.722533652734232,-0.6887062446182644,-0.4882281983674437,-0.4860949161094277,-0.0057837117509876666,-0.00925389467553012,-0.00616926311702008,-0.006169263117020182,-0.06389249584053174
2019-08-23,14.616877555847168,0.16844468821951272,0.1709900721918046,0.16777090475448772,0.1703162887267796,-0.5149761567617508,300124.SZ,1.413874253747688,-0.29605510163168725,-0.5010033169706917,-0.4840185956335009,-0.8419241842802333,-0.9864799522438739,-0.48158416772072377,-0.4888070136409811,-0.48592311477872113,-0.009639501199125627,-0.013880842013295178,-0.011181816978380442,-0.01156736834441265,0.020108427313654673
2019-08-26,14.48694896697998,0.1669473928205044,0.16717199087865434,0.16470146578612918,0.16649820741362933,-0.37038142007776675,300124.SZ,-1.430309874250422,-0.3198999046068468,-0.5047703727956856,-0.48668411254041105,-0.9484109007178111,-1.2803522782279413,-0.2012314775304462,-0.48936685405708036,-0.48609014487425806,-0.019664553764282947,-0.01966455376428305,-0.015808764316145606,-0.0077116340538381945,0.20811105020234635
2019-08-27,14.7662935256958,0.17016656025782123,0.17368518463305482,0.16762117628552936,0.16762117628552936,0.04766228121176394,300124.SZ,-0.7192638422508947,-0.3124645527571574,-0.5114685631954188,-0.4854339277805272,-0.6613918521091233,-0.7412860476745785,-0.9272284825931625,-0.4901449358748367,-0.48592311614407674,0.005783711750987769,0.03354539577757823,0.015037606426517991,0.01657992220577291,0.5683206517579773
2019-08-28,14.980673789978027,0.17263708535034641,0.1751824800320632,0.1715141164784464,0.1725622157611548,-0.38927931642428865,300124.SZ,-0.008217810251367088,-0.28613615561082933,-0.5196181826594019,-0.48162795440143946,-0.45082332053730645,-0.4190461822639391,-1.0813478239735148,-0.49073324061316775,-0.485565196363766,0.02544821035770793,0.007711634053838297,0.02005010513031536,0.012724132757635565,-0.5579367261266392
2019-08-29,14.974178314208984,0.1725622157611548,0.17443382697784657,0.17084034372284626,0.17263708535034641,-0.6954986635858859,300124.SZ,0.7028282217481605,-0.26410581434789626,-0.5273062166452699,-0.47765458882884987,-0.4566763117667218,-0.46011491407278543,-1.0154075256675625,-0.49107483691284387,-0.48544111762492237,0.00038560652359530235,-0.003855844605700747,-0.0034701829245422475,-0.00038560652359530235,-0.38573856174235255
2019-08-30,14.954689979553224,0.17233762841242972,0.17503274085367995,0.17106493107157134,0.17338572769513813,-0.6676458799306351,300124.SZ,1.413874253747688,-0.24679976773753165,-0.5351589451072926,-0.47305871296714164,-0.47476088323855264,-0.42060985893478325,-1.0794215939123855,-0.4915682537901538,-0.4851690985099648,0.0038557894481375497,0.00308463155851004,0.0011567092556597175,-0.0011567092556597175,0.0543288903541054
2019-09-02,15.188559532165527,0.17503274085367995,0.17660489513245503,0.17166384494740475,0.17263708535034641,-0.26096810481776495,300124.SZ,-1.430309874250422,-0.21182743692110956,-0.5392740929768776,-0.47034054796542163,-0.23863112866266253,-0.23266952688993323,-1.2477837583903613,-0.4915587656827432,-0.4848923074771599,-0.0038557894481375497,0.008097185419870402,0.0030846315585101427,0.013880842013295178,0.5533485133726248
2019-09-03,15.318487167358398,0.1765300362526883,0.1771289394190968,0.1733108688153714,0.1751824800320632,-0.6298293989509754,300124.SZ,-0.7192638422508947,-0.17225961047820415,-0.5413115442871536,-0.4688820783313129,-0.11104013636929604,-0.09292443614366407,-1.243136620985238,-0.49164416407897066,-0.48488753487663466,0.013109739281230867,0.0026990250349147376,0.008482791943465498,0.0077116340538381945,-0.46825571733613186
2019-09-04,15.318487167358398,0.1765300362526883,0.17817703870180523,0.17458355544680493,0.17593111166743,-0.6244712692737854,300124.SZ,-0.008217810251367088,-0.14060124931482162,-0.5392520394454419,-0.4697825814956317,-0.11104013636929604,0.020502055964087308,-1.1294730894833436,-0.49247917589857365,-0.4848445842026192,0.0038557342905742495,0.0053981052273925694,0.006554814483052493,0.0,0.02469707090926887
2019-09-05,15.227537155151367,0.175481926260555,0.1803481068564137,0.17495788197391324,0.17877596328706347,-0.06402251232922876,300124.SZ,0.7028282217481605,-0.12324187202311712,-0.5381256015682462,-0.4701460878870177,-0.20601272805344858,0.1131508824201503,-0.8977618179526908,-0.49334265746994055,-0.48473482258267336,0.014652055060485784,0.011181816978380442,0.0019279223028503222,-0.0053981603849556645,0.7559083737703789
2019-09-06,15.409436225891112,0.17757812482597188,0.17802732094227175,0.17578138319847167,0.17667975401222177,-0.3437560731502235,300124.SZ,1.413874253747688,-0.0940593972230487,-0.5351881251732292,-0.47044394530374656,-0.018763916870143848,0.16765532607794292,-0.897761817952691,-0.49400687521185455,-0.4843912199212604,-0.010796265612348132,-0.011952919710444857,0.004241340814169552,0.010796210454785241,-0.35084929252022107
2019-09-09,15.877175331115724,0.18296836041789719,0.18476510204539734,0.17675462360141336,0.1791502791047469,0.5034129452904196,300124.SZ,-1.430309874250422,-0.03161664986179422,-0.5278344653272083,-0.47399597579933217,0.42524191104658854,0.7479864728377397,-0.22760378997526687,-0.4941586957894884,-0.48372787487034913,0.012724132757635462,0.034702105033237944,0.005012553861360465,0.02776173918415335,1.1336000256675194
2019-09-10,15.877175331115724,0.18296836041789719,0.18296836041789719,0.18296836041789719,0.18296836041789719,-1.131685036343195,300124.SZ,-0.7192638422508947,0.016360889108086953,-0.5222065086611745,-0.4743338664445463,0.42524191104658854,0.9787177524930862,-0.22760378997526612,-0.4945667142705708,-0.48300249079135493,0.01966455376428305,-0.00925389467553012,0.03200307999832321,0.0,-2.1362474515070304
2019-09-11,15.57834243774414,0.17952459492243036,0.18416618816956395,0.17323599922617977,0.18416618816956395,0.7353431132283047,300124.SZ,-0.008217810251367088,0.02702291619492473,-0.5208726852483884,-0.4703005387453374,0.09553545730123486,0.5172187892736474,-1.2323345321508328,-0.4954586615215526,-0.4826445710110441,0.00616926311702008,0.00616926311702008,-0.05012531798335135,-0.017736686618995825,2.47704285712034
2019-09-12,16.05907440185547,0.18506455898331403,0.18671156143243098,0.17982405186034706,0.18341753511534736,0.4805433075826726,300124.SZ,0.7028282217481605,0.07468137888168665,-0.51479905944474,-0.4709132787951106,0.528250402044988,1.2380631778793993,-1.0658228326893344,-0.49542070637714414,-0.4821434834551446,-0.0038558446057006444,0.013109628966104575,0.03393094714361054,0.028532897073780962,-0.31800448716519353
2019-09-16,16.468347549438477,0.18978101111021436,0.1909039799821144,0.18416618816956395,0.18521429816169724,0.41284577152131285,300124.SZ,-1.430309874250422,0.14470008532881193,-0.5057956181691381,-0.4724600966970367,0.856708630761328,1.764489642579646,-0.6791292720281308,-0.49462364834456657,-0.48152786236145184,0.009254004990656308,0.021592531224696468,0.022363633956760883,0.02429150110204811,-0.07153789668340267
2019-09-17,15.942142486572266,0.18371701347211378,0.18970615223044762,0.18341753511534736,0.18880778141669755,0.11743806832268482,300124.SZ,-0.7192638422508947,0.15181526902892734,-0.5026914368713772,-0.4730448590947133,0.3124624908291241,1.3429933689383722,-0.7580313637728853,-0.49416818661166506,-0.4810983583520078,0.01850778935106024,-0.00616926311702008,-0.0038558446057006444,-0.031231866951132604,-0.37149656975060996
2019-09-18,15.851191520690918,0.1826689034799805,0.18573835315776388,0.18244430542183054,0.1846902431656306,-0.3518828144907506,300124.SZ,-0.008217810251367088,0.14661327915318495,-0.5002557477309474,-0.47272580557793736,0.22411019415305686,1.0039683603145588,-0.861631014997996,-0.49367476973435515,-0.48046841945673946,-0.021206869543538072,-0.020435656496347467,-0.005012498703797268,-0.0053981603849556645,-0.6005893996491948
2019-09-19,16.09805679321289,0.18551375509961393,0.18618752785521406,0.1816207934878472,0.18416618816956395,-0.1640192432702798,300124.SZ,0.7028282217481605,0.16057374101467214,-0.496519080236136,-0.47149946820389443,0.4272065027517327,0.9872697782145875,-0.9500378053082016,-0.4920711628470234,-0.4796189559562239,-0.0026990801924778323,0.002313418511319435,-0.004241395971732852,0.014652055060485784,0.26510833915038534
2019-09-20,15.903162956237791,0.18326781735581388,0.18753509478526403,0.18326781735581388,0.1862623867349808,-0.074718834456903,300124.SZ,1.413874253747688,0.15178790491081584,-0.49481500632734027,-0.46832878067435896,0.2346424558924979,0.9133181982284656,-0.8176132015587338,-0.4907901760445465,-0.4790701458084614,0.010796210454785139,0.006940476164210684,0.008482791943465705,-0.011567423501975744,0.13527278643605592
2019-09-23,16.286449432373047,0.18768481254479752,0.18768481254479752,0.18117161879039703,0.18326781735581388,0.3649646780765895,300124.SZ,-1.430309874250422,0.17449337722785394,-0.49188937389377124,-0.46385081088438895,0.54263558140612,0.9095121926446993,-1.0479121238526117,-0.488541331702271,-0.4780393364588668,-0.015423157792550199,0.0007711027320644152,-0.010796210454785139,0.02274918532279309,0.5968264016231147
2019-09-24,16.18900489807129,0.1865618436728975,0.18903235805599777,0.18603778867683085,0.18768481254479752,-0.26475221775779967,300124.SZ,-0.7192638422508947,0.18069465399549162,-0.49166321456320905,-0.4560657107052685,0.445234676673317,0.9870270141459798,-0.9112862000082032,-0.4865297076912398,-0.477566882458085,0.02274918532279309,0.006940365849084495,0.025062603834112525,-0.005783711750987872,-0.8118762992896171
2019-09-25,16.169513702392578,0.18633724561474754,0.18790941060294747,0.18506455898331403,0.1865618436728975,-0.5201247407240087,300124.SZ,-0.008217810251367088,0.18052998159281447,-0.4910209787619809,-0.4501799082349857,0.4254425831994945,0.8232815356620623,-1.0204458532146345,-0.4841764873805326,-0.4771087455762009,-0.005783711750987872,-0.005783601435861683,-0.005012498703797268,-0.0011567644132228123,-0.31875891780692805
2019-09-26,16.15652084350586,0.18618752785521406,0.18903235805599777,0.1846902431656306,0.18678644173104744,-0.30438435193116226,300124.SZ,0.7028282217481605,0.1759326839502618,-0.49018613578752573,-0.44559439347774965,0.41186467656938586,0.7664995900799596,-0.9029030012898143,-0.48160502295340213,-0.47676514291478794,0.0011567644132228123,0.005783601435861683,-0.0019278671452872276,-0.0007711027320644152,0.30182998980600007
2019-09-27,16.046083450317383,0.18491481980493082,0.18820886754086416,0.18491481980493082,0.1849897001035473,-0.6905747148149367,300124.SZ,1.413874253747688,0.1596205271457068,-0.4906927924442491,-0.43993330725967356,0.29488356137591404,0.6457781229433518,-0.9029030012898135,-0.47962186597936884,-0.4764501744911705,-0.00925389467553012,-0.004241285656606662,0.0011566540980966229,-0.006554924798178477,-0.4910830005148233
2019-09-30,15.805716514587402,0.18214484848391385,0.186412125913364,0.18012353021711344,0.1842410470493307,-0.6228574463613921,300124.SZ,-1.430309874250422,0.12325718328997713,-0.4929208086471465,-0.4333058987121042,0.04647832503653258,0.29324995964793604,-1.1012748924634517,-0.4778189952625842,-0.47620678961400853,-0.0038558446057006444,-0.00925389467553012,-0.02467694215295413,-0.014266393379327386,0.10684168814848641
2019-10-08,15.909656524658203,0.18334267623558062,0.18528915704146398,0.18124647767016377,0.18326781735581388,-0.582814277582656,300124.SZ,-0.7192638422508947,0.10090474281605254,-0.4940809548331628,-0.42854042209761994,0.14271550349716372,0.30541996367988067,-1.1012748924634517,-0.47692704936898556,-0.4755482171636224,-0.005012498703797268,-0.005783711750987872,0.005783601435861683,0.00616926311702008,0.07038707428058151
2019-10-09,15.688780784606934,0.1807973029727136,0.18401644899118075,0.17870109369787188,0.1828186426583637,-0.578446795926955,300124.SZ,-0.008217810251367088,0.062136987824524405,-0.49513129979792253,-0.4255622288839114,-0.08295716530521977,0.06692422916621027,-0.8262417149187721,-0.4761869226956376,-0.47491350566782886,-0.002313418511319435,-0.006554924798178477,-0.01310968412366767,-0.013109628966104575,0.023392107368385918
2019-10-10,15.662797927856444,0.1804978460347969,0.1820699896041471,0.17877596328706347,0.1807973029727136,-0.5157238710413927,300124.SZ,0.7028282217481605,0.02753834558105186,-0.49637863555231615,-0.4224768015875428,-0.1092982676780014,-0.0331005353030936,-0.8262417149187717,-0.47509571025781994,-0.47436946675523606,-0.010410659088752931,-0.010024997407594535,0.0003856065235951996,-0.00154231577925502,0.10026272556492
2019-10-11,16.013599395751953,0.1845405039872474,0.18603778867683085,0.1798989321589635,0.1804978460347969,-0.4619953665271029,300124.SZ,1.413874253747688,0.028671207549858753,-0.49855730716183067,-0.41621426204390705,0.22451241121479637,0.2746029243631146,-1.2521914151433933,-0.4733402841502374,-0.4735915881665316,-0.00154231577925502,0.020435656496347467,0.0057837117509879745,0.020821207862379672,0.08841453084663528
2019-10-14,16.604772567749023,0.1913531760984143,0.19404828853966455,0.186412125913364,0.18663672397151396,0.41267343741102,300124.SZ,-1.430309874250422,0.0782452256002969,-0.4955863491749318,-0.41403197593146196,0.7218279988501504,1.052008606311861,-0.43889809351155196,-0.4704367115308415,-0.4724223822765177,0.031617528632291,0.041257084988979516,0.03354539577757823,0.03508782187195944,1.169825018478158
2019-10-15,15.610824584960938,0.1798989321589635,0.18903235805599777,0.17832677788018844,0.18880778141669755,0.674400814833363,300124.SZ,-0.7192638422508947,0.030287504045632806,-0.4950185416312963,-0.41595490639445987,-0.2108404491144242,0.028285138959283154,-1.2583597086627731,-0.4687951481417182,-0.47187834404660267,0.011181761820817347,-0.02583392719642932,-0.04164258119744863,-0.05899366129284915,0.36240785622750726
2019-10-16,15.493889808654783,0.17855136522891352,0.18192027184461362,0.17855136522891352,0.17967433410081354,-0.4681733805134831,300124.SZ,-0.008217810251367088,-0.018889627691240436,-0.4940565458424125,-0.4188913353471371,-0.3070127823899033,-0.40588804236604503,-1.2583597086627734,-0.46773240274089845,-0.4717351762710139,-0.0470406864248412,-0.03662991702096208,0.001156709255659615,-0.006940476164210787,-1.4874543684140074
2019-10-17,15.097609519958496,0.17398464157097154,0.17802732094227175,0.17323599922617977,0.17742840706643837,-0.1657576738495845,300124.SZ,0.7028282217481605,-0.0922383752500738,-0.4909972072811202,-0.42473870838940275,-0.620373156385622,-1.1070172231056281,-0.7615531316170346,-0.4675616045910604,-0.4719451556752108,-0.01156736834441265,-0.020050160287878354,-0.02737613266055815,-0.023520343212420497,0.41600589008807437
2019-10-18,15.071624755859377,0.17368518463305482,0.17488301238472162,0.17173871453659634,0.17488301238472162,-0.5449981379938645,300124.SZ,1.413874253747688,-0.15217112434172636,-0.48885782455802934,-0.4319077498872106,-0.640388188113702,-1.3669864625768129,-0.6295820143145571,-0.46741927212083717,-0.472045372776784,-0.01310973928123066,-0.0161943708397407,-0.007711578896274997,-0.00154231577925502,-0.48192801885520553
2019-10-21,15.071624755859377,0.17368518463305482,0.17473329462518813,0.1706906152538879,0.17361032575328808,-0.6318732378010169,300124.SZ,-1.430309874250422,-0.1986979831685118,-0.4902307182695061,-0.4369092798558424,-0.640388188113702,-1.4310742736868034,-0.5372571487084813,-0.4672484739709991,-0.4722076295891179,-0.00655481448305239,-0.0007711027320645179,-0.0053981052273925694,0.0,-0.09680017041570385
2019-10-22,15.467904090881348,0.17825190829099682,0.17870109369787188,0.17286168340849636,0.1735354561640965,-0.5792804724272225,300124.SZ,-0.7192638422508947,-0.20046165399228705,-0.4906233135498053,-0.43869339901018967,-0.28367467623453785,-0.9203462110970351,-0.9526434061010716,-0.46684045548991665,-0.471997650184921,-0.00038560652359530235,0.020435656496347467,0.011181816978380442,0.0235203432124206,0.08691844127884653
2019-10-23,15.773234367370604,0.18177053266623042,0.18274376235974724,0.1768294824811801,0.1768294824811801,-0.3805057759447743,300124.SZ,-0.008217810251367088,-0.17487560343234965,-0.49078445233581797,-0.43887382696978294,-0.027258600062052194,-0.36422897892097594,-1.201732695349021,-0.4661762404627688,-0.4717065420332184,0.01696547357180522,0.02082126301994277,0.020435656496347467,0.01812223798502803,0.2794813761403405
2019-10-24,15.76024055480957,0.1816207934878472,0.18304321929766393,0.1797491929805803,0.1826689034799805,-0.3975646679622049,300124.SZ,0.7028282217481605,-0.15524778532896882,-0.4919227866189408,-0.4391416063210473,-0.038710112895070134,-0.23176044449454894,-1.1733340723590129,-0.46553100436520806,-0.47180198721694416,0.030075212853035983,0.00154231577925502,0.015037606426517991,-0.0007712130471906047,-0.004832484868465598
2019-10-25,15.766738891601562,0.18169567378646367,0.1828186426583637,0.17982405186034706,0.18109673849178057,-0.573580951881782,300124.SZ,1.413874253747688,-0.13885273960985292,-0.4922681318694455,-0.4393833450124144,-0.033129560354610496,-0.26912722145759443,-1.173334072359012,-0.46474343308265803,-0.4718401652904345,-0.008097240577433497,-0.0011566540980966229,0.0003855513660322076,0.0003856616811583971,-0.21422431373857956
2019-10-28,16.000608444213867,0.1843907862277139,0.18566347285914742,0.18229458766229706,0.18289350153813044,-0.4810479812151158,300124.SZ,-1.430309874250422,-0.10582432149315774,-0.49395145265267537,-0.43876868425213833,0.16707882476947375,0.18244456152702537,-0.8970884084427513,-0.46387995151129113,-0.4717399481888613,0.009254004990656308,0.014651944745359594,0.012724187915198555,0.013880842013295178,0.13953098437385744
2019-10-29,15.942142486572266,0.18371701347211378,0.18835858530039765,0.18304321929766393,0.18416618816956395,-0.283387584526637,300124.SZ,-0.7192638422508947,-0.0850230047939704,-0.49526138953498905,-0.4384058700825248,0.11084626649920527,0.33018782207455105,-0.6466494675554808,-0.46378506229288696,-0.47176858106130126,0.006554814483052287,0.013880842013295178,0.003855734290574455,-0.0034701829245422475,0.27801352825370396
2019-10-30,16.24097442626953,0.18716075754873088,0.18716075754873088,0.1842410470493307,0.18678644173104744,-0.45531482518265814,300124.SZ,-0.008217810251367088,-0.043626438282482964,-0.49476841951230366,-0.438643806588635,0.3630657967934856,0.5073814721638548,-0.6466494675554805,-0.4632536902711686,-0.4717065420332184,0.01349529064726297,-0.00616926311702008,0.00616926311702008,0.017736576303869635,-0.2088378876212456
2019-10-31,16.195499420166016,0.18663672397151396,0.18940669529253093,0.1846902431656306,0.18940669529253093,-0.7147803515464949,300124.SZ,0.7028282217481605,-0.015871715618091423,-0.4945145424124605,-0.43875604571906685,0.3173246868384701,0.6018420731253461,-0.4384814454142504,-0.4623522521980102,-0.47170176875001535,0.01349529064726297,0.011567423501975744,0.0023135288264456246,-0.0026989698773516426,-0.32415056054052577
2019-11-01,16.260461807250977,0.18738535560688083,0.18918209723438098,0.18401644899118075,0.18506455898331403,-0.4132211945710365,300124.SZ,1.413874253747688,0.0102785526329927,-0.4932000775384504,-0.439277750891186,0.3728032592827024,0.5572939775993332,-0.5168396600306375,-0.4620580991501532,-0.47153473933715623,-0.022363633956760883,-0.0011567644132228123,-0.0034702932396684367,0.003855734290574455,0.41487757196688224
2019-11-04,16.27995491027832,0.18760995366503078,0.19037992498604775,0.18716075754873088,0.18918209723438098,-0.5179128692886144,300124.SZ,-1.430309874250422,0.031003253989817278,-0.4909770137894725,-0.43963197910829155,0.3897855169096436,0.8299732297041299,-0.4035967862425616,-0.4623332732684229,-0.47127226474057127,0.021206869543538072,0.00616926311702008,0.016194370839740804,0.0011567644132228123,-0.12026963704479875
2019-11-05,16.44886016845703,0.18955641305206442,0.19217666661354793,0.186412125913364,0.18760995366503078,-0.16194877593251478,300124.SZ,-0.7192638422508947,0.05995862735340517,-0.4879275250766915,-0.44064441389329645,0.5372518699936839,0.9540194894057776,-0.2356322654719141,-0.46159314930984113,-0.4706709607657763,-0.008097130262307307,0.00925389467553012,-0.003855734290574455,0.010024997407594535,0.486544255673655
2019-11-06,16.42287254333496,0.18925695611414772,0.19127829579979785,0.1882837264206309,0.18903235805599777,-0.643601038298023,300124.SZ,-0.008217810251367088,0.07844424077814138,-0.4849661109624965,-0.4406322901842369,0.5079102282275527,0.9070201446865155,-0.235632265471914,-0.46075813613285516,-0.4700028444796955,0.007325917215116703,-0.00462694733776506,0.009639446041562328,-0.00154231577925502,-0.6168333131029935
2019-11-07,16.468347549438477,0.18978101111021436,0.19142801355933134,0.18820886754086416,0.18903235805599777,-0.5985195548074738,300124.SZ,0.7028282217481605,0.09459883979393731,-0.4819847899425249,-0.44030547217126126,0.5489181026740318,0.8652535072529918,-0.22109122423575328,-0.4602172760037262,-0.4689243132209157,0.0,0.0007711027320644152,-0.0003855513660322076,0.0026990801924778323,0.07702395929300786
2019-11-08,16.331924438476562,0.18820886754086416,0.193075037427298,0.1879842694827142,0.19127829579979785,-0.6191672841882999,300124.SZ,1.413874253747688,0.09326054503366087,-0.4806000659491711,-0.44041769412626636,0.38909225603307007,0.7917723212253708,-0.06037431388244622,-0.45959101476360353,-0.46796508810045434,0.011567423501975744,0.008482791943465705,-0.0011567644132228123,-0.008097130262307307,-0.009559998386688055
2019-11-11,16.1500244140625,0.18611266897544732,0.1901553269278978,0.18506455898331403,0.18716075754873088,-0.7008006686043355,300124.SZ,-1.430309874250422,0.07436157767909898,-0.48343658289392705,-0.43925466222092885,0.1810005468648256,0.37408914471047694,-0.44631241132193494,-0.4597902785930565,-0.4669342787508597,-0.021206869543538072,-0.015037606426517991,-0.015037606426517991,-0.010796210454785139,-0.0898953491989705
2019-11-12,16.305938720703125,0.18790941060294747,0.1909039799821144,0.1865618436728975,0.1870110397891974,-0.6115525608719747,300124.SZ,-0.7192638422508947,0.07067284027216253,-0.481724732657488,-0.4379671325035651,0.33296497491684884,0.5638689401537806,-0.36992448601655875,-0.4596194790858353,-0.465836657772657,-0.0007711027320644152,0.0038558446057006444,0.0077115788962750995,0.00925389467553012,0.1352038911247101
2019-11-13,16.305938720703125,0.18790941060294747,0.1901553269278978,0.18491481980493082,0.19000560916836431,-0.6526651024064183,300124.SZ,-0.008217810251367088,0.06567227020560792,-0.480434997835927,-0.4356334798668794,0.33296497491684807,0.4334719563803459,-0.5855883184160741,-0.4594202125416164,-0.4645529183448499,0.015423157792550199,-0.0038558446057006444,-0.008482791943465705,0.0,-0.0365179422296975
2019-11-14,16.292943954467773,0.18775967142456426,0.18978101111021436,0.18716075754873088,0.18716075754873088,-0.7333897726093451,300124.SZ,0.7028282217481605,0.0585949254405075,-0.48148232538408675,-0.42875705432004846,0.31714949388274827,0.502594976527947,-0.585588318416074,-0.4592209487121636,-0.46315941729709714,-0.014652055060485784,-0.0019278671452872276,0.011567423501975744,-0.0007712130471906047,-0.088698315649752
2019-11-15,16.07856559753418,0.18528915704146398,0.18925695611414772,0.18528915704146398,0.18873290111808108,-0.7192935388247651,300124.SZ,1.413874253747688,0.032829908154000345,-0.48468961049860887,-0.42024832304686094,0.058872565992270066,0.26144747673097235,-0.8327367770724927,-0.4591735027455785,-0.4621381524658751,0.008097130262307307,-0.0026990801924778323,-0.009639446041562328,-0.012724077600072367,0.03620762463696328
2019-11-18,16.234479904174805,0.18708589866896413,0.18865804223831434,0.18401644899118075,0.18528915704146398,-0.44522652019133785,300124.SZ,-1.430309874250422,0.024235082276453507,-0.48949593016452947,-0.40913426521805546,0.2240693816181091,0.23700117753055358,-0.9974332660771502,-0.45854724150545584,-0.4609164527488287,-0.017736576303869635,-0.00308463155851004,-0.006554924798178477,0.00925389467553012,0.37866265262213217
2019-11-19,16.773677825927734,0.19329963548544796,0.19374881018289813,0.18760995366503078,0.1882837264206309,0.020215479577036524,300124.SZ,-0.7192638422508947,0.061814516278747775,-0.4878699910729725,-0.40485845678003984,0.7422707418177981,0.8678298233961507,-0.4314748619499624,-0.45728523091780016,-0.4598331488895237,0.015423157792550199,0.02621936824733534,0.018507899666186427,0.03200307999832321,0.6307576122859048
2019-11-20,17.1309814453125,0.1974171737365149,0.1989893173058651,0.19240126467169788,0.19359909242336465,0.03277934631038775,300124.SZ,-0.008217810251367088,0.11965960661741953,-0.4807230977169306,-0.40678642949062666,1.043422584248502,1.3821213824762097,0.07672121579206508,-0.45517871904574786,-0.4584014697682806,0.02737613266055815,0.02699058129452594,0.02467705246808032,0.021206869543538072,0.03418906396785886
2019-11-21,17.735143661499023,0.20437956360721532,0.205876826877949,0.19764177179466486,0.19876474066656488,0.43138670957599207,300124.SZ,0.7028282217481605,0.21373519132172902,-0.46702199453466164,-0.4134523623462411,1.4893013066771452,1.9893910243642667,0.648891114613356,-0.45215179288571605,-0.4563303065507187,0.026605029928493736,0.035473262922865255,0.02699058129452594,0.03585892460402385,0.542717499135336
2019-11-22,17.624706268310547,0.20310685555693203,0.20722439380799904,0.20071120005359852,0.20505333636281547,0.2028817162192632,300124.SZ,1.413874253747688,0.27430005051689565,-0.4584414316606609,-0.41468951434116424,1.3531708444823696,1.8846677111141996,0.7511771863546701,-0.4497985712176258,-0.45426391661635973,0.03238863136435562,0.00694047616421089,0.015808709158582405,-0.006554924798178682,-0.2833667847653
2019-11-25,17.462295532226562,0.20123525504966516,0.20542765218049888,0.19996254699938193,0.20288225749878214,-0.025387649160199227,300124.SZ,-1.430309874250422,0.3034964560367107,-0.45262269058750904,-0.41457438413708747,1.1552975841597874,1.5644046372213347,0.6489605999652233,-0.44854605145214677,-0.45217366504473055,-0.011181872135943741,-0.00925389467553012,-0.0038558446057006444,-0.009639446041562121,-0.2830563960976049
2019-11-26,17.683170318603516,0.20378062831253224,0.20378062831253224,0.20011228617776514,0.20183416892549855,0.2660775357355259,300124.SZ,-0.7192638422508947,0.34040744094697767,-0.44590944007267586,-0.4141831568970857,1.3173721216816476,1.4224888340629962,0.6489605999652233,-0.44551912800688087,-0.4498257114770416,-0.005398050069829475,-0.008482791943465498,0.0007712130471906047,0.01310962896610478,0.4015809567604606
2019-11-27,17.384340286254883,0.20033688423591509,0.20198388668503203,0.1956952909887815,0.20198388668503203,0.030500425708469028,300124.SZ,-0.008217810251367088,0.33870641092340753,-0.4422150974118853,-0.41309171067350814,0.961871363580706,0.9973442537630818,0.05283017218706313,-0.44275788785770814,-0.4479024886355936,0.0007711027320644152,-0.009253894675530325,-0.02274918532279309,-0.01773657630386984,-0.29268276199581716
2019-11-28,17.21543312072754,0.19839040343003173,0.20175928862688208,0.19636906374438162,0.2010106569915152,-0.15084701800970637,300124.SZ,0.7028282217481605,0.3178319593212598,-0.44013972588787675,-0.4106927257046164,0.7695382898781344,0.8668071444457963,0.05283017218706338,-0.43966454087365303,-0.44626083011015366,-0.005012498703797268,-0.0011567644132228123,0.0034701829245422475,-0.010025107722720724,-0.2212469585295466
2019-11-29,17.066015243530273,0.19666852068229831,0.20071120005359852,0.19449746323711473,0.19868986036794842,-0.41176925920836754,300124.SZ,1.413874253747688,0.2838323608114075,-0.43902051634625616,-0.40819059505817135,0.6025958487388915,0.6505234486036788,-0.19235613875413007,-0.4367514815042296,-0.444724161286812,-0.011952974868007952,-0.005398050069829475,-0.009639446041562328,-0.008868343309497912,-0.32606946585066
2019-12-02,17.13747787475586,0.19749203261628165,0.20325659473531527,0.19636906374438162,0.19854014260841493,-0.12340117226941005,300124.SZ,-1.430309874250422,0.25873724799238673,-0.43781034301520944,-0.40554894817059545,0.6627896059644494,0.7346733431937247,0.04467585126249925,-0.43373404480899136,-0.4431206808348624,-0.0007711027320644152,0.013109739281230763,0.009639446041562328,0.004241395971732852,0.39750120307554426
2019-12-03,17.930034637451172,0.20662547993216568,0.20670033881193242,0.1950963771129481,0.1980160876123483,0.3984166133620151,300124.SZ,-0.7192638422508947,0.3022816710671931,-0.4311942919428786,-0.4062730633003261,1.2623524393290022,0.989034472665049,0.3468347219807797,-0.43013779148283254,-0.4411067854102138,-0.0026990801924778323,0.01773657630386984,-0.006554814483052287,0.04704068642484141,0.7050204620005063
2019-12-04,17.81310272216797,0.2052779344209654,0.2068500779903156,0.20250794168109867,0.20550251106026562,-0.1776170463872142,300124.SZ,-0.008217810251367088,0.3216947633559995,-0.4265221824814246,-0.4051563824367032,1.1301122059465645,1.0544810461587384,0.3596890023091719,-0.4271583085746198,-0.43927423583464437,0.0385578944813755,0.0007712130471903992,0.03817234311534329,-0.0069403658490847005,-0.7411602989260887
2019-12-05,17.949525833129883,0.2068500779903156,0.20804790574198237,0.20437956360721532,0.205876826877949,0.18378157992238983,300124.SZ,0.7028282217481605,0.3435451059950136,-0.4214327756882102,-0.4040970766349883,1.2261903576555644,1.0673985579035299,0.4638020917879976,-0.42396058290736677,-0.4373414691575016,0.001927867145287022,0.00616926311702008,0.009639556356688516,0.008097130262307307,0.4937030721374387
2019-12-06,18.09894371032715,0.20857196073804898,0.20909601573411565,0.20250794168109867,0.20782330768383242,-0.21113002235988299,300124.SZ,1.413874253747688,0.368161940639183,-0.416280220216038,-0.40175975175789397,1.3301826954916063,0.9886372732352313,0.20032989552309077,-0.4205541053032503,-0.4352321278664494,0.01002510772272093,0.0053981603849556645,-0.009639556356688516,0.008868343309497706,-0.5025713386525668
2019-12-09,17.96901512145996,0.20707467604846555,0.21029382206693267,0.20707467604846555,0.20909601573411565,-0.1782495071097349,300124.SZ,-1.430309874250422,0.3708889813189469,-0.41379778685371443,-0.3960574189821519,1.1766188695293758,1.0080512737897944,0.3094225706278824,-0.4176789997208523,-0.43335185501633927,0.006554924798178477,0.006169152801893685,0.023520398369983694,-0.007711578896274894,0.06095183440927508
2019-12-10,17.923540115356445,0.20655062105239894,0.20834736267989906,0.20393036749091542,0.20722439380799904,-0.35355207928014776,300124.SZ,-0.7192638422508947,0.36362308629067486,-0.4119369780052789,-0.39058130555555604,1.1225892560873472,0.7841436537040373,-0.12429962526767084,-0.4147849179236331,-0.4318485916659628,-0.009639556356688516,-0.010024997407594329,-0.016194370839740804,-0.0026990801924776267,-0.21328415356952243
2019-12-11,17.81310272216797,0.2052779344209654,0.20692493687008234,0.20385550861114868,0.2064008818740157,-0.6270568954317403,300124.SZ,-0.008217810251367088,0.3430813842939921,-0.4116064101241742,-0.38383984953547395,0.9903676682102883,0.6566014656801679,-0.13443727846946857,-0.41248862761477245,-0.4304264563804143,-0.004241395971732852,-0.007326027530242892,-0.0003855513660322076,-0.006554814483052493,-0.34264427467056996
2019-12-12,18.332813262939453,0.21126707317929924,0.2129140756284162,0.20452928136674875,0.20550251106026562,-0.012893153051276482,300124.SZ,0.7028282217481605,0.36600827498025684,-0.4089628214672952,-0.37728120911106766,1.372268218896593,0.931226031965694,0.4167211618551751,-0.4093668149511024,-0.42840301575471545,-0.00462694733776506,0.030846315585100398,0.003470182924542042,0.030846315585100398,0.8266661970056772
2019-12-13,18.696609497070312,0.21545947031013296,0.21920269274351648,0.2118659870551326,0.2118659870551326,0.2446987519494284,300124.SZ,1.413874253747688,0.40945976388963645,-0.4064567969815478,-0.3678275680638013,1.6115991686585294,1.3005581898505407,0.9108807115715105,-0.4058085167693522,-0.4264654764770475,0.03277429304551361,0.03238874167948161,0.03778679174931108,0.021592420909570278,0.3569602697815635
2019-12-16,19.05391311645508,0.2195770085611999,0.22212240324291666,0.21493541531406635,0.21710647275924985,0.11366481161226046,300124.SZ,-1.430309874250422,0.46794369784370776,-0.4012852502092415,-0.36053538246457634,1.8285581306043592,1.4333118861908025,1.1176239272244473,-0.40175680171029204,-0.4245661152728699,0.026990470979399755,0.015037606426517991,0.015808709158582818,0.021206869543538072,-0.15496984889819798
2019-12-17,18.969457626342773,0.21860375744883337,0.22084969519263342,0.21695675499971642,0.21897809468536653,-0.1716491243411553,300124.SZ,-0.7192638422508947,0.49993818360788284,-0.3955677552625825,-0.35683033871927944,1.7257770895331521,1.299109679494038,1.1176239272244477,-0.3980751499879058,-0.4223422418093802,0.009639556356688722,-0.006554924798178477,0.010410659088752727,-0.005012609018923457,-0.3582002243691675
2019-12-18,19.099388122558597,0.22010106355726655,0.22144860906846678,0.21763052775531655,0.22010106355726655,-0.5709912973115818,300124.SZ,-0.008217810251367088,0.5290617305422821,-0.3885192953527866,-0.35575540419708,1.8050653881326395,1.2475197675496588,1.1607137782215273,-0.39416576468430276,-0.41995610948552303,0.005783711750987872,0.0030846315585098343,0.0034701829245422475,0.007711689211401289,-0.508407652951822
2019-12-19,19.164352416992188,0.22084969519263342,0.2253415492613838,0.21860375744883337,0.21935241050304996,-0.3357781782282535,300124.SZ,0.7028282217481605,0.5500743716982426,-0.38118384665572763,-0.3575657059525731,1.8448174200297296,1.2731140811743373,1.4312663080956687,-0.39022791505846793,-0.41770360178423754,-0.0038558446057006444,0.020050105130315465,0.005012498703797268,0.003855734290574455,0.3274810813332724
2019-12-20,19.08639335632324,0.21995132437888332,0.2239191448704168,0.21882835550698332,0.22084969519263342,-0.6975167615644613,300124.SZ,1.413874253747688,0.5523281100496789,-0.37549374439749694,-0.3573003002990907,1.7441055106240781,1.1370005313632188,1.4312663080956693,-0.38620466703640566,-0.4153651927349212,0.0077115788962750995,-0.007325917215116703,0.0011567644132228123,-0.004626947337765265,-0.4588730933357619
2019-12-23,18.66412925720215,0.21508515449244953,0.22077483631286668,0.21448624061661611,0.22077483631286668,-0.379797526449502,300124.SZ,-1.430309874250422,0.5105528929159002,-0.3734963469966195,-0.3539499879561335,1.2243288864733815,0.7882042741702029,0.7982179132628616,-0.38253250342143014,-0.41361854382470503,-0.0003855513660322076,-0.016194370839740804,-0.022363523641634693,-0.02506260383411232,0.43616496398950105
2019-12-24,18.897998809814453,0.21778026693369978,0.21897809468536653,0.2148605564342996,0.2159835253061996,-0.48208157620783076,300124.SZ,-0.7192638422508947,0.4906056847800332,-0.3702407399390579,-0.3520080627263358,1.3863241181907457,0.7574818834230606,0.7982179132628608,-0.3787464743732291,-0.41162850935464895,-0.02467705246808032,-0.00925389467553012,0.001927867145287433,0.013880842013295385,-0.11709811423973882
2019-12-25,18.839529037475582,0.21710647275924985,0.22227212100245014,0.21530973113174975,0.21845403968929988,-0.5022252078325983,300124.SZ,-0.008217810251367088,0.4631047998480479,-0.3685204209223808,-0.34713589814501133,1.3162420494888811,0.7685877205471081,1.0493355471093666,-0.3750458464360216,-0.4096671091223886,0.012724077600072367,0.01696547357180522,0.00231341851131923,-0.003470293239668848,-0.008895959112972512
2019-12-26,18.90449333190918,0.21785512581346653,0.22084969519263342,0.21560920948851617,0.21807972387161645,-0.664998052356485,300124.SZ,0.7028282217481605,0.44050537401687273,-0.36797632820637993,-0.33978365168485725,1.3624388836532477,0.7004524716723917,1.0493355471093662,-0.3712313503508229,-0.4076484417798926,-0.0019278671452872276,-0.007326027530242892,0.0015424260943812094,0.0038558446057010555,-0.19677895959423605
2019-12-27,19.164352416992188,0.22084969519263342,0.22429346068810024,0.21628298224411632,0.21710647275924985,0.34576082723394164,300124.SZ,1.413874253747688,0.4385919823822578,-0.368118909381123,-0.32969371650343593,1.5434709829413307,0.7972311246084592,1.3022720031909776,-0.3667241735588613,-0.4053577546397613,-0.0050126090189236625,0.017736686618995825,0.003470182924542453,0.015423157792549994,1.3490941263246816
2019-12-30,20.04136276245117,0.23095637220203424,0.2312558291399509,0.21882835550698332,0.22069997743309994,0.7031933109925598,300124.SZ,-1.430309874250422,0.5054373611766081,-0.36139401344212263,-0.32381675834531853,2.0701286682906233,1.160731330265169,1.7537104608507552,-0.3611637408308735,-0.40224623891958783,0.018507899666186635,0.03585881428889746,0.013109628966104368,0.05205318512863847,0.48847854100760146
2019-12-31,19.904937744140625,0.22938422863268404,0.23080665444250076,0.22556614731953373,0.22953396781106725,-0.21076268578564555,300124.SZ,-0.7192638422508947,0.5391321443467382,-0.35409355317870855,-0.32300548954139996,1.9049493940730804,1.1542664246058707,1.7537104608507557,-0.35659014185750554,-0.3993112964479681,0.04549837064558618,-0.00231341851131923,0.034702160190800836,-0.008097130262307307,-1.1862995612141787
2020-01-02,19.898441314697266,0.2293093697529173,0.23282799412815086,0.22796180282286732,0.22908477169476738,0.1888155248310893,300124.SZ,0.7028282217481605,0.5575291828196769,-0.3487343032395805,-0.3194042251093177,1.8969872986410072,1.1387416613116292,1.8762780680257203,-0.35254791490585585,-0.3962188697645398,-0.002313528826445419,0.010410659088752931,0.012338526234040364,-0.0003855513660322076,0.5439963795949
2020-01-03,20.04136276245117,0.23095637220203424,0.23170502525625086,0.228261259760784,0.22945908751245078,-0.29370346067073294,300124.SZ,1.413874253747688,0.5764488071333749,-0.34292123605545033,-0.31630238823823,1.9799765143406813,1.050482423961917,1.8762780680257207,-0.34917939516091395,-0.3930023650249456,0.001927867145287022,-0.0057837117509876666,0.00154231577925502,0.008482681628339515,-0.6179750325314839
2020-01-06,19.956911087036133,0.22998314250851742,0.2350739104531012,0.22871045587708386,0.23020774056666737,-0.13453399676122926,300124.SZ,-1.430309874250422,0.5762092471418038,-0.3385477732232207,-0.312624819510181,1.872127620682537,1.018235135004186,2.0776154272334306,-0.3457729175567975,-0.3901056006268164,0.0038558446057006444,0.01735102493783722,0.002313528826445419,-0.005012498703797268,0.22731008682791776
2020-01-07,19.78800392150879,0.22803666170263406,0.23080665444250076,0.22496723344370037,0.22983340333013422,-0.10559989166988214,300124.SZ,-0.7192638422508947,0.5537732368898773,-0.3370131880718438,-0.3058152222960294,1.6579775900383424,0.7521772050321706,1.501421167364447,-0.34237593077485773,-0.38776719294285567,-0.001927977460413417,-0.021977972275602487,-0.019279002398250637,-0.010025107722720724,0.055753296419097015
2020-01-08,20.320703506469727,0.23417553963935112,0.23499905157333445,0.22683885536981702,0.2275874870051839,-0.0602582683377262,300124.SZ,-0.008217810251367088,0.5739209083097176,-0.33293168176807336,-0.29924662278079817,1.9793300004863752,0.9488159989756579,1.7620832531033146,-0.3385234795452506,-0.3843073026434217,-0.01156731318684935,0.021592420909570278,0.009639556356688516,0.031617528632291,0.07736663701654249
2020-01-09,20.10632705688477,0.23170502525625086,0.23836793677018478,0.2275874870051839,0.23410068075958437,-0.018645930572163974,300124.SZ,0.7028282217481605,0.5636133711354034,-0.3334483002796618,-0.2877980683552077,1.717374340585351,0.9351533956883854,1.9561261659501685,-0.3345476747750072,-0.38091899520776545,0.03354539577757802,0.01735102493783722,0.0038557342905746607,-0.01272407760007216,0.07245411350427522
2020-01-10,20.13880920410156,0.23207934107393427,0.23297771188768435,0.22811154200125053,0.2317798841360176,-0.4427024126678417,300124.SZ,1.413874253747688,0.5505742688571,-0.33186285396553233,-0.28110932755449725,1.737248941285861,0.8001987273226655,1.9561261659501696,-0.330277716956907,-0.37721571866581394,-0.011952974868007745,-0.027761684026590152,0.0026990801924776267,0.001927867145287022,-0.5409633858125084
2020-01-13,20.567569732666016,0.23702039125898455,0.23806850125111784,0.23065693668296727,0.23207934107393427,-0.17895871249943826,300124.SZ,-1.430309874250422,0.5692735013378436,-0.3260333450877526,-0.2790712577720958,1.9896444772871067,1.0321500491846272,2.2337431253085183,-0.325163255139644,-0.3731783832981443,0.0015423157792548144,0.026219478562461526,0.013109739281230763,0.025448265515270924,0.36506392338070975
2020-01-14,20.366182327270508,0.2346995946354178,0.23911658982440143,0.23387608270143442,0.23672093432106783,-0.6058549521153964,300124.SZ,-0.7192638422508947,0.558989923165529,-0.3220099481819887,-0.27756543154997665,1.7437580116966405,1.0031140266607552,2.287837008508815,-0.3204473236960528,-0.3692889883065885,0.0239059497360157,0.005398050069829475,0.01657981189064682,-0.011952974868007745,-0.5447041493819386
2020-01-15,20.398664474487305,0.2350739104531012,0.2376941640145847,0.23207934107393427,0.23612202044523448,-0.6091373570354505,300124.SZ,-0.008217810251367088,0.5460222810508408,-0.3185967727229691,-0.27479373754776465,1.7634569951359933,0.8642443245594449,2.011872089874603,-0.3168415822624835,-0.36566684051214277,-0.0030846315585098343,-0.007326027530242892,-0.00925389467553012,0.001927867145287022,0.013315043813314876
2020-01-16,20.398664474487305,0.2350739104531012,0.24068873339375163,0.2329028530079176,0.23395094158120114,-0.2882153976290868,300124.SZ,0.7028282217481605,0.5283348262043817,-0.3155275129636697,-0.2722347407398868,1.7634569951359915,0.8720882407001777,2.1755887338118622,-0.31306504403645913,-0.36226898924079176,-0.011181872135943741,0.015423157792550199,0.004241395971732852,0.0,0.4403838574220048
2020-01-17,20.00888061523437,0.2305820563843508,0.23679579320083458,0.22309563293643345,0.23589742238708453,0.7835724936368171,300124.SZ,1.413874253747688,0.473974287871508,-0.31479542757755535,-0.2690960336212402,1.2854081882198634,0.40458140098560147,0.8411870213885357,-0.31005709680601456,-0.359147928319568,0.01002510772272093,-0.020050105130315465,-0.050510869349383654,-0.0231347366888253,1.4294865900908866
2020-01-20,19.989391326904297,0.23035745832620086,0.23791876207273466,0.2239191448704168,0.22609020231560045,0.9711910827702315,300124.SZ,-1.430309874250422,0.4230186818843719,-0.31463539356144443,-0.26501255780352584,1.2622743746628573,0.40591554666072643,0.914991806024907,-0.3072958593716079,-0.3560459578004448,-0.050510869349383244,0.005783711750988078,0.004241395971733058,-0.0011567644132228123,0.2647856284753087
2020-01-21,19.320262908935547,0.22264643682013358,0.23410068075958437,0.22099943437101663,0.23005800138828417,0.3981652131266355,300124.SZ,-0.7192638422508947,0.32001679702513375,-0.3175048847236349,-0.25855745909525624,0.5261117028899049,0.012764705935994236,0.56009983052031,-0.3053221918623683,-0.3536073316495551,0.020435656496347262,-0.01966455376428305,-0.015037606426517991,-0.03971465889459831,-0.7371981889320867
2020-01-22,19.346248626708984,0.22294589375805027,0.22444317844763373,0.21545947031013296,0.22234697988221688,0.19389992731011613,300124.SZ,-0.008217810251367088,0.23657704043929068,-0.31932507355045575,-0.25431127138489984,0.54667743105634,-0.44031763001762037,-0.06334575423597677,-0.30324414702731384,-0.3511066664705826,-0.03971465889459831,-0.049739766617319034,-0.028532897073780962,0.00154231577925502,-0.25143623638133
2020-01-23,19.027925491333008,0.21927755162328322,0.22983340333013422,0.21620810194549983,0.22152346794823352,0.12346662138694499,300124.SZ,0.7028282217481605,0.1401084922604722,-0.32048400500716573,-0.2520664528507267,0.22654486668636684,-0.4441950594862878,0.3238799915979347,-0.3014697433475271,-0.3490593648902911,-0.004241395971733058,0.027761684026590357,0.003855734290574455,-0.018893340717092446,-0.07514167910507874
2020-02-03,17.156965255737305,0.1977166306744316,0.21021896318716593,0.1971177167985982,0.1971177167985982,0.5233948941999838,300124.SZ,-1.430309874250422,-0.09762285696062128,-0.30221829979208176,-0.2816687448215558,-1.2013233678518425,-2.1900839788570434,-1.1837125562192214,-0.3031872156680842,-0.3483530705307199,-0.125698791166847,-0.1010217386987671,-0.09832265850628906,-0.11104684642148763,0.5444575104842864
2020-02-04,17.9625186920166,0.20699979574984909,0.21051842012508265,0.20228334362294872,0.2023582239215652,0.3074747972540904,300124.SZ,-0.7192638422508947,-0.2155068780473392,-0.2969498069579592,-0.29350704674266426,-0.5717028814885997,-1.6541905580979384,-1.2062912805652555,-0.30425945053369763,-0.34710273794123364,0.02699058129452594,0.0015423157792552253,0.026604919613367545,0.047811789156905614,-0.2667889179289595
2020-02-05,18.183395385742188,0.20954519043156583,0.2147856761356831,0.20497845606419898,0.2101441043073992,0.4220461188643138,300124.SZ,-0.008217810251367088,-0.2879151194973593,-0.29550929698734735,-0.30397647977943343,-0.4137714070695544,-1.304808603022618,-1.0237312270166796,-0.30553094922876384,-0.34570446497563334,0.04010021026063031,0.021977972275602487,0.013880842013295178,0.013109739281230763,0.1685617237067827
2020-02-06,18.469236373901367,0.21283921674864945,0.215234872251983,0.2046041402465155,0.2088714176759657,0.3803218731721391,300124.SZ,0.7028282217481605,-0.31833963766474366,-0.29564300962155493,-0.31060995197796637,-0.21456468021463862,-1.152647596259977,-0.990873069898487,-0.30626158507993506,-0.3442202906620021,-0.006554814483052082,0.0023135288264456246,-0.001927867145287433,0.01696547357180522,-0.03732372955913236
2020-02-07,18.34580612182617,0.21141679093883273,0.21396218562054947,0.20857196073804898,0.21171624787674942,0.1455638963943623,300124.SZ,1.413874253747688,-0.3503598772269413,-0.2959619923465545,-0.31758000130372893,-0.2990396158411827,-1.0605223790633946,-0.990873069898488,-0.3073622869825463,-0.3428077005775041,0.014651944745359594,-0.006554814483052287,0.020435766811473657,-0.007326027530242892,-0.2916037319041518
2020-02-10,18.761573791503903,0.21620810194549983,0.21688189611994968,0.21036870236554917,0.21253975981073275,0.3700214278952881,300124.SZ,-1.430309874250422,-0.33737082248635986,-0.29821291191952454,-0.32100281963211214,-0.01377579348852539,-0.7837759483800291,-0.7707252087597394,-0.3079505930782604,-0.34112309206072644,0.004241395971732852,0.015037606426517991,0.009253894675530325,0.02467705246808032,0.31331293144416034
2020-02-11,18.969457626342773,0.21860375744883337,0.22182292488615024,0.2156840683682829,0.21845403968929988,-0.09582662217178334,300124.SZ,-0.7192638422508947,-0.30696038754834276,-0.3004561036541852,-0.32305215615407484,0.12322411798595306,-0.4687745402513637,-0.4176035178151499,-0.3081213925854816,-0.33918555414841406,0.03046076421906819,0.025448155200144734,0.02737613266055815,0.01233852623404016,-0.5960146970108372
2020-02-12,19.404720306396484,0.22361968793250012,0.22541642956000024,0.21710647275924985,0.21785512581346653,-0.04420443103642478,300124.SZ,-0.008217810251367088,-0.2438939549731895,-0.30160619249509485,-0.32352124585283837,0.39820857026149825,-0.24367557928412067,-0.17579126640683734,-0.3070396696124576,-0.3367946499067096,-0.0030846315585098343,0.018507899666186222,0.007325917215116497,0.02583392719642932,0.08563992058592138
2020-02-13,18.91748809814453,0.2180048649918497,0.22683885536981702,0.21628298224411632,0.2230207740566667,0.13889025114545617,300124.SZ,0.7028282217481605,-0.23447968738531427,-0.3062526774207507,-0.32472929299376924,0.04626833700141265,-0.3781941891718367,-0.08207160226834075,-0.3070112025754597,-0.3348761996657868,0.026605029928493323,0.007326027530243097,-0.004241285656606252,-0.02891844843981317,0.25882636392721564
2020-02-14,18.99544334411621,0.21890323580559978,0.22257157794036683,0.2157589272480496,0.21710647275924985,-0.4647828912445411,300124.SZ,1.413874253747688,-0.21910149047586097,-0.30993456418458126,-0.3256816711593243,0.09632572325230143,-0.4785818960784672,-0.13106360184360707,-0.30678346899424286,-0.33290048231462854,-0.03046087453419438,-0.021978082590728677,-0.002699080192478243,0.00462694733776506,-0.7775693123725154
2020-02-17,19.56062889099121,0.22541642956000024,0.2258656042574505,0.21935241050304996,0.22084969519263342,-0.2893854124127546,300124.SZ,-1.430309874250422,-0.15775492124405213,-0.3127721686914263,-0.32510108931188164,0.4448441570488967,-0.15828862172305058,0.08966268354306355,-0.30582509956185494,-0.3305000328718737,0.01927900239825105,0.016965473571805424,0.018507789351060445,0.03354539577757802,0.24868697080195837
2020-02-18,19.88545036315918,0.22915963057453412,0.2305820563843508,0.2239191448704168,0.2270634320091172,0.009168958696711025,300124.SZ,-0.7192638422508947,-0.08155149142659332,-0.3175117764760995,-0.32279016184315745,0.6319080706728364,0.15730552061776554,0.38823071686683946,-0.30477184362582876,-0.32770348694067325,0.032003079998323004,0.024291501102047905,0.023520398369983694,0.019278892083125065,0.41091941940590787
2020-02-19,20.08033943176269,0.23140556831833414,0.2343252788177343,0.22444317844763373,0.22623992007513394,0.2525460990033794,300124.SZ,-0.008217810251367088,-0.005635258392174495,-0.31957593048843697,-0.32173061293082666,0.741347812002547,0.31190314292360155,0.611180456407659,-0.30471490955183306,-0.3248783067716772,-0.004241395971732441,0.019279002398250637,0.0026989698773516426,0.011567423501975538,0.33823540558603793
2020-02-20,19.97640037536621,0.23020774056666737,0.23484933381380096,0.22691371424958376,0.23020774056666737,-0.026346752665461902,300124.SZ,0.7028282217481605,0.04375520183622229,-0.3226462484691898,-0.32014083641127344,0.6603362172358076,0.34866937440257273,0.6419707802030463,-0.30461053222601814,-0.322525580603463,0.02043576681147345,0.002699080192478038,0.012724187915198555,-0.00616926311702008,-0.34974184086408405
2020-02-21,20.08033943176269,0.23140556831833414,0.23746956595643479,0.23028259944643412,0.23028259944643412,0.3674929505686783,300124.SZ,1.413874253747688,0.08949479568978763,-0.3251286421856785,-0.31874631143014764,0.7209449190487645,0.5151489121467839,0.7956249632722386,-0.30434484621515906,-0.32035897288485315,0.0003855513660322076,0.013495180332136987,0.017351024937837425,0.00616926311702008,0.5364371428620411
2020-02-24,20.411657333374023,0.2352236496314844,0.23806850125111784,0.22571588649791696,0.2343252788177343,0.6594539715614502,300124.SZ,-1.430309874250422,0.15120594281856903,-0.3220604024909461,-0.32042582095297434,0.910681764534395,0.49859155842864755,0.3314371569888635,-0.303803983371264,-0.31839280073474535,0.020821318177505658,0.003084741873636024,-0.023520288054857504,0.01966455376428305,0.40223411309334994
2020-02-25,21.041805267333984,0.24248547502125176,0.24248547502125176,0.2283361186405507,0.2313307094385674,1.212591023724341,300124.SZ,-0.7192638422508947,0.25016261485224517,-0.31304758929090887,-0.32597751401642144,1.2440268611247336,0.8134777994020189,0.5969103643353115,-0.30221935541351946,-0.31588259035472244,-0.015423157792549994,0.022749075007666694,0.013495180332136576,0.03740113006815248,0.7462767912559028
2020-02-26,19.8659610748291,0.22893503251638414,0.24106304921143507,0.22796180282286732,0.23889199176625148,0.8253172910592605,300124.SZ,-0.008217810251367088,0.22345333184887378,-0.3109774439698191,-0.32581516272105954,0.36932086681251464,0.4228860350155352,0.5591476979440592,-0.30210548998029413,-0.31411685377311654,0.03894344584740771,-0.007326027530242686,-0.001927867145287022,-0.06978987174763408,-0.4925101048296065
2020-02-27,19.29427719116211,0.22234697988221688,0.22983340333013422,0.2219726640645335,0.22818640088101727,0.6090549156288593,300124.SZ,0.7028282217481605,0.1500163401752344,-0.3111062586286612,-0.3259104616984088,0.004516841859645503,-0.12469577239625013,-0.022844316598203254,-0.3036047195418112,-0.31293333212956065,-0.05513781668714851,-0.05783689687962634,-0.030846315585100193,-0.03393094714361044,-0.26723979546913773
2020-02-28,18.39127922058105,0.21194084593489934,0.2197267263207334,0.21194084593489934,0.2133632717447161,0.6252068686656959,300124.SZ,1.413874253747688,0.012605897281578215,-0.31097001913192723,-0.32908042376117763,-0.5095096114269442,-0.813708676972145,-0.8703947054197361,-0.30610976178753524,-0.3121936316143465,-0.07634468623068658,-0.05205318512863847,-0.05166763376260667,-0.053595500907893695,0.03891558812782439
2020-03-02,18.930479049682617,0.2181545827513832,0.21920269274351648,0.21209056369443285,0.21448624061661611,0.35905581665073794,300124.SZ,-1.430309874250422,-0.05060605885701124,-0.3175062058827335,-0.3130576275706314,-0.20301589319821206,-0.636997203961019,-0.8703947054197361,-0.3078746773599114,-0.3109337538238098,0.005783711750987872,-0.0026989698773516426,0.0007711027320646207,0.032003079998323414,-0.33295728809370617
2020-03-03,19.45668601989746,0.22421858038948378,0.2259404845560669,0.21935241050304996,0.22137375018870004,0.4469893647058138,300124.SZ,-0.7192638422508947,-0.05607090541116862,-0.31932366838554643,-0.3038682987288398,0.07674591146811276,-0.12922917318392188,-0.4146191936324548,-0.30949726317683046,-0.30917756107789873,0.035473262922865255,0.034702160190801044,0.037401240383278876,0.031231866951132604,0.13347224435011368
2020-03-04,19.71654319763184,0.22721317118750045,0.228261259760784,0.21995132437888332,0.22159834824685,-0.008260615525465854,300124.SZ,-0.008217810251367088,-0.038900621983427586,-0.32009702218680547,-0.2957143550302477,0.20951626793348468,0.053372403333980856,-0.26679688527182716,-0.3104461417870419,-0.30728297179156866,0.0011567644132230177,0.011952864552881762,0.0030846315585098343,0.015423268107676389,-0.5820540425307
2020-03-05,19.339754104614254,0.22287103487828352,0.23118097026018417,0.22077483631286668,0.23050719750458407,-0.02375231862310616,300124.SZ,0.7028282217481605,-0.05838093094815018,-0.32122817381320473,-0.29027613050921813,-0.006832988798525661,0.07182613175360147,-0.08454363517765627,-0.3119928146003778,-0.30624739052412653,0.04588392201161839,0.015037606426517787,0.004241395971733058,-0.022363633956760883,-0.002768053952903783
2020-03-06,19.391725540161133,0.22346994875411696,0.22609020231560045,0.21875349662721658,0.21935241050304996,-0.21749149979886093,300124.SZ,1.413874253747688,-0.06985954453966281,-0.323392082327985,-0.28280193353514077,0.020873053195987454,-0.06629805478556444,-0.2581984389267625,-0.31346357712489703,-0.3050877312005188,-0.05745134551359413,-0.026219368247334927,-0.010410659088752931,0.0030846315585102454,-0.2375703804105381
2020-03-09,18.6511344909668,0.21493541531406635,0.22137375018870004,0.21471083867476606,0.2201759224370333,0.023845147288274776,300124.SZ,-1.430309874250422,-0.1423977671904937,-0.3230089776319262,-0.28377175518512565,-0.3884431279106635,-0.534133920848603,-0.5954107119098808,-0.31544673545631347,-0.3045723272083992,0.004241395971732852,-0.024291501102048522,-0.020821207862379672,-0.04395605486633116,0.33554749908529447
2020-03-10,18.891502380371094,0.2177053866350833,0.21927755162328322,0.2108927573616158,0.21268949898911596,0.21681415066525664,300124.SZ,-0.7192638422508947,-0.1784531050464017,-0.3228615813201675,-0.28431261285252796,-0.2549636324095856,-0.5882651384056807,-0.8989457324339091,-0.3170503423436451,-0.3039901122703494,-0.0385578944813755,-0.010796210454784934,-0.01966455376428305,0.014266393379327181,0.2718336368143168
2020-03-11,18.612157821655277,0.21448624061661611,0.21905295356513327,0.2133632717447161,0.21905295356513327,-0.24683609327019232,300124.SZ,-0.008217810251367088,-0.2297496621743303,-0.32195963020849167,-0.2891144162996412,-0.40510364491597967,-0.5842173575390307,-0.8989457324339095,-0.31808461935008403,-0.30351765826956767,0.032774182730387624,-0.0011567644132228123,0.012724077600072367,-0.01657981189064682,-0.5931195649260981
2020-03-12,18.111934661865234,0.20872167849758247,0.21328841286494934,0.20595170717656552,0.2110424751211493,0.6224555996584659,300124.SZ,0.7028282217481605,-0.3112031881978566,-0.3189742075713811,-0.296411573831157,-0.6635019344883828,-1.0546726725922602,-1.0875192598381926,-0.3198874900668686,-0.303379263094504,-0.04125697467385333,-0.029689551171877587,-0.03817234311534329,-0.02968966148700398,1.1627418429501992
2020-03-13,17.53375816345215,0.2020587669836485,0.20497845606419898,0.19764177179466486,0.1998876881196152,0.7418869616691021,300124.SZ,1.413874253747688,-0.42199092373299985,-0.3129187782236372,-0.31039807168902267,-0.942846241131431,-1.5312239063448698,-0.5337680506079822,-0.32206991222773784,-0.3035844705808535,-0.05745134551359413,-0.04279940076823454,-0.042799290453108346,-0.03431649850964244,0.17496377104567915
2020-03-16,16.62425994873047,0.19157775273771455,0.20168442974711534,0.19000560916836431,0.20123525504966516,0.84088212008088,300124.SZ,-1.430309874250422,-0.5826992338041679,-0.30290336723622485,-0.33598462149566005,-1.3399477012503542,-2.004307623607586,-0.08351357689205241,-0.3228479940454943,-0.3048395764535428,0.006940476164210684,-0.01696547357180522,-0.0393291075285661,-0.05398116258905188,0.14804351275809252
2020-03-17,16.416378021240234,0.18918209723438098,0.19502151823318137,0.18551375509961393,0.19082912110234765,0.5535298075313149,300124.SZ,-0.7192638422508947,-0.7209692894871389,-0.2969835697196331,-0.35930592786999715,-1.4249175240468568,-2.156070710510221,0.1606843640429595,-0.32510632649518045,-0.3065146411346257,-0.05359550090789349,-0.03431649850964265,-0.0231347366888253,-0.01233852623404016,-0.3608853426784596
2020-03-18,16.338420867919922,0.1882837264206309,0.19629420486461488,0.18768481254479752,0.1909039799821144,0.10762055456806077,300124.SZ,-0.008217810251367088,-0.8290248587880241,-0.2951704935736057,-0.37912012415381247,-1.457054092324826,-1.9047936917636232,0.058699232582459036,-0.32780114446294684,-0.3085094475225292,0.0003855513660322076,0.006554814483052287,0.011181761820817347,-0.00462694733776506,-0.5697496637143136
2020-03-19,16.18900489807129,0.1865618436728975,0.19202694885401445,0.18132133654993052,0.1913531760984143,0.7663596343378056,300124.SZ,0.7028282217481605,-0.9182591584224228,-0.29481571138642243,-0.3974458056938734,-1.5194606152959078,-1.9360785951440829,0.3950209674324449,-0.33113171177824624,-0.31055197581961763,0.0023135288264456246,-0.021977972275602487,-0.03277429304551382,-0.008868343309497912,0.8853845196124657
2020-03-20,16.104549407958984,0.18558861397938067,0.18925695611414772,0.18132133654993052,0.18850832447878085,0.34736379391672456,300124.SZ,1.413874253747688,-0.9862009897060249,-0.2973214142349539,-0.4133208275734062,-1.5551642623046404,-1.792220991795162,0.3950209674324457,-0.33440534501955005,-0.3127519896938706,-0.014652055060485784,-0.014266503694453576,0.0,-0.005012498703797268,-0.5342970898773534
2020-03-23,15.29899787902832,0.17630543819453834,0.17952459492243036,0.17338572769513813,0.17825190829099682,0.45067679575196,300124.SZ,-1.430309874250422,-1.0980636036815652,-0.300761843709389,-0.43348034556486104,-1.8792645667719068,-1.9347588525382806,0.7874121456175259,-0.33946287140543435,-0.31559148629908645,-0.052824398175829075,-0.05012531798335124,-0.040871368150258026,-0.047811844314468714,0.15373133337714945
2020-03-24,15.591336250305176,0.17967433410081354,0.17997379103873026,0.17593111166743,0.17930000757370526,0.10385979276341435,300124.SZ,-0.7192638422508947,-1.1496142198510928,-0.31545196712052687,-0.44209557193168253,-1.6804189237642566,-1.5887357572220924,0.7488966934010821,-0.3443970428932995,-0.318158963789345,0.0053981052273925694,0.0023135288264456246,0.013109684123667566,0.017351080095400522,-0.43921715307881093
2020-03-25,16.27995491027832,0.18760995366503078,0.1904547838658145,0.18117161879039703,0.18341753511534736,0.48653744844741315,300124.SZ,-0.008217810251367088,-1.1195945978660793,-0.32499592725355564,-0.44790516667020924,-1.2374214390128975,-1.1387353867406744,-0.09180266319730798,-0.34896115375925696,-0.3199103846174085,0.021206814385974975,0.053981052273925696,0.026990581294526046,0.04087142330782112,0.5217335702726137
2020-03-26,16.62425994873047,0.19157775273771455,0.19292531966776452,0.18491481980493082,0.18648698479313075,0.2798395478600887,300124.SZ,0.7028282217481605,-1.0553150575736525,-0.33246168646979934,-0.4518106414214901,-1.02877631631229,-0.9272100339524162,-0.2738858260354157,-0.3523107000041438,-0.32158067738064416,0.015808819473708595,0.012724187915198555,0.019278892083124655,0.020435656496347467,-0.2546406778338476
2020-03-27,17.40382957458496,0.20056148229406504,0.20363091055299876,0.19344935324498144,0.1935242335435979,0.4533997293171252,300124.SZ,1.413874253747688,-0.9278786170121021,-0.33531780002268324,-0.4531439558590808,-0.586556400791276,-0.5506205489492173,-1.0008159585855905,-0.35463545463523616,-0.3226353463194757,0.03624447597005606,0.05513781668714871,0.04395605486633116,0.04626958369277678,0.24626673068054275
2020-03-30,16.88411521911621,0.19457232211688147,0.20026200393729862,0.19314991772591447,0.1995882311816985,-0.018373364102952854,300124.SZ,-1.430309874250422,-0.8630021612098021,-0.34177900167693726,-0.45527359335516326,-0.8250579277164832,-0.6263017063360183,-0.9831218770260055,-0.3585448399388392,-0.32411952063310695,0.031231866951132604,-0.01735113525296382,-0.0015422054641288305,-0.030846425900226588,-0.6038196543580521
2020-03-31,16.70871353149414,0.19255098243123137,0.19861500148818167,0.19240126467169788,0.19719257567836496,-0.5028249633099406,300124.SZ,-0.7192638422508947,-0.8185729873258679,-0.35305205780929255,-0.45510006587818624,-0.9034656246366992,-0.6383372277469237,-0.937778292313018,-0.3631848610936134,-0.32592343665355866,-0.01233852623404016,-0.008482681628339515,-0.0038558446057006444,-0.010410659088752931,-0.6205208312098692
2020-04-01,16.936086654663086,0.19517123599271485,0.19816580537188178,0.19314991772591447,0.19487177905479816,-0.43039650087454046,300124.SZ,-0.008217810251367088,-0.7563873159580096,-0.36837358590074004,-0.4503507454904253,-0.7741732159281439,-0.5675702706331341,-0.9377782923130185,-0.36777743899656856,-0.32820457859263963,-0.011952974868007952,-0.0023135288264456246,0.0038558446057006444,0.01349529064726297,0.11304766266919243
2020-04-02,17.345359802246094,0.1998876881196152,0.1998876881196152,0.19434772405873152,0.19577014986854824,-0.5361391132409403,300124.SZ,0.7028282217481605,-0.6655160249904882,-0.3810014864293232,-0.4450306853697097,-0.546618998729359,-0.4462815701169882,-1.0576511262204333,-0.3716204021187653,-0.330084850760072,0.00462694733776506,0.008868343309497912,0.0061691528018938905,0.02429150110204811,-0.1216540190712148
2020-04-03,17.442806243896484,0.2010106569915152,0.2042298244288321,0.1992887742437818,0.20011228617776514,-0.563870771416136,300124.SZ,1.413874253747688,-0.5797472487564835,-0.39563354847921894,-0.4371543106490823,-0.49304045011201386,-0.2888097351667139,-1.194229173381255,-0.3754728533483726,-0.3318887667805237,0.022363633956760883,0.022363633956760883,0.025448265515270924,0.005783711750987872,-0.01889153552433689
2020-04-07,18.124927520751957,0.2088714176759657,0.21149164981859944,0.2042298244288321,0.2042298244288321,-0.017697956409206263,300124.SZ,-0.7192638422508947,-0.4491883256844026,-0.39991229492838987,-0.4346444115776792,-0.13124991948763443,0.007072599494767468,-0.7357615166712754,-0.37881290877108276,-0.3332965835818188,0.021206869543538072,0.03740113006815248,0.025448265515270924,0.04048587194178892,0.7371029218477438
2020-04-08,18.43675422668457,0.212464900930966,0.21635784112388307,0.2082724823812826,0.20954519043156583,-0.39286180391753467,300124.SZ,-0.008217810251367088,-0.31654332824935943,-0.4043553948812246,-0.4316045657853248,0.02530312491838845,0.2334271898196967,-0.4514426088379241,-0.38261791403410494,-0.3344132929140888,0.02737613266055815,0.025062714149239128,0.020821207862379672,0.01850778935106024,-0.4765579621199407
2020-04-09,17.949525833129883,0.2068500779903156,0.21493541531406635,0.20550251106026562,0.21493541531406635,-0.41701411539547206,300124.SZ,0.7028282217481605,-0.2517880269589902,-0.4099785660337601,-0.42816929279502824,-0.22979558520089718,0.14158502931222905,-0.6484169783299614,-0.38541710661292006,-0.3357638426051483,0.027761684026590565,-0.007326027530242892,-0.014266393379327386,-0.02891844843981317,-0.014176523896815568
2020-04-10,18.3782901763916,0.21179112817536586,0.21995132437888332,0.2037057694327655,0.2064008818740157,0.26340130444113735,300124.SZ,1.413874253747688,-0.16299503332540602,-0.4077206316317988,-0.4295473761849034,-0.01368436669210308,0.30273149728880155,-0.3600041943288993,-0.38675502477462653,-0.33719074844318847,-0.04395605486633137,0.02583381688130272,-0.009253894675529914,0.025448265515270716,0.9139383882655535
2020-04-13,18.742082595825195,0.2159835253061996,0.217480809995783,0.21126707317929924,0.21411190338008299,-0.32485879130726447,300124.SZ,-1.430309874250422,-0.06191052007489474,-0.39871224018849605,-0.4343565642251981,0.16323120029903354,0.45022385450107627,-0.3600041943288987,-0.3862426289677293,-0.33819292355498753,0.03971465889459831,-0.012724077600072367,0.03894355616253369,0.021592420909570482,-0.7572659720488971
2020-04-14,18.90449333190918,0.21785512581346653,0.22189780518476676,0.2157589272480496,0.21635784112388307,-0.1453321899239894,300124.SZ,-0.7192638422508947,0.030510759334249394,-0.38718293080831145,-0.4370414645447323,0.24122876556830067,0.6151975943024015,-0.11068996002298065,-0.3862805841121378,-0.33909965348306087,0.011567423501975949,0.022749185322793502,0.023134736688825094,0.009639446041562532,0.2541261926735482
2020-04-15,18.969457626342773,0.21860375744883337,0.22144860906846678,0.21710647275924985,0.22040049907633352,-0.5875412438226247,300124.SZ,-0.008217810251367088,0.10679713358247933,-0.3767456983937098,-0.4371602642671312,0.27285327063816983,0.6571546877386879,-0.11068996002298091,-0.3869922437484878,-0.34027363129092214,0.020821207862379468,-0.0023135288264460353,0.006940365849084495,0.0038557342905742495,-0.5648754553490872
2020-04-16,19.05391311645508,0.2195770085611999,0.22122403242916658,0.21710647275924985,0.21718135305786637,-0.3977393918085754,300124.SZ,0.7028282217481605,0.17123187727470654,-0.3672312879721173,-0.43543295769416634,0.3148008739796869,0.6924204737082468,-0.1106899600229804,-0.38796010128828645,-0.3412376283292308,-0.01657981189064682,-0.0011566540980964173,0.0,0.005012609018923457,0.2676616029865274
2020-04-17,19.29427719116211,0.22234697988221688,0.22526669038161706,0.22010106355726655,0.22159834824685,-0.4058911229606585,300124.SZ,1.413874253747688,0.23891741453698573,-0.3576440276117642,-0.4319474053321737,0.43456035157814116,0.8638379917011476,0.12231414751985584,-0.38802652346969274,-0.34204891307357826,0.02274918532279309,0.020821207862379672,0.015423268107676594,0.014266393379327386,0.006900764408696468
2020-04-20,19.49566650390625,0.22466777650578368,0.23043233862481732,0.22279617599851678,0.22459291762601694,-0.2197166171999434,300124.SZ,-1.430309874250422,0.3050609246896494,-0.34850820293088147,-0.42658269810412036,0.5340588936777764,1.0156841050197198,0.40374316808795074,-0.387874702892059,-0.34271225744181166,0.015423157792550199,0.026605029928493736,0.013880842013295178,0.011952974868007952,0.26288336237222265
2020-04-21,19.339754104614254,0.22287103487828352,0.22683885536981702,0.22122403242916658,0.22511695120323386,-0.6690343165918095,300124.SZ,-0.7192638422508947,0.3388304238324047,-0.3471968547459481,-0.40900521014327806,0.43469956310585717,0.8716339575460518,0.2696955708167996,-0.38686889020785187,-0.3432038004793386,0.0026989698773516426,-0.01850778935106024,-0.008097130262307307,-0.00925389467553012,-0.5742395513675548
2020-04-22,19.417707443237305,0.2237694056920336,0.22489237456393363,0.2201759224370333,0.22167320712661676,-0.587575519465797,300124.SZ,-0.008217810251367088,0.3667569063051682,-0.3466366626144751,-0.3915640681658769,0.47497445238372094,0.8080562101029811,0.1796012713280536,-0.38610029649750616,-0.34362375928773237,-0.017736576303869635,-0.010025107722720724,-0.0053981603849556645,0.00462694733776506,0.12494316670049005
2020-04-23,19.63208770751953,0.22623992007513394,0.23417553963935112,0.22481751568416689,0.22481751568416689,0.2349983352626142,300124.SZ,0.7028282217481605,0.40139911348311513,-0.3427922439867983,-0.3802022967036746,0.5861931455616907,1.0046682925655372,0.6728316997344552,-0.3846105577581657,-0.3433946908467904,0.016194370839740804,0.047811789156905614,0.023905949736015904,0.012724077600072572,1.1012012410030452
2020-04-24,19.84646987915039,0.22871045587708386,0.2364963362629179,0.22638965925351712,0.22841099893916722,0.03533096993786489,300124.SZ,1.413874253747688,0.4409083035477021,-0.3376148327408327,-0.3710121637541123,0.6962858711030446,1.0036298052427446,0.7867414324384234,-0.3820770484754439,-0.34302722586542916,0.01850778935106024,0.011952974868007952,0.008097130262307307,0.012724187915198146,-0.2453794750741001
2020-04-27,20.301218032836918,0.23395094158120114,0.23702039125898455,0.22683885536981702,0.22683885536981702,-0.14553893623380185,300124.SZ,-1.430309874250422,0.5042392329961416,-0.32739233696247677,-0.3692518195401383,0.9217206649330515,0.9803701200752185,0.8126320800881326,-0.3780348242385602,-0.342091863064916,-0.008097130262307307,0.0026990801924778323,0.0023135288264456246,0.026990470979399755,-0.22061790656146227
2020-04-28,21.30816078186035,0.24555492469903514,0.2510200084613024,0.23043233862481732,0.23567282432893458,0.9019032797663877,300124.SZ,-0.7192638422508947,0.6325129290668666,-0.3111819809476367,-0.3672666715906782,1.3675207622586134,1.239033707041759,1.436383392018529,-0.3711934019933295,-0.3390423863728253,0.04549826033045999,0.07210329025895373,0.01850778935106024,0.059764874340039756,1.3974164522510306
2020-04-29,21.080785751342773,0.2429346711375517,0.24675275245070194,0.23746956595643479,0.2463784366330185,-0.0014551934014150766,300124.SZ,-0.008217810251367088,0.7051458263025394,-0.30226658497908854,-0.35700535465016975,1.207007775328262,1.139691584852451,1.436383392018529,-0.3643804467850967,-0.336751699232694,0.0551379270022747,-0.021977972275602487,0.036244365654930076,-0.01349529064726256,-1.1723396262673194
2020-04-30,21.26918029785156,0.24510572858273527,0.2505708337638522,0.23956576452185155,0.2440576400094517,-0.12860437877058806,300124.SZ,0.7028282217481605,0.768746356761645,-0.2935870951215875,-0.3466527922304792,1.2875077739003364,1.135538544545155,1.5903439952226601,-0.35717845202536863,-0.33448487441251085,-0.011952974868007952,0.01966455376428305,0.010796210454784728,0.011181761820817142,-0.1498525282267474
2020-05-06,21.95779800415039,0.2530413481469525,0.26052779301371953,0.24031441757606822,0.26052779301371953,0.4056992999198799,300124.SZ,-0.008217810251367088,0.8671224545769227,-0.27893829951901417,-0.3419524846871109,1.5669901871460155,1.2528464259823484,1.9567598375174675,-0.3487524018223934,-0.3319221688400999,0.08482747817415229,0.05128208239657405,0.0038558446057010555,0.04087142330782112,0.7214679134302522
2020-05-07,21.95779800415039,0.2530413481469525,0.256784570580336,0.24854949407820215,0.25296648926718573,-0.23316017992260224,300124.SZ,0.7028282217481605,0.9330108623704547,-0.2676049465188463,-0.33383992718119787,1.5669901871460155,1.2039017006825012,1.956759837517468,-0.34020299807878224,-0.3292687900018104,-0.03894355616253389,-0.01927900239825105,0.042413739087076144,0.0,-0.823919667409495
2020-05-08,22.425537109375,0.25843157302945297,0.2618753385249198,0.25169380263575225,0.2544637739567692,-0.0647376579200397,300124.SZ,1.413874253747688,1.0125072358594307,-0.251849918371567,-0.3319066048068834,1.7484626219350445,1.2729724028563694,2.1317794620299777,-0.3297937909017737,-0.3265772330900305,0.0077115788962750995,0.026219368247335544,0.0161943708397406,0.027761684026590357,0.23949898055322325
2020-05-11,22.26962280273437,0.2566348314019528,0.26254911128051994,0.2546134917163027,0.2575332022157029,-0.3502338965971012,300124.SZ,-1.430309874250422,1.0486763138420951,-0.23964630466725736,-0.32803655013848587,1.6300468006659459,1.2042349322488008,2.1545261781819263,-0.3200393106445026,-0.32415292269268314,0.015808709158582405,0.0034701829245422475,0.015037496111391801,-0.00925389467553012,-0.3584403686006209
2020-05-12,22.984228134155277,0.2648699079040867,0.26636719259367014,0.253191065906486,0.2597042596608865,-4.149381599016967e-05,300124.SZ,-0.7192638422508947,1.1245822340185723,-0.22547630490136564,-0.3207799557804159,1.8982602559034951,1.2202298517258192,2.2824708754544707,-0.31024687524282285,-0.3215234061743417,0.011181761820817347,0.019664553764282847,-0.007326027530242892,0.042413739087075936,0.4789413072941721
2020-05-13,23.0232048034668,0.2653190826015369,0.26629233371390343,0.2564102333438028,0.26299830739681984,-0.10833047239049615,300124.SZ,-0.008217810251367088,1.1732493871960143,-0.21262951527462545,-0.3138209492409094,1.9123198696086474,1.1412419160011447,2.28247087545447,-0.3009004134666342,-0.3185073370032498,0.01696558388693141,-0.0003855513660322076,0.016579922205772805,0.0023134185113196405,-0.12500830332882654
2020-05-14,22.873788833618164,0.2635972212726532,0.26569341983807004,0.2603031949555696,0.26277370933866995,-0.49752350451688016,300124.SZ,0.7028282217481605,1.183985763418024,-0.20259657813255738,-0.3060018786860752,1.7949099293970276,1.04484908170493,2.2824708754544707,-0.29291084878173923,-0.31565829587966115,-0.0011567644132226068,-0.0030846315585098343,0.020050215445441652,-0.008868232994371722,-0.4950383648843463
2020-05-15,22.76984596252441,0.2623993935209864,0.26689124758973687,0.26150102270723635,0.26352234097403676,-0.49659109777751465,300124.SZ,1.413874253747688,1.1687524495419899,-0.19510011937704264,-0.29647932176562813,1.7125458052019529,0.9611379100789743,2.324861130008962,-0.2843139990715428,-0.3133007977935995,0.0038557342905742495,0.006169263117020285,0.00616926311702008,-0.006169263117020285,0.018867142467853752
2020-05-18,22.82181930541992,0.26299830739681984,0.26719070452765353,0.26045291271510307,0.26292344851705307,-0.055369346269859517,300124.SZ,-1.430309874250422,1.1466168277665185,-0.18912194254484518,-0.28524455335772897,1.7336741916628924,0.8751995229261094,2.2108352814865784,-0.27538504116908097,-0.31114373391068445,-0.00308452124338385,0.0015423157792548144,-0.0053981603849556645,0.0030846315585102454,0.5988526972749552
2020-05-19,23.172622680664062,0.26704098676812005,0.26996069726752026,0.2631480251563533,0.26584313759760353,-0.41586847591979736,300124.SZ,-0.7192638422508947,1.1447612915243641,-0.18253912602968284,-0.2734565035619554,1.8750518954275148,0.8885658838739635,2.3137169345419673,-0.2662757956519875,-0.3088721358072984,0.015037496111391801,0.014266503694453576,0.013880842013295178,0.020821318177505863,-0.4572403823868579
2020-05-20,22.76334953308105,0.2623245346412197,0.2666666495315869,0.2620250562844533,0.26569341983807004,-0.5506200945340385,300124.SZ,-0.008217810251367088,1.094120995903204,-0.17988476745145393,-0.26015148994113835,1.5421432592042383,0.7295881893232772,2.188286860902593,-0.2583621385411434,-0.30682483422700674,-0.0007711027320644152,-0.01696558388693141,-0.005783711750988078,-0.024291501102048318,-0.1598670823283128
2020-05-21,22.6918888092041,0.26150102270723635,0.26719070452765353,0.25790751803338635,0.26352234097403676,-0.2955464251338959,300124.SZ,0.7028282217481605,1.034589338911348,-0.1786303804166759,-0.24650138266276603,1.484984815823501,0.6327214019812685,1.7380805859152981,-0.2506951912263372,-0.30490638398608405,-0.011181872135943537,0.0026990801924778323,-0.021206869543537864,-0.004241395971732647,0.35364304148775655
2020-05-22,22.33458709716797,0.25738348445616943,0.26277370933866995,0.25453863283653594,0.26209993658306974,-0.2253227332038305,300124.SZ,1.413874253747688,0.9444402923515417,-0.18192683784568678,-0.22848739263918494,1.2026234921849746,0.4683785794044239,1.3859041790776334,-0.24454645240263534,-0.30349379390158604,-0.007325917215116703,-0.022749185322792884,-0.017351024937837425,-0.021206869543538072,0.11014335653516173
2020-05-25,22.47750663757324,0.25903048690528635,0.2615758815870031,0.2535654031430191,0.26090210883140297,-0.2741739912179479,300124.SZ,-1.430309874250422,0.8739074442375062,-0.1868132997506416,-0.20830874409229708,1.2701852982733333,0.4292964187168356,1.2853561688348993,-0.23864442337497155,-0.30243912359739883,-0.00616926311702008,-0.006169263117020285,-0.005012498703797472,0.008482681628339515,-0.04671201988406475
2020-05-26,23.10765838623047,0.26629233371390343,0.27063447002312035,0.2581321160915363,0.26209993658306974,-0.009688312136489026,300124.SZ,-0.7192638422508947,0.8610183921416749,-0.19023126701213566,-0.18787933869347095,1.553774157094201,0.622576273087018,1.6965721747190303,-0.23111032042297794,-0.30005776319138905,0.00616926311702008,0.04665513505880899,0.023520288054857712,0.03740124038327867,0.36604131939689105
2020-05-27,22.328096389770508,0.25730862557640266,0.268687989217237,0.2561107764058862,0.2676398792251037,-0.1667337103419124,300124.SZ,-0.008217810251367088,0.7734492295090645,-0.19927889901593424,-0.16557392323612258,0.9693029519678383,0.43954879452032036,1.491023476491444,-0.22534113304336065,-0.2978291150793407,0.028532786758654567,-0.010025107722720724,-0.010410659088752931,-0.04626947337765039,-0.18923429341025194
2020-05-28,21.983783721923828,0.25334080508486917,0.26007859689741963,0.24847461377958563,0.25693428833986953,0.0358113068894932,300124.SZ,0.7028282217481605,0.6654152458451731,-0.20813350687000304,-0.14727286531494935,0.7312823239087507,0.16483707812488244,0.7620765029091574,-0.22060622538494837,-0.2951900533599489,-0.0551378166871483,-0.04434160623236337,-0.0393291075285661,-0.020435766811473657,0.2844479545900997
2020-05-29,22.432035446166992,0.25850645332806943,0.26075236965301973,0.25251729315088584,0.25341566396463594,-0.24427525208927242,300124.SZ,1.413874253747688,0.6100384392207973,-0.21017678341895785,-0.13957092044435812,0.9452510258932388,0.2619181810783753,0.796094187316882,-0.21545380842327697,-0.2926178025864875,-0.01812223798502803,0.003470182924542042,0.020821318177505863,0.026605029928493736,-0.35131429090097543
2020-06-01,22.945247650146484,0.2644207117877868,0.26861313033747025,0.25738348445616943,0.25903048690528635,-0.06308423366692936,300124.SZ,-1.430309874250422,0.6020775582109076,-0.21349595754330625,-0.1268761177085924,1.175580008401715,0.48759016273163247,1.1734803821440212,-0.20964666589925107,-0.29005509701407656,0.02891844843981317,0.04048587194178912,0.025062714149238715,0.030460653903942002,0.2563187005125518
2020-06-02,22.009769439697266,0.25364026202278583,0.2680142164616368,0.2524424342711191,0.26539396290015344,0.048307919621799096,300124.SZ,-0.7192638422508947,0.508049674597109,-0.21847690183205543,-0.1175550274124321,0.5627768525853505,0.22815645720512862,0.7304150810872454,-0.20532926482933184,-0.28837048849729874,0.03277429304551402,-0.0030846315585102454,-0.025448265515270924,-0.05552336805318092,0.16437386014688252
2020-06-03,22.555465698242188,0.25992885771903645,0.2631480251563533,0.25154406345736907,0.25453863283653594,-0.13144563841068882,300124.SZ,-0.008217810251367088,0.47373372711301953,-0.21939200436936235,-0.11365953933359614,0.8095084092739963,0.21016651920371893,0.6516225205473758,-0.20056589013392154,-0.28600821849338987,-0.05590902973433932,-0.02506271414923851,-0.0046269473377648545,0.03238863136435583,-0.2191473604250341
2020-06-04,22.76984596252441,0.2623993935209864,0.2649447667838534,0.25888076914575286,0.2620250562844533,-0.23857088379350283,300124.SZ,0.7028282217481605,0.4583915468454672,-0.2201705763229843,-0.10890969738157956,0.9030174349764228,0.3903435218812289,0.74286187388961,-0.19578353650892413,-0.2835266409858068,0.03855789448137529,0.009253894675529914,0.03778679174931088,0.012724187915198146,-0.12347533768055242
2020-06-05,22.308603286743164,0.25708402751825277,0.2623245346412197,0.25453863283653594,0.26165074046676984,-0.4322742189280913,300124.SZ,1.413874253747688,0.4005830975362209,-0.2200256604710657,-0.10963198787418596,0.6153933002160664,0.12626098135389502,0.35875923684081146,-0.19144715650941746,-0.28083985599187444,-0.001927867145287022,-0.013495180332136782,-0.022363633956760883,-0.027376132660557738,-0.2375231610391849
2020-06-08,22.484006881713867,0.25910536720390276,0.2682387931009371,0.25708402751825277,0.25977913995950297,0.061513601187461076,300124.SZ,-1.430309874250422,0.3643509782094131,-0.22027585879458744,-0.1083258585367782,0.695724499578688,0.33039877038628984,0.6658156660780675,-0.18696844403968763,-0.2782007929071271,-0.009639446041562121,0.030460653903942207,0.01310973928123097,0.01041065908875252,0.6680970722021388
2020-06-09,22.4580192565918,0.2588058888471364,0.2618753385249198,0.25588619976658594,0.2581321160915363,-0.4273266459090592,300124.SZ,-0.7192638422508947,0.32829475282709447,-0.22195263474648996,-0.10885558181236096,0.6792135117915589,0.09487630014145972,0.5608905274086786,-0.18284081869181046,-0.27537561410348665,-0.00848279194346591,-0.032774182730387624,-0.006169263117020285,-0.0015424260943810038,-0.6263019213300561
2020-06-10,23.33503532409668,0.26891258727538697,0.27018527390682046,0.25633537446403615,0.2585813122078362,0.018425772089320624,300124.SZ,-0.008217810251367088,0.3696471548852544,-0.21919992930719706,-0.11059659557138604,1.0690194076980823,0.6852791333204307,0.9667515328033486,-0.17774533580413474,-0.27153871362164117,0.0023135288264456246,0.042799290453108346,0.002313418511319435,0.052053295443764656,0.6048208660473605
2020-06-11,22.464513778686523,0.25888076914575286,0.27400335521997077,0.2564102333438028,0.27377875716182076,0.38524978207716,300124.SZ,0.7028282217481605,0.322433199941924,-0.22026219006160472,-0.11129118447132569,0.5368686607905907,0.454294816323345,1.138601134572444,-0.17458556528129032,-0.2679165658271956,0.0782725533759738,0.019664553764283256,0.0003855513660320021,-0.05166763376260626,0.5008498364188199
2020-06-12,22.022764205932617,0.25379000120116907,0.25918022608366953,0.25169380263575225,0.2520681184534357,0.0008290528980483507,300124.SZ,1.413874253747688,0.24286224896562025,-0.22008478699175402,-0.11503151366522463,0.2883023620752251,-0.6990737238727532,0.7283461315255286,-0.17354179745267476,-0.2639508140059814,-0.11181794915355203,-0.07634468623068699,-0.024291390786921715,-0.02621936824733534,-0.48875189257819057
2020-06-15,22.01626205444336,0.2537151209025526,0.2582818552699195,0.2512446065194523,0.25453863283653594,-0.30239650118351385,300124.SZ,-1.430309874250422,0.175894464541872,-0.22052398258782605,-0.11832804320316302,0.2846657298035081,-0.8964143335940863,0.6898274232567368,-0.1721754122539703,-0.2598371231740087,0.012724077600072367,-0.0046269473377648545,-0.00231352882644583,-0.00038566168115860254,-0.38179488978859316
2020-06-16,22.64641571044922,0.26097696771116974,0.26501964708246994,0.2546883720149192,0.2575332022157029,-0.24888075145831762,300124.SZ,-0.7192638422508947,0.17375311738509955,-0.22389012082825202,-0.11688425889262279,0.5758865275487416,-0.0639994278543016,1.0071201122256888,-0.1701637868855562,-0.25520325506671365,0.015423157792550199,0.034702160190801044,0.01773668661899603,0.03740124038327908,0.0881342726349466
2020-06-17,21.931812286376957,0.2527418912090358,0.26412127626871984,0.2507954104031524,0.26412127626871984,-0.09996960519252289,300124.SZ,-0.008217810251367088,0.1079659902612774,-0.22426078322758977,-0.12038373861385494,0.17836322726803044,-0.9038005313326584,0.6738328090635973,-0.17020174202996463,-0.25098457384996486,0.033931057458736626,-0.00462694733776506,-0.020050215445441652,-0.042413739087076144,0.21379698204654915
2020-06-18,22.003271102905277,0.2535654031430191,0.25708402751825277,0.2507954104031524,0.2549129700730691,-0.04984243294740649,300124.SZ,0.7028282217481605,0.059970293719627595,-0.22489239482797566,-0.12290247934431679,0.21202661865721611,-1.3122750533819614,0.6738328090635973,-0.17013531984855834,-0.246651358412745,-0.04742623779087341,-0.03624447597005585,0.0,0.004241395971732647,0.083670558004684
2020-06-19,22.60743904113769,0.26052779301371953,0.26479504902431994,0.25266703232926907,0.254014599259319,0.3284318267615513,300124.SZ,1.413874253747688,0.07180240508919102,-0.22424080413825598,-0.12237331689814517,0.4895683192312099,-0.2826768377717018,1.035621468058011,-0.16986963112293302,-0.24128256102540538,-0.00462694733776506,0.039714658894597896,0.009639556356688722,0.03585892460402406,0.5159330527539271
2020-06-22,23.02970123291016,0.26539396290015344,0.269810958089137,0.2586561710876029,0.2620250562844533,-0.029295345594540608,300124.SZ,-1.430309874250422,0.11489065561895574,-0.22139805944717855,-0.12308278462600585,0.6730863193032062,0.6862691024606541,1.2519034858602183,-0.16875944111291113,-0.23581831913701762,0.041256864358726934,0.025833816881303335,0.030846315585100398,0.025062603834112733,-0.45358893088553
2020-06-23,23.30255126953125,0.26853827145770354,0.2713082427787205,0.26277370933866995,0.2657682787178368,0.03386483271507672,300124.SZ,-0.7192638422508947,0.16925864885871986,-0.21957198430366165,-0.12429432090779532,0.7885881525285381,1.1282088100957735,1.3148209000352773,-0.168294488557833,-0.23065950183655262,0.01927900239825105,0.0077115788962750995,0.021206869543538277,0.0161943708397406,0.10083871195376928
2020-06-24,24.010656356811523,0.276698467661221,0.2790941231645545,0.2688377283956202,0.2732547021657541,0.8040878316389357,300124.SZ,-0.008217810251367088,0.2688917669913552,-0.20671377067738333,-0.13135811991981153,1.073509261324367,2.1025712112385073,1.6257734126481997,-0.16685219035554572,-0.2252334380216552,0.03855789448137529,0.040100210260630514,0.03123197726625859,0.04202807740591795,1.0322403621873002
2020-06-29,24.017152786254883,0.27677332654098774,0.27991763509853784,0.2717574388950204,0.27422795327812066,0.020356815396492187,300124.SZ,-1.430309874250422,0.3431353704619458,-0.19689675689542321,-0.1332101807030819,1.0760518302706028,1.9898273976614065,1.6572300142385454,-0.1651821640015737,-0.22037527475662108,0.0050126090189236625,0.004241395971732852,0.015037606426517991,0.0003855513660322076,-1.0147564419376354
2020-06-30,24.62781524658203,0.28381057529145487,0.2856821972175715,0.2770727834789044,0.2770727834789044,0.014420710979354231,300124.SZ,-0.7192638422508947,0.4480649677045162,-0.1814452571257268,-0.14087637005096143,1.3103915001480657,2.368348710610891,1.8717638214517685,-0.16246836981898607,-0.21468673634513877,0.014651944745359594,0.029689661487003773,0.02737602234543196,0.03624447597005585,0.009819371266622703
2020-07-01,25.01110076904297,0.2882275704804385,0.29092268292168877,0.28081600591228795,0.28440948916728825,-0.009027379415556251,300124.SZ,-0.008217810251367088,0.5564873514719598,-0.16507068154835705,-0.15023533441315104,1.4499899158562097,2.3519170226457766,2.054421039309253,-0.15927064686649914,-0.20858778296095754,0.03778679174931108,0.02699047097939996,0.019279002398250842,0.02274918532279309,-0.013248865618459598
2020-07-02,24.614822387695312,0.2836608575319214,0.28882648435627184,0.2755006399095542,0.2856821972175715,0.2009693811316718,300124.SZ,0.7028282217481605,0.600057084286436,-0.15543157668794885,-0.14917597545967703,1.1992974634788347,1.6758290338611852,1.5742737082181286,-0.15716413499444695,-0.2029469664586603,0.006554924798178477,-0.01079621045478555,-0.02737613266055815,-0.0235202880548573,0.2942640074486622
2020-07-03,24.536869049072266,0.2827624867181713,0.285607316918955,0.2755006399095542,0.28343625947377143,0.08501037392018407,300124.SZ,1.413874253747688,0.6194141541357066,-0.14725557867070005,-0.14935677796755462,1.1503285082780235,1.3178155044904325,1.5742737082181275,-0.1545736943524953,-0.1976640697366739,-0.011567423501975744,-0.016579922205772805,0.0,-0.004626947337765265,-0.13511189967351508
2020-07-06,25.244970321655277,0.29092268292168877,0.2923451087315055,0.277596838474971,0.2826876064195548,0.20984882105851738,300124.SZ,-1.430309874250422,0.6864870843666507,-0.13394414427263754,-0.1532018809633962,1.4175423682863055,1.504470167067535,1.825220854097784,-0.15084459937828995,-0.19193258133385388,-0.0038558446057006444,0.034702160190801044,0.010796210454784934,0.04202807740591795,0.18208643096225524
2020-07-07,25.985557556152344,0.29945721636173933,0.30574581205798984,0.2904735082242385,0.2904735082242385,0.16355799455627804,300124.SZ,-0.7192638422508947,0.7929447230454224,-0.11559607258054538,-0.15724710187385815,1.6727567368176683,1.902732873733119,2.258925164246102,-0.14551189751675297,-0.18615814293969613,0.0401003205757565,0.06901865870044348,0.06631968882309204,0.04395605486633095,-0.04333920764455062
2020-07-08,28.532146453857425,0.3288040391152747,0.3288040391152747,0.32274002005832436,0.3279056683015246,0.5417004091119175,300124.SZ,-0.008217810251367088,1.0827655032488277,-0.0690992996187101,-0.18296182407165157,2.3734330404314745,2.740284632403736,2.837008293626064,-0.13666833801051864,-0.17874204465474278,0.19278969303713006,0.11875853563288911,0.16618466310863633,0.15114716699724431,0.5157593754090071
2020-07-09,31.384057998657227,0.3616694434063442,0.3616694434063442,0.3419801443836092,0.34737036926610965,1.9251292076399298,300124.SZ,0.7028282217481605,1.5389322728965078,0.005114674116472535,-0.2274456209522936,2.92646620607053,3.000827283530008,3.415180991006845,-0.12457961501474452,-0.16887300446535755,0.10025052565157629,0.16926918435201999,0.09909387155347966,0.16926918435201999,1.8400057785443882
2020-07-10,31.475006103515625,0.3627175533984775,0.36758374470376104,0.3503649600641263,0.36758374470376104,1.4542098645031725,300124.SZ,1.413874253747688,1.8852263855990639,0.06188399821300972,-0.2552680610716182,2.9415053473519412,2.4917756941734948,3.4991848538724755,-0.111219393323904,-0.15925212175365955,0.10410648057240313,0.03046087453419438,0.04318495213426675,0.0053981603849556645,-0.6026950238449085
2020-07-13,32.00770950317383,0.36885640991634483,0.3761182567249619,0.3594983859611606,0.3594983859611606,0.5335270337787874,300124.SZ,-1.430309874250422,2.1790917655364255,0.11341121739521083,-0.27033063523775464,3.0291372004932504,2.1889536462730437,3.614341434306154,-0.09657818483058664,-0.14950716098579578,-0.041642636355011725,0.043955944551204974,0.04704057610971501,0.03161741831716481,-1.19516070347149
2020-07-14,32.73530960083008,0.37724124701571166,0.3952835435893297,0.3657870030762609,0.37132694571829483,1.639948755516,300124.SZ,-0.7192638422508947,2.445120400746585,0.16252957028659185,-0.2770491154205608,3.1435692884565767,2.014969052043095,3.842808153111499,-0.08152895514142078,-0.13934701059667445,0.06092152843813638,0.09870843050257365,0.03238874167948161,0.043185062449392936,1.475109137217409
2020-07-15,32.85918426513672,0.3773160844766287,0.39004303646636274,0.37132694571829483,0.37432151509746175,0.9300629055340219,300124.SZ,-0.008217810251367088,2.624930377816327,0.20300282590308885,-0.27360698023505625,3.1445785271220505,1.6574694697617696,3.8428081531114966,-0.06721985212560293,-0.12922981156424637,0.015423157792550199,-0.02699058129452594,0.028532786758654772,0.00038544105090601815,-0.9174814789336172
2020-07-16,32.79398727416992,0.3765674528412618,0.40344373979284714,0.365337806959961,0.37566910344636145,1.9136375813455795,300124.SZ,0.7028282217481605,2.729058872777105,0.23736643077514327,-0.26631487837329865,3.105905409627531,1.4166977364008337,3.9854287410735605,-0.05163925041471869,-0.11922237483444205,0.0069405864793368735,0.06901865870044369,-0.030846315585100398,-0.003855734290574455,1.3132848438652704
2020-07-17,32.624473571777344,0.37462099345422817,0.3877970987225627,0.34811902232032627,0.37896310834459535,1.2124521459191366,300124.SZ,1.413874253747688,2.7638589654805936,0.26248562811604775,-0.2456427922144831,3.0034895601751606,1.0554217482074622,2.9181580901335256,-0.037102413817683956,-0.10951558940935739,0.01696536325667903,-0.08058608220241943,-0.08868321246472674,-0.010024997407594535,-0.9060205730020885
2020-07-20,33.96100997924805,0.38996815616774627,0.39925134266201345,0.36354106533246083,0.3897435581095963,0.975121788949093,300124.SZ,-1.430309874250422,2.8716758781461156,0.2922824631860952,-0.224474950493764,3.2219092287953615,1.1048243506760878,3.0824603568156417,-0.020933508725851695,-0.09897843156853575,0.05552336805318071,0.05899366129284915,0.07942931778919662,0.07904365610803822,-0.294992283934117
2020-07-21,34.40434646606445,0.39505894553117976,0.40037429011506376,0.38203255802237873,0.39004303646636274,0.40260664004439956,300124.SZ,-0.7192638422508947,2.959717543363203,0.32080218046724773,-0.20258324370867106,3.2886484418099857,1.0645741801147717,3.0981020378709347,-0.0034456589723680904,-0.08800222451721962,0.0015424260943812094,0.005783601435861683,0.09523813726290521,0.026219478562461526,-0.7365254253173782
2020-07-22,33.75238037109375,0.38757250066441273,0.3990267446038635,0.38465281158386233,0.39213921361292986,0.3930098013470126,300124.SZ,-0.008217810251367088,2.9383671262257374,0.33941508554269595,-0.17418764674025858,2.908735622855377,0.9180170563619656,3.098102037870937,0.012837111552689507,-0.07756051186012386,0.01079610013965895,-0.006940365849084495,0.013495290647263382,-0.038558004796501684,0.004997149180714688
2020-07-23,33.882774353027344,0.3890698067728459,0.39348680196182956,0.3818079599642288,0.3818079599642288,0.33573574783142135,300124.SZ,0.7028282217481605,2.897907869546402,0.3542102303115917,-0.14200804465849587,2.931339403174545,0.7979091016915558,2.9247741590178586,0.029347618373729893,-0.06718083686575523,-0.05320983922673509,-0.028532786758654772,-0.014652055060486195,0.007711689211401289,-0.05780722302717047
2020-07-24,31.62044334411621,0.36309186921616093,0.391390581977563,0.35942350566254416,0.38525172545969566,1.8275076695256443,300124.SZ,1.413874253747688,2.6400064885542824,0.35485476828142803,-0.1073072181373627,1.7619667946761515,0.5418716771310427,1.687061991964197,0.041284520791870234,-0.05861462445824444,0.017736686618995825,-0.010796320769911329,-0.11528835270834667,-0.1337961420594069,1.9827243047720853
2020-07-27,31.50960922241211,0.36181920400357714,0.3689312902149613,0.35642895770222693,0.36451429502597765,0.3426682356366349,300124.SZ,-1.430309874250422,2.3971564198307647,0.35118131898034644,-0.0681151242604057,1.7107897293143122,0.3976002815869152,1.5367665503838046,0.054331615934798655,-0.05046359621056877,-0.10680556076488096,-0.11567379375925269,-0.015423047477424009,-0.006554704167926098,-1.9383144599102717
2020-07-28,32.83310317993164,0.3770166489575617,0.3865992709708959,0.36196892176311063,0.3667602327697777,0.7516526522899257,300124.SZ,-0.7192638422508947,2.2905142871974524,0.3515257470644963,-0.030267953589591584,2.003702100873414,0.5034886405700241,1.896576961770945,0.06995017279009119,-0.04208350088730653,0.011567423501975744,0.09099674129117236,0.028532897073780962,0.0782725533759738,0.5563870124629583
2020-07-29,33.52418899536133,0.38495224710292925,0.38555116097876263,0.3714018260169113,0.37507018957052807,0.5558355614554781,300124.SZ,-0.008217810251367088,2.2381671382886488,0.35221402619110637,0.008621481409662145,2.144317510748039,0.5257875507309999,1.896576961770944,0.08658403043700161,-0.03303051736011614,0.04279940076823454,-0.0053981603849556645,0.04858300220409622,0.04087131299269493,-0.24030757494080832
2020-07-30,32.59187698364258,0.37424667763654473,0.3922889742101628,0.37102751019922786,0.3892195245323794,0.566509693176716,300124.SZ,0.7028282217481605,2.0912718583230476,0.339892389031179,0.06018981968867923,1.7228966777332693,0.4699969511455906,2.02675098594781,0.10094057941940471,-0.024798361047612436,0.07287439299101814,0.03470227050592723,-0.0019278671452872276,-0.05513770637202232,0.031699748651777986
2020-07-31,32.71575164794922,0.37566910344636145,0.3839790174094124,0.36795806052144453,0.3773160844766287,0.22187561167793707,300124.SZ,1.413874253747688,1.9615516840392824,0.31799273744642764,0.12389956268472255,1.7502757145621386,0.39740150824775544,1.8675513940061823,0.11652118384505486,-0.016981391625654915,-0.06130719011929478,-0.04279940076823454,-0.015808819473708186,0.007326027530242892,-0.4363416282758908
2020-08-03,34.33915328979492,0.3943103138958129,0.3990267446038635,0.37581882120589494,0.3785887925269119,0.8092760852200844,300124.SZ,-1.430309874250422,1.9739438594445327,0.29722216683137026,0.1905914730406144,2.0866867933632145,0.538370013144436,2.153986589104224,0.13436012072039127,-0.007976128642293953,0.006554924798178477,0.0775014506439094,0.0404858719417885,0.09600923999496963,0.7914114048784422
2020-08-04,33.9023323059082,0.3892943619932965,0.4017967159248805,0.37986150057719514,0.4016469981653471,0.7061118615252325,300124.SZ,-0.7192638422508947,1.9228048244137865,0.2624356343018946,0.2680959917654199,1.8946366089010556,0.519181100830338,2.2039281502589714,0.15068084367509124,0.0003657872421221319,0.11875842531776314,0.014266393379327386,0.020821318177505863,-0.025834037511555098,-0.1182575521751942
2020-08-05,34.41738510131836,0.39520866329071325,0.3979037971508132,0.3845030938243288,0.39161518003571294,0.2645400478212734,300124.SZ,-0.008217810251367088,1.9032041505362882,0.24632731717039538,0.31416453629310737,1.9989583237216644,0.5273794510374297,2.203928150258972,0.1671344137073699,0.00919924752942103,-0.05166763376260667,-0.02004999481518907,0.023905949736015904,0.03046087453419397,-0.5640360298389169
2020-08-06,33.66762161254883,0.3865992709708959,0.3948343474730298,0.37319856764441145,0.3948343474730298,0.5587833350464729,300124.SZ,0.7028282217481605,1.8012645270194076,0.246303647523773,0.32442278861395607,1.673595254016851,0.3984869935796605,1.613492791634895,0.1820982422855422,0.016958948475787314,0.01657992220577301,-0.015808819473708595,-0.05822255856078474,-0.04434160623236337,0.40524050301116327
2020-08-07,33.732818603515625,0.3873479026062628,0.39887702684433,0.38158336190607883,0.38727306514534576,0.3189867021660148,300124.SZ,1.413874253747688,1.7050943104545382,0.24570653244645727,0.3352280393272786,1.6879079619733182,0.45379728267335095,1.6990617595866002,0.19612268036091368,0.024737738458898987,-0.03894344584740771,0.020821318177505863,0.043184841819140556,0.003855734290574455,-0.29824106662487676
2020-08-10,34.052284240722656,0.39101626615987956,0.39827811296849663,0.3826314718982121,0.38847089289701253,0.06202664338426778,300124.SZ,-1.430309874250422,1.6361053532693783,0.2480308745896424,0.341606622240098,1.758886523210097,0.4671424009432752,1.6990617595866002,0.21060258288395256,0.03286013110342343,0.00616926311702008,-0.00308463155851004,0.0053981603849556645,0.018893451032218636,-0.3208501513370865
2020-08-11,34.47606658935547,0.39588245746516315,0.417443356995165,0.39206437615201284,0.39273812748876324,0.8484506873518178,300124.SZ,-0.7192638422508947,1.598045597767025,0.25384145877911435,0.34246862083059876,1.85220453944427,0.6771520042692892,2.0849107604655277,0.2248073112887219,0.04136907776605449,0.021977861960476297,0.09870820987232128,0.04858300220409622,0.025062714149239128,1.0535817192057513
2020-08-12,32.98957443237305,0.37881339058506186,0.39475946717441335,0.37057831408292796,0.39303760584552966,0.6224715084729263,300124.SZ,-0.008217810251367088,1.4226382462265046,0.25381670422090563,0.3431119974332185,1.21591657304083,0.2327823421323089,1.0652683219194634,0.23628875468872695,0.048751769895364915,0.0015424260943812094,-0.1168305581724755,-0.11066129505545541,-0.08791210973266274,-0.28003957294726406
2020-08-13,34.26091384887695,0.3934119216632131,0.39663108910052997,0.3782893141701455,0.3835298212931125,0.15879770856756809,300124.SZ,0.7028282217481605,1.3755178973638233,0.2574826156321246,0.34574205631678423,1.5091489437015022,0.419883336319093,1.1068607880084942,0.2501993273308731,0.05680735022860349,-0.048968663885254615,0.009639556356688516,0.03971454857947212,0.07518792181746377,-0.5931505947987016
2020-08-14,35.864749908447266,0.4118285340545146,0.41437395015508105,0.3903424719854297,0.39161518003571294,0.8442155287966506,300124.SZ,1.413874253747688,1.4576446043200926,0.27407972525933566,0.3416224458796457,1.8376396209276675,0.9219560305546155,1.479465782299392,0.26655800814474745,0.06633755967442316,0.041642636355011725,0.09138240297233076,0.06207829285135919,0.09485247558174682,0.9205279639649669
2020-08-17,36.02122497558594,0.41362527568201474,0.41834174922776485,0.40359345755238063,0.40786073498183084,0.39116990940166385,300124.SZ,-1.430309874250422,1.5173431271095021,0.28882376929966047,0.33410681385246793,1.86788986370932,1.240537289269198,1.557480396383893,0.282110142818634,0.07603479853310183,0.08367071376092947,0.020435656496347876,0.06824755596837927,0.00925389467553012,-0.5791502760466277
2020-08-18,36.28201675415039,0.4166198450611816,0.435710251626933,0.40396777337006406,0.41879090250636536,1.1503331414795095,300124.SZ,-0.7192638422508947,1.5676365299429424,0.3028976782521867,0.3265137932227059,1.918920633169081,1.6129204328970677,1.878522729145091,0.2969601059635808,0.08618540235581716,0.05629447078524554,0.08945431519679074,0.0019278671452872276,0.015423157792549788,1.0176715222041337
2020-08-19,36.99917984008789,0.42485492156331556,0.43219164867054916,0.412128012411281,0.4147482659727645,0.3997262570107973,300124.SZ,-0.008217810251367088,1.6486944400611931,0.32425551139137865,0.31686344998044536,2.056760467326296,1.7522402423146268,1.878522729145091,0.3091342273555826,0.09675596635228174,-0.020821097547253895,-0.01812212766990184,0.04202829803617012,0.04241373908707655,-0.9711225948491904
2020-08-20,35.10195541381836,0.4030694239751637,0.4309189406202659,0.4027699456183973,0.4214860363664652,0.38695653158389104,300124.SZ,0.7028282217481605,1.5312001882913664,0.32839316111635175,0.317774967016352,1.3077716643824624,1.1322001908216863,1.4538870517275033,0.3143815335356581,0.10547489241910951,0.03470204987567485,-0.006554924798178477,-0.0481975611531902,-0.11220350051958425,0.0008175602535087674
2020-08-21,36.07990264892578,0.4142990698564646,0.4162455292434982,0.39812839520896315,0.4032191417346972,0.03491843321267111,300124.SZ,1.413874253747688,1.5033336238567918,0.3334105450663624,0.3329278785334268,1.5104669964076542,0.9334140425384487,1.2493438343401422,0.3209193146256211,0.11548232914891385,-0.0940813728496824,-0.07557358349862216,-0.023905729105763524,0.05783689687962634,-0.4460948119143087
2020-08-24,36.621036529541016,0.4205128066729484,0.4279992515397154,0.4020961942816469,0.422234668001832,0.034099504797912045,300124.SZ,-1.430309874250422,1.5089582935585066,0.338605103574837,0.3509460546001982,1.6181161196995448,1.1807140698337506,1.4867692987408225,0.3274665865377609,0.12613879449340953,0.09793710714025644,0.06053608738723036,0.020435656496347467,0.03200307999832321,0.01656013889602608
2020-08-25,37.46859359741211,0.43024514644581613,0.433164878364066,0.4130263618061814,0.4169941608788651,0.04121122280895708,300124.SZ,-0.7192638422508947,1.566746802955801,0.35506661471957207,0.35355946517736636,1.781016035420855,1.3802761154192544,1.5868012012653072,0.33418464981282353,0.13708636594157445,-0.026990581294525532,0.026604919613367545,0.05629447078524554,0.050125207668225466,0.027007042555867312
2020-08-26,36.60799789428711,0.4203630889134149,0.4310686583797994,0.417443356995165,0.4245554860442486,0.05514652493824381,300124.SZ,-0.008217810251367088,1.5198741091863557,0.3633640865682668,0.3583981429086927,1.4603498858123851,1.1044249854729096,1.586801201265306,0.33964071064452855,0.1470269930908041,0.03894366647766009,-0.010796320769911329,0.02274918532279268,-0.05089631040028988,0.03599563214500235
2020-08-27,38.32267379760742,0.4400523665173002,0.4521055243325844,0.41998877309573146,0.4200636105566485,0.7473427974127853,300124.SZ,0.7028282217481605,1.6099496558944515,0.38137567351163476,0.3643621367169627,1.7844199628209934,1.4548314557385795,1.9741019711577117,0.34768720668865316,0.1589099287048379,-0.02313484700395149,0.1083477662290098,0.013109849596356953,0.10140717974967292,0.9294571021170268
2020-08-28,37.72938537597656,0.43323975866268244,0.4353359358092496,0.42298329963719905,0.4327156822477661,0.7044567303177809,300124.SZ,1.413874253747688,1.610551659569445,0.39013450564593954,0.37775570918922435,1.5721804494976424,1.0666182155953523,1.9741019711577112,0.35511693502959824,0.16995772135064294,0.06516292440986923,-0.08636968363828071,0.015422937162298232,-0.035087490926580873,-0.0388541768409343
2020-08-31,36.84270858764648,0.4230581799358154,0.43323975866268244,0.4117536537558982,0.43121841897703234,0.8727088982770865,300124.SZ,-1.430309874250422,1.5161632621185253,0.39574230154234297,0.3830021327375143,1.2658657028507971,0.710653747798973,1.462628309668109,0.3593109825588814,0.18019899843923678,-0.00771146858114891,-0.01079610013965936,-0.05783689687962634,-0.05243895712492305,0.23927457611222092
2020-09-01,37.35776519775391,0.42897248123323223,0.43241620389099966,0.4154220173095149,0.42013849085526495,0.0954051113548459,300124.SZ,-0.7192638422508947,1.4673118520120525,0.4024436804707058,0.39145654908196514,1.3686899590946209,0.7354027790762568,1.4626283096681094,0.36360940741397973,0.19115611645380767,-0.057065794147561924,-0.004241616601985231,0.018893451032218223,0.03046087453419438,-1.0062899636831772
2020-09-02,36.90790939331055,0.4238068544088817,0.4360097299836994,0.4142241895578481,0.4293467970509156,0.13091351695243827,300124.SZ,-0.008217810251367088,1.3728580374369619,0.40647872323549844,0.39847883478741375,1.213984888621699,0.6447723624670232,1.5355258148208024,0.368201988031701,0.20165509758649466,0.047426237790872995,0.018508009981312617,-0.00616926311702008,-0.026604919613367545,0.06441350900859295
2020-09-03,35.74740219116211,0.41048098854331433,0.4255287157377654,0.4086093666171977,0.42283358187766545,0.17160512354632915,300124.SZ,0.7028282217481605,1.18348079297304,0.4035034533577741,0.4117550178675694,0.8311859311797405,0.3000821593582083,1.2758496693976578,0.37091578221428845,0.211323704938089,-0.03354550609270401,-0.05398116258905188,-0.02891844843981317,-0.06863321764953767,0.07124125022294593
2020-09-04,35.812599182128906,0.4112296201786812,0.4141493520969311,0.39835295042941365,0.4056147972380308,-0.12408409056225815,300124.SZ,1.413874253747688,1.0258455883048918,0.3998062560212152,0.4258745542807078,0.8458385413245203,0.043867511652968066,0.8204649148221181,0.3770170777861713,0.22039577750202446,-0.08868321246472674,-0.058607999611690755,-0.052824398175829075,0.003855734290574455,-0.3718673992136371
2020-09-07,35.07587432861328,0.4027699456183973,0.41549689760813135,0.39678080686006345,0.4112296201786812,0.036699674206854396,300124.SZ,-1.430309874250422,0.8268634547354778,0.3968092290451874,0.434199098845469,0.6083009208248088,-0.10118636641503224,0.7521627954468781,0.38220744446271904,0.22956806716753336,0.02891844843981317,0.006940365849084495,-0.008097130262307307,-0.04357050350029895,0.22943657748868662
2020-09-08,34.96503448486328,0.4014972804058136,0.4056896775366472,0.3895189600514464,0.4005988881732137,-0.017414943379426683,300124.SZ,-0.7192638422508947,0.6508377882242784,0.3954840442213533,0.438051363753511,0.5728051144584884,-0.3715664650361837,0.4392830004973751,0.3853102809115677,0.23898374375823744,-0.0547522653211163,-0.050510869349383446,-0.037401240383278876,-0.006554704167925687,-0.053645352606929465
2020-09-09,33.70674514770508,0.3870484670871958,0.4015721178667305,0.3818079599642288,0.3997753762392304,0.04237072275388274,300124.SZ,-0.008217810251367088,0.39748504505650134,0.38987100314453915,0.4479879775587641,0.18271002057264696,-0.7421033273413644,0.1193572480755801,0.3855759696371932,0.24748314658517373,-0.004241395971732852,-0.021206979858664262,-0.03971454857947212,-0.07441681908539977,0.0963935253054091
2020-09-10,33.837135314941406,0.38854573035792955,0.39775403655358027,0.38293090741727914,0.3922140939115463,-0.13749897645198397,300124.SZ,0.7028282217481605,0.20421318897645413,0.39222576828534106,0.4432401806533666,0.2169267067011381,-0.788357202908238,0.11935724807558061,0.38738832574662235,0.2556150830653931,-0.03894344584740771,-0.01966455376428305,0.005783601435861683,0.00771146858114891,-0.21930035118821847
2020-09-11,34.05880355834961,0.391091146458496,0.393861117779513,0.37806471611199566,0.3801609360962621,0.05710754236364776,300124.SZ,1.413874253747688,0.06795742797296439,0.3956611915390464,0.4307168052626916,0.27606672041302843,-0.9116618148400898,-0.0839147584343153,0.38934301704104063,0.2644342275991497,-0.06207829285135919,-0.02004999481518907,-0.025062714149238306,0.013109849596356953,0.27399070763939065
2020-09-14,33.9349365234375,0.3896687206486793,0.39887702684433,0.38555116097876263,0.39663108910052997,0.1494123273739754,300124.SZ,-1.430309874250422,-0.05138127324871688,0.398354162884572,0.41773969092526203,0.2364177903422392,-0.7600915839540633,0.06338473469284296,0.3887547109453267,0.27311020367463973,0.08482747817415229,0.02583381688130313,0.038558004796501275,-0.007326027530242892,0.13923039934707196
2020-09-15,34.96503448486328,0.4014972804058136,0.4064383091720141,0.3901179167649792,0.3924386919696963,0.016512276272777134,300124.SZ,-0.7192638422508947,-0.058234230665756594,0.3969670316892156,0.41315419637815126,0.5126331706361329,-0.44031713816867185,0.2790470078786217,0.3903013891881949,0.2820963762558998,-0.021592420909570278,0.03894344584740771,0.023520508685109884,0.06092152843813679,-0.1574280444000156
2020-09-16,34.61949920654297,0.39752948133312976,0.4116788162949811,0.3935616394227466,0.4116788162949811,-0.3094583761277943,300124.SZ,-0.008217810251367088,-0.09355098981975397,0.39244305047184247,0.40722539334563973,0.3981833154478225,-0.38970557212962703,0.42403891602183674,0.39059554495081805,0.2905194229358551,0.09909387155347966,0.02699058129452594,0.017736465988743445,-0.020435656496347876,-0.41175661524128404
2020-09-17,36.053829193115234,0.41399959149969817,0.41849146698729833,0.3943851513567299,0.39812839520896315,0.05061305904239945,300124.SZ,0.7028282217481605,0.0001882229023681787,0.393688058149544,0.41025645719907144,0.762905571090085,-0.06578974667765011,0.6075370960884646,0.39406844202157476,0.29979192970293717,-0.0697897614325081,0.03508771155683366,0.004241395971732852,0.0848272575438999,0.491954786155794
2020-09-18,36.11902618408203,0.4147482659727645,0.42081224219201535,0.4073367014046139,0.4130263618061814,-0.07674587687622657,300124.SZ,1.413874253747688,0.0778530383551273,0.39379817815115903,0.4103121546479276,0.7788029110652562,0.15593839698026568,0.6692815207853319,0.3975413445218635,0.3085919851999486,0.07673012728159301,0.01195286455288135,0.06670535050425044,0.003855954920826834,-0.1501288290054084
2020-09-21,36.39284896850586,0.4178925531114649,0.4246303235051657,0.4046415675445139,0.41834174922776485,-0.2556856273569792,300124.SZ,-1.430309874250422,0.15973285579683172,0.3928691996442501,0.41032209532029623,0.8466763622181073,0.1960264570453501,0.7710884084303264,0.4009478221259798,0.31758770298225897,0.02737624297568434,0.01966455376428346,-0.013880952328421368,0.016194260524614614,-0.21807534578282692
2020-09-22,35.8973503112793,0.412202849872198,0.422234668001832,0.4072618211059975,0.4118285340545146,-0.40821114702311456,300124.SZ,-0.7192638422508947,0.1787341539322782,0.38532132755063386,0.41173537071283556,0.6707474275563365,0.08592378032318455,0.7710884084303264,0.4030163761388576,0.32577213465486654,-0.03354550609270483,-0.012338526234040982,0.013495290647263382,-0.029304110120971567,-0.18328033542008246
2020-09-23,35.66264724731445,0.4095077588497975,0.4148231034336814,0.407112103346464,0.4148231034336814,-0.49971926230329305,300124.SZ,-0.008217810251367088,0.1703732929095396,0.382173771074175,0.41095756973403025,0.5877930557011256,-0.1407789070379952,0.7635362313165066,0.40690678251287354,0.3335032027287931,0.015423157792549788,-0.03817234311534329,-0.0007711027320644152,-0.01388073169816899,-0.10290316173603004
2020-09-24,35.28451156616211,0.4051656439594303,0.42358225635073177,0.39827811296849663,0.4102563904851644,0.05906453137680635,300124.SZ,0.7028282217481605,0.1285052208238497,0.36384822425115204,0.4180487428327471,0.45401756389427095,-0.27036840401308954,0.32498146932776606,0.40839652668174603,0.3412485879216174,-0.023520288054857095,0.04511292959468057,-0.045498370645586594,-0.022363523641634693,0.7537151463980976
2020-09-25,36.497161865234375,0.41909038086313166,0.42208495024229853,0.40531536171896376,0.40531536171896376,0.1408001282187962,300124.SZ,1.413874253747688,0.19578098097088417,0.3539452529297887,0.4238107977763935,0.7785686158889432,0.10321903346359824,0.32498146932776656,0.40931694096972554,0.3499388797506496,-0.025448155200144734,-0.0077116892114017,0.03624447597005606,0.07171762857779533,0.12530779018899646
2020-09-28,36.405887603759766,0.4180422708709984,0.42732545736526556,0.4131012421047978,0.422234668001832,-0.09336300911014114,300124.SZ,-1.430309874250422,0.23721231210692162,0.3510683171336661,0.42511321649385053,0.7454158098192452,0.3211063687110275,0.48798430547405025,0.40987678002844175,0.3580421833584288,0.08714078637034511,0.026990581294526354,0.040100210260630514,-0.0053981603849556645,-0.2908201601646679
2020-09-29,36.69927215576172,0.42141115606784874,0.4250795196214655,0.41392475403878115,0.4180422708709984,-0.21104515259003592,300124.SZ,-0.7192638422508947,0.29054689103293163,0.3454434789821722,0.4285811483606191,0.8230456647881753,0.3551552333371028,0.4879843054740495,0.4104840623389769,0.3658162000583374,-0.02159242090956987,-0.011567423501975744,0.004241395971732852,0.017351024937837425,-0.13738175733987826
2020-09-30,37.67722702026367,0.4326408019491496,0.43967805069961674,0.4194646966808151,0.4216357541259987,0.0757372420440721,300124.SZ,-0.008217810251367088,0.41065907768210314,0.352792737480634,0.42362100780494005,1.072711865816011,0.9368770609569912,0.9214862327174964,0.41147089609359677,0.3724353279871298,0.01850778935106024,0.07518792181746377,0.028532786758654772,0.05783689687962634,0.3954123979701982
2020-10-09,40.20686340332031,0.461688189183618,0.47164512701463557,0.43436270611573274,0.4461912658728669,0.5128892047331406,300124.SZ,1.413874253747688,0.7133227692620923,0.39691450105197784,0.3930923089548366,1.6283173450116486,2.0535033738202295,1.6844869613644524,0.4189006244345415,0.3788110744521495,0.1264701145291636,0.1646424576445073,0.07673034791184498,0.1496049615331155,0.5934916347056624
2020-10-12,41.46516036987305,0.4761370025022357,0.4765861557808361,0.4574209117541677,0.4656559882563017,0.0472438042854626,300124.SZ,-1.430309874250422,1.0477370587923711,0.4468284124252885,0.3614194666804232,1.864299959962693,2.3240045070307653,1.7851234804167262,0.42673837125656877,0.3860410556528543,0.10025063596670289,0.02544815520014432,0.1187584253177623,0.07441681908539935,-0.5957477501647872
2020-10-13,41.15221786499024,0.47254351924723537,0.4789069738232527,0.4689499931545356,0.47074673478203577,-0.3148774099358802,300124.SZ,-0.7192638422508947,1.2699559549256743,0.48308433643283455,0.34769880912102025,1.7458707204916428,2.039854152090424,1.8322890809537744,0.43333308642052776,0.3926506438420188,0.02621925793220915,0.011953085183134551,0.05937910234375558,-0.01850778935106024,-0.45937712639683487
2020-10-14,40.858829498291016,0.4691745912126857,0.4768856341376026,0.4664046198916686,0.47164512701463557,0.030976870804199287,300124.SZ,-0.008217810251367088,1.4033986309404551,0.5105791552730714,0.3433525905754261,1.6343657035869346,1.6764737012948085,1.6994340061705682,0.4382672606231589,0.3985109822188521,0.004627057652891249,-0.010410659088752931,-0.013109628966104575,-0.017351245568089393,0.4732267740021782
2020-10-15,41.19785690307617,0.4730675528244523,0.47576264384685285,0.4661051415349022,0.47239375865000244,-0.22262793024620917,300124.SZ,0.7028282217481605,1.5194028211642854,0.5343634737573372,0.35086798979702605,1.701443131457305,1.4631719463315023,1.6834989306103687,0.44494737146857916,0.40461470888623613,0.003855734290574455,-0.005783822066114061,-0.0015424260943812094,0.020050215445441038,-0.3164303282367675
2020-10-16,40.72843933105469,0.4676773279419518,0.47711023219575255,0.4627362563380518,0.46790188316240244,-0.4185749544451129,300124.SZ,1.413874253747688,1.551856868843129,0.5500796202738936,0.3649821420824012,1.5192273416208586,1.2554744063237475,1.5016917893654032,0.44844874100586596,0.41042255480139267,-0.023134847003951076,0.0069405864793368735,-0.017351024937837425,-0.027761684026590357,-0.2404787339192562
2020-10-19,40.734954833984375,0.46775216540286885,0.4839228828880697,0.4643832802060185,0.4753883280291694,-0.12221743357283861,300124.SZ,-1.430309874250422,1.5588464543359506,0.5628488762059373,0.38152497641933536,1.5206132818713143,1.1825575927946748,1.6598537493091212,0.4528230707202488,0.4163592493252063,0.038558004796501275,0.03508771155683325,0.008482791943465705,0.00038544105090601815,0.40802554650440476
2020-10-20,41.76506042480469,0.4795807251600031,0.4823507393187195,0.4649821940818519,0.47082161508065223,-0.385478407053536,300124.SZ,-0.7192638422508947,1.6326184767939724,0.5789811258490862,0.3995770580394438,1.7352471844544228,1.1084318252004837,1.65985374930912,0.4599871103355684,0.4220716486912813,-0.023520288054857504,-0.008097130262307307,0.00308463155851004,0.06092152843813638,-0.3291502375210621
2020-10-21,40.98270034790039,0.4705970170225023,0.4820512609619531,0.466778935709352,0.4820512609619531,-0.4840677200011379,300124.SZ,-0.008217810251367088,1.6041530040864396,0.5891874993545744,0.41601087500357714,1.4280929963934939,0.9189002365843894,1.65985374930912,0.4652628781231098,0.42688686196497766,0.05783689687962634,-0.0015424260943812094,0.00925389467553012,-0.0462694733776506,-0.11223110120729006
2020-10-22,40.41549301147461,0.4640838446869515,0.46962378732898546,0.45480065819268434,0.4652816724386183,-0.10123302451774398,300124.SZ,0.7028282217481605,1.5141586762744481,0.5916297663706895,0.4404701362149842,1.2132457142265178,0.6188173582900477,0.9951510851566234,0.47036784911819596,0.4317641169974681,-0.08636968363828111,-0.06400615999664643,-0.061692631170200796,-0.03354528546245204,0.5219404360899705
2020-10-23,40.49372482299805,0.4649821940818519,0.47651131831991916,0.4529290362665677,0.46603030407398516,-0.16620407654890873,300124.SZ,1.413874253747688,1.4317249850995737,0.597134152848362,0.45496196330718147,1.2312679939530937,0.5963988478565553,1.178862331893701,0.4772756908300669,0.43660319122575725,0.003855734290574455,0.03547337323799165,-0.009639556356688516,0.00462683702263887,-0.06794634632744857
2020-10-26,40.72843933105469,0.4676773279419518,0.4717199644755526,0.43421294551849987,0.4491109549534174,-0.13856780298230234,300124.SZ,-1.430309874250422,1.369425317698638,0.6021536707242804,0.47081899244683584,1.2862712490006403,0.412500516125926,0.25840659019277407,0.4844302450527421,0.4432700451598015,-0.0871410070005979,-0.024677273098332696,-0.09639490167612762,0.013880952328421368,0.05404368535113208
2020-10-27,41.073974609375,0.47164512701463557,0.47666103607945265,0.4619127444040685,0.46790188316240244,-0.09218937558326992,300124.SZ,-0.7192638422508947,1.3330100310867952,0.6078150294000395,0.4862641747178345,1.3674327547596945,0.5960759642301546,0.4014729613264954,0.4931599391257511,0.450270955188853,0.09678034272703445,0.02544837583039711,0.14266437505377821,0.020435656496347467,0.07873240111939642
2020-10-28,40.84579086303711,0.4690248734531522,0.48497095004250357,0.4671532515270354,0.47239375865000244,0.1589236817979525,300124.SZ,-0.008217810251367088,1.268630225627922,0.6080520198031546,0.5093057148483109,1.2738997757366595,0.6099149823617568,0.633684009010358,0.5017188309767727,0.45613606684888924,0.023134847003951076,0.04279918013798216,0.026990581294525532,-0.01349529064726256,0.34842579563235665
2020-10-29,42.76910018920898,0.4911098493980703,0.4946284523544542,0.46198762470268495,0.4630357346948182,0.020960599286079847,300124.SZ,0.7028282217481605,1.3655471573520714,0.6153117184960589,0.5343124931354848,1.7049569630932322,0.7207170644073797,0.8879465868460648,0.5149082558751583,0.46290313788450693,-0.04819734052293823,0.049739766617319034,-0.026604919613367136,0.11374592661396463,-0.1640974882932607
2020-10-30,41.98021697998047,0.4820512609619531,0.5038367585501049,0.47778398353250295,0.4994197633611213,0.009339585852662575,300124.SZ,1.413874253747688,1.357705643199866,0.6082833667834842,0.5740749986195371,1.3922941644392044,0.7668782161349712,1.1155876898376098,0.5267597626118372,0.4697751965741896,0.18739142233704842,0.04742623779087341,0.08135718493448385,-0.04665513505880858,0.0023307387366443906
2020-11-02,50.26021194458008,0.5771289351353268,0.5771289351353268,0.5367770645586406,0.5390230023024407,2.001980047382646,300124.SZ,-1.430309874250422,2.0370272195410815,0.7072141798714153,0.5233595621711908,2.6795615028328745,2.024008800912355,2.4139103351510673,0.5503394171150269,0.4826173573086849,0.2039715651730734,0.37748225581195244,0.3038365394586175,0.48968575633153666,2.6425097876911536
2020-11-03,50.72310256958008,0.5824442797192109,0.5935990881395947,0.5652254950795762,0.5893318107101445,1.828877671079933,300124.SZ,-0.7192638422508947,2.583999177214967,0.7819974123987378,0.5034646602620295,2.730369972527516,2.1289627761478904,2.619895894403192,0.574773061010024,0.4946100538599865,0.2591092715450957,0.08482747817415229,0.14652010934435308,0.02737602234543196,-0.21038587352669302
2020-11-04,51.505462646484375,0.5914279878567117,0.6016095665835787,0.5797491886968104,0.5877596671407943,0.8271315786894905,300124.SZ,-0.008217810251367088,3.0481396129695395,0.8490506770713712,0.494904070175732,2.815091381190427,2.099172300105837,2.7144773785752565,0.5988461296757575,0.5074951659511752,-0.008097130262307307,0.04125697467385333,0.07480248076655775,0.046269473377651006,-1.3019439389745076
2020-11-05,52.23567199707031,0.5998128249560785,0.6128392124648795,0.5858131649160613,0.5952460691698619,0.4905292635916914,300124.SZ,0.7028282217481605,3.4376709517694466,0.9127729407092713,0.4890673036843562,2.892286635022657,2.02158487266094,2.842209665108854,0.6244848527991804,0.5205377636195277,0.03855778416624931,0.05783689687962634,0.031231756636006826,0.043185062449392526,-0.4257615210180037
2020-11-06,51.824928283691406,0.5950963514103285,0.6064008775902457,0.5858880452146777,0.6064008775902457,0.4075551006796891,300124.SZ,1.413874253747688,3.667542611896403,0.9657094826401925,0.4819745063292875,2.7512341285598576,1.7200803781913967,2.842209665108854,0.6474382487770138,0.5338285174002121,0.05745145582872032,-0.03315984441154602,0.0003856616811579861,-0.0242916114171743,-0.09166153357089955
2020-11-09,53.89167022705078,0.6188283512232133,0.6227213128349801,0.5954706672280119,0.6064757150511628,0.3751248117065896,300124.SZ,-1.430309874250422,3.9798253107137573,1.0311278362182852,0.4641100932155181,2.9686864493850558,1.6211169126694271,3.0214424117629384,0.6733047027668876,0.5485843578231385,0.00038544105090601815,0.08405637544208787,0.04935410493616064,0.12222871855743116,-0.025080960779654358
2020-11-10,53.52656936645508,0.6146359540923796,0.6240688583461803,0.5843159016453275,0.6101440786047796,0.6260577512657232,300124.SZ,-0.7192638422508947,4.146866958214611,1.083418132078157,0.46133605501200725,2.845382706028548,1.3169869191124501,2.560143514472106,0.6982412570761372,0.562839110007487,0.018893451032218636,0.006940365849084495,-0.05745123519846795,-0.02159242090957069,0.34818852953401425
2020-11-11,52.37258529663086,0.6013849685254287,0.6504210688828493,0.5989144327234787,0.6212988870251633,0.9516209878041246,300124.SZ,-0.008217810251367088,4.131305503667512,1.1191394018709035,0.47386254102526854,2.4648299132135643,1.2123525839976335,2.8559817580985225,0.7222194446677648,0.5759389734207199,0.05745145582872032,0.13572378857444176,0.07518792181746377,-0.06824755596837886,0.44649773168315715
2020-11-12,52.39866638183594,0.6016844468821951,0.6173310451147802,0.5876847868421778,0.6135129638016299,0.43101800743828167,300124.SZ,0.7028282217481605,4.07293987539296,1.1503394474854551,0.49019602748392654,2.4679818179849238,0.9201126725283737,2.427185929297908,0.7465771837034769,0.5901460036958834,-0.040100430890882895,-0.17042605908036898,-0.05783689687962634,0.0015424260943812094,-0.6681424216653367
2020-11-13,53.35053634643555,0.6126146144067296,0.6161332173631134,0.5959947436429283,0.6091708489112626,0.011491304217071197,300124.SZ,1.413874253747688,4.060221516874835,1.1820113174117117,0.5126758267382284,2.582526505511248,0.8662363373691875,2.427185929297907,0.7728706323892544,0.604119192246902,-0.022363523641635106,-0.00616926311702008,0.04279940076823454,0.05629447078524513,-0.5349963862816793
2020-11-16,53.87862777709961,0.6186786334636799,0.6351487864679477,0.6131386479839465,0.6212988870251633,0.5471905887769468,300124.SZ,-1.430309874250422,4.04747030157623,1.2112763969378062,0.5404250468388625,2.6445679813767713,0.8915045668924607,2.6484184149742616,0.7981677619277675,0.6173049583735215,0.062463954532518004,0.09793732777050923,0.08829755078356794,0.031231977266258794,0.7233063209549366
2020-11-17,53.78734970092773,0.6176305234715466,0.638966867781098,0.605502485357646,0.6225715522377471,0.16048834442531773,300124.SZ,-0.7192638422508947,3.9823085400342872,1.2366237518178902,0.5674666647553459,2.612920934388969,0.7886530602029677,2.3597759528229796,0.8234648914662803,0.6303093779683838,0.006554704167925687,0.01966455376428305,-0.03932910752856569,-0.0053981603849556645,-0.49175729313774696
2020-11-18,52.52253723144531,0.6031068298543124,0.6251169255006143,0.5936739256005117,0.610443556961546,0.28819713770572675,300124.SZ,-0.008217810251367088,3.7772964378530505,1.2471254332954007,0.6095774737713571,2.1834259987709603,0.6068784037377256,1.9274278461806325,0.8464941977329306,0.6421970868656205,-0.0624637339022648,-0.07133240815714129,-0.06092152843813638,-0.07480248076655775,0.18586748839524017
2020-11-19,52.11179733276367,0.5983903991462618,0.608272456678663,0.5918771839730116,0.608272456678663,-0.09881980074825554,300124.SZ,0.7028282217481605,3.537487650235981,1.2475585734891093,0.6641876598380562,2.0485806801606308,0.4900325980049827,1.8626290512302754,0.8675023932385221,0.6532591952649678,-0.011181982451069316,-0.08675534531943951,-0.00925389467553012,-0.02429139078692192,-0.4921718342473982
2020-11-20,52.32694625854492,0.6008608921105123,0.6126146144067296,0.5974171694527449,0.6031817101529289,0.1309274456998629,300124.SZ,1.413874253747688,3.3262319150252515,1.2422256418464417,0.7261789223597601,2.0800140526831177,0.48411282137458916,1.9242577799353386,0.8851420581401074,0.6658675142753179,-0.02621925793220956,0.02236374427188666,0.028533007388907152,0.012723967284946177,0.3202809816476771
2020-11-23,55.03912734985352,0.6320044564915479,0.643833016248682,0.6008608921105123,0.6101440786047796,0.5426030465675716,300124.SZ,-1.430309874250422,3.3515333073688836,1.2435520737159234,0.7920652893930807,2.4443370532874162,0.6311817996726422,2.3290500206190696,0.9048977257359218,0.6797452562772552,0.035858814288897665,0.16078650272368047,0.017736465988743445,0.16040106167277485,0.559932062980837
2020-11-24,54.63491439819336,0.6273628632444143,0.6363465713819151,0.6114167866550628,0.6320044564915479,-0.0375251186991057,300124.SZ,-0.7192638422508947,3.297574315573203,1.2329078634679964,0.8684026345065483,2.3117224459068253,0.5831462077726394,2.329050020619071,0.9245205489689232,0.6929310196731633,0.11258916220074305,-0.038558004796501275,0.054366824270210286,-0.023905949736016313,-0.7465539203762003
2020-11-25,53.83951187133789,0.61822943734738,0.6344749922934979,0.6129889302244129,0.6330525664836811,-0.25499246733808356,300124.SZ,-0.008217810251367088,3.148955016754699,1.199872095309099,0.9682248762319028,2.054224257425977,0.5197427241817358,2.329050020619072,0.943412741780286,0.7049141751194815,0.005398160384955253,-0.009639335726436549,0.008097130262306896,-0.04704057610971501,-0.26882708587988297
2020-11-26,50.98389053344727,0.5854388490983778,0.6224218344782136,0.5697922508657928,0.6155343034872801,0.6855148628274284,300124.SZ,0.7028282217481605,2.7531337533723974,1.1588813468877726,1.054820488838452,1.2229463969105276,0.22684197172960274,0.8665472601171098,0.9576554198999315,0.7154370144760497,-0.09022563855910753,-0.06207829285135919,-0.22247913389388085,-0.16888385361624014,1.2565529727550664
2020-11-27,50.72310256958008,0.5824442797192109,0.5951712317089449,0.5748081170929104,0.5915777484539446,-0.14813685246301375,300124.SZ,1.413874253747688,2.388219629525555,1.066905012784188,1.2034658260217885,1.1531834088829602,0.12298436752262329,0.8665472601171114,0.9722017391748445,0.7245138603231883,-0.12338526234040201,-0.140350846227333,0.02583359625105075,-0.015423157792550199,-1.0805161172006128
2020-11-30,50.20153045654297,0.576455140960877,0.5973422891541285,0.576455140960877,0.5877596671407943,0.20267572096936093,300124.SZ,-1.430309874250422,2.029561205924823,1.0672184265902769,1.202823188102356,1.0130328225752452,0.09145979992186087,0.9028406812946173,0.985979470168944,0.7336431986320039,-0.01966455376428305,0.011181761820817347,0.008482791943465705,-0.030846315585100398,0.4797582473894123
2020-12-01,52.48993682861328,0.602732514036629,0.6225715522377471,0.587235590725878,0.5930001742637613,0.5035437662711332,300124.SZ,-0.7192638422508947,1.9182113934995568,1.0649680423784693,1.2137778829991976,1.387484812054967,0.2927203954394375,1.3011184554693345,1.0015885389168262,0.7450966316019492,0.02699058129452594,0.12994018713857966,0.05552336805318113,0.13533834752353574,0.41396718248719255
2020-12-02,53.011512756347656,0.6087216527949628,0.6239939780475638,0.599663107196545,0.6117911024727463,-0.2305226623526733,300124.SZ,-0.008217810251367088,1.8520421291867215,1.0657017629510603,1.2200176570597003,1.467046481448429,0.35107662238452175,1.322379044606156,1.019095364885131,0.7565548351243863,0.09678034272703405,0.007326027530243303,0.06400638062689838,0.030846315585100398,-0.9493341378402693
2020-12-03,52.835479736328125,0.6067003131093127,0.6196518631571967,0.6004117388319119,0.6111921885969128,-0.41666173174126403,300124.SZ,0.7028282217481605,1.7628594791582692,1.0664338420860593,1.221988904022687,1.4181130685393446,0.3136966553304411,1.3223790446061567,1.0371715153047965,0.7682134728499697,-0.00308463155851004,-0.022363523641634693,0.003855734290574455,-0.010410659088752931,-0.2275588843254032
2020-12-04,55.72369766235352,0.6398652171759983,0.6460789539924822,0.5983155188476454,0.6015346862849622,0.33696973926379925,300124.SZ,1.413874253747688,1.9165479831270902,1.0853724248032974,1.2182369782119593,1.8366443797933858,0.5881680122421741,1.7073645756571287,1.059337341357463,0.7828356886503239,-0.049739766617319034,0.13610945025560015,-0.010796320769910918,0.17081172076152737,1.0103846288169083
2020-12-07,55.22168350219727,0.6341006764758145,0.6423357529779483,0.6267639493685809,0.6409133271681317,-0.21398493763471377,300124.SZ,-1.430309874250422,1.9712362142214985,1.0941172093664524,1.2142887439310728,1.6980760560720256,0.712327850083246,1.7073645756571272,1.0804309325445158,0.7970427189254878,0.2028148007598506,-0.019278892083124655,0.14652010934435308,-0.029689551171877587,-0.7081241876608358
2020-12-08,55.79541397094727,0.6406887291099816,0.6580572315091497,0.6332022842432147,0.6401646526950653,0.16484667680574963,300124.SZ,-0.7192638422508947,2.038973036806883,1.108463204200535,1.2082212310932363,1.7779681706486428,0.9396378146147447,1.9201253443767663,1.101856631923834,0.8122089743211125,-0.003855954920826834,0.08097152325332505,0.03315984441154561,0.03393094714361044,0.5166672465222245
2020-12-09,54.78486633300781,0.6290847674109974,0.6460789539924822,0.6253415235587642,0.6415870785048821,-0.2959034517039122,300124.SZ,-0.008217810251367088,1.9817951423525533,1.1155957925425557,1.211256295468333,1.4981713904638758,0.7562359897074242,1.653259902397309,1.122143676970899,0.8267166559009961,0.007326027530242892,-0.061692631170200386,-0.04048587194178892,-0.05976476402491357,-0.589299292929475
2020-12-10,54.86309814453125,0.6299831168058977,0.6511697433559157,0.6161332173631134,0.6317050209724809,-0.015074094474007338,300124.SZ,0.7028282217481605,1.9197431415168529,1.1223996943246795,1.2149210926919078,1.5099521545363166,0.7606240246726187,1.3478004108399393,1.139745389442842,0.8422026502727303,-0.05089631040028906,0.026219478562461526,-0.04742623779087341,0.00462683702263846,0.387570564542498
2020-12-11,54.17201614379883,0.6220475186605302,0.6449560065394319,0.6135878441002464,0.6408384468695152,0.4684968528492417,300124.SZ,1.413874253747688,1.7893320901134888,1.1247638614146973,1.2160303172954268,1.3178286387081073,0.5729492983784569,1.263836604575188,1.1574894370997741,0.8570873420350251,0.0470405761097146,-0.03200307999832321,-0.013109628966104575,-0.040871312992694524,0.6546385620082203
2020-12-14,54.88917922973633,0.6302825951626642,0.6326782506659977,0.615234867968213,0.6296088009882144,-0.14078936991835497,300124.SZ,-1.430309874250422,1.7262859912408473,1.1291459453217807,1.2156731677185812,1.4322537975071576,0.49634799471116803,1.2638366045751885,1.16422648201919,0.8723347241301224,-0.05783689687962634,-0.063235057264582,0.008482791943465705,0.042413739087076144,-0.7849633262764678
2020-12-15,56.36262512207031,0.6472019014455325,0.6524424085684993,0.6275874613025643,0.6316301406738644,-0.18462723475404155,300124.SZ,-0.7192638422508947,1.780878813020857,1.1438375936711804,1.2106458135661957,1.6562600426171048,1.0992251391865369,1.5703696267831488,1.1724342894631252,0.8887513093845224,0.01041065908875252,0.10179284143083091,0.06362049831548802,0.08714078637034553,-0.04010796357743635
2020-12-16,55.74325942993164,0.6400898152341483,0.6662923080112838,0.6328279684255312,0.6475013798022988,0.007473475088632238,300124.SZ,-0.008217810251367088,1.749521106097992,1.1535318632438876,1.2144979265947553,1.4813503089612299,1.159798859412656,1.7681637341588647,1.1786020099311805,0.9039605134061298,0.08174284661564266,0.07133218752688972,0.02699058129452594,-0.03662991702096208,0.2706898487276528
2020-12-17,56.030120849609375,0.6433838201323823,0.6471270639846154,0.6346247100530313,0.6421111549197984,-0.4244084367672548,300124.SZ,0.7028282217481605,1.7280398829864096,1.1631009522238827,1.221783565260945,1.5259336343871257,0.8893955265736413,1.7681637341588659,1.1841244847999939,0.9196326248621126,-0.027761684026590357,-0.09870820987232128,0.00925389467553012,0.01696536325667944,-0.5512716893747205
2020-12-18,57.47749328613281,0.660003733733883,0.6687628438132338,0.6386673894243315,0.6439078965472985,0.3327067232137828,300124.SZ,1.413874253747688,1.8129664795332916,1.1825016316507966,1.2233905534707468,1.7438290096089302,1.3367120339885274,2.060951477662014,1.192351273888282,0.9353142856152126,0.00925389467553012,0.11143239778751983,0.020821318177505863,0.08559880153646866,1.0149736321791614
2020-12-21,59.19868850708008,0.6797678916363847,0.6797678916363847,0.6558113366030492,0.6627737050549,0.5753235177786838,300124.SZ,-1.430309874250422,2.003516559656271,1.2140433162740598,1.2061446238275682,1.9819275495426523,1.7294115143901843,2.1987739140520604,1.200075152562318,0.9522080981535975,0.09716600440819244,0.05668013246640353,0.08829777141382072,0.10179284143083131,0.3372338152633918
2020-12-22,56.06924057006836,0.643833016248682,0.6883024036575857,0.6415870785048821,0.6737787528780509,0.6011089748921575,300124.SZ,-0.7192638422508947,1.8632560463195105,1.2192586665315774,1.2068110230327336,1.1511960853419763,1.11554714671228,1.7075920925978445,1.2037757804995255,0.9666107893487046,0.05668013246640353,0.043955944551205384,-0.07326027530242891,-0.18507811414085476,0.051605636781091827
2020-12-23,57.7056770324707,0.662623944457667,0.678270628365651,0.6515440591735991,0.6515440591735991,0.2923297424440715,300124.SZ,-0.008217810251367088,1.8696161134665528,1.2351650904876137,1.2064476275375111,1.3882655283280516,1.1938961953738514,1.7075920925978438,1.2115376116032033,0.9825740110044237,-0.11451702934602986,-0.051667413132354297,0.051282192711700245,0.09678034272703405,-0.3891106544485889
2020-12-24,59.51163482666016,0.683361374891385,0.6857570303947186,0.6536402363201662,0.6692120399295337,-0.12506244851249015,300124.SZ,0.7028282217481605,2.005154222093002,1.2571622665188538,1.2209356462660659,1.629837512452444,1.3783418374312135,1.8130464183747441,1.2218898833488332,1.000030950809469,0.09099674129117236,0.03855778416624931,0.01079610013965895,0.10680556076488096,-0.5321846301155009
2020-12-25,60.2744369506836,0.6921204849707359,0.6932434752614856,0.6719820112505507,0.683361374891385,0.013475331386995222,300124.SZ,1.413874253747688,2.151883845224636,1.278395604358585,1.2411394056116252,1.7269173124634494,1.5205192130752767,1.9166368494777404,1.2319669809761933,1.018323034948098,0.07287439299101814,0.038558004796501275,0.0944670345308408,0.04511270896442778,0.2001323255685517
2020-12-28,59.26388549804688,0.6805165232717515,0.6963877624001861,0.6644206860851672,0.6962380446406525,0.1191665302886366,300124.SZ,-1.430309874250422,2.155308164207768,1.2785460088274896,1.2836679915755282,1.4763166005039106,1.2049220212701364,1.6474617245546652,1.2398047223686883,1.034987779045541,0.06631968882309204,0.016194260524615024,-0.03894366647765967,-0.05976476402491398,0.1568640913268699
2020-12-29,56.19963455200195,0.6453303223571153,0.6849335184607352,0.6391914230015485,0.6730301212426839,0.4684513113074171,300124.SZ,-0.7192638422508947,1.8722390321548734,1.2727986566820455,1.307863145640624,0.7857984250919556,0.5152831813513525,0.8173523694759974,1.2433155772986195,1.0494763729540346,-0.11952952804982714,-0.05899366129284915,-0.12994018713858047,-0.18122215922002752,0.4777457128115091
2020-12-30,57.08631134033203,0.6555118582462829,0.6716825328937843,0.6478008153213658,0.6478008153213658,0.30469471485758004,300124.SZ,-0.008217810251367088,1.7030207457951498,1.2697677324153753,1.3306054363333644,0.9152553552496508,0.5174029951795518,0.8173523694759987,1.2499577357143974,1.0643992427898201,-0.12994040776883245,-0.06824755596837886,0.04434160623236337,0.05243873649467068,-0.19807483902748724
2020-12-31,60.828609466552734,0.6984839823844526,0.7058206666539867,0.6555118582462829,0.6555118582462829,0.38969878787219925,300124.SZ,0.7028282217481605,1.867121222884924,1.2888593807155253,1.3459684441648496,1.4075773971299994,1.138617917538773,1.3554308163613282,1.2626442556280624,1.081345553251304,0.0397147692097245,0.17582421946532423,0.0397147692097245,0.22132259011091082,0.1296132974398109
2021-01-04,62.32161331176758,0.7156278867254708,0.7324723983851216,0.6929439969047192,0.6984839823844526,0.27371677091619145,300124.SZ,-1.430309874250422,2.099731805423271,1.3282791087745836,1.3310096217901495,1.5818907271351135,1.6227702572713534,1.7127309280513023,1.2771905803325077,1.0975330700647623,0.22132259011091082,0.13726643529907534,0.19278958272200367,0.08829755078356834,-0.13514221001284085
2021-01-05,62.70627975463867,0.7200449247521539,0.722814896073171,0.6909975375176856,0.7037244466697202,0.32621462962861225,300124.SZ,-0.7192638422508947,2.289367051474064,1.3640989399973387,1.3244344622883744,1.6259342460630106,1.385048717993573,1.6523970803651828,1.2883494090771899,1.1130811061952905,0.026990360664273974,-0.049739766617319034,-0.010024997407594535,0.02274940595304547,0.08679342237183521
2021-01-06,62.19773864746094,0.7142054609156541,0.735916121042889,0.6917461691530523,0.7286542742342719,0.39331575584313855,300124.SZ,-0.008217810251367088,2.3674166525688563,1.390098185186916,1.3242317259698007,1.513275840721098,1.2786602662878523,1.819940526181266,1.299356411814706,1.1284859711368411,0.12839798167445082,0.06747623260606248,0.003855734290574044,-0.030075433483288772,0.10603005461116972
2021-01-07,65.23591613769531,0.7490922263112234,0.7636159199284576,0.7023020636976028,0.7141306234547371,0.6878208898642862,300124.SZ,0.7028282217481605,2.657955686284048,1.4397030217645794,1.3155316898057863,1.8551526110780205,1.5555259267738615,2.1435472894192675,1.3159428234950314,1.1463294649599924,-0.07480226013630537,0.14266437505377863,0.054366824270210695,0.1796799537558995,0.4055854292761909
2021-01-08,65.19679260253906,0.7486430301949235,0.7606213077115912,0.7207935563875209,0.7546321689532574,0.28420498117058024,300124.SZ,1.413874253747688,2.8506729867256038,1.4792936255268394,1.3179772479123772,1.8464078073973738,1.4940076082653428,2.143547289419268,1.336628396201002,1.1638961657023055,0.2085981815654599,-0.015423378422802577,0.09523813726290521,-0.0023135288264456246,-0.5140373712586996
2021-01-11,62.12602615356445,0.7133819489816707,0.7486430301949235,0.6947407385322193,0.7486430301949235,0.6545647763808891,300124.SZ,-1.430309874250422,2.7074328710202074,1.4852125904535525,1.3485441851881743,1.19578785557965,0.9585708963414938,1.355676022041597,1.353224298703504,1.1795587333225939,-0.030846315585100398,-0.061692631170200796,-0.1341818037405653,-0.18160782090118632,0.5055074652674396
2021-01-12,63.50167083740234,0.7291783506491882,0.738536331766673,0.6970615565746359,0.7056709488944533,0.2144829972604956,300124.SZ,-0.7192638422508947,2.6797206989209883,1.4986354534421114,1.3734480788600376,1.3587276194679228,0.918618570822308,1.3556760220415964,1.3725814440699444,1.1962234801507479,-0.22132236948065845,-0.052053295443764656,0.01195308518313414,0.08135740556473622,-0.5620732329988392
2021-01-13,58.61191940307617,0.6730301212426839,0.7343439774735387,0.6644955663837836,0.7336702261367883,1.3260167058588896,300124.SZ,-0.008217810251367088,2.2114553280895604,1.4960016114182273,1.3871242047082584,0.47700250214988343,0.3141709574670681,0.46911494831812445,1.381491425757585,1.208555011541682,0.14420680114815984,-0.0215922002793179,-0.16772708920301735,-0.2891844843981317,1.4818430692806737
2021-01-14,59.185646057128906,0.6796181738768512,0.6895002742469518,0.6583567098659163,0.6588058631445168,0.7621998548863481,300124.SZ,0.7028282217481605,1.8667331279254333,1.4907142728537612,1.4095223440806817,0.5503970038896554,0.004600904399664842,0.3146778430162658,1.3904773177340426,1.2218791728433651,-0.3855796067045117,-0.23096192583734695,-0.03161741831716481,0.03393094714361044,-0.7250673075773008
2021-01-15,58.17509841918945,0.6680142121778669,0.6918210494516689,0.6436832984891486,0.6760246906218509,0.3666977829583495,300124.SZ,1.413874253747688,1.488366425435225,1.485445398247651,1.4257851468131886,0.38360318960187895,-0.1936655767804006,-0.04505754176382396,1.3982486450894296,1.2348788191550244,0.08868343309497871,0.011952864552881762,-0.07557358349862216,-0.05976476402491357,-0.5033491541258286
2021-01-18,58.8857421875,0.6761744083813844,0.6856821929338015,0.6414373607453485,0.66030316925295,0.17725555208491517,300124.SZ,-1.430309874250422,1.2339298215392305,1.4839417913051276,1.4341777114727472,0.4783922736208414,-0.22707046831410346,-0.09931219372978844,1.4028507110997954,1.2483413756317707,-0.08097174388357783,-0.03161741831716481,-0.011567423501975744,0.04202807740591775,-0.2319100819393556
2021-01-19,60.90032577514648,0.699307494318436,0.7067190588865865,0.6738535903389679,0.6761744083813844,0.6172783388632749,300124.SZ,-0.7192638422508947,1.1900786307237272,1.4868233319003643,1.4388300879196019,0.7375353076725149,0.2888828099840668,0.25304409778008163,1.4111154526177263,1.263106759890392,0.08174284661564224,0.1083477662290098,0.16695576584070054,0.11914408699892112,0.5972733217302653
2021-01-20,60.90032577514648,0.699307494318436,0.7079168866382533,0.6850083987593517,0.6924199633275022,-0.1754060625680773,300124.SZ,-0.008217810251367088,1.1408549898618434,1.4814258048738649,1.4679008529086084,0.7375353076725149,0.3420087713686128,0.2725025030331068,1.418545180958671,1.277619214753478,0.08367071376092947,0.00616926311702008,0.05745145582872032,0.0,-1.0265505817184282
2021-01-21,66.50072479248047,0.7636159199284576,0.792962742681993,0.6962380446406525,0.6999812456551864,1.1449542552375296,300124.SZ,0.7028282217481605,1.5629645306484152,1.5181172462295445,1.4664827065055688,1.3738538856456175,1.3635198042785845,1.4071590822764488,1.4355965451940746,1.2963980727424984,0.03894344584740771,0.4380181225689304,0.05783689687962634,0.33121256180404945,1.7569267574023357
2021-01-22,64.41443634033203,0.7396593648951222,0.7755193171465089,0.7342690971749223,0.7711023219575253,1.1459044825802178,300124.SZ,1.413874253747688,1.697617542039627,1.534393735743679,1.4705719046439458,1.0196136048760904,1.2114631255311095,1.4071590822764488,1.449497635158342,1.3122419896252546,0.3663002733608827,-0.08984019750820194,0.19587421428051371,-0.12338526234040159,0.01889061724104077
2021-01-25,65.90743255615234,0.7568032692361404,0.7857008958733759,0.7430282072542731,0.7430282072542731,1.0097502937228566,300124.SZ,-1.430309874250422,1.9090884141970148,1.5598353803283134,1.467395315997307,1.1768508925768841,1.3140793469993621,1.5200325636070144,1.4665774664307434,1.329756197905891,-0.14459224219906586,0.05243895712492305,0.04511270896442778,0.08829755078356834,-0.16171466390228878
2021-01-26,65.06639862060547,0.7471457669241898,0.7673591637806908,0.7157027670240872,0.761220264425124,0.28243521090957013,300124.SZ,-0.7192638422508947,1.980379363792714,1.5756911353758394,1.4762157127517623,1.0360167533528382,0.871067005717323,0.8668426699622537,1.4813894744312817,1.3405940084167878,0.09369593179877639,-0.09446681390058842,-0.14073628727823942,-0.049739766617319034,-0.9404407065271184
2021-01-27,64.53178405761719,0.741006867568623,0.7620437763591074,0.7264083793281713,0.7419052598012228,0.05698266158404176,300124.SZ,-0.008217810251367088,1.9670186738488675,1.5728007419787555,1.5188556135537306,0.9463752306126033,0.788108493434278,0.8668426699622542,1.4932789335976029,1.3507016622481653,-0.09947953323463807,-0.02737624297568434,0.05513792700227511,-0.03161763894741719,-0.2793458529258408
2021-01-28,61.55228805541992,0.7067938963475034,0.7478943985595566,0.6850083987593517,0.7475949630404897,0.6822829837558755,300124.SZ,0.7028282217481605,1.6801329081091625,1.5606361224713656,1.554111197681582,0.4709837404715017,0.17675188323979674,-0.027055356098556683,1.50173344812281,1.3580557215050357,0.029304110120971567,-0.07287461362127053,-0.21322545984860353,-0.17620966051623108,0.8413362213560291
2021-01-29,62.03474807739258,0.7123338818272369,0.7350177288102892,0.7020025853408365,0.7112857718351037,0.3274752495487137,300124.SZ,1.413874253747688,1.475831178582363,1.5609873204063742,1.55938459494021,0.5290738074323081,0.20332843870980474,-0.027055356098557443,1.5104726330179958,1.3652284342301495,-0.187005981286142,-0.06631968882309204,0.08752644805150393,0.02853300738890756,-0.4497432053992061
2021-02-01,64.34272003173828,0.7388358529611389,0.7419052598012228,0.7112108915364872,0.7145797767333375,0.2057385432829562,300124.SZ,-1.430309874250422,1.493385290780445,1.5677000444528086,1.5610668033704027,0.7982269840425539,0.4548836088319536,0.07222229537157729,1.5204643349638942,1.3743911827906747,0.01696536325667903,0.03547337323799165,0.04742623779087341,0.13649511193675853,-0.1427227629190534
2021-02-02,68.3132095336914,0.7844281878230926,0.8010481014245934,0.7411566281658559,0.7426538914365897,0.9176162041466542,300124.SZ,-0.7192638422508947,1.825559278398877,1.6032725831274266,1.5459324205739573,1.2127317458512132,1.2691164454031443,0.8261527420110232,1.5337296701510967,1.3849474296682416,0.14459224219906586,0.30460786282093427,0.15423179855575436,0.2348176601279214,0.9553830553564047
2021-02-03,66.12258911132812,0.7592738050380904,0.7986524459212598,0.75612951789939,0.7936364940187434,0.20192042781244374,300124.SZ,-0.008217810251367088,1.8779102848193279,1.6179609693189576,1.5472684593732837,0.8738330998839705,1.1073061768865249,0.826152742011023,1.5483613959665354,1.3941674439736464,0.26257956478476413,-0.01233852623404016,0.07711600959300337,-0.12955452545742166,-0.9251347946425436
2021-02-04,65.19679260253906,0.7486430301949235,0.7660864557304076,0.7366647526782558,0.7595732405571574,-0.07850294739693774,300124.SZ,0.7028282217481605,1.817701397704064,1.6177615552556814,1.5473170749597545,0.7354538525703991,0.6445764868267134,0.42096467732611925,1.559264021378237,1.4035544849611994,-0.17543855778416625,-0.16772708920301735,-0.10025085659695486,-0.05475248595136868,-0.35175797310837603
2021-02-05,64.26448059082031,0.737937460728539,0.7652629437964242,0.7335953458381719,0.763690800227074,-0.07861861062310097,300124.SZ,1.413874253747688,1.6694382686090026,1.6136163514408923,1.5477661805358445,0.5970878673581046,0.5014041394687535,0.3582193221971978,1.5661813539122846,1.4122400035070288,0.021206979858664262,-0.004241395971732852,-0.015808598843456218,-0.05513770637202232,0.017486537991145964
2021-02-08,71.63172149658203,0.8225341206559789,0.8309937952162627,0.7347182932912222,0.7411566281658559,0.9983529595863171,300124.SZ,-1.430309874250422,2.157777731208621,1.6782996437220181,1.5169967922272682,1.316081454734491,1.3874784303874066,1.1062250022414968,1.5827108369481464,1.4256214305535913,-0.11605945544041107,0.3385385893342923,0.005783601435861683,0.43570459374248477,1.4363149608968575
2021-02-09,73.0204086303711,0.8384801972453303,0.8384801972453303,0.8047912596014277,0.8309937952162627,0.2769726156266955,300124.SZ,-0.7192638422508947,2.632262237819365,1.7457538109958668,1.483051899661042,1.4328896942345621,1.7498022225970145,1.1811581280308743,1.6027321932695857,1.4396327944473892,0.46269517503701074,0.03855778416624931,0.36090211297592706,0.08212828766654826,-0.9326229774642233
2021-02-10,74.38954162597656,0.8542017186142312,0.8542017186142312,0.8196892690363454,0.8443196610818301,-0.16462022775474783,300124.SZ,-0.008217810251367088,3.0888259283888386,1.810799383534225,1.4814143365157255,1.5456495750574968,1.8172933952571617,1.3360630657518593,1.6292059295699945,1.4547131471296277,0.06863321764953767,0.08097174388357783,0.07673034791184498,0.08097174388357783,-0.5640637318701108
2021-02-18,74.42213439941406,0.8545760344319147,0.8826501491351668,0.8384801972453303,0.8759123787414661,0.2912480113389333,300124.SZ,0.7028282217481605,3.412791775969595,1.864618394370759,1.490341638493058,1.5483500339787326,1.8681932379109278,1.6000354769445024,1.6544366342123356,1.4707431810966323,0.1627143698689677,0.14652010934435308,0.09678034272703405,0.0019278671452872276,0.6181462625848927
2021-02-19,68.95864868164062,0.7918397952289427,0.8377315656099634,0.7636159199284576,0.8317424268516296,0.6855010023581775,300124.SZ,1.413874253747688,3.163044553802076,1.864384107973409,1.5414303716207607,0.7665570726419553,0.8042480539754804,0.2274673478449085,1.666269164734193,1.483074712487567,-0.22749185322793092,-0.23134758751850537,-0.38557916544400733,-0.32311521091148976,0.5369815597283286
2021-02-22,66.279052734375,0.7610705038278911,0.7997005130756937,0.7501403791410561,0.7950589626662595,0.6398633931432484,300124.SZ,-1.430309874250422,2.7027607259943687,1.852790244525031,1.5898136008665917,0.42863201852024185,0.3281170853162924,0.01245957977850957,1.6720288612916336,1.4932873567037206,-0.18893362780117684,-0.19587421428051371,-0.0694040997513497,-0.1584734151577396,-0.04247873578600577
2021-02-23,63.31260681152344,0.7270072503663052,0.774770685511142,0.7246864751615881,0.75612951789939,0.8516833857614545,300124.SZ,-0.7192638422508947,2.0584427937843497,1.8467249584442977,1.6082663620688866,0.08077221372606495,-0.14804746254062404,-0.3781806780068185,1.6729113122909067,1.4993433587312086,-0.20050127193340497,-0.12839798167445124,-0.13109717218205527,-0.17543855778416625,0.29666571958817545
2021-02-24,58.57931900024414,0.6726558054250005,0.7350926091089056,0.6653939586163835,0.7336702261367883,1.6750860009616306,300124.SZ,-0.008217810251367088,1.1274328648184906,1.8581099479547323,1.5840292419958277,-0.41796247438974476,-0.9741807304011217,-1.185479581717275,1.6676450353255423,1.5022305806589988,-0.11567379375925269,-0.20435700622397943,-0.3053787449227459,-0.2799303690923492,1.102292952868731
2021-02-25,56.8450813293457,0.6527418869252659,0.6906232217000021,0.6465281501087821,0.6850083987593517,1.1675853290065434,300124.SZ,0.7028282217481605,0.23677173788806802,1.8798693256633676,1.513109971078498,-0.5863059090268328,-1.2977902491496358,-1.1303917528344567,1.6554329587891319,1.5044305945332512,-0.2506267002318824,-0.22903405869205973,-0.09716600440819285,-0.1025641647931481,-0.6508829769316352
2021-02-26,55.60634613037109,0.6385176716647981,0.6479505759185987,0.6213737244860804,0.6400898152341483,0.8836261685746923,300124.SZ,1.413874253747688,-0.5701030020057785,1.9047678593300554,1.4425174663980704,-0.7043319144158217,-1.5276980037910175,-0.834634437233775,1.6414749456099327,1.5078141314164157,-0.23134758751850537,-0.2197801640165296,-0.12955474608767406,-0.07326005467217654,-0.3564156019569958
2021-03-01,58.60539627075195,0.6729552409440676,0.6774471164316677,0.6451057242989653,0.6645704466824001,1.540553213893938,300124.SZ,-1.430309874250422,-0.9427225103981772,1.9077373181862396,1.404639340376062,-0.378386513417039,-1.0533575607071082,-1.2043196457197938,1.6363509984000253,1.5135837992580816,0.12608445284800562,0.15191826972930875,0.12222871855743116,0.17736642492945348,0.8829975579051467
2021-03-02,57.9469108581543,0.6653939586163835,0.6877783700803686,0.6428597865551652,0.6773722361330512,0.7015067718252291,300124.SZ,-0.7192638422508947,-1.281070298887778,1.9120341355985617,1.3660708366170222,-0.44373285021234854,-0.9867901078548059,-1.2176875866288053,1.628266544496726,1.519253249998175,0.06593402714193365,0.05320983922673468,-0.011567423501976155,-0.0389434458474073,-1.0876224976767794
2021-03-03,57.42533874511719,0.6594048198580496,0.6616507147641502,0.6370952458549813,0.6615758773032332,0.4734698253488716,300124.SZ,-0.008217810251367088,-1.5770993722409368,1.916474068861447,1.327396603528587,-0.49615821219350004,-1.103032367780667,-1.2580985165541008,1.6265395840687584,1.522865855322281,-0.08135718493448385,-0.13456724479147092,-0.029689551171877587,-0.030846315585100807,-0.28275023468791677
2021-03-04,54.471923828125,0.6254912841559971,0.6510948630572992,0.6151599876695967,0.6432341023728488,0.8430981564848671,300124.SZ,0.7028282217481605,-2.042848533630424,1.9327191259459506,1.2750545439350747,-0.7844684460416137,-1.3180057421134552,-0.9902817035679465,1.6196791856087063,1.5239348441107217,-0.09446703453084039,-0.054366603639957906,-0.11297482388190022,-0.17466745505210182,0.5045439202668552
2021-03-05,57.29494094848633,0.6579075137496163,0.6668912218871171,0.6224967147768301,0.628710451593314,0.77111008826951,300124.SZ,1.413874253747688,-2.146350582754028,1.9366311398667824,1.2481492697003633,-0.47049594012213314,-1.074814281415986,-1.1925064792436624,1.6183981960914635,1.5271990734902121,-0.07480226013630578,0.08135718493448385,0.03778690206443686,0.16695576584070013,-0.07718974063857144
2021-03-08,55.90625,0.6419613943225656,0.6640463702674837,0.636496331979148,0.6504210688828493,0.3680040126984491,300124.SZ,-1.430309874250422,-2.3220651259306897,1.9386053680776498,1.2060880352658692,-0.6057037790692407,-1.0710972196764004,-1.1925064792436624,1.6140618133771911,1.5273326953820727,0.11181783883842585,-0.014652055060485784,0.07210329025895373,-0.08212850829679982,-0.5133657768855675
2021-03-09,53.26578140258789,0.6116413847132127,0.6540145949755491,0.6092457292098793,0.6254912841559971,0.48277975916058097,300124.SZ,-0.7192638422508947,-2.6585193791526773,1.9292790431957374,1.146075470559967,-0.8532888882929521,-1.24924438227442,-0.8545560439718944,1.6029504333138602,1.5259010162608295,-0.12839776104419887,-0.05166741313235388,-0.1403508462273326,-0.15615944507078963,0.16883100903598552
2021-03-10,55.1890869140625,0.633726360658131,0.6475013798022988,0.6214486047846969,0.6359722555642316,0.4546819934182737,300124.SZ,-0.008217810251367088,-2.7300123469035644,1.9186865784283518,1.106927902815484,-0.6378896507089195,-1.0803044655920273,-0.854556043971895,1.5946382485441097,1.5254571964978434,0.05398094195879951,-0.033545506092704416,0.0628493955834232,0.11374592661396546,-0.019373802703757555
2021-03-11,56.916805267333984,0.6535653988592492,0.6662923080112838,0.6339509587162809,0.634025796177198,0.06559527040826287,300124.SZ,0.7028282217481605,-2.6096883038264718,1.9062314242994323,1.0824604010715697,-0.45021325841864446,-0.8409965326965092,-1.1125135463833338,1.5806897207575554,1.5270177269584553,-0.010024997407594535,0.09678034272703405,0.06439182167780481,0.10217850311198971,-0.4948983257201617
2021-03-12,56.47346115112305,0.6484746094958156,0.6645704466824001,0.6311061070966475,0.6645704466824001,-0.008758636524069536,300124.SZ,1.413874253747688,-2.524582958669728,1.8957866243337496,1.0579485807510536,-0.4942512494789034,-0.820774299481047,-1.0754179465883846,1.5691323643539674,1.5281964766841636,0.1573164301142644,-0.008868232994371722,-0.014652055060485784,-0.02621947856246194,-0.08030621914788251
2021-03-15,52.150917053222656,0.5988395952625617,0.6505708294800823,0.5897810068264444,0.6484746094958156,1.0109035803539803,300124.SZ,-1.430309874250422,-2.797043688368764,1.844411223461178,1.0261663066503515,-0.9023317426085441,-1.0892623586345889,-0.5620284845711448,1.5491110080325279,1.5267170756537356,-0.08289961102886546,-0.07210329025895373,-0.2128397981674451,-0.25563897830542687,1.3608223388688994
2021-03-16,53.30489349365234,0.6120905379918132,0.6274377435430307,0.6022833179203291,0.6064008775902457,0.3055286644705421,300124.SZ,-0.7192638422508947,-2.8820687398917597,1.7644144403466409,1.0267134210293805,-0.772095237639183,-1.005468167319299,-0.5620284845711445,1.5319932189009522,1.5255574135994168,-0.21669553245801917,-0.11914408699892112,0.06439160104755244,0.0682473353381269,-0.9115393033008711
2021-03-17,53.89818954467773,0.6189032315218298,0.6326033703673812,0.6026576337380126,0.6236945425284969,-0.34273231021451417,300124.SZ,-0.008217810251367088,-2.8668263768056463,1.6483733758662487,1.06571138021366,-0.7049287501335088,-0.9080467209805144,-0.6389587805699202,1.5165169999454151,1.523753500309676,0.08906887414588513,0.026604919613367545,0.0019278671452876385,0.03508793218708563,-0.8363040943030327
2021-03-18,57.17107009887695,0.6564850879397996,0.6736290351185173,0.6288601693528475,0.6288601693528475,0.1749777922119485,300124.SZ,0.7028282217481605,-2.5459398835171285,1.4975305675631037,1.1606337040694117,-0.3471664530143125,-0.5638443423257387,-1.2181085214751515,1.5101405302552624,1.5247986254128127,0.026604919613367545,0.2112975927033163,0.1349529064726293,0.1935606854540681,0.6996094818100687
2021-03-19,54.94134140014648,0.6308815090384976,0.6505708294800823,0.6233950641717305,0.643833016248682,-0.14431334301678292,300124.SZ,1.413874253747688,-2.455932459487708,1.3935309582677977,1.2160723041853088,-0.5648579393129571,-0.6899070616036236,-1.1461350737178175,1.4998167201170982,1.5240016591527188,0.077115788962751,-0.11875842531776272,-0.028147345707748756,-0.1318680542838673,-0.402957802554159
2021-03-22,57.829551696777344,0.6640463702674837,0.6700355090258177,0.6333520448404476,0.636271733920998,-0.05974194878858429,300124.SZ,-1.430309874250422,-2.1137757872439464,1.308575989224002,1.2755000551058144,-0.26273592384833827,-0.48625027566888135,-1.1388492184442873,1.4903374085485648,1.524259359100745,-0.03894344584740771,0.10025041533645052,0.051282192711700245,0.170811500131275,0.12904333714216287
2021-03-23,55.873653411865234,0.6415870785048821,0.6610518008883168,0.6328279684255312,0.6585813079240662,-0.19050953597034326,300124.SZ,-0.7192638422508947,-1.9888049654968056,1.2437216586118731,1.316208291663727,-0.4534409024977602,-0.5567970562742042,-1.1461525097093896,1.4722327856623691,1.5218255035023471,0.11490269102718827,-0.046269473377651006,-0.0026991905076040215,-0.11567379375925269,-0.1546189864836288
2021-03-24,52.45734024047852,0.6023581982189455,0.6486243272553491,0.5936739256005117,0.6416619588034985,0.38195071728273544,300124.SZ,-0.008217810251367088,-2.159278186566126,1.2356935894852359,1.2967382092641464,-0.7677662029725707,-0.8049368949445959,-0.8778306946915486,1.45234426827421,1.519181669865108,-0.0871410070005979,-0.06400615999664643,-0.20165803634662777,-0.20204347739753378,0.7717309105483876
2021-03-25,53.20058059692383,0.6108927530778459,0.615459466026363,0.5870110355054274,0.5903799207022778,-0.08583021960219607,300124.SZ,0.7028282217481605,-2.20650167323165,1.2328457632208427,1.2828911529365603,-0.6876909622946269,-0.8720785314021555,-0.7934395775306406,1.4348848909872562,1.5158840384260415,-0.264121770248893,-0.170811500131275,-0.034316388194516455,0.043956165181457355,-0.5985608554558614
2021-03-26,56.39522171020508,0.647576217263216,0.6532659205024828,0.6141867579760798,0.6186786334636799,0.07841279055672414,300124.SZ,1.413874253747688,-1.9487162447532782,1.2352591340970704,1.2837892700489255,-0.35471316196396174,-0.5284858680629692,-1.2323051031723178,1.4234319119094834,1.513602895121605,0.14574900661228865,0.1947174498672909,0.1399651845461746,0.18893362780117726,0.23399338173675982
2021-03-29,55.22820281982422,0.6341755139367314,0.6644206860851672,0.6263147960899804,0.6588058631445168,0.23438444620332635,300124.SZ,-1.430309874250422,-1.8248226226889233,1.2174517620446315,1.288677517673827,-0.46563615079548737,-0.47696893010394176,-1.0870947484843443,1.3995581016436702,1.5099091630980261,0.20667031442017308,0.057451235198468356,0.06246395453251759,-0.0690186587004441,0.2230976691949139
2021-03-30,57.5296516418457,0.6606026476097163,0.6610518008883168,0.625940480272297,0.6314055426157145,-0.28599881499971064,300124.SZ,-0.7192638422508947,-1.5130738607027576,1.2143024567589555,1.2903902871921087,-0.2321727753191822,-0.36513854550339886,-1.0922938953964298,1.3770127295764516,1.5086397428371503,-0.14112194895939784,-0.017351024937837838,-0.0019278671452872276,0.13610967088585252,-0.6678529894043566
2021-03-31,55.74977493286133,0.6401646526950653,0.6612763989464667,0.6243682938652473,0.6588058631445168,-0.0774180754958116,300124.SZ,-0.008217810251367088,-1.4038432271925154,1.2058009180225868,1.2924260556124647,-0.4047156584726727,-0.4322258315371973,-1.1147985799543907,1.3498842622841563,1.508310454563924,0.14112194895939784,0.0011567644132228123,-0.008097350892560097,-0.10526335530075213,0.29239870736772133
2021-04-01,56.54518127441406,0.649298121429799,0.6526670066266494,0.6393411835987814,0.6428597865551652,-0.6060304270216772,300124.SZ,0.7028282217481605,-1.2361108905300215,1.2109560891891278,1.2961735545695083,-0.32291374522814303,-0.2817686210649778,-1.114798579954391,1.3238659877166488,1.507914356710123,-0.08212828766654909,-0.04434160623236337,0.07711600959300378,0.04704079673996739,-0.6786930280588355
2021-04-02,59.49859237670898,0.6832116571318515,0.6947407385322193,0.6555118582462829,0.6555118582462829,-0.0006651466541100007,300124.SZ,1.413874253747688,-0.841430029509692,1.2304041036680704,1.2838386583958605,-0.028372788028255973,0.6067758771971128,-0.5500882265351212,1.3100977421151936,1.5069408144707637,0.06516292440986965,0.2166955324580196,0.08328505207977108,0.17466745505210182,0.81507613485079
2021-04-06,59.49859237670898,0.6832116571318515,0.7103125421415869,0.6629983031130499,0.6999812456551864,0.3875212603581509,300124.SZ,-0.7192638422508947,-0.5239233316371477,1.2535659041485796,1.273709233182673,-0.028372788028255973,1.072149520923861,-0.35737938651260076,1.3002293991394631,1.5048744252190824,0.22903405869205973,0.08020064115151382,0.038558004796501684,0.0,0.5289901533205134
2021-04-07,60.83512878417969,0.6985588198453696,0.6989331785007525,0.6706344657393504,0.6775219538925846,-0.18633644227502402,300124.SZ,-0.008217810251367088,-0.15714503546746672,1.2860302876766347,1.2714532693485934,0.10399899753532996,1.3895784554846977,-0.3573793865126014,1.2966236577058938,1.5035047823952108,-0.11567379375925269,-0.058607999611691164,0.0393291075285661,0.07904365610803822,-0.73829394817246
2021-04-08,58.91181945800781,0.6764738867381508,0.7013288340040861,0.6704098676812005,0.6901740255837022,-0.22949295921585644,300124.SZ,0.7028282217481605,-0.03241654454176544,1.2996258752341963,1.2731135040990094,-0.10272220980154592,1.1877143441821287,-0.32675860047267785,1.2971075864757933,1.5010995637653202,0.06516292440986923,0.01233852623404016,-0.0011567644132228123,-0.11374570598371307,-0.03921043575508671
2021-04-09,53.102787017822266,0.6097697627870962,0.6767733222572179,0.5959198633443118,0.6766984419586013,1.9613674386356679,300124.SZ,1.413874253747688,-0.4283065361131052,1.2992174669909302,1.2556179298058596,-0.6672027913955075,-0.7246602230950989,-1.1152908416864047,1.2916610164662647,1.4922183815688361,-0.06940432038160209,-0.1264701145291636,-0.3836515189289725,-0.343551308668342,2.903621488683554
2021-04-12,50.507957458496094,0.5799737867549603,0.6075987053419125,0.57121463383791,0.5951712317089449,1.351207664914392,300124.SZ,-1.430309874250422,-0.9549737087783645,1.3098958889817718,1.215032341833864,-0.8931652921657174,-1.9294188610652323,-0.8027029329529283,1.2842407789474963,1.481466473771326,-0.41989577426877617,-0.35627527595328856,-0.12724121726122842,-0.15346047519343758,-0.7861140398709303
2021-04-13,49.39960479736328,0.5672468347652263,0.5828186383745938,0.5629795573357761,0.581695648083844,0.26143311780750017,300124.SZ,-0.7192638422508947,-1.4520280833667336,1.3238518595529651,1.1857641130406575,-0.9870377595089247,-2.109172925233064,-0.7013172782031204,1.2708425993974815,1.4721510156475504,-0.06940432038160209,-0.12762665831213443,-0.042413739087076144,-0.06554858609102764,-1.4179023030689204
2021-04-14,52.2878303527832,0.6004117388319119,0.6034063082110788,0.5635036337506925,0.5637282318088425,0.4611287502961406,300124.SZ,-0.008217810251367088,-1.581260303055686,1.3256971903270391,1.1788157053440589,-0.6765496831141834,-1.4425979820623887,-0.9931205366173921,1.2626063249165485,1.463942721654995,-0.0925389467553012,0.10603423740256375,0.0026991905076040215,0.17081172076152737,0.28069450924664896
2021-04-15,52.476898193359375,0.6025827962770954,0.6056522459548789,0.5843159016453275,0.5983155188476454,-0.4973954146631126,300124.SZ,0.7028282217481605,-1.6497602929294626,1.327312054843528,1.1702317117983811,-0.6565772987410972,-1.1176983424228284,-1.0246684208304766,1.2554043274420543,1.4594520206406107,0.1781375276615183,0.011567423501976155,0.10719100181578697,0.011181761820817347,-1.2450084399466965
2021-04-16,51.96836471557617,0.5967433752782951,0.6175556431729301,0.5890323751910775,0.6118659827713627,-0.08801764745142368,300124.SZ,1.413874253747688,-1.7290627415373814,1.322174726644921,1.1517165603406496,-0.7035465302065574,-0.9569812345666795,-1.1929701349889341,1.2517606281493106,1.4541691239186245,0.06978998206276008,0.0613069694890424,0.0242916114171743,-0.030075212853035983,0.5569051663646074
2021-04-19,54.23720932006836,0.6227961502958971,0.6274377435430307,0.5959198633443118,0.5986898346653289,0.049923654323054595,300124.SZ,-1.430309874250422,-1.5803694703450373,1.3213160137752953,1.149401669225049,-0.45814916639712533,-0.5651521865032026,-1.2156961522265866,1.2473103827165786,1.4512866752740372,-0.06786211491747285,0.05089653103054185,0.03547315260773927,0.13418158311031292,0.19934659522923448
2021-04-20,53.011512756347656,0.6087216527949628,0.6251169255006143,0.6011603704672788,0.6164326957198798,-0.10238112200767006,300124.SZ,-0.7192638422508947,-1.5511212330116422,1.3092775605875993,1.1407610183291432,-0.5763316026428663,-0.6207489329931488,-1.2156961522265861,1.243097358972474,1.446986864627105,0.09138240297233034,-0.01195308518313373,0.02699058129452594,-0.07248895194011212,-0.18298955403420647
2021-04-21,52.77680206298828,0.6060265617725623,0.6089462508531128,0.5923263800893114,0.6046041359627456,-0.378341904065456,300124.SZ,-0.008217810251367088,-1.5317404136149668,1.3052154313969135,1.1309132039541767,-0.5991482949905875,-0.8054057355759063,-1.2017779768702173,1.2423856993361242,1.4410406235368844,-0.06092152843813638,-0.08328505207977148,-0.045498370645586594,-0.01388073169816899,-0.3458794761707119
2021-04-22,51.205562591552734,0.5879842651989443,0.6078981408609795,0.5745835190347605,0.6033314279124624,0.9782080989544238,300124.SZ,0.7028282217481605,-1.6336656538353913,1.3074585361622855,1.1223940998601396,-0.7520554545367095,-1.0151570266499574,-0.9466895722640145,1.2365880449195088,1.4339442669587519,-0.006554924798178477,-0.0053981603849556645,-0.09138240297232994,-0.0929246084364596,1.8045988051289064
2021-04-23,53.33749771118164,0.612464896647196,0.6175556431729301,0.5839415858276441,0.5839415858276441,0.3630184770148676,300124.SZ,1.413874253747688,-1.515395775605756,1.3074772842464648,1.123017368309646,-0.5096337515422309,-0.6531678929346839,-1.0954126664870003,1.2313786965986078,1.424309067128156,-0.09986497428554408,0.049739766617319034,0.048197561153189794,0.12608445284800562,-0.7927397721175513
2021-04-26,51.84449005126953,0.5953209494684784,0.6238442602880304,0.5930001742637613,0.6142616382746963,0.2998872486508779,300124.SZ,-1.430309874250422,-1.533394896671178,1.3011795787625418,1.1089300227384882,-0.657578622135697,-0.6336979953020877,-1.1922941560275155,1.2246416516791918,1.4151081404941408,0.1561596657010416,0.03238874167948161,0.04665513505880899,-0.08829777141382072,-0.0655227783646233
2021-04-27,55.07173156738281,0.6323787723092313,0.654763226610916,0.6246677722220138,0.6332771645418311,1.4568475869076223,300124.SZ,-0.7192638422508947,-1.2576186085263292,1.3007324519228454,1.1087150153318115,-0.3024433076322071,0.09600912254128323,-0.8994021398852765,1.2288926278529388,1.4071766368517118,0.09793710714025686,0.15924429725955164,0.1631000315501261,0.19086171557671686,1.5416827845008556
2021-04-28,59.06829833984375,0.678270628365651,0.6795432935782347,0.6430095043146987,0.6513194611154491,1.5377442498299736,300124.SZ,-0.008217810251367088,-0.6895710668489161,1.311169414101829,1.1037731039967376,0.09766287828504895,0.6994597156384417,-0.5632309349141152,1.2372807283410376,1.402786155669612,0.0929246084364596,0.12762665831213443,0.09446681390058842,0.2363603068525546,0.12420267701601219
2021-04-29,58.025146484375,0.6662923080112838,0.6871045759059188,0.6535653988592492,0.6835110926509185,0.2746100542620554,300124.SZ,0.7028282217481605,-0.3264381184092821,1.3221093665374628,1.1017152479953705,-0.012071034025255653,0.6826373860286736,-0.4639587064947273,1.2432871319797503,1.398023437588304,0.16579900142747772,0.03894344584740771,0.054366824270210286,-0.061692851800453176,-1.646265975932152
2021-04-30,58.31852722167969,0.6696611932081341,0.6751262983892511,0.6483248917362822,0.6722814467696177,0.11103412185969652,300124.SZ,1.413874253747688,-0.014634746091377392,1.331478019562043,1.0991273324967552,0.01712722266259263,0.5678578572837595,-0.551028757910576,1.2449571583337222,1.395656394301192,-0.05783689687962634,-0.061692631170200796,-0.026990581294526354,0.017351024937837425,-0.19783685339586712
2021-05-06,58.66407775878906,0.6736290351185173,0.678345465826568,0.6592550592608166,0.6736290351185173,0.3998905342965994,300124.SZ,0.7028282217481605,0.2578237200997179,1.3254430559332846,1.1022448800238593,0.05229495229869149,0.6398565425148687,-0.506689582218817,1.250375261306253,1.393189133912507,0.0069405864793368735,0.01657992220577301,0.05629447078524554,0.020435877126599847,0.39814446582586444
2021-05-07,55.3520736694336,0.6355979397465481,0.6787946619428679,0.633726360658131,0.6662923080112838,0.18273549002389697,300124.SZ,1.413874253747688,0.18614771856376588,1.3026216648067253,1.109365231448259,-0.30393552800771473,0.22235272584398905,-0.9309352521084955,1.2467695198726834,1.386608179961138,-0.03778690206443727,0.0023135288264456246,-0.1314823926027089,-0.1958744349107665,-0.26841569272832194
2021-05-10,54.03510284423828,0.6204753750911801,0.636571169440065,0.612914092763496,0.6364214516805315,0.16650863583056624,300124.SZ,-1.430309874250422,0.014869703354821179,1.2605976689158986,1.1264139608039176,-0.4386122041058195,-0.29247754501069745,-1.254818351845141,1.2440936835492704,1.3761569234683473,-0.15384613687459597,-0.21746685582033637,-0.10719100181578697,-0.0778868916948146,-0.003736455803113083
2021-05-11,52.8485221862793,0.6068500737065456,0.6183791551069134,0.5928504136665285,0.6183791551069134,-0.11537049831920859,300124.SZ,-0.7192638422508947,-0.2214334192233798,1.2317473393538099,1.131544884922762,-0.558541826390535,-0.6336792364447947,-0.9961889064481844,1.2446630134301635,1.366440594207568,-0.0929246084364596,-0.093695711168524,-0.10333548815546449,-0.07017542311366691,-0.3536756192352742
2021-05-12,52.93979263305664,0.6078981408609795,0.6120905379918132,0.5951712317089449,0.6064757150511628,-0.19499780171523126,300124.SZ,-0.008217810251367088,-0.39761186677616545,1.231631662566192,1.1309119495592168,-0.5480074187125312,-0.6540832504009699,-0.9961889064481841,1.2442834565565466,1.3574687387452056,-0.06130719011929478,-0.03238874167948161,0.01195308518313373,0.005397939754703285,-0.08725277329472611
2021-05-13,51.688018798828125,0.5935242078409783,0.602208480459412,0.5855137293969943,0.5989144327234787,-0.19604355022285588,300124.SZ,0.7028282217481605,-0.6385831008083462,1.2288829190497377,1.1396837897270877,-0.6773825123475443,-0.8295784013673824,-0.8530010063108557,1.2374325489186715,1.348263041558698,-0.03894344584740771,-0.05089631040028947,-0.049739766617319034,-0.07403115740424096,0.01626135270243499
2021-05-14,52.93979263305664,0.6078981408609795,0.6176305234715466,0.582219681661061,0.5989144327234787,-0.06623144780315615,300124.SZ,1.413874253747688,-0.7152403410105209,1.219578686693203,1.1672352821148946,-0.527197546412417,-0.6253053372405518,-1.1049464121061372,1.234101981603372,1.3345809604767045,0.0,0.07942931778919662,-0.01696558388693141,0.07403115740424096,0.1886381412229264
2021-05-17,58.29897689819336,0.6694366379876836,0.6734044370603673,0.6116413847132127,0.6132135282825629,0.9974598810749741,300124.SZ,-1.430309874250422,-0.31393094255232273,1.242037028939616,1.1693256771505423,0.05991126692993393,0.317669240787039,-0.6322846835659217,1.2352216597208046,1.3238051917246016,0.07364571635333493,0.28725661725284446,0.15153282867840273,0.31694638905497446,1.4188211281979248
2021-05-18,58.00558471679688,0.6660677099531339,0.6693617576890671,0.6525172888671159,0.6662923080112838,-0.1765143538827654,300124.SZ,-0.7192638422508947,-0.02212520178182801,1.259329661558859,1.175177160770388,0.02716318648573837,0.5034814561898691,-0.6322846835659222,1.238504783784285,1.3118124924425887,0.2733756649244231,-0.020821318177505863,0.2105262693409995,-0.017351245568089393,-1.5288170986528533
2021-05-19,59.32908248901367,0.6812651549071185,0.711884685710937,0.6589556237417497,0.6647950447405501,0.2408432883179293,300124.SZ,-0.008217810251367088,0.3176927057481257,1.283042389453479,1.1821617334808838,0.16409646852055312,0.8396967654212005,-0.09359801617968133,1.242556496128579,1.300764701162139,-0.00771146858114891,0.2190090612844652,0.03315984441154602,0.0782725533759738,0.567416917961107
2021-05-20,60.411354064941406,0.6936926713777855,0.7084409202154701,0.6839602887672184,0.6907729394595356,0.1475016992407252,300124.SZ,0.7028282217481605,0.6707957493651412,1.314451919816907,1.174563447993244,0.2747919035333946,1.0102191270772174,-0.09359801617968058,1.243884928897641,1.2945082622007935,0.13379592142915453,-0.017736686618996234,0.12878342272535725,0.06400638062689838,-0.10531836512450132
2021-05-21,59.426876068115234,0.6823881451978683,0.7003555614728698,0.6737787528780509,0.6969866762760194,-0.10159059731314944,300124.SZ,1.413874253747688,0.8549987703341658,1.3335686296781715,1.1824623254315734,0.15668777803767844,0.8363305746625243,-0.266705858406537,1.243780551571826,1.2894926147239507,0.03200307999832321,-0.041642636355011316,-0.05243873649467068,-0.05822255856078433,-0.31048608394584776
2021-05-24,59.84413528442383,0.6871794562045352,0.6962380446406525,0.6707841834988838,0.6887515997738854,-0.3014034634259471,300124.SZ,-1.430309874250422,1.0236572326412414,1.3521480635579557,1.1940610862400074,0.2011961712924965,0.8303975789401151,-0.3179530663117064,1.242338256084305,1.2869537714714878,-0.042413739087076144,-0.021206759228411882,-0.01542315779255061,0.024677052468079906,-0.24557114075096423
2021-05-25,61.51969146728516,0.7064195805298201,0.7095638676685205,0.6837356907090685,0.6853078342784187,0.22522690927520395,300124.SZ,-0.7192638422508947,1.2849336721043962,1.3739410453271392,1.2172055994148636,0.37856101816833315,1.0661807413180506,-0.14400632276000314,1.2461337705251503,1.2891060607058444,-0.017736686618995825,0.0686329970192853,0.06670512987399847,0.09909387155347966,0.711359999885897
2021-05-26,63.280006408691406,0.7266329345486218,0.7362904368605724,0.7103125421415869,0.7172749105934375,0.2937183156615932,300124.SZ,-0.008217810251367088,1.6229848096572348,1.413268158942612,1.2181156082198472,0.5585780720323988,1.3034781425306474,0.1873448015844025,1.2609457785256888,1.2938162835947646,0.1646424576445073,0.13765187634998136,0.13688077361791734,0.10410637025727694,0.10786144668639605
2021-05-27,63.280006408691406,0.7266329345486218,0.7337450207600059,0.7115852073541706,0.7261837384323219,-0.07417602297638486,300124.SZ,0.7028282217481605,1.868038990976425,1.4395799621187786,1.2412655242780677,0.5585780720323988,1.1715457127498887,0.18734480158440275,1.2795343247522517,1.299433236411758,0.0458838116964922,-0.013109849596356953,0.006554704167925687,0.0,-0.4669819635511719
2021-05-28,62.53024291992188,0.7180235422288043,0.7392850490774387,0.7112857718351037,0.7246115948629717,-0.07598655530706404,300124.SZ,1.413874253747688,1.9738507800445373,1.4635782977251885,1.2483772991796955,0.4570145938543627,1.061923478698696,0.25594576929738716,1.2986447576078883,1.302306138489939,-0.008097130262307307,0.028533228019159532,-0.0015422054641288305,-0.04434160623236378,0.015253916171907043
2021-05-31,64.21232604980469,0.7373385896904051,0.7486430301949235,0.7213175471270383,0.7213175471270383,-0.06737244436302263,300124.SZ,-1.430309874250422,2.175613338022477,1.49468279604911,1.2362811947642074,0.6352969157325042,1.15449522453005,0.37191448943682165,1.3159997684280913,1.306892286053405,-0.01696558388693141,0.04819711989268544,0.05166741313235388,0.09947975386489086,0.02898611883635449
2021-06-01,63.71030807495117,0.7315740061525218,0.7388358529611389,0.7059703844135202,0.7336702261367883,0.44391097496862625,300124.SZ,-0.7192638422508947,2.2650137981110103,1.5213586580830418,1.2319085771142324,0.5649735765864489,0.9218917247846348,0.07403334039755981,1.3323489638493213,1.3114927480050569,0.06362093957599278,-0.05051064871913107,-0.07904365610803822,-0.029689771802129963,0.6911437230888882
2021-06-02,62.56936264038086,0.7184727383451043,0.7361406762633395,0.7103125421415869,0.7321728771906557,-0.19256423104999512,300124.SZ,-0.008217810251367088,2.2111737874160173,1.5379273800449773,1.2325841333700078,0.4053548859568078,0.802650798190928,0.0740333403975588,1.3477777449825719,1.3174198986931758,-0.007711909841653668,-0.013881172958673747,0.022363744271887483,-0.06747645323631486,-0.8207789046520595
2021-06-03,60.45698928833008,0.6942167049550024,0.725734542316022,0.6922702455679688,0.7221410590610217,-0.2966545798922367,300124.SZ,0.7028282217481605,1.9633329067256895,1.5429636720946915,1.2351494376531897,0.1203051751045562,0.5103231013398343,-0.27316850271258325,1.3568300564256695,1.3197344467878998,-0.05166763376260626,-0.05359550090789349,-0.09292460843646,-0.1249276884347828,-0.11947752084764139
2021-06-04,59.84829330444336,0.6845592026430518,0.7134193891309791,0.6760246906218509,0.7012913938547778,0.1681941508252921,300124.SZ,1.413874253747688,1.6741460500443628,1.5451386416400987,1.2527011697044927,0.010128002441068736,0.29780370306755477,-0.5719233505057663,1.3664422069274835,1.3224498660196278,-0.1073836120261138,-0.06342766747490841,-0.08367071376092947,-0.049739766617319034,0.6299761092045943
2021-06-07,58.1400260925293,0.6650196427987,0.6915216139326019,0.6535653988592492,0.6905109440897769,0.7973336864232962,300124.SZ,-1.430309874250422,1.2828724172634811,1.5398567394822116,1.2771513667008043,-0.20812831182053335,-0.05031365979667248,-0.9629287972815938,1.3739193785202475,1.3258524905741818,-0.05552336805318071,-0.11278177241106987,-0.11567379375925269,-0.1006360770176085,0.8463935509404462
2021-06-08,59.44576644897461,0.6799550495452265,0.700617599680328,0.6636720544498003,0.6701852696230505,0.14616051107571668,300124.SZ,-0.7192638422508947,1.0707069980059174,1.5284254891207354,1.320505840024429,-0.046189058022883346,0.09587370640868645,-0.8232188663685325,1.3855763614090295,1.3287993621577423,-0.10468486277901454,0.046847745269135814,0.05205307481351187,0.0769229581221718,-0.8401402859734262
2021-06-09,59.69121170043945,0.6827624610155516,0.6915216139326019,0.6727680830352257,0.6799550495452265,-0.20281974928858443,300124.SZ,-0.008217810251367088,0.9117091097479522,1.5130994618730496,1.3691321717504268,-0.015741542176802844,0.07866008045593993,-0.8232188663685316,1.3944863376671384,1.3306605439230739,0.05031803850880425,-0.046847745269135814,0.046847965899388604,0.014459224219906586,-0.4420667746837317
2021-06-10,61.55656433105469,0.704098805325103,0.717349790892054,0.678270628365651,0.6836608532481514,0.35099352990613647,300124.SZ,0.7028282217481605,0.933033155966268,1.482052002456934,1.4507788686793537,0.21267658802061262,0.35782003049503763,-0.4317626697102597,1.4082735594834142,1.3342063369358943,0.019086281872797834,0.1330248186970901,0.028340176548327954,0.10989019232339099,0.7471675734537735
2021-06-11,59.8875617980957,0.6850083987593517,0.7070184944056535,0.6845592026430518,0.704098805325103,0.37819937786605273,300124.SZ,1.413874253747688,0.7968004688945314,1.4429876522602194,1.528057911664213,-0.012988855762982641,0.18737397500101227,-0.4317626697102596,1.4149441849361901,1.3396992116967221,0.10526313467049975,-0.05321005985698747,0.03238852104922923,-0.09832276882141526,0.05347669312825483
2021-06-15,62.39105987548828,0.7136439871891289,0.725435106796955,0.6901740255837022,0.6927568389958774,0.4629220082488863,300124.SZ,-0.7192638422508947,0.891182145990866,1.4459091286340062,1.5427866850227614,0.2862080422817205,0.48887784228031983,-0.16261108761670146,1.4194276373874761,1.3461727886217134,-0.05841538940136435,0.09485247558174682,0.02891844843981317,0.14748404291699668,0.12924255791844352
2021-06-16,60.0740966796875,0.687142016055227,0.7122964416779287,0.6827624610155516,0.7116226475034788,0.11681899012219955,300124.SZ,-0.008217810251367088,0.757923533486807,1.441148233219753,1.556996735973613,-0.019367967311997948,0.17456604951548121,-0.30690631619000974,1.4220702666923353,1.3505227050887212,0.09716600440819285,-0.06766906344664168,-0.03817234311534329,-0.13649511193675895,-0.438276633143115
2021-06-17,60.7907829284668,0.6953396524080527,0.6984839823844526,0.6604154897008746,0.6850083987593517,0.6259216728656385,300124.SZ,0.7028282217481605,0.7041238505323989,1.4404864479906812,1.563545666543056,0.06661211120608686,-0.013668348644085032,-0.7261894375668757,1.4253249237188177,1.352999509313101,-0.13707338382824377,-0.0711393566863101,-0.11509530123751509,0.04222090824649735,0.688271076419079
2021-06-18,65.57197570800781,0.7500280586931315,0.7858506564706088,0.7142054609156541,0.7153284512064039,1.585214445225671,300124.SZ,1.413874253747688,1.0565717959951475,1.4691182389437794,1.553216788278508,0.5951681463192647,1.1519736808846444,0.41352783556869654,1.4350082390983603,1.3605945674882098,0.1561596657010416,0.44997120775206456,0.2770385683744179,0.281665846657562,1.2812987115355934
2021-06-21,66.7599105834961,0.7636159199284576,0.7791128004015092,0.73610332178943,0.7529477906113814,0.9990732260401518,300124.SZ,-1.430309874250422,1.4197201892148024,1.5044501205114225,1.5452761227099547,0.7151181825677033,1.2417011714135957,0.41352783556869727,1.4512340809789541,1.3669416797154337,0.19375373692489967,-0.03470249113617961,0.11278221367157464,0.0699825922730873,-0.7544748125227947
2021-06-22,66.27884674072266,0.7581134174357319,0.7769792259433332,0.7474452024432567,0.7748455658097585,-0.02344404266907605,300124.SZ,-0.7192638422508947,1.6461124380278325,1.5295965005477754,1.5450097938052125,0.6483135989519214,1.187420761470563,0.41352783556869627,1.468679232891707,1.3743697112083948,0.11278177241106946,-0.01098871034998577,0.05841494814085918,-0.028339955918075574,-1.3293054510446825
2021-06-23,65.72905731201172,0.7518247574829322,0.7667602070671581,0.7467714511065063,0.7633913647080071,0.10785160790769263,300124.SZ,-0.008217810251367088,1.7569730393710974,1.5473416159890576,1.5429131994276903,0.5710230310901727,1.0296203574150784,0.4005123296899093,1.487054279055552,1.3838975340126132,-0.05899344066259678,-0.052631787965502254,-0.003470072609416058,-0.03238896230973399,0.19059239360533076
2021-06-24,63.127384185791016,0.7220662644378041,0.7501403791410561,0.7130825134626038,0.7434025230719565,0.5219278693609382,300124.SZ,0.7028282217481605,1.6027060625522425,1.5459149977170088,1.5427057187429336,0.2171514165678541,0.4763997143266666,-0.22403197148730697,1.5015246989007125,1.3909843467550511,-0.10295004710455888,-0.08559836027596432,-0.17351069063887903,-0.153267423722606,0.5630944117366053
2021-06-25,64.86510467529297,0.741942699950531,0.756428953418457,0.7243121593439047,0.7337450207600059,0.4457253991552035,300124.SZ,1.413874253747688,1.609079181837341,1.5525466117211084,1.541241448041857,0.4100994775320204,0.6831554153880216,-0.1418794311136711,1.52033623601217,1.3969997867981585,-0.049739766617319034,0.03238852104922923,0.05783689687962634,0.10237111332231653,-0.082741299643152
2021-06-28,67.32933044433594,0.7701291351017079,0.780797264418784,0.7362155565619559,0.738236896247606,0.3618978956289225,300124.SZ,-1.430309874250422,1.8026148755324336,1.5794991958770996,1.5311384078646084,0.6693984933502883,1.0849984484216837,0.16628926896735277,1.5408984606070366,1.405666220403309,0.02313484700395149,0.125505960326268,0.0613069694890424,0.14517073472080344,-0.09278562443408482
2021-06-29,67.6827621459961,0.7741718144730081,0.7814710157555345,0.7501403791410561,0.7700168146537831,0.2868475513253593,300124.SZ,-0.7192638422508947,1.962256830923726,1.6015255916890192,1.5205227125804908,0.7056828138164944,1.1241727223417324,0.17463817886651123,1.5541732866164155,1.412905745439709,0.16367852407186367,0.003470072609416058,0.07171806983830009,0.020821318177505863,-0.08122362407703035
2021-06-30,72.90574645996094,0.8339135271345126,0.8487366562708137,0.7894441397256091,0.8309937952162627,1.9284272482617497,300124.SZ,-0.008217810251367088,2.5049171057230124,1.6797113171617122,1.471184077334311,1.2006822993425832,2.0838963313784795,0.9222884984811723,1.5754471708476325,1.4252563672327434,0.31405436770679124,0.3464433300165252,0.2024291390786922,0.30769227374919195,2.1800635015313703
2021-07-01,79.30683898925781,0.9071307805834187,0.926782660875695,0.8141493263943115,0.8340257619070385,2.207559551485582,300124.SZ,0.7028282217481605,3.4410090103674547,1.8278587432116826,1.3755394533622096,1.7008216399051337,2.7242525280585124,1.5951877119840066,1.6040748677014451,1.4416920428892448,0.015615768002877018,0.4019662568092012,0.12724099663097604,0.37709637350054165,0.38533506459014805
2021-07-02,75.09507751464844,0.8589555894715901,0.8863559528380919,0.841212814092438,0.8860190771697166,2.0350700400695523,300124.SZ,1.413874253747688,3.778073927560412,1.8953114375500333,1.3643463082332365,1.1474690847896887,1.9464807236190285,1.5951877119840066,1.62502137829242,1.4528949303745458,0.267785114959393,-0.20821274051455388,0.13938713328494176,-0.24812034056485757,-0.20957855718904292
2021-07-05,73.2591781616211,0.8379562065058128,0.8688377326793901,0.8265019197286626,0.8445816564515889,2.2388263803796837,300124.SZ,-1.430309874250422,3.8426947683671266,1.936012286978005,1.3797501472163034,0.9231014036939317,1.4434816558506867,1.3274134718457817,1.644739098888124,1.4627592013767947,-0.21341829068918272,-0.09022541792885556,-0.07576663496945374,-0.10815471475817821,0.2860436095751989
2021-07-06,74.73182678222656,0.854800675327764,0.8573834459022399,0.8197641493349619,0.8379562065058128,1.130407795175901,300124.SZ,-0.7192638422508947,3.9726401784271363,1.9756382842522733,1.411340755128187,1.0417725529274215,1.259580829133238,1.2054868716212177,1.6659845160823432,1.4727189189281247,-0.03412355735393726,-0.05899388192310153,-0.03470204987567485,0.08675534531943951,-1.4424617726721665
2021-07-07,75.3012466430664,0.8613138048256155,0.8718696993701659,0.8206625415675617,0.8311061156641874,1.1020340490557001,300124.SZ,-0.008217810251367088,4.075977774316494,2.0148424271803864,1.4399678719540105,1.0875735404191453,1.1917607116158704,1.3315387343214797,1.6856168301375212,1.4845016347098745,-0.03528054239741245,0.07460964992597854,0.004627057652891249,0.03354506483219966,-0.019737346892347317
2021-07-08,76.76407623291016,0.8780460388750408,0.8860190771697166,0.8545760344319147,0.8720943402660153,1.1782279844897288,300124.SZ,0.7028282217481605,4.232769363653915,2.0572994021153463,1.4705094531110665,1.2049426253638755,1.274940029709471,1.4521455053792653,1.7048079241225957,1.5016030441069215,0.2111047618627371,0.07287461362127053,0.17466723442184945,0.08617729405820668,0.1180078552611115
2021-07-09,77.75565338134766,0.8893879195288675,0.9079168523680937,0.8450308525678888,0.8590679099195149,1.2571260087129947,300124.SZ,1.413874253747688,4.389840965317915,2.1040090256025517,1.4919816164662556,1.2836726868871784,1.197867963589603,1.63238760507355,1.72543656275457,1.5213268073667938,-0.06709101218540883,0.11278177241106946,-0.049161274095581436,0.05841494814085918,0.12156990475267732
2021-07-12,78.88468170166016,0.9023020294274433,0.9390230194375204,0.8702975558008157,0.8759123787414661,1.4754755113555318,300124.SZ,-1.430309874250422,4.556954430175107,2.143845768525948,1.5346165404174024,1.3728695750146616,1.256329523548068,1.871986941994739,1.748793231802398,1.5426850733233686,0.08675534531943951,0.16020845146244764,0.13013301797915927,0.06651251966367125,0.3052669304488948
2021-07-13,73.83841705322266,0.8445816564515889,0.8902863117614673,0.8336888862386632,0.8880404168553667,1.9023078426009534,300124.SZ,-0.7192638422508947,4.208325413623827,2.1520213848733225,1.5787994813280013,0.7295046087526803,0.7072170501238173,1.2079480182247242,1.7623859243412452,1.558249810483685,0.06246395453251759,-0.25101236191304077,-0.1885484073805232,-0.297281614660439,0.5798977623138648
2021-07-14,73.42607879638672,0.8398652257435383,0.8607523739367897,0.822571560805287,0.8313306708846379,0.6440674851294048,300124.SZ,-0.008217810251367088,3.851084240380406,2.1415684910092305,1.6536844496021403,0.6802207752784732,0.5118115332777814,1.0167076140325246,1.776111466672437,1.573375501164218,-0.29207650574631494,-0.15211087993963557,-0.057258404357888745,-0.02429139078692192,-1.639819407471694
2021-07-15,74.51583862304688,0.852330139525814,0.8531162113104892,0.8243683452704866,0.8307692399958122,0.26397531904701355,300124.SZ,0.7028282217481605,3.61806802054817,2.1298788432225293,1.7317653778292466,0.7767242998675146,0.48069440478303493,1.0167076140325242,1.7930774352263787,1.589668011093164,-0.0028915800876784625,-0.0393291075285661,0.009254115305782499,0.06419899083722562,-0.48304995111855753
2021-07-16,70.834228515625,0.8102189674709359,0.8480628192586644,0.8099943265750865,0.8478382640382139,0.9479932318817486,300124.SZ,1.413874253747688,3.081936053877114,2.124710402980868,1.7625040340770475,0.34159978053247336,0.26775786405465163,0.764316224711824,1.8077803259195464,1.6016153751075934,0.08791188910240995,-0.02602686835213471,-0.07403159866474571,-0.21688836329859879,0.91868389011572
2021-07-19,73.43589782714844,0.8399775461914629,0.8455923691321133,0.7894441397256091,0.8096574509067113,0.7126138554455823,300124.SZ,-1.430309874250422,2.845259293895735,2.1266631898807438,1.7915597691568095,0.5771822993697193,0.2543140044747784,0.4148906189536954,1.8274790703004293,1.616356901142333,-0.19664553764283052,-0.012723746654693798,-0.10584118593173258,0.15326786498311076,-0.29242229094926697
2021-07-20,76.40082550048828,0.873891039055816,0.8795058619964664,0.8203256658991864,0.8276248671817129,1.2920819756075843,300124.SZ,-0.7192638422508947,2.876583763546374,2.136513819269839,1.827564646365725,0.8291932248353485,0.5042497616591565,0.7472413698437255,1.8539528066008382,1.6334320602124743,0.0925389467553012,0.17466723442184945,0.15905146641897244,0.17466723442184945,0.780962252677108
2021-07-21,80.77948760986328,0.9239752494053699,0.9489050769699215,0.9007298858580931,0.9084783689323184,2.817941707218436,300124.SZ,-0.008217810251367088,3.2369604963450596,2.1683540605497957,1.8610153996205872,1.1689039520505047,1.0306485674531152,1.3321390110645246,1.884881533745068,1.654849978555531,0.4164259222896125,0.357432040366511,0.4141119522026621,0.2579525071318729,2.027627588445824
2021-07-22,79.91553497314453,0.9140931918729688,0.9374508758681702,0.9033127421079677,0.9230768571727701,0.7930001390198993,300124.SZ,0.7028282217481605,3.4081245736919255,2.1638836592530906,1.945040939605343,1.066140289725055,0.9165713059060304,1.3321390110645261,1.9142019140204094,1.6740774295907406,0.0751877011872114,-0.05899344066259678,0.013302680436936151,-0.05089631040028947,-2.6497816796879046
2021-07-23,79.29702758789062,0.9070184601354939,0.9239752494053699,0.8927568475634173,0.9104997086179685,0.4413172919861807,300124.SZ,1.413874253747688,3.4498294111073315,2.1526496937153783,2.025907542862295,0.9919085218540173,0.7785759043641465,1.1539878662598297,1.939921287414205,1.6939467479504808,-0.06477704209845846,-0.06940454101185446,-0.054366824270210286,-0.036437527440887636,-0.4456268454587836
2021-07-26,75.89031219482422,0.8680516608947151,0.9185850673605689,0.8535654074267891,0.9073554214792681,1.4121237444906523,300124.SZ,-1.430309874250422,3.1540762964709153,2.131869135263752,2.090368373279975,0.596977239468218,0.4914245785186454,0.5263952664858615,1.9631213959028426,1.7089698376185507,-0.016194260524614614,-0.02776146339633798,-0.2018506465569546,-0.2006936615134794,1.2964654836725809
2021-07-27,74.5256576538086,0.8524424599737388,0.8956765794816672,0.8487366562708137,0.8759123787414661,1.0631590515499432,300124.SZ,-0.7192638422508947,2.769822450843277,2.1014712880072093,2.157999430591635,0.44607226866697053,0.3241174630844374,0.4522784429269577,1.9807136284116733,1.72007251073299,-0.16194348776715567,-0.1179873225856983,-0.024869883308659517,-0.08039325136184024,-0.44204626798531543
2021-07-28,74.9870834350586,0.8577203215706152,0.8711959480334155,0.8214486133522367,0.8315553117804872,1.0995014750386713,300124.SZ,-0.008217810251367088,2.4748810297161734,2.0992521851705215,2.170361515116346,0.48694831654827814,0.12486829236666581,0.04247766708576739,2.002333846209356,1.732275188053844,-0.22845556617032214,-0.12608445284800562,-0.1405436770679122,0.027182970874600382,0.06551214638207736
2021-07-29,78.35453033447266,0.896238010370493,0.9071307805834187,0.8601908573725652,0.8815272016821165,0.9518683596272588,300124.SZ,0.7028282217481605,2.4987839301390755,2.0928567609446644,2.173362498248445,0.7758274002182206,0.5428551045867289,0.3871759633016181,2.027797027129236,1.7467184439640429,0.2573740146101353,0.1850778935106024,0.19953711773050897,0.19838057394753855,-0.17683565573447854
2021-07-30,76.44009399414062,0.8743402351721159,0.8981471152836172,0.8705221110212662,0.8981471152836172,0.2866463355476125,300124.SZ,1.413874253747688,2.3259932015029223,2.095194033229146,2.1769455927907218,0.5577407359752057,0.4337550192747054,0.3871759633016176,2.0435531710436634,1.7595128827893531,0.08559880153646908,-0.046269252747398217,0.05320983922673509,-0.11278177241106946,-0.8586465919358311
2021-08-02,83.59715270996094,0.9562043639278469,0.971027493064148,0.8759123787414661,0.876361574857766,1.9610272767745431,300124.SZ,-1.430309874250422,2.7674513273873553,2.1504300645569505,2.160945238046089,1.115593264829384,1.1090577259794916,1.0106596685686635,2.067963098742283,1.7799501044296684,-0.11220372114983662,0.37536133719583364,0.027761904656842737,0.4216310312037366,2.2232720145109974
2021-08-03,80.30824279785156,0.9185850673605689,0.9880965171065499,0.9152161393260191,0.970241421279473,1.1364017994842943,300124.SZ,-0.7192638422508947,2.8026242638348156,2.168563943088414,2.165936879613192,0.7597912507287891,1.1337331638321122,1.1408893441623877,2.088302332452255,1.7989532603071383,0.48351649321451656,0.08791188910240995,0.2024291390786922,-0.1937535162946473,-1.0686260096688984
2021-08-04,85.96319580078125,0.9832677659505745,0.9948342875002506,0.908253728036469,0.9097136368332933,1.4163616341727654,300124.SZ,-0.008217810251367088,3.274683314197863,2.237869274377333,2.135021586645831,1.1549349749743343,1.3480888275426337,1.0338327688685525,2.1176369435313296,1.822948199976148,-0.3117408388803456,0.03470204987567485,-0.035859034919150046,0.3331402083190843,0.386425157505959
2021-08-05,85.21705627441406,0.9747332967670731,1.0,0.9587871345023228,0.9882088375544745,0.561329701254579,300124.SZ,0.7028282217481605,3.5428711677195195,2.2868662404727815,2.1174616133233233,1.0760362476270284,1.472541387485622,1.0749828150030127,2.149661627167082,1.846332295930735,0.4042797856356468,0.026605360873872302,0.26026603595831854,-0.043955723920952594,-1.1086799088754933
2021-08-06,82.87064361572266,0.947894449964796,0.9858506222004493,0.9376754310886207,0.9858506222004493,0.5507814744855518,300124.SZ,1.413874253747688,3.5130786467066426,2.3099438604217837,2.11451208464996,0.8309624029147195,1.104338819227517,0.7448504524649846,2.175765308275115,1.8689218095361175,-0.01214569539346096,-0.07287461362127053,-0.10873320727991581,-0.13823014824146657,0.003743902094170955
2021-08-09,82.36012268066406,0.9420549861282962,0.9522740050044713,0.9208309622666695,0.9421673065762208,0.19768417680649816,300124.SZ,-1.430309874250422,3.405266474800149,2.325675989422752,2.1124475193300376,0.7781195618288476,0.7760622152278366,0.48920884372749274,2.197556322865253,1.8902228097478126,-0.22498549356090608,-0.17293219811714142,-0.08675534531943951,-0.030075433483288363,-0.44749007688155096
2021-08-10,83.69532775878906,0.9573273113808972,0.9675463302570725,0.9319482877000457,0.9492419526382968,0.3594017821566229,300124.SZ,-0.7192638422508947,3.3934878956649452,2.3490257701794346,2.1314384851829424,0.8769049548281675,0.9048951992851535,0.6262524137241863,2.220770656728091,1.908574549003635,0.03643708618038288,0.0786582150571322,0.057258404357888745,0.0786582150571322,0.23066670956868224
2021-08-11,81.10346984863281,0.9276810531082949,0.9573273113808972,0.927231856991995,0.9432902540292711,0.2824227160037922,300124.SZ,-0.008217810251367088,3.1253153138341534,2.352688391167999,2.1631973261732873,0.6049662275620203,0.6099161988090712,0.5531729528233843,2.232655370483324,1.925251226309085,-0.0306534847445212,-0.052631787965502254,-0.02429139078692192,-0.15268937246137315,-0.08376429608081157
2021-08-12,72.630859375,0.8307692399958122,0.9308253402469954,0.8231330773695117,0.9209432827145941,4.126850068348583,300124.SZ,0.7028282217481605,2.1624975966283375,2.3588805018627244,2.147115647902718,-0.1743464791644545,-0.5425473902885882,-0.8437003045373374,2.222976805944402,1.9347814412163271,-0.11509530123751509,-0.13649511193675853,-0.5361478399195141,-0.4991322612173936,5.08183669854102
2021-08-13,72.67012023925781,0.8312183504367132,0.8588433546990643,0.8205502211196369,0.8422234410975635,1.4041866116383515,300124.SZ,1.413874253747688,1.3855213642942161,2.3495187309252414,2.166669680173342,-0.17108536155210807,-0.8917556268469594,-0.8738397873102223,2.2194612056033822,1.943548086461629,-0.405436770679122,-0.37073427954294236,-0.013302680436936151,0.0023130875659408668,-3.5688786812800704
2021-08-16,71.61962890625,0.8192026327707372,0.8293093311989878,0.7919145898521602,0.8286355798622373,0.9660597049077334,300124.SZ,-1.430309874250422,0.670936764419722,2.357420252999485,2.1489136228245203,-0.2609103139943867,-1.2025967342566326,-1.203073906127965,2.2170842541650844,1.9522693964393467,-0.0699825922730873,-0.15211132120014031,-0.14748426354724908,-0.06188546201078,-0.559498113339385
2021-08-17,69.7052001953125,0.7973048575723601,0.8265019197286626,0.7973048575723601,0.8231330773695117,0.5993348348280338,300124.SZ,-0.7192638422508947,-0.059610869968324424,2.3792759807358017,2.0919527055437754,-0.42295468118199936,-1.2488287085273837,-1.2030739061279652,2.209796855579597,1.9592893968704992,-0.028339955918075574,-0.014459224219906586,0.027761904656842737,-0.11278177241106946,-0.46544144280348126
2021-08-18,67.93802642822266,0.7770914607158591,0.8058394124312604,0.7673217236313826,0.7995507524784607,1.0844059901827225,300124.SZ,-0.008217810251367088,-0.781899023930319,2.395504098065406,2.0127174977157205,-0.5693953262401834,-1.488235247119468,-1.0078293107105565,2.199121961034346,1.96379441227307,-0.12145783645561913,-0.10641967845347018,-0.15442440876608118,-0.10410659088752931,0.6566147601555965
2021-08-19,69.89173126220703,0.799438517705935,0.8039303075181362,0.7713644030026828,0.7770914607158591,0.433740121665363,300124.SZ,0.7028282217481605,-1.1751337682304641,2.3971148002688114,1.9637843604640057,-0.3897757650663592,-1.2775827231640262,-1.0078293107105563,2.189158726125445,1.9684354416705252,-0.11567379375925269,-0.009832607827520094,0.020821318177505863,0.11509574249801985,-0.8394720194417037
2021-08-20,68.11473846435547,0.7791128004015092,0.7983154845774858,0.761370025022357,0.79281298208476,0.6151732544914693,300124.SZ,1.413874253747688,-1.6212625274412165,2.4030708404764525,1.9043371276381833,-0.5395858111902118,-1.3039549763908531,-0.8953480125746053,2.1751817313018926,1.9717807977494877,0.08097174388357783,-0.02891844843981317,-0.051474802922027066,-0.10468508340926691,0.25663763363792025
2021-08-23,72.64067077636719,0.830881474768338,0.8363840629364626,0.7869736039236591,0.7916900346317097,1.2976854970408729,300124.SZ,-1.430309874250422,-1.5712598945790859,2.402393285595349,1.8898748948554471,-0.13653204739092747,-0.7931445050249514,-1.1964468178902365,2.166129419858795,1.9789749847875924,-0.005783601435861683,0.19606748638159768,0.1318680542838673,0.26662812991591783,0.9167004966355663
2021-08-24,73.96604919433594,0.8460414795730143,0.8579449624664645,0.8088713791220362,0.8422234410975635,1.2053975767394367,300124.SZ,-0.7192638422508947,-1.4035114424341122,2.4022398180529483,1.887427366771081,-0.024661013692775485,-0.549987681835615,-0.9544227703045539,2.166314447454983,1.9859043064914441,0.26026603595831854,0.11104673610636143,0.11278177241106946,0.07807972253539461,-0.10393038543169646
2021-08-25,73.31808471679688,0.8386299578425632,0.8733295224915913,0.8332396901223633,0.8534530869788644,0.23106127921360328,300124.SZ,-0.008217810251367088,-1.312136733425206,2.401814320370485,1.8800902057611224,-0.08309023459796226,-0.4283300471853413,-0.7861709022208836,2.1661578814662605,1.9927286432719415,0.05783689687962634,0.07923626631836504,0.125505960326268,-0.03817212248509091,-1.2658374892713802
2021-08-26,72.91555786132812,0.8340257619070385,0.8600785369246404,0.8271757567408119,0.8434587089985386,0.3027197686847515,300124.SZ,0.7028282217481605,-1.260905428563759,2.394095552274752,1.8635768356181681,-0.12004138207326157,-0.5200567132881563,-0.8621383136139699,2.163837864101958,2.000094630275397,-0.051474802922027066,-0.06824755596837927,-0.031231536005754037,-0.023713339525689082,0.11203339057252573
2021-08-27,73.73043060302734,0.8433463885506138,0.854800675327764,0.8265019197286626,0.8393037091793136,0.16049148522130563,300124.SZ,1.413874253747688,-1.138860735623055,2.3908890377949517,1.8546035464496184,-0.04628785919246027,-0.518882570446857,-0.8707740334166871,2.1680366516127982,2.009600978766624,-0.02139981069924346,-0.027182970874600382,-0.0034705138699208157,0.048004730312611,-0.16971596389267324
2021-08-30,72.29705810546875,0.8269511158449625,0.8545760344319147,0.8175182544288613,0.85446371398399,1.0786141575465071,300124.SZ,-1.430309874250422,-1.1526636759251772,2.3522203654974074,1.8467337412512301,-0.18294592567032292,-0.6257160757603828,-0.9878896173091392,2.1663855960441145,2.0186778246137624,0.07807972253539461,-0.0011569850434751912,-0.046269252747398217,-0.08444181649299388,1.2270660493240393
2021-08-31,69.7248306274414,0.7975294127928106,0.8338012066865879,0.786187532138984,0.8314429913325626,1.5663338232570825,300124.SZ,-0.7192638422508947,-1.3689557378911472,2.3337138524786973,1.8186746616762477,-0.42072094305831403,-0.9030388171262053,-1.1654501601693703,2.1567070206461283,2.027124728152244,-0.11856537384693114,-0.10699817097520778,-0.16136499524541806,-0.15153282867840273,0.66010359713615
2021-09-01,69.31249237060547,0.79281298208476,0.8042672688619102,0.7691184224211833,0.7939359295378103,0.7226892558620827,300124.SZ,-0.008217810251367088,-1.5589553523966226,2.264298845764929,1.8216069873376075,-0.45828976510420166,-1.038379283906073,-0.961382512399852,2.140082651106629,2.0343189151903487,-0.19317546503341446,-0.15211087993963557,-0.08791233036291471,-0.02429139078692192,-1.0936795288089887
2021-09-02,68.93942260742188,0.7885457474930093,0.803593431849761,0.782481728436059,0.7934868190969093,0.20007473222233477,300124.SZ,0.7028282217481605,-1.7228724750620734,2.189759220380314,1.8322770464532987,-0.4929982196459656,-0.9556975802941224,-0.9613825123998515,2.124169941203479,2.041062125271374,-0.0023130875659408668,-0.0034705138699208157,0.06882604849011686,-0.021977861960476297,-0.6707921929023587
2021-09-03,67.74166870117188,0.7748455658097585,0.8029196805130105,0.7648511878294326,0.7884334270450846,0.37630144947310146,300124.SZ,1.413874253747688,-1.9341582520844223,2.130005208781893,1.831066391248641,-0.6052252852018913,-1.0188106421918128,-0.7491931688072027,2.1074174781417874,2.045571913957147,-0.02602686835213471,-0.003470072609416058,-0.09080391045059316,-0.0705610847948249,0.24977931225926234
2021-09-06,70.49061584472656,0.8062886085475603,0.8231330773695117,0.7647388673815079,0.7747332453618337,0.5793672926131099,300124.SZ,-1.430309874250422,-1.8467209862183886,2.0599352711697407,1.8572066114215926,-0.31924048144021944,-0.7832733455656826,-1.0216896668335789,2.0995892221419368,2.053302983396429,-0.0705610847948249,0.10410659088752931,-0.0005784925217375956,0.16194348776715567,0.28513402957044676
2021-09-07,71.56072998046875,0.8185288814339868,0.827512632409187,0.7996630729263855,0.808534503453661,0.5574383915819137,300124.SZ,-0.7192638422508947,-1.6680693597759415,1.9513246925227514,1.9271256030086217,-0.21137445015287631,-0.5685055733478365,-1.0801246013758938,2.0952907918573067,2.0599889250018637,0.1740891831606166,0.02255635448221389,0.1798727845964783,0.06304200579375042,-0.01124766368968121
2021-09-08,68.72343444824219,0.7860752116910593,0.8287479003101621,0.783716996337034,0.8287479003101621,0.9199220263489911,300124.SZ,-0.008217810251367088,-1.7500984370456545,1.8500259740246308,1.987350808980326,-0.4873078089828119,-0.7081595372984252,-0.8793002182676339,2.0862100188067427,2.0662954725139953,0.10410659088752931,0.006362093957599278,-0.08212828766654826,-0.16714859668127974,0.49513233505205523
2021-09-09,68.900146484375,0.7880965513767094,0.7959572692234604,0.7683323506365083,0.7860752116910593,-0.029935863141552006,300124.SZ,0.7028282217481605,-1.7807976405627777,1.8428193432700832,1.9782577269571524,-0.4686938971812348,-0.8341515343900237,-0.690139223087151,2.072503458119904,2.072208308813928,-0.21978038464678198,-0.16888407424649254,-0.0792367075788698,0.010410659088752931,-1.2335925048450278
2021-09-10,68.8019790649414,0.7869736039236591,0.7939359295378103,0.7686692263048834,0.7880965513767094,0.32681022013736194,300124.SZ,1.413874253747688,-1.7941549571149091,1.8340743071496597,1.9703166703871506,-0.4784114501335495,-0.8093977024897314,-0.6901392230871517,2.061430035915748,2.074563421623744,0.010410659088752931,-0.010410659088752931,0.001735036304708029,-0.005783601435861683,0.4875743575024325
2021-09-13,66.73045349121094,0.7632790442600824,0.7924761064163849,0.7582256522082577,0.7838293167849587,0.3977301446041372,300124.SZ,-1.430309874250422,-1.9604868157335824,1.8360914016430592,1.9450106116780908,-0.6823527602449276,-0.9137332658745831,-0.5592547928135309,2.036977410376397,2.074541947310753,-0.021977861960476297,-0.007518637740569711,-0.05378833174847269,-0.12203588771685196,0.11106049163933042
2021-09-14,66.90717315673828,0.7653003839457325,0.783716996337034,0.7580010969878072,0.7684446710844329,0.12561772524779077,300124.SZ,-0.7192638422508947,-2.0548376185561423,1.8403766170891374,1.9268707707205843,-0.6619721932958298,-0.919422746670106,-0.5564030059288252,2.017549100132228,2.0750000841926366,-0.0792367075788698,-0.04511270896442778,-0.0011565437829704334,0.010410659088752931,-0.3408100944038923
2021-09-15,64.19750213623047,0.7343065373242305,0.7651880634978078,0.7292532309478047,0.760134757121382,1.2733090283188422,300124.SZ,-0.008217810251367088,-2.3355676329672765,1.858153340913525,1.8885461558678376,-0.9236417757012484,-1.2007428105187592,-0.1998895509364065,1.9859941144626418,2.0738833762257225,-0.04279918013798216,-0.09543096810348442,-0.14806231480848192,-0.15962995894071003,1.5294728444271757
2021-09-16,63.96188354492188,0.73161144630183,0.7493543073563811,0.7261089438091043,0.7411566281658559,0.7956044051192607,300124.SZ,0.7028282217481605,-2.5501077071031464,1.8719379709080004,1.8446083970479343,-0.9459311826523228,-1.2884350444112809,-0.16203330768827237,1.955179250036872,2.0744918387599665,-0.09774449692993004,-0.08154979514481067,-0.016194260524614614,-0.01388073169816899,-0.6116331561629405
2021-09-17,64.38404083251953,0.7364401974578053,0.7450869870892315,0.7274564464826051,0.7299269822845551,0.10852612798518178,300124.SZ,1.413874253747688,-2.654773638834774,1.881452374971299,1.8159818911472847,-0.893180719141544,-1.281511174053689,-0.162033307688274,1.9283781455257538,2.0741410789044594,-0.05783689687962634,-0.021978303220981054,0.006940145218832116,0.024869883308659517,-0.8874374568622821
2021-09-22,62.0376205444336,0.7096013078178287,0.7243121593439047,0.6985962599946779,0.7243121593439047,0.5430605103310271,300124.SZ,-0.008217810251367088,-2.9060599569257866,1.8851834399300327,1.7618528100976025,-1.1197312457285786,-1.6345652521204785,0.18609969885433633,1.8989154354949553,2.070282701378912,-0.02891844843981317,-0.10699817097520778,-0.1486408073302195,-0.13823036887171936,0.5900435412969622
2021-09-23,64.20732116699219,0.7344188577721552,0.7393598437006563,0.7149915327003292,0.7244244797918293,1.0965798519881844,300124.SZ,0.7028282217481605,-2.8878221693782478,1.8608151659328809,1.7445125105489363,-0.8466363972231092,-1.327170222853642,-0.0738268935967193,1.870662550103671,2.0677486286789413,0.0005784925217375956,0.07750123001365701,0.08444181649299388,0.12781970978296645,0.7467803746086773
2021-09-24,63.991329193115234,0.7319483219702052,0.7463222549902064,0.7151038531482539,0.740707432049556,0.6878528440495544,300124.SZ,1.413874253747688,-2.860176148951781,1.836917660393462,1.7286499225674747,-0.8681520569375312,-1.2792593336653675,-0.1927501600757681,1.8458540947461455,2.061248804157756,0.08386332397125629,0.035859034919150046,0.0005784925217375956,-0.012724187915198555,-0.5207701340803879
2021-09-27,64.33495330810547,0.7358786808935807,0.7557552020817065,0.7234137671113049,0.7332959103191049,0.47449474901353295,300124.SZ,-1.430309874250422,-2.7781971133908963,1.810204131851833,1.7195793795955339,-0.8240864313553905,-1.0815516750458687,-0.35382318869546614,1.8338270403763912,2.0503322508582764,-0.03817212248509091,0.0485832228343486,0.04279918013798216,0.02024282565576827,-0.2634140370312718
2021-09-28,62.832855224609375,0.7186973364032542,0.7445255562004057,0.7139809056952036,0.7299269822845551,0.39800749054550383,300124.SZ,-0.7192638422508947,-2.81051454859674,1.7736065314605804,1.7111796061170939,-0.9790492365827976,-1.2371976790324,-0.2303194267387583,1.8195653860419245,2.041391416275311,-0.017351245568089806,-0.05783689687962634,-0.04858278157384384,-0.08849038162414755,-0.08311644630584569
2021-09-29,61.66455841064453,0.705334073226078,0.725435106796955,0.704098805325103,0.7075799681321786,0.25607416879222633,300124.SZ,-0.008217810251367088,-2.9038118990716106,1.7486513747354089,1.690423431205629,-1.0971712850022475,-1.3708110742637887,-0.10190449222601222,1.805132934915003,2.032937350081314,-0.11509552186776746,-0.09832298945166763,-0.05089653103054185,-0.06882582785986449,-0.1693274159226812
2021-09-30,61.85108947753906,0.7074676905219534,0.7145423794217287,0.7042110829353283,0.7074676905219534,0.06770800193551729,300124.SZ,0.7028282217481605,-2.92936250865643,1.7381577046622942,1.6657229385197687,-1.0712953753191186,-1.2887796328778238,-0.10190449222601274,1.7937463807334022,2.0235455330798473,-0.0005782718914852167,-0.05610163994466593,0.0005782718914852167,0.010988930980238149,-0.23049260138216246
2021-10-08,62.98993682861328,0.7204941208684538,0.7341942168763058,0.7140931833054288,0.7142054609156541,0.31524669692615803,300124.SZ,1.413874253747688,-2.8210897998903866,1.7234449203660287,1.6532324448360725,-0.9123721122921634,-0.9676195970925012,-0.45866330861794224,1.7865728611549703,2.0145689097957042,0.03470204987567444,0.10121434890909371,0.05089653103054185,0.06709101218540883,0.3437173497459949
2021-10-11,62.84267425537109,0.7188096568511789,0.748119039455406,0.7172374704441292,0.723301532338779,0.733442726821102,300124.SZ,-1.430309874250422,-2.71785816322471,1.7088135961808777,1.6417066966250051,-0.9285619614979119,-0.8279751935143577,-0.701283179431688,1.7763534283426208,2.0044183046076336,0.046848186529640984,0.07171806983830009,0.016194260524614614,-0.008675622784044903,0.5685213116008135
2021-10-12,58.42473220825195,0.6682762075476256,0.7317237667497547,0.6647950447405501,0.7241998388959799,1.680373804119961,300124.SZ,-0.7192638422508947,-2.9805506488359486,1.7165379735936273,1.5889496028237555,-1.3845024730479383,-1.3146498186146032,-0.00412886547974295,1.7623052686413399,1.9903234246420503,0.004626616392386491,-0.08444181649299388,-0.27009820252533384,-0.2602662565885709,1.2650148639848788
2021-10-13,59.15124130249024,0.676586164348376,0.679281298208476,0.6606400877590246,0.6682762075476256,-0.007854565226768827,300124.SZ,-0.008217810251367088,-3.092325344797877,1.6921414869596711,1.5642227370058979,-1.279478576239884,-1.4165352654308963,0.046491846484358126,1.7427488648749783,1.9759350505658408,-0.2880277199849089,-0.27009842315558624,-0.02139959006899108,0.04279940076823454,-2.206235194251803
2021-10-14,58.611270904541016,0.6704098676812005,0.6866928627766266,0.6641212505661002,0.6834362551900015,0.3850391439114495,300124.SZ,0.7028282217481605,-3.1915811503385885,1.6494333701141295,1.553329741529941,-1.3335403243847337,-1.300403118596168,-0.08610055861819818,1.7204881577482058,1.9648323801821133,0.07807994316564698,0.03817234311534329,0.017929296829322643,-0.03181024915774401,0.5351910011666153
2021-10-15,61.70382308959961,0.7057832265046784,0.7140931833054288,0.6605277673110999,0.6665917863680502,1.4634933746616792,300124.SZ,1.413874253747688,-2.97301223231123,1.6195359223342334,1.5553059445625996,-0.8937790599566318,-0.9816234058737108,-0.5569664915432834,1.7036502881459883,1.9562852540806364,-0.08675534531943951,0.14112194895939742,-0.01850778935106024,0.18218609279267114,1.4382680440376856
2021-10-18,59.41631317138672,0.6796181738768512,0.7072430924638035,0.6732172791515256,0.7057832265046784,1.0943703702888679,300124.SZ,-1.430309874250422,-2.9624482689125258,1.5868276004596584,1.5489987843140396,-1.1305615684789176,-1.0318152566267034,-0.5569664915432843,1.684079653575894,1.945275640873677,0.20185064655695417,-0.03528054239741245,0.06535575525044843,-0.1347598550017977,-0.4686004637178401
2021-10-19,59.59303665161133,0.6816395135625013,0.7034250111506531,0.675575494505551,0.6797304514870766,0.7965182401953933,300124.SZ,-0.7192638422508947,-2.906787114847629,1.546434872578797,1.5529588622222918,-1.1057548223777875,-0.9973478635175224,-0.5569664915432841,1.6635838593067322,1.9370792773584178,-0.13418158311031209,-0.01966455376428305,0.01214569539346096,0.010410659088752931,-0.3747165711102592
2021-10-20,61.02640914916992,0.6980347862681527,0.7073554129117281,0.6717574131924007,0.6813025950564267,1.1055511260585893,300124.SZ,-0.008217810251367088,-2.710261988113343,1.519558569867502,1.5575809985628015,-0.9045884396406747,-0.8874209425438132,-0.6268767470572871,1.6472441547076784,1.928031063018364,0.008097130262306896,0.020243046286020645,-0.01966455376428305,0.08444181649299388,0.4247225860398747
2021-10-21,60.14281845092773,0.6879280878399021,0.7036496092088032,0.6835485328002268,0.6980347862681527,0.4373397469801953,300124.SZ,0.7028282217481605,-2.6013562564900043,1.486406297738196,1.5645576470827771,-1.0004071704429602,-0.8667002503605464,-0.6268767470572878,1.63335256099512,1.9161767589114145,0.08617707342795429,-0.019086281872797834,0.06072869759755718,-0.052053295443764656,-0.8625844176817087
2021-10-22,60.280269622802734,0.6895002742469518,0.6967995183671777,0.6804042456615264,0.6879280878399021,0.07083787341563695,300124.SZ,1.413874253747688,-2.4760791590009434,1.4747125128463479,1.5598308764433002,-0.9805285369506679,-0.8719369366745676,-0.57780329760744,1.6202580280299046,1.9012300308517476,-0.052053295443764656,-0.03528054239741245,-0.016194260524614614,0.008097350892559686,-0.4651476933428345
2021-10-25,60.86932373046875,0.6962380446406525,0.7000561259538028,0.685120676369577,0.6868051403868518,0.310129930592821,300124.SZ,-1.430309874250422,-2.3012501984056315,1.4630584400563387,1.5589287336607984,-0.8938206713624399,-0.7547129596615731,-0.6407644873816114,1.6085583418708593,1.8873427422834046,-0.005783601435861683,0.016772753046352208,0.02429139078692192,0.03470204987567485,0.33285419608496775
2021-10-26,63.22555923461914,0.7231892118908544,0.7371139487945557,0.7219539439898793,0.7317237667497547,1.6547909283477071,300124.SZ,-0.7192638422508947,-1.9402949511143248,1.4547632202623095,1.5631812970071437,-0.5580411612397809,-0.1288137979207133,-1.2348644407192972,1.602011075388252,1.8756244521713394,0.23134780814875774,0.19086171557671644,0.18970517179374602,0.13880864076320418,1.788937623688436
2021-10-27,63.34336853027344,0.7245367145643552,0.732846714202805,0.7136439871891289,0.7139809056952036,0.8031121365374762,300124.SZ,-0.008217810251367088,-1.6267361359269181,1.4608941428454734,1.562148304625374,-0.5416149811152262,-0.15522720177677174,-1.1713017176901377,1.5916493019613809,1.866476017999001,-0.09138240297233076,-0.021977861960476297,-0.04279940076823454,0.006940145218832116,-1.1042628739666256
2021-10-28,64.60002899169922,0.7389107332597553,0.7509264509257313,0.7130825134626038,0.7276810873784545,1.8419814133323353,300124.SZ,0.7028282217481605,-1.2576708753090327,1.4641603278886812,1.560176115416919,-0.36599914556183494,0.1383547220429618,-1.069249043050732,1.5815579735302883,1.8592388796042032,0.0705610847948249,0.09311743927703879,-0.0028918007179308414,0.07403159866474571,1.3861234673981997
2021-10-29,64.0404281616211,0.7325098385344297,0.7398090398169562,0.7097136282657535,0.7387984128118306,1.426427270810434,300124.SZ,1.413874253747688,-1.0027668414810789,1.464523227171407,1.5599826105332946,-0.4393534465100238,0.05012567447053318,-1.1287059676553641,1.574768745377497,1.8512572728724106,0.057258404357888745,-0.057258845618393506,-0.017351024937837425,-0.032967013570966826,-0.5297634006358284
2021-11-01,63.83424377441406,0.7301515375050056,0.7313868054059806,0.7054463508363032,0.7231892118908544,1.2410333894090602,300124.SZ,-1.430309874250422,-0.8103516953763149,1.460711689177953,1.562084955071601,-0.4668124936099634,-0.013673571226293717,-1.2051710072395363,1.567424412718014,1.8406700051154465,-0.08039325136184024,-0.04337767265971976,-0.021978082590728677,-0.012146136653965718,-0.226577261051215
2021-11-02,64.64911651611328,0.739472164148581,0.7638404751489082,0.7226276953266297,0.7285793939356554,1.8766953341013355,300124.SZ,-0.7192638422508947,-0.5828273972813206,1.4728778310096595,1.5563979968993007,-0.34691705259549704,0.5719495482031095,-0.6658483316185773,1.561403767416504,1.8320727704631832,0.02776146339633798,0.16714859668127974,0.08849038162414755,0.048004730312611,0.8549854078685546
2021-11-03,65.395263671875,0.7480067190074814,0.7575519008715073,0.7335204655395554,0.7441885948566317,0.535385292552848,300124.SZ,-0.008217810251367088,-0.3361947169580904,1.4940850032625153,1.549135673842882,-0.23763318020395863,0.7448136433033191,-0.6658483316185787,1.5594680523369067,1.8188011043538883,0.08039325136184024,-0.03238852104922923,0.05610186057491831,0.043956165181457355,-1.7492456685872546
2021-11-04,66.88752746582031,0.7650757430498831,0.7656372596141077,0.748119039455406,0.753509221500207,0.9087817595362441,300124.SZ,0.7028282217481605,-0.014366203435280573,1.5266109444954685,1.5347799329473826,-0.023801353015035522,1.1485412244465083,-0.535695812221206,1.5594395798703768,1.8090155734095101,0.048004730312611,0.041642636355011725,0.07518814244771614,0.08791188910240995,0.5095076205835034
2021-11-05,66.87772369384766,0.7649635082773573,0.7723750300078085,0.7586748483245576,0.7703536903221584,0.441206203397652,300124.SZ,1.413874253747688,0.23580825066613165,1.5522189616779216,1.5231138965550162,-0.02529184081041224,1.2490488517087335,-0.4275963611873347,1.5633252462628362,1.7950996560647938,0.08675534531943951,0.03470204987567485,0.054366383009705525,-0.0005780512612328378,-0.5982903109434226
2021-11-08,69.29285430908203,0.7925884268643095,0.8015720921641108,0.7656372596141077,0.7719258338915086,0.9761628945409093,300124.SZ,-1.430309874250422,0.6318588414080736,1.5996334360926276,1.4980014925841063,0.3102533022725192,1.6720767857987995,0.015204275048474585,1.5710538703479604,1.7834887375176844,0.008097130262307307,0.15037584363492754,0.035859034919150046,0.1422787133726202,0.7223281154638178
2021-11-09,69.84263610839844,0.7988770011417103,0.7992138768100856,0.7796743169657337,0.786187532138984,0.4337344545769501,300124.SZ,-0.7192638422508947,0.9800964217091408,1.6416988442010019,1.5024562422059238,0.38353503448242215,1.6518921497831076,0.015204275048475598,1.5789675220292727,1.7739895434898392,0.07345310614300812,-0.01214569539346096,0.07229612109953293,0.03238852104922923,-0.6968927229032538
2021-11-10,67.56494903564453,0.7728242261241084,0.8003368242631359,0.7624929724754073,0.7970803023519096,0.8440606056206386,300124.SZ,-0.008217810251367088,1.0480322519532437,1.6586937945471807,1.522096581362928,0.025399337684580043,1.189291461731589,-0.342542656043264,1.5869808110548431,1.763201841529729,0.05610186057491831,0.005783601435861683,-0.08849038162414755,-0.13418158311031292,0.5581544560181234
2021-11-11,68.40927124023438,0.782481728436059,0.7986524459212598,0.7638404751489082,0.7703536903221584,0.565561582457411,300124.SZ,0.7028282217481605,1.1593400163321537,1.6747124505106707,1.5493752346745506,0.14268997081712695,1.141170861079463,-0.3425426560432643,1.5930726158045492,1.7520562197893077,-0.13765209698023373,-0.008675181523540144,0.006940145218832116,0.049739766617319034,-0.34922305737081694
2021-11-12,69.22413635253906,0.7918023550796345,0.8004491447110605,0.7776529772800836,0.7860752116910593,0.16350562519708842,300124.SZ,1.413874253747688,1.3008720157905593,1.7013666988190561,1.5535380086956414,0.25497566296320956,1.1841976339128684,-0.31320742826513254,1.600658910134216,1.7433945621980713,0.08097174388357783,0.00925367404527774,0.0711395773165625,0.048004730312611,-0.5119824741590682
2021-11-15,69.20449829101562,0.7915777141837851,0.8025828048446354,0.7814710157555345,0.7989893215896351,-0.026325040206241174,300124.SZ,-1.430309874250422,1.3939698169969716,1.7166770102993765,1.5815980541419816,0.251765174069981,1.103722702965122,-0.2775473081936885,1.6077185724237206,1.7408962781992778,0.06651251966367125,0.010989151610490527,0.01966433313403067,-0.0011569850434751912,-0.23242176004150483
2021-11-16,65.80758666992188,0.752723149715532,0.7933744986489847,0.7498034177972821,0.786187532138984,1.1494205354105025,300124.SZ,-0.7192638422508947,1.162739409245254,1.71015453351711,1.6183886047941511,-0.2741897041077071,0.5405705054310068,-0.9399573112069711,1.612031228082552,1.735892561199731,-0.06593402714193365,-0.04742623779087341,-0.1631000315501261,-0.20011561025224656,1.5664282534564036
2021-11-17,65.856689453125,0.7532846662797565,0.7633913647080071,0.7508141304778065,0.7593486853367069,-0.04930774656955271,300124.SZ,-0.008217810251367088,0.9711676036089627,1.7072252214035328,1.6444838394288337,-0.26681914091394443,0.3338076210050948,-0.9399573112069716,1.618108802028525,1.7316905864741927,-0.13823014824146657,-0.15442440876608118,0.005205550174628845,0.0028920213481832204,-1.5614251775594967
2021-11-18,64.79637908935547,0.7411566281658559,0.7599101162255326,0.7332959103191049,0.7556428816337819,0.5258550933529434,300124.SZ,0.7028282217481605,0.7191255780224912,1.6952120040999004,1.680361353677341,-0.4233804731379588,0.1150443888955281,-1.2636560884760495,1.6223787598466257,1.728111388671085,-0.019086281872797834,-0.0179297380898274,-0.09022541792885556,-0.06246395453251759,0.7752909813234395
2021-11-19,64.8945541381836,0.7422795756189062,0.7437394844157306,0.7243121593439047,0.7395844845965057,0.7601295923831041,300124.SZ,1.413874253747688,0.5204505252183241,1.680108211838403,1.719664910780991,-0.40768776654851185,-0.037696578785224456,-1.0939251230075275,1.6251399918515002,1.7258922871254423,-0.08270678018828585,-0.08328483144951869,-0.04626969400790298,0.005783601435861683,0.3262446533370964
2021-11-22,65.2087173461914,0.7458730588739065,0.7540707380644317,0.7337450207600059,0.7459853793218313,0.8230388484045573,300124.SZ,-1.430309874250422,0.38409866006198146,1.6647059321737268,1.758026820105819,-0.35631652998557783,0.09204943624403732,-1.2516884427235757,1.6285701856519936,1.722477729362881,0.032967013570966826,0.05320983922673509,0.04858278157384384,0.01850778935106024,0.1005081763542969
2021-11-23,67.84966278076172,0.7760808337107334,0.7892194988297597,0.748119039455406,0.7521617188267062,1.8958669576460205,300124.SZ,-0.7192638422508947,0.4947022722116301,1.6672065778581322,1.7768110230928424,0.05597399283452698,0.5307387009840367,-0.6228589179521514,1.642234053927634,1.7222844550845393,0.03181046978799639,0.18102932837944874,0.07403159866474571,0.15558139380955638,1.4308568512767266
2021-11-24,67.63367462158203,0.7736102979087834,0.7804603887504089,0.7639527955968328,0.7747332453618337,0.5876509371966849,300124.SZ,-0.008217810251367088,0.5561673923509936,1.666736756294181,1.7974984852123501,0.020671755668369485,0.520989528996082,-0.6228589179521519,1.6545315315750382,1.7186336744176536,0.11625184502048552,-0.04511270896442778,0.08154979514481067,-0.012724187915198555,-1.7056514857707463
2021-11-25,68.10492706298828,0.7790005656289833,0.792026910300085,0.7703536903221584,0.7776529772800836,0.5913394606936095,300124.SZ,0.7028282217481605,0.636493055957266,1.671240278422616,1.8086893879579324,0.09304540066304957,0.6309506944764339,-0.4271111532603362,1.6682950317654046,1.7143601168283373,0.015037716741644181,0.05957193318433437,0.032967013570966826,0.027761904656842737,0.02249772750412649
2021-11-26,66.14140319824219,0.7565412738663817,0.7786636042852093,0.7523862740471567,0.7786636042852093,0.37537757750544226,300124.SZ,1.413874253747688,0.5249835279946795,1.6671590928383209,1.8233189387726019,-0.22997722110165358,0.24651198588844694,-0.7964541943503264,1.6747284409590848,1.7091273313878488,0.005205108914124087,-0.06882604849011686,-0.0925389467553012,-0.11567379375925269,-0.26684396222470835
2021-11-29,65.41488647460938,0.7482312742279319,0.756428953418457,0.7323975180865051,0.7323975180865051,0.16404652488874436,300124.SZ,-1.430309874250422,0.36895307240059305,1.6615706206197867,1.8372668630463356,-0.3447543008113674,-0.14323914605656887,-1.181310596140509,1.6834249171544757,1.7036583175816133,-0.23828773273733747,-0.11451680871577749,-0.10294960584405413,-0.04279962139848692,-0.26074384903749326
2021-11-30,64.40367126464844,0.7366647526782558,0.757664221319432,0.7356541256731302,0.7490173460126069,0.033229845700130975,300124.SZ,-0.7192638422508947,0.1557670334869807,1.6625549829390476,1.8349648400225753,-0.5022397553333553,-0.245408985389426,-1.158622917828435,1.6903991783329868,1.6968578417557085,0.08559836027596432,0.006362093957599278,0.016772753046352208,-0.05957193318433437,-0.15468365453696772
2021-12-01,63.86370468139648,0.7304884988487796,0.7474452024432567,0.7256597476928044,0.7338573412079306,-0.04307060368479155,300124.SZ,-0.008217810251367088,-0.059957084785529434,1.667834808593225,1.8216079085615677,-0.5855383172944089,-0.5076509661447021,-1.1982221909482171,1.6945125755918973,1.690708782551452,-0.07807972253539461,-0.052631787965502254,-0.051474802922027066,-0.03181002852749163,-0.08287036592485074
2021-12-02,64.30550384521484,0.7355418052252055,0.7383492166955307,0.7238629632276048,0.730376178400855,-0.10365874319301037,300124.SZ,0.7028282217481605,-0.19226990859618348,1.6697187296526872,1.8072871004363762,-0.5073334598907975,-0.6173207506044033,-1.1639194791049938,1.7005474516971397,1.6867573505798465,-0.017929296829322643,-0.046847745269135814,-0.009254115305782499,0.02602642709162995,-0.06217281130667813
2021-12-03,64.658935546875,0.7395844845965057,0.7403705563811808,0.7277933221509802,0.7354294847772808,-0.08674542024180174,300124.SZ,1.413874253747688,-0.2651886460184745,1.6696926737979703,1.796902598005906,-0.44409013399196934,-0.6023678411310133,-1.2046568971471836,1.7068954543502943,1.6833642725916984,0.02602642709162995,0.010410659088752931,0.02024282565576827,0.020821318177505863,0.03991852757536632
2021-12-06,63.91279602050781,0.7310499297376054,0.7546321689532574,0.7307130540692302,0.739472164148581,0.06175810532730201,300124.SZ,-1.430309874250422,-0.38363790335746334,1.6575595793456628,1.7858225210403715,-0.5671404964687209,-0.5952328021351202,-1.0585447015257587,1.7113077419238518,1.679699172075204,0.020821318177505863,0.07345266488250336,0.015037716741644181,-0.043956165181457355,0.2132600303380185
2021-12-07,64.33495330810547,0.7358786808935807,0.7403705563811808,0.7245367145643552,0.73610332178943,-0.31836567354948914,300124.SZ,-0.7192638422508947,-0.4377081216869153,1.6356540904862287,1.785559447465288,-0.488332035845685,-0.7657514765422745,-1.1861036933487072,1.7129160887927397,1.6772152079260199,-0.01735080430758505,-0.07345266488250336,-0.03181046978799639,0.024869883308659517,-0.4830915941070081
2021-12-08,65.06146240234375,0.7441885948566317,0.7545199341807316,0.7386860923639059,0.7389107332597553,0.06042272080705375,300124.SZ,-0.008217810251367088,-0.4150109021562321,1.6288764762024168,1.7817256604413447,-0.352900757427547,-0.4253311043788672,-0.9077215372222074,1.715406897519965,1.6732566105681874,0.014459224219906586,0.07287461362127053,0.07287461362127053,0.04279918013798216,0.5166103134516216
2021-12-09,69.12596130371094,0.7906794076265841,0.8102189674709359,0.7411566281658559,0.7444132357524811,2.6445492852340577,300124.SZ,0.7028282217481605,-0.05042316054187998,1.6349904812906444,1.7779474297177473,0.32616554972611045,0.6257590117812026,0.030063675261522038,1.7219684002358377,1.6714813315162427,0.028339955918075574,0.28687095557168607,0.012724187915198555,0.23944515904131744,3.421664222441231
2021-12-10,69.55792999267578,0.7956203935550853,0.7995507524784607,0.7811341400871593,0.7828186041044342,0.4761282360399375,300124.SZ,1.413874253747688,0.2709860582752888,1.6382389517669755,1.7757194081094452,0.39149867227834445,0.9066310889790531,0.030063675261522038,1.729967447598611,1.6720897940504864,0.19780208142580094,-0.054945316791947876,0.20589921168810826,0.025447934569892354,-2.838784723657666
2021-12-13,70.24517059326172,0.8034811970772352,0.8253789722756123,0.7973048575723601,0.7973048575723601,0.9209952909605967,300124.SZ,-1.430309874250422,0.5764689116557359,1.6487649918219638,1.7683078250355113,0.4955740666600357,1.3045388009438204,0.40507086908650636,1.7392617315709566,1.6730704962146499,0.07460964992597854,0.1330250393273425,0.08328527271002345,0.04048609257204129,0.6036545925457664
2021-12-14,69.0572280883789,0.7898932501665101,0.8022459291762601,0.7878719961562589,0.7975294127928106,-0.05135370204297736,300124.SZ,-0.7192638422508947,0.7075722929334047,1.664028894310176,1.7657302983489445,0.2712740013124752,0.7677162776872613,0.1959174986345301,1.7456524320648419,1.6732566105681874,0.0011565437829704334,-0.11914386636866874,-0.04858278157384384,-0.06998303353359206,-1.263219647323559
2021-12-15,67.59440612792969,0.7731611017924835,0.7885457474930093,0.7706905659905335,0.7850645846859337,-0.03578156725677726,300124.SZ,-0.008217810251367088,0.6773364832916713,1.669134237278513,1.7679230641144337,0.006992983900855106,0.2649823902261648,-0.1723380027324557,1.7488406641951526,1.673886547415422,-0.06419854957672086,-0.0705610847948249,-0.08849082288465229,-0.08617685279770192,0.038151803553478955
2021-12-16,70.78514099121094,0.8096574509067113,0.8107803983597617,0.7748455658097585,0.7748455658097585,0.6467354547647817,300124.SZ,0.7028282217481605,0.9141850627240677,1.6964892317658478,1.7640781374148504,0.4922208329785868,0.8177053346595108,0.1544835646709177,1.754491243445222,1.6767141114953086,-0.052631787965502254,0.11451680871577749,0.02139981069924346,0.18796991485878561,0.9167067925517467
2021-12-17,70.72623443603516,0.8089836995699609,0.8295339720948371,0.8051655754191112,0.8152722738473618,0.7008782029586066,300124.SZ,1.413874253747688,1.0830506596310656,1.7192189206060915,1.764899155918241,0.4814715047021574,1.1450442309199362,0.411989976336116,1.7600706523880312,1.6814744456657267,0.20821274051455388,0.0965879531469596,0.15615944507078922,-0.003470072609416058,0.08896020689615881
2021-12-20,69.03759765625,0.7896686949460596,0.812240307156586,0.7869736039236591,0.808534503453661,0.5341726039106489,300124.SZ,-1.430309874250422,1.059044724301865,1.7277614839943498,1.7728924363609857,0.17807731002163907,0.6331425147912785,0.02972755397823008,1.7597005863365913,1.6851753348833989,-0.03470204987567485,-0.08906887414588513,-0.09369549053827163,-0.09947953323463807,-0.20195950925247005
2021-12-21,70.96185302734375,0.8116787905923615,0.8135878098300868,0.7929253025326848,0.7971925371244355,0.17033890481598843,300124.SZ,-0.7192638422508947,1.1894289791540378,1.7457057087132075,1.7665385959734752,0.4613740031277329,0.8625788994548225,0.049019875524277924,1.761323169438744,1.6899714577549947,-0.05841538940136393,0.006940145218832116,0.0306534847445212,0.11336026493280706,-0.46163295316428166
2021-12-22,68.8019790649414,0.7869736039236591,0.8090960200178856,0.7825940488839837,0.8076361112210612,0.3858870222718362,300124.SZ,-0.008217810251367088,1.094249722931888,1.7498418623468066,1.767190733934403,0.09139881805734772,0.4938760501040918,-0.16730670154149718,1.763116554762884,1.6949035946214748,0.05378833174847269,-0.02313440574344673,-0.05320983922673509,-0.12724099663097604,0.30157671409222747
2021-12-23,67.8889389038086,0.7765300298270333,0.7813587809830087,0.7724873504557331,0.7786636042852093,-0.05277777991079708,300124.SZ,0.7028282217481605,0.928767715313489,1.749163985202208,1.7669687793706799,-0.05743037327905774,0.08717950136537785,-0.3752364586165803,1.7623621972858032,1.6975879929738056,-0.1492192998519571,-0.14285720589435782,-0.052053295443764656,-0.05378833174847269,-0.5602066737346622
2021-12-24,68.39945220947266,0.7823694079881343,0.7883211065971599,0.7727119056761836,0.7860752116910593,-0.17207716021176767,300124.SZ,1.413874253747688,0.8303567680621313,1.7534076627086121,1.7726105738884126,0.02131967306319159,0.2106729785958299,-0.26511905630634,1.761166603450022,1.7008021110717986,0.03817256374559567,0.035858593658645285,0.0011565437829704334,0.030074992222783602,-0.1395121154920151
2021-12-27,68.72343444824219,0.7860752116910593,0.7904547667307348,0.775856192814884,0.782481728436059,-0.539566745836348,300124.SZ,-1.430309874250422,0.7698573042311211,1.7577857445405072,1.7830263543427334,0.0718396213855531,0.30002486379608967,-0.2310173618979685,1.7604691800469365,1.7040019147816041,-0.01850778935106024,0.010989151610490527,0.016194260524614614,0.019086281872797834,-0.4664487893923495
2021-12-28,70.14698791503906,0.802358163948786,0.8067377189884614,0.7791128004015092,0.7907916423991099,0.10884949341558856,300124.SZ,-0.7192638422508947,0.8326447204034885,1.7651321187384206,1.8014033393106208,0.29041028390254564,0.5666175895025369,0.025418398163508278,1.7667602486260958,1.7093349173236663,0.04279918013798216,0.08386332397125629,0.016772753046352208,0.08386332397125629,0.8717864199626614
2021-12-29,68.08528137207031,0.778775924733134,0.8040426279660609,0.778326728616834,0.8034811970772352,-0.10307776421342184,300124.SZ,-0.008217810251367088,0.6968649746016443,1.759022922394079,1.8283560807815218,-0.06176377156957986,0.3104003101774706,0.007720445449710058,1.7699911785971365,1.714016505974791,0.06535597588070081,-0.01388073169816899,-0.0040485651311536535,-0.12145739519511436,-0.26152921961017156
2021-12-30,68.09510803222656,0.7788882451810587,0.784952264238009,0.7712520825547582,0.775070121030209,-0.4497349962756263,300124.SZ,0.7028282217481605,0.5820678032918339,1.7526903037619361,1.8535421616858951,-0.060204077971190616,0.06588342247671151,-0.15355368083306176,1.7747735322221339,1.7185692460172577,-0.14632771976427864,-0.09832254819116287,-0.03643708618038288,0.0005784925217375956,-0.4390066895950653
2021-12-31,67.34896087646484,0.7703536903221584,0.7858506564706088,0.7647388673815079,0.7797866374136585,-0.27821476181273325,300124.SZ,1.413874253747688,0.4211524630003958,1.7454651212030137,1.8746095385279347,-0.1862521951769766,-0.09074109145938289,-0.3015005944062254,1.7783318304038847,1.7217475699526503,0.02429183204742668,0.004627057652891249,-0.033545506092704416,-0.043956165181457355,0.24357954371307702
2022-01-04,68.5270767211914,0.7838293167849587,0.7959572692234604,0.7778775325005342,0.7810219053146334,0.21695965145330498,300124.SZ,-0.7192638422508947,0.38850543471583027,1.7307770394590534,1.9134274991026057,0.007369157787501493,0.2326861423779779,-0.12922227398096853,1.783142656495412,1.7258922816640203,0.006362093957599278,0.0520528541832599,0.06766906344664168,0.06940454101185446,0.6699236074277402
2022-01-05,65.33635711669922,0.747332967670731,0.7880965513767094,0.7454238627576066,0.7867489630278097,0.4265152667205798,300124.SZ,-0.008217810251367088,0.0876330376410271,1.7230300335529234,1.927178090205564,-0.5082287169809343,-0.5075704528088614,-0.8328736841100873,1.7794989626322002,1.7309317955568781,0.02949649970104601,-0.04048565131153654,-0.16714859668127974,-0.18796991485878561,0.2936828943852089
2022-01-06,64.92400360107422,0.7426164512872815,0.7537338623960564,0.7356541256731302,0.7389107332597553,-0.22366213974248692,300124.SZ,0.7028282217481605,-0.18523315626342163,1.7240880056943317,1.9252970006553,-0.5705427302095266,-0.9056399927931521,-1.028186601482781,1.77557059839901,1.7351409302072205,-0.2463848629996448,-0.1769807632482951,-0.05031781787855187,-0.02429183204742668,-0.8388285768080641
2022-01-07,65.17926025390625,0.7455361832055314,0.7557552020817065,0.7366647526782558,0.7465468958860558,-0.4215298289661674,300124.SZ,1.413874253747688,-0.37664632543669196,1.7300895044027065,1.899760375859014,-0.526094356234401,-0.7928209314552765,-0.9903823114868407,1.7713291021883752,1.739929895884723,0.0393291075285661,0.010410659088752931,0.005205108914124087,0.015037716741644181,-0.2430087928071904
2022-01-10,64.0109634399414,0.7321728771906557,0.7399213602648809,0.7169005947757541,0.7389107332597553,-0.06997391105726433,300124.SZ,-1.430309874250422,-0.6223280371356885,1.7380244071755313,1.8644535135776474,-0.7069062349084895,-1.1342241731319875,-1.1667263307854217,1.768240491113727,1.7416121177598993,-0.0393291075285661,-0.08155023640531542,-0.10179284143083131,-0.06882604849011686,0.48073744223878806
2022-01-11,64.0109634399414,0.7321728771906557,0.7434025230719565,0.7226276953266297,0.7293654657203305,-0.18739714370267802,300124.SZ,-0.7192638422508947,-0.8090267964349787,1.7369589050955971,1.8364350106016654,-0.7069062349084895,-1.027263362968922,-1.2354526435939344,1.7662051441194038,1.7449622443913537,-0.0491617153560862,0.017929296829322643,0.02949672033129839,0.0,-0.1370406985662186
2022-01-12,64.66875457763672,0.7396968050444304,0.743177967851506,0.7276810873784545,0.7355418052252055,-0.38373096375530946,300124.SZ,-0.008217810251367088,-0.8918145609457891,1.7357716911784493,1.8172224965341583,-0.5840142676575689,-0.913263356097491,-1.2354526435939346,1.7665894464041085,1.7486631363397376,0.03181046978799639,-0.0011565437829704334,0.02602686835213471,0.038751056267333266,-0.24098825342157215
2022-01-13,63.91279602050781,0.7310499297376054,0.7451993075371561,0.7298146618366304,0.7411566281658559,-0.4710363526128046,300124.SZ,0.7028282217481605,-1.0116845236955498,1.7404914143738461,1.7944275191165886,-0.7068320102147984,-0.9511130178345175,-1.2696899515554172,1.766660605852305,1.7507677036649085,0.02891844843981317,0.010410659088752931,0.01098871034998577,-0.044534657703194945,-0.09736698275526166
2022-01-14,62.832855224609375,0.7186973364032542,0.7302638579529303,0.7033127335404279,0.7186973364032542,0.20171743680218204,300124.SZ,1.413874253747688,-1.1866118490087765,1.7309755067862782,1.7682161288829001,-0.878491567438404,-1.3410940114531853,-0.751729491232519,1.764525626943255,1.7527291052625247,-0.11567379375925269,-0.07692317875242417,-0.13649489130650616,-0.06362049831548802,0.9038458547450106
2022-01-17,62.89175796508789,0.7193710877400047,0.7292532309478047,0.7130825134626038,0.7130825134626038,-0.3976948744393556,300124.SZ,-1.430309874250422,-1.3064693543568493,1.71624511786906,1.7486492616305909,-0.8666778435659763,-1.227867480249564,-0.7517294912325192,1.761963647908769,1.7546332356538388,-0.02891844843981317,-0.005205108914124087,0.05031803850880425,0.003470072609416058,-0.771956593039325
2022-01-18,65.66032409667969,0.751038685698257,0.7574395804235826,0.715889924932929,0.7220662644378041,0.20933195528398627,300124.SZ,-0.7192638422508947,-1.1528948388423348,1.7051680880934763,1.7457365856445877,-0.3399639935138255,-0.7526700511999562,-1.2032722488933683,1.764497154476725,1.7581265307435596,0.04626969400790298,0.1451702934602987,0.014459224219906586,0.1631000315501261,0.8172648651400855
2022-01-19,64.79637908935547,0.7411566281658559,0.755193685517482,0.7358786808935807,0.7487927907921564,-0.12239536649337072,300124.SZ,-0.008217810251367088,-1.0937284492800559,1.6759604328075135,1.7509162755427548,-0.4851902190674118,-0.7099748126692771,-1.2032722488933678,1.7651661162723442,1.7592718729482697,0.13765165571972898,-0.011567202871723366,0.10294960584405413,-0.05089631040028947,-0.4193397764556285
2022-01-20,66.64209747314453,0.7622683315795579,0.7701291351017079,0.7400336807128056,0.7405951116016313,0.0017885660723529252,300124.SZ,0.7028282217481605,-0.8802831807893986,1.6651280282483012,1.7534322062158105,-0.15905887749395045,-0.4102090069588503,-0.9064947510713585,1.7674576611701163,1.761677094308872,-0.04222112887674932,0.07692317875242417,0.02139981069924346,0.10873320727991581,0.1812242502121757
2022-01-21,66.19048309326172,0.7571027047552074,0.7686692263048834,0.7467714511065063,0.7657495800620324,-0.02974379663907433,300124.SZ,1.413874253747688,-0.7424806798504769,1.6584317405174112,1.7532822811205464,-0.23733971306388618,-0.3893275184925207,-0.9064947510713592,1.7632019287262168,1.7628367509017688,0.12955496671792643,-0.007519079001074469,0.03470204987567485,-0.026604919613367545,-0.02389813801267168
2022-01-24,65.19890594482422,0.7457608241013808,0.7523862740471567,0.7301515375050056,0.7500280586931315,-0.19482410204146547,300124.SZ,-1.430309874250422,-0.7111306057308812,1.646416226672998,1.7522954835424471,-0.40759576894772104,-0.6959381468530557,-1.2639189922344616,1.7568823985395923,1.763681441801759,-0.08097174388357783,-0.08386332397125629,-0.08559880153646908,-0.05841494814085918,-0.1998185379844862
2022-01-25,65.2774429321289,0.7466591306585817,0.7724873504557331,0.7389107332597553,0.7432902882994307,-0.03408546914513562,300124.SZ,-0.7192638422508947,-0.6731347909136752,1.6305201240032496,1.7546898480446393,-0.39310770265482703,-0.42925982990002176,-0.8631240792797265,1.749680395635566,1.7647337268297008,-0.03470204987567485,0.10352809836579172,0.04511315022493254,0.004626616392386491,0.22937712605161145
2022-01-26,64.0796890258789,0.7329589489753308,0.7544076137328068,0.7220662644378041,0.751038685698257,-0.07176628139375259,300124.SZ,-0.008217810251367088,-0.7381894936592899,1.5958035890687858,1.7667658240318482,-0.5989197621942635,-0.7817883835118179,-1.2139512061247708,1.7424641673573393,1.7643185385737987,0.03990715878979894,-0.09311743927703879,-0.08675534531943951,-0.0705610847948249,-0.03199738447049163
2022-01-27,57.43315124511719,0.6569342840560995,0.7074676905219534,0.6535653988592492,0.7074676905219534,1.7865921788003547,300124.SZ,0.7028282217481605,-1.343568450950153,1.627791464136868,1.67939681308194,-1.5394378916982134,-2.0889628799058984,-0.15646922034945251,1.727732815056706,1.7585130793002435,-0.2244070010391685,-0.24175824660725828,-0.3528052033438721,-0.39155559772044823,2.4656224249356855
2022-01-28,58.8959846496582,0.6736664752678255,0.6810780398359761,0.6552498200388246,0.6554744180969746,0.616103476329278,300124.SZ,1.413874253747688,-1.6802782242323562,1.6272993039436436,1.6367912698973126,-1.2676065299387385,-1.9549163167919459,-0.15646922034945226,1.7104964232251147,1.7526861484444087,-0.2677848943291406,-0.13591661941502095,0.008675402153792113,0.08617707342795429,-1.5242256668657876
2022-02-07,59.14142227172852,0.6764738867381508,0.6909600973683774,0.6645704466824001,0.6850083987593517,-0.2975766083492074,300124.SZ,-1.430309874250422,-1.905503338894372,1.6232559101462032,1.602988736512073,-1.2225170797423874,-1.6743988286222418,-0.35973665500472907,1.6937012568931598,1.7470453319421115,0.15211110056988794,0.05089631040028988,0.04800473031261142,0.014459224219906586,-1.1859361069672487
2022-02-08,58.611270904541016,0.6704098676812005,0.6826501834053263,0.6555867385448994,0.678270628365651,-0.1017256515406293,300124.SZ,-0.7192638422508947,-2.106340555866961,1.6058580613529405,1.5767682339829798,-1.291730059915514,-1.6968921974232436,-0.21893479611711575,1.678585607737354,1.7392569967579496,-0.03470204987567485,-0.04279918013798257,-0.0462694733776506,-0.031231977266258794,0.27562998432945424
2022-02-09,59.69121170043945,0.6827624610155516,0.6861313462124019,0.6691745997802254,0.6751262983892511,-0.2541110643944347,300124.SZ,-0.008217810251367088,-2.1497567804002498,1.6016526490046954,1.555182800536767,-1.0879539746545654,-1.405144697040004,-0.29259029670505027,1.6622459031383008,1.7318552155918945,-0.016194481154866994,0.017929296829322233,0.0699825922730873,0.06362049831548802,-0.18309577513433622
2022-02-10,59.29850769042969,0.678270628365651,0.6828747814634764,0.6700729491751258,0.6771476380749012,-0.2861254710118315,300124.SZ,0.7028282217481605,-2.193755466053543,1.5982315147220505,1.5327733807787165,-1.1420921539326792,-1.3335166086616788,-0.29259029670505077,1.6484681721442007,1.7258278478022018,0.010410659088752931,-0.01677253241609942,0.00462683702263887,-0.023134626373699108,-0.024533126130297542
2022-02-11,59.99555969238281,0.6862436666603267,0.6925322409377275,0.6670409824843501,0.6737787528780509,0.05051876688458869,300124.SZ,1.413874253747688,-2.145643669466556,1.5893459090330329,1.5188212942969368,-1.0085973099426448,-1.1423193092228316,-0.5036511349579655,1.6370246838886044,1.719693102986132,-0.017351024937837425,0.049739545987066654,-0.015615768002877018,0.04106414383327413,0.46109454352249657
2022-02-14,59.4555892944336,0.6800673699931511,0.6823132648992517,0.6669286620364254,0.6763615662902261,-0.312551172559622,300124.SZ,-1.430309874250422,-2.1304206751507744,1.585478504108936,1.5019563375831937,-1.0867039481175844,-1.1418501275921356,-0.501660777948129,1.6240582498751135,1.7125704988118047,0.013302459806683773,-0.052631567335249874,-0.0005784925217375956,-0.03181024915774401,-0.4606268657586495
2022-02-15,61.70382308959961,0.7057832265046784,0.7092644321494536,0.678046030307501,0.6802919680513011,-0.02402392919788618,300124.SZ,-0.7192638422508947,-1.9055836057651694,1.579276202203926,1.4983721688916156,-0.6651744916594379,-0.698494401841481,-1.0712763322339307,1.6138815149034946,1.70710148500557,0.020243046286020645,0.13880864076320418,0.057258624988141126,0.1324463261753521,0.39771085708435244
2022-02-16,63.971710205078125,0.7317237667497547,0.7355418052252055,0.7097136282657535,0.7097136282657535,0.089699240939256,300124.SZ,-0.008217810251367088,-1.5174217185968537,1.5758730494779425,1.4990757778335695,-0.27841994938685555,-0.14388579649159078,-0.9789693186808655,1.6049288462341882,1.7057628685225181,0.15153260804815036,0.13533834752353574,0.1631000315501261,0.1336035318490805,0.16744446840973617
2022-02-17,64.30550384521484,0.7355418052252055,0.7495788625768316,0.7192588529674788,0.7310499297376054,-0.1476193721849198,300124.SZ,0.7028282217481605,-1.1691188744232983,1.5776787031828385,1.4988097766319801,-0.22367826957959122,0.07494114114125344,-0.7322171523144368,1.5994490692061054,1.7046318407059946,0.10988997169313862,0.07229612109953293,0.04916149472583382,0.01966433313403067,-0.2949768139686451
2022-02-18,63.95206451416016,0.7314991258539053,0.7349802886609809,0.7211678722052043,0.7299269822845551,-0.49811574939512093,300124.SZ,1.413874253747688,-0.9140730747755416,1.5816109595436736,1.499469673840443,-0.2820806892418621,0.00019005839679361812,-0.7322171523144377,1.5934426601378608,1.7040162182469458,-0.005783601435861683,-0.07518814244771614,0.009832166567015336,-0.020821318177505863,-0.4440639292378226
2022-02-21,63.127384185791016,0.7220662644378041,0.7377877001313061,0.7165637191073788,0.73161144630183,-0.38524551020321557,300124.SZ,-1.430309874250422,-0.7748102487273466,1.5822987124654486,1.499772278772719,-0.4183126324813312,-0.04162820403591732,-0.8282109349079967,1.5873223937806888,1.7027277103146805,0.008675622784044903,0.014459224219906586,-0.023713118895436706,-0.04858278157384384,0.16632091719650924
2022-02-22,61.802001953125,0.7069062167954282,0.7194834081879293,0.700168403564028,0.7194834081879293,-0.129119127921736,300124.SZ,-0.7192638422508947,-0.7701485617645,1.5664790377090871,1.5001418683088932,-0.6310197146082158,-0.3610902419518544,-1.1620107868001701,1.5775726535049737,1.7002437488962074,-0.06246395453251759,-0.09427398306000923,-0.08444203712324667,-0.07807994316564698,0.35502976199732533
2022-02-23,63.35318374633789,0.7246490350122798,0.7253227863490302,0.7069062167954282,0.7069062167954282,-0.35022993646302947,300124.SZ,-0.008217810251367088,-0.627976481590983,1.5594692265702956,1.5015563879909013,-0.35658206234464573,-0.09637812179099903,-1.0498917776603622,1.5746975424930436,1.6969652023978194,-0.06477726272871083,0.030074992222783602,0.03470227050592764,0.09138218234207839,-0.2736265527258817
2022-02-24,62.98012161254883,0.7203818004205291,0.7393598437006563,0.7074676905219534,0.7217293030940299,-0.20421835939763266,300124.SZ,0.7028282217481605,-0.5422545713404745,1.536339482549181,1.511387255726894,-0.41784104330670047,0.005820812587404508,-0.7860225195456921,1.5718793764141734,1.6935721244096713,0.0763444656004342,0.07229612109953293,0.0028918007179308414,-0.021977861960476297,0.2099774295832039
2022-02-25,62.53832626342773,0.7153284512064039,0.72914091049988,0.7130825134626038,0.7256597476928044,-0.575135509339447,300124.SZ,1.413874253747688,-0.50754312510324,1.5136760905698883,1.520719408539434,-0.49110232567882167,-0.049261946034153924,-0.7860225195456917,1.5680506495252418,1.689513312680977,0.020243266916273026,-0.05263134670499749,0.02891844843981317,-0.026026647721882328,-0.47096386071031243
2022-02-28,62.499053955078125,0.714879255090104,0.7182481402869543,0.703874207266953,0.7153284512064039,-0.6076165972737422,300124.SZ,-1.430309874250422,-0.47918648366705274,1.4978668164963593,1.5265146985807656,-0.4977429496244018,-0.20692600071560147,-0.9850112723874502,1.565858741971728,1.6868575458357304,-0.05321005985698747,-0.05610186057491831,-0.04742623779087341,-0.0023135288264456246,-0.02514787737448632
2022-03-01,62.58740997314453,0.715889924932929,0.7221784992103298,0.7108365757188038,0.7186973364032542,-0.5792710500392587,300124.SZ,-0.7192638422508947,-0.445349274578234,1.48037066029959,1.5343267100765097,-0.4807074162272827,-0.09263322269396349,-0.9070047930402503,1.5637949333699384,1.684795929867252,0.017351024937837425,0.02024282565576827,0.035858814288897665,0.005205329544376466,0.05497799931230736
2022-03-02,61.83145523071289,0.7072430924638035,0.715665326874779,0.704098805325103,0.7118472455616288,-0.6832880681230001,300124.SZ,-0.008217810251367088,-0.47893400185670026,1.4689911235452044,1.5370670793868266,-0.6140849352645632,-0.258013027351283,-1.0555898886981692,1.5596815361110283,1.6829204309830226,-0.03528054239741245,-0.03354528546245204,-0.03470204987567485,-0.044534437072942565,-0.11938092350510171
2022-03-03,61.26203155517578,0.7007299201282526,0.7125210397360786,0.6964626426988024,0.7094890302076035,-0.6592043079314075,300124.SZ,0.7028282217481605,-0.5492002583958641,1.459495691185224,1.5661322883847635,-0.7136399383460857,-0.38232761727991654,-1.22246011675913,1.5558385784183637,1.6810234550550913,-0.01214569539346096,-0.016194260524614614,-0.0393291075285661,-0.03354528546245204,0.04936402079588087
2022-03-04,60.51588821411133,0.6921953652693523,0.704098805325103,0.6878158102296769,0.6960134465825026,-0.4701991256475073,300124.SZ,1.413874253747688,-0.6623347616255449,1.4557104994934527,1.5781579478538728,-0.8428727756422835,-0.5755973249810802,-1.138655436331365,1.5524795440660664,1.678260313914178,-0.06940432038160209,-0.04337767265971976,-0.044534437072942565,-0.043956165181457355,0.26661216370091007
2022-03-07,58.905799865722656,0.6737787528780509,0.6948904991294522,0.6692868773904507,0.6918584896009771,-0.18128570093560664,300124.SZ,-1.430309874250422,-0.880754997809969,1.4566779426541645,1.5759217657669191,-1.1097969781833865,-0.9033876498460033,-0.758693622665868,1.5467008712938044,1.6740654936520216,-0.02139959006899108,-0.04742623779087341,-0.09543096810348482,-0.09485247558174682,0.3982195671117309
2022-03-08,58.38546752929688,0.6678270542690252,0.6837731308583767,0.6636720544498003,0.6805165232717515,-0.2566503979506548,300124.SZ,-0.7192638422508947,-1.0871092033109193,1.4578603029060793,1.5734806118358298,-1.192991542281095,-1.0205216452784875,-0.6479429019181022,1.53615408112981,1.6700353188918342,-0.05841538940136435,-0.057258624988141126,-0.02891844843981317,-0.0306534847445212,-0.08163771547838297
2022-03-09,57.57059860229492,0.6585064276254498,0.6814149155043514,0.6400898152341483,0.6738910304882761,-0.08401586369379249,300124.SZ,-0.008217810251367088,-1.306541221149324,1.4673022772788888,1.5524964351787427,-1.3219403693718694,-1.2095478500559513,-0.20690716901694894,1.5256784504140122,1.6651031847560653,-0.034123777984189224,-0.01214569539346096,-0.12145739519511395,-0.048004730312611,0.2450473915997136
2022-03-10,56.755741119384766,0.6491858438195738,0.676586164348376,0.6457046381747987,0.6744525470525007,0.09650589207043249,300124.SZ,0.7028282217481605,-1.5337184220801843,1.479601082231251,1.526193314923847,-1.44827160457473,-1.1998514930638349,-0.20690716901694933,1.511345631201817,1.659047185459289,0.0028920213481832204,-0.024869883308659517,0.02891844843981317,-0.04800450968235863,0.25543709236397266
2022-03-11,57.11899185180664,0.6533408008010992,0.6562604898816496,0.6041549398464457,0.6345872699037232,0.2568870204495305,300124.SZ,1.413874253747688,-1.664844657794687,1.4883080977511214,1.5025192627968762,-1.361751421794815,-1.5431698070668538,0.4803501577505724,1.498194164162606,1.6502924652298607,-0.2053211604268754,-0.10468486277901494,-0.21399656258066793,0.02139959006899108,0.22890619152131556
2022-03-14,53.63372802734375,0.6134755664900211,0.6461538342910986,0.6125771742574213,0.6441324946054485,0.0020934963958741826,300124.SZ,-1.430309874250422,-2.044355681671783,1.5186796723073492,1.4397116129765293,-1.866600339042518,-1.7146345138743349,0.48035015775057216,1.481427459438117,1.6386815494134623,0.04916149472583382,-0.05205307481351187,0.04337767265971976,-0.20532093979662303,-0.3179962125324992
2022-03-15,50.77680206298828,0.5807972986889436,0.6153845857277466,0.5784390404972188,0.6041549398464457,0.4769682624103544,300124.SZ,-0.7192638422508947,-2.561062394592164,1.558629585858679,1.3417510345041317,-2.2160873661224065,-2.207384086274585,0.9675237338866649,1.4604050385583247,1.6244864496155953,-0.20589943231836064,-0.15847319452748723,-0.17582421946532464,-0.16830536109450256,0.6431832324595943
2022-03-16,54.24242782592773,0.6204379349418718,0.6218978009009968,0.5813587724154688,0.5877596671407943,0.5182915786668558,300124.SZ,-0.008217810251367088,-2.6452234821648464,1.5504987079424608,1.3055804716453658,-1.4679946592052524,-1.7169868022232222,0.8028233583713162,1.446143384223858,1.6136844332672984,-0.08444181649299388,0.033545506092704416,0.015037716741644181,0.20416417538340023,0.07207339045867886
2022-03-17,54.664581298828125,0.6252666860978471,0.6433464228207734,0.6159460594542716,0.6293093654691474,0.14857708047571397,300124.SZ,0.7028282217481605,-2.646656694793543,1.5330509167877595,1.2807086690038247,-1.3837552550245027,-1.2130546473399126,0.282759635394049,1.4421296243092063,1.6042568275646534,0.21399656258066793,0.11046846421487622,0.17813752766151747,0.024869883308659517,-0.4693796283159977
2022-03-18,55.86233901977539,0.638966867781098,0.6462661119013239,0.6229084707438218,0.6266142316090474,-0.24687193931135862,300124.SZ,1.413874253747688,-2.5177339873358537,1.5106652811067987,1.2688864837904055,-1.1477027458674274,-1.0041771432604258,0.214208777001027,1.4377315675393816,1.5933760684277742,-0.013880952328421368,0.015037496111391801,0.035859034919150455,0.0705610847948249,-0.5032792694562258
2022-03-21,56.549564361572266,0.6468275856278489,0.6553621404867493,0.6348118679618732,0.6444693702738237,-0.38521758443019266,300124.SZ,-1.430309874250422,-2.331280001628907,1.4901315556160748,1.2619977719673272,-1.0149846955025659,-0.7787793729791807,0.0004629614223113294,1.4339740000986463,1.5830393434247436,0.09196067486381598,0.046847965899388194,0.06130696948904281,0.04048565131153613,-0.164601431412674
2022-03-22,56.353214263916016,0.6445816907217484,0.6473891021920736,0.6367209300372979,0.6424480305881736,-0.5476650151784631,300124.SZ,-0.7192638422508947,-2.176523828946239,1.47590463587284,1.2530411275940745,-1.043850011111417,-0.7947193899995494,0.0004629614223113294,1.4307003668573426,1.5737906976122538,-0.010410659088752931,-0.04106414383327413,0.009832387197267305,-0.011567202871722955,-0.19635029764400874
2022-03-23,56.20595169067383,0.6428972267044735,0.6497473175460989,0.6366086095893732,0.6483997720348986,-0.7000543198881666,300124.SZ,-0.008217810251367088,-2.0442190051201736,1.4485017979249108,1.2515040591618036,-1.0660174516112646,-0.7465008811847229,-0.05697312284085858,1.4256475845251637,1.563031629889939,0.030653705374773577,0.01214569539346096,-0.0005784925217380065,-0.008675622784044903,-0.1831009018089403
2022-03-24,55.263458251953125,0.6321167769394725,0.6425603510360983,0.6288601693528475,0.6394160210596984,-0.4157201757266294,300124.SZ,0.7028282217481605,-1.998194879949879,1.4210112160735484,1.2473966260510374,-1.207934346012524,-0.8384244887002843,0.07725407950038544,1.4197977414456409,1.5531602016935966,-0.046269694007903386,-0.03701557870212048,-0.03990737942005091,-0.05552336805318071,0.39218735987760467
2022-03-25,53.83008193969727,0.6157215042338212,0.636496331979148,0.6157215042338212,0.6311061070966475,-0.394844602080333,300124.SZ,1.413874253747688,-2.061765112444455,1.3953798904733965,1.2364627632164737,-1.4154412615582557,-0.9611824992250633,0.2985422883219703,1.4108592981505348,1.5429093794039528,-0.04279918013798175,-0.031231977266258794,-0.06766906344664168,-0.08444181649299388,0.045137932030599515
2022-03-28,53.79081726074219,0.6152723081175213,0.6212240067265469,0.6052779301371954,0.6064008775902457,-0.5201527347752052,300124.SZ,-1.430309874250422,-2.092697854774319,1.3647808241095682,1.2313321991471364,-1.4210617493518556,-1.016821677345312,0.4681882277524704,1.4026467452955111,1.532257688708016,-0.12724121726122842,-0.0786582150571322,-0.05378833174847269,-0.0023135288264456246,-0.14742734131404717
2022-03-29,53.01522064208984,0.6064008775902457,0.6193149874888215,0.6024705186668702,0.6111173082982964,-0.6924839091065402,300124.SZ,-0.7192638422508947,-2.1599139463902444,1.328693885999448,1.2285571729159976,-1.5329571514648763,-1.0129990078811792,0.5135385468464337,1.3900503719039283,1.5208042557380705,0.02429139078692192,-0.009832166567015336,-0.014459224219906586,-0.04569120148616538,-0.20936998248015135
2022-03-30,54.6351318359375,0.6249298104294719,0.6266142316090474,0.6138124421583964,0.6176305234715466,-0.45510527946772605,300124.SZ,-0.008217810251367088,-2.0524123479028713,1.2908602023087936,1.2389749695851784,-1.17594138309874,-0.7895018628192366,0.3161018266036911,1.3765146025800123,1.5094939939571028,0.033545506092704416,0.0375938505936057,0.05841516877111156,0.09543096810348442,0.3303336710129639
2022-03-31,55.96051025390625,0.6400898152341483,0.6446939683319737,0.6187534709245969,0.623245346412197,-0.18774686450811373,300124.SZ,0.7028282217481605,-1.834131629774316,1.2543790689583678,1.2567068718261092,-0.900532964037094,-0.5714169223561336,-0.15202598003425685,1.3644163887620615,1.5006533764757106,0.02891844843981317,0.09311743927703879,0.02544815520014432,0.07807972253539461,0.3698255247879662
2022-04-01,55.71506881713867,0.6372824037638231,0.6457046381747987,0.6327905282762228,0.6359348582526229,-0.5392758808165987,300124.SZ,1.413874253747688,-1.6642528474255727,1.2202039034365213,1.2740952317477756,-0.9400033874109407,-0.4808683596050181,-0.177563843674137,1.3524747409328328,1.4916266391793587,0.06535575525044843,0.005205329544376466,0.07229612109953293,-0.014459224219906586,-0.44542420689943363
2022-04-06,55.42053985595703,0.6339135185669728,0.6422234325300236,0.6279617771202477,0.6370578057056732,-0.548860156330034,300124.SZ,-0.008217810251367088,-1.5383787897166559,1.1989992022911529,1.282506762196187,-0.9881613644814277,-0.5158992832122419,-0.0866680186859196,1.3413016813844176,1.4829291901562334,0.005783601435861683,-0.017929517459575432,-0.024869883308659104,-0.017351024937837425,0.005013698446103237
2022-04-07,54.409324645996094,0.6223469541795972,0.6372824037638231,0.6218978009009968,0.6304323129221977,-0.4574431241335048,300124.SZ,0.7028282217481605,-1.508963809967031,1.1790002694382176,1.2872055121644868,-1.1520576909027498,-0.6157216494069224,0.027402430676271523,1.330584083568904,1.4726354137791848,-0.034123777984189634,-0.02544815520014432,-0.031231756636006417,-0.05957215381458675,0.1380609778873876
2022-04-08,55.01801681518555,0.6293093654691474,0.6385176716647981,0.6207748106102471,0.6276249014518724,-0.622452966460689,300124.SZ,1.413874253747688,-1.4186025592161602,1.1651091940937968,1.2914512497170691,-1.0175453796905118,-0.5478930852107506,-0.006566463458983668,1.3185001059842183,1.4651119384678533,-0.014459224219906586,0.006362093957599278,-0.00578382206611365,0.035859034919150046,-0.19972571819165477
2022-04-11,51.60148239135742,0.5902302029427443,0.6287478917426222,0.5895564087682945,0.6213363271744716,-0.25477138261180465,300124.SZ,-1.430309874250422,-1.6215837602257395,1.163852219960856,1.2687256660841497,-1.5351344763711252,-1.0338553378377493,0.5520490993229705,1.302003835396443,1.4553979985793868,-0.03238852104922923,-0.05031803850880425,-0.16078650272368086,-0.20127237466546938,0.5019795036649078
2022-04-12,53.58464431762695,0.612914092763496,0.6130263703737212,0.5886580165356947,0.5902302029427443,-0.5487913319309948,300124.SZ,-0.7192638422508947,-1.5958971818257544,1.1497772785982692,1.2685778187999366,-1.1169114458961815,-0.9864326459931608,0.567051177036277,1.2890231651496868,1.4469439351161009,-0.16020823083219524,-0.08097174388357783,-0.004627057652891249,0.1168305581724755,-0.3696685055167933
2022-04-13,52.58324432373047,0.6014598488240451,0.6153845857277466,0.5930376144130696,0.6057270834157958,-0.47855692032766634,300124.SZ,-0.008217810251367088,-1.6434915879222205,1.1516296176010523,1.2614829608632063,-1.26226801643236,-1.0093402408767829,0.4986658182107885,1.2746476426672286,1.4386115657980911,0.07981475884010222,0.01214569539346096,0.02255657511246627,-0.05899366129284915,0.11015747737573783
2022-04-14,53.04467391967773,0.606737753258621,0.6138124421583964,0.6019090021026455,0.6119034229206709,-0.6730964582549473,300124.SZ,0.7028282217481605,-1.6243739974193345,1.1391996306806673,1.2866489700890513,-1.166440133775366,-0.902083213785546,0.498665818210789,1.2608129775991332,1.430615639216689,0.0318104697879968,-0.008097130262307307,0.04569098085591259,0.027183191504853172,-0.23862467654578035
2022-04-15,51.640750885009766,0.5906793562213447,0.6050533320790455,0.5837169877694941,0.6008983322598206,-0.5499381321356215,300124.SZ,1.413874253747688,-1.7107967548341798,1.1459816447896092,1.2665140382144575,-1.3703493234079411,-1.2554840400413072,0.8158034447191712,1.2460389220282373,1.4211164451888445,-0.05668035309665591,-0.04511270896442778,-0.0936957111685236,-0.08270678018828669,0.1798732365415159
2022-04-18,51.46403121948242,0.5886580165356947,0.5912408727855694,0.5435148777900408,0.5727119399463432,0.13393680620349016,300124.SZ,-1.430309874250422,-1.7752453737144032,1.1507118548677184,1.2459649047080485,-1.395645864038521,-1.7089315395098343,1.4165290214892388,1.231834190908702,1.4120395993417054,-0.14517051409055107,-0.0711393566863101,-0.20705597610133106,-0.01041065908875252,0.9184955522802656
2022-04-19,52.131629943847656,0.5962941791619951,0.612914092763496,0.5859629255132942,0.5938236861977446,-0.253851675612738,300124.SZ,-0.7192638422508947,-1.750413110812331,1.14516887038596,1.234928356465533,-1.2496828522619468,-0.9672210489444251,0.8043531728478115,1.2196790430167554,1.404236947038646,0.10873342791016818,0.11162522862809902,0.21862339960330682,0.03932910752856569,-0.49318817500223844
2022-04-20,52.18071746826172,0.5968556957262198,0.610668155019696,0.5938236861977446,0.5964064996099199,-0.45963553628940884,300124.SZ,-0.008217810251367088,-1.7081676956223562,1.1323484696434947,1.2293978458518975,-1.238828184102178,-0.8566042743783374,0.8043531728478115,1.2099293081705726,1.3964271402722042,0.013302459806683773,-0.011567423501975744,0.04048587194178892,0.002892021348183631,-0.25343662883517093
2022-04-21,50.28591537475586,0.5751824757482932,0.6015721264342704,0.5728242175565684,0.5896686863785198,-0.3446652653105479,300124.SZ,0.7028282217481605,-1.8169864767625317,1.1266066127951133,1.2076256961902656,-1.5227419950898755,-1.3206211736797886,1.1109852962224356,1.198186924170797,1.3852170955928098,-0.03470227050592723,-0.046847965899388194,-0.10815515601868297,-0.11162522862809902,0.16908725282452886
2022-04-22,49.51032638549805,0.5663110452210177,0.5783267628869936,0.5559797487346172,0.571139796376993,-0.3171587202738767,300124.SZ,1.413874253747688,-1.9483664036630233,1.122158760357132,1.1813925365780924,-1.6330381343126004,-1.6909194025121983,1.3385090122176646,1.1865014742450168,1.374071473852389,-0.09543074747323203,-0.11972235889040633,-0.08675534531943951,-0.04569120148616538,0.053872796197663365
2022-04-25,46.63375854492188,0.5334081793617902,0.5614822940650424,0.5334081793617902,0.5614822940650424,-0.12564165225956378,300124.SZ,-1.430309874250422,-2.273421184978175,1.141870329941497,1.117857910562726,-2.0102793874338225,-2.194263409935115,1.620047672183905,1.171827050588847,1.3594826655730332,-0.049739766617319034,-0.08675534531943951,-0.1162520656507379,-0.16946212550772538,0.269921027420363
2022-04-26,47.59588623046875,0.5444132271849411,0.5612576960068925,0.5340819735362401,0.5357663947158156,0.12052581216966239,300124.SZ,-0.7192638422508947,-2.4222077684867664,1.1506194646369376,1.0783739980860234,-1.7899095837122108,-1.8696641266418548,1.620047672183905,1.1580208525577496,1.3459246652779162,-0.1324465468056049,-0.0011567644132228123,0.0034702932396684367,0.05668013246640353,0.34191105139383055
2022-04-27,52.308349609375,0.5983155188476454,0.6020213225505703,0.5390230023024407,0.5390230023024407,0.2846432587672401,300124.SZ,-0.008217810251367088,-2.114358283636962,1.1462232650699573,1.0765509658648433,-0.8442608014218425,-0.8996645828707104,0.5422677058597821,1.1560993682818852,1.3365256883516445,0.016772753046352208,0.20994799744951428,0.025448155200144734,0.27761706089615634,0.23382797902453403
2022-04-28,54.900203704833984,0.6279617771202477,0.6360471358628481,0.5940482842558946,0.6007860546495953,0.3067309748303464,300124.SZ,0.7028282217481605,-1.6314085829096518,1.1545906827109613,1.0756242500117064,-0.40682993080356056,0.14002207112351112,-0.21770680502629414,1.1620773048836,1.3289592644143313,0.3181029328379449,0.17524572694358706,0.28340088296227,0.15268937246137274,0.04673466631561537
2022-04-29,56.647743225097656,0.6479505759185987,0.6549129443704494,0.6271757053355724,0.6390791453913233,-0.022492791153783134,300124.SZ,1.413874253747688,-1.0881057064377138,1.168446462037151,1.0688851415799214,-0.13525901885595437,0.7216356515124498,-0.5980270128649898,1.1655644381876218,1.323540361889594,0.19722380953431573,0.09716600440819244,0.17061866929069539,0.1029498264743065,-0.4160418856186614
2022-05-05,57.26625442504883,0.6550252648183742,0.6714205375240255,0.6475013798022988,0.6501965136623988,-0.21730871912799968,300124.SZ,0.7028282217481605,-0.5990925555783831,1.1789580875468564,1.0627346437237106,-0.04186168607599912,1.0291993677234492,-0.913029834965935,1.1693362364320898,1.3234186704750297,0.057258624988141126,0.08502030901473148,0.10468486277901494,0.03643730681063526,-0.23898876038432845
2022-05-06,54.792213439941406,0.626726552056972,0.6494104418777237,0.6196518631571967,0.6407636094085981,-0.5114865958628425,300124.SZ,1.413874253747688,-0.41945449388772804,1.1734968286010405,1.064782601233366,-0.418489834061858,0.38497243603584586,-0.46765830474895265,1.1677848182076656,1.3204264608931746,-0.04858300220409622,-0.11336026493280706,-0.14343547778584304,-0.14574900661228865,-0.36987654057572655
2022-05-09,54.15406799316406,0.6194272650990468,0.6270634277253473,0.6120157005308962,0.6268388296671974,-0.727971353304822,300124.SZ,-1.430309874250422,-0.32914992297443096,1.1667179745562004,1.066756826763109,-0.5110900964793011,0.10262147905888676,-0.35180743508163215,1.1643119211369086,1.3167899946144757,-0.0717178492080477,-0.11509552186776746,-0.0393291075285661,-0.03759407122385807,-0.267532735454847
2022-05-10,54.73330307006836,0.6260527578825222,0.6317798584333979,0.6108927530778459,0.6139247197686216,-0.2320669780842908,300124.SZ,-0.7192638422508947,-0.2070168014275314,1.1683632716365417,1.0663555687034747,-0.41748138107556176,0.2177649476997413,-0.44497114996336645,1.1619634421651408,1.3139624278038782,-0.06651251966367125,0.02429139078692192,-0.005783601435861683,0.034123777984189634,0.6708851737118107
2022-05-11,54.959110260009766,0.6286355712946975,0.6385176716647981,0.6197641407674219,0.6305446333701223,-0.18375231823688945,300124.SZ,-0.008217810251367088,-0.09119780263173691,1.168026928269293,1.0664719750218774,-0.38053721026891646,0.40286441035448173,-0.5787701939122879,1.1601558260372677,1.310512081340139,0.08559880153646908,0.03470227050592723,0.04569098085591259,0.013302459806683773,0.08128296670574688
2022-05-12,55.01801681518555,0.6293093654691474,0.6331274467822976,0.6211117291163216,0.6282986956263223,-0.6712941875832799,300124.SZ,0.7028282217481605,0.004254361537158847,1.1781713330044727,1.0706584622778805,-0.3706445403565179,0.38311059143887305,-0.5787701939122892,1.1597999962190928,1.3073910204189152,-0.011567423501975744,-0.027761684026590357,0.006940586479337285,0.0034702932396684367,-0.6245915907288134
2022-05-13,55.46962738037109,0.6344749922934979,0.6372824037638231,0.626726552056972,0.6314429827650228,-0.6591651162597323,300124.SZ,1.413874253747688,0.11583846278529775,1.1868277441676394,1.0693941451226403,-0.2933301968548495,0.5016923842217426,-0.664629465639613,1.1621769367983263,1.3040909996075358,0.016194260524614614,0.02139959006899108,0.02891844843981317,0.026604919613367545,0.0336163154787595
2022-05-16,55.607078552246094,0.6360471358628481,0.6434587004309986,0.6303200353119724,0.635261064078173,-0.6782309769134334,300124.SZ,-1.430309874250422,0.21224849962973094,1.1980625555228308,1.070463465233276,-0.2694007226849562,0.561651153897672,-0.7930424028707268,1.1648100752810087,1.3012849071099293,0.01966455376428305,0.03181024915774401,0.01850778935106024,0.008097130262307307,-0.00747623001428636
2022-05-17,57.52151107788086,0.6579449538989246,0.6597416955264248,0.6355979397465481,0.6384053512168734,-0.5020527371659582,300124.SZ,-0.7192638422508947,0.4457965707009426,1.2207584726087704,1.0649643712614774,0.05503805578678088,0.8572432761761214,-1.1225300880731837,1.1713431109598835,1.2982354317831943,0.016194260524614205,0.08386354460150867,0.02718319150485235,0.11278199304132185,0.24971545368086087
2022-05-18,57.43315124511719,0.6569342840560995,0.66254910699675,0.6513194611154491,0.6565974083877244,-0.6771685685314381,300124.SZ,-0.008217810251367088,0.6149255829815519,1.2414398984609936,1.0679938247123903,0.0390804580857654,0.9289022489492867,-1.1783209262139385,1.1753995687152659,1.2934679376879719,0.09369593179877679,0.014459224219906586,0.08097174388357824,-0.005205329544376466,-0.21303816313018722
2022-05-19,58.513092041015625,0.6692868773904507,0.6744525470525007,0.6440201741575238,0.6457046381747987,-0.39283367330999086,300124.SZ,0.7028282217481605,0.8303573598420941,1.2673680431433632,1.0707927944484423,0.21821089303597418,1.0049777000029834,-1.1339380051896664,1.1791001966524735,1.28924448318802,-0.05610186057491831,0.06130719011929478,-0.03759407122385849,0.0636204983154876,0.3921883492358616
2022-05-20,59.00397491455078,0.6749017003311011,0.6845592026430518,0.6627737050549,0.6627737050549,-0.5353422386762703,300124.SZ,1.413874253747688,1.0298460611562354,1.2941038255350725,1.071818775231573,0.29851653318684856,1.191534730731175,-0.9398452347456954,1.1838683140442057,1.2856366511471167,0.08791210973266232,0.052053074813512276,0.09658773251670763,0.02891844843981317,-0.17008517440582538
2022-05-23,59.59303665161133,0.6816395135625013,0.6872543365031517,0.6706344657393504,0.6737787528780509,-0.49457832549648395,300124.SZ,-1.430309874250422,1.2228647688377496,1.3219745799417009,1.0740534889352626,0.3949369984610319,1.22046182663977,-0.888185102981033,1.189917420953181,1.2830596270904522,0.05668013246640353,0.013880952328421368,0.04048587194178892,0.03470227050592764,0.07133649844058981
2022-05-24,58.11056900024414,0.6646827242926253,0.6988208580528278,0.6636720544498003,0.6905109440897769,-0.423648773807224,300124.SZ,-0.7192638422508947,1.233606643635781,1.3322419367418288,1.098787944747505,0.10553132575584948,1.0396961963387026,-0.6680115162299708,1.1952833352628045,1.2803680688133168,0.08617707342795429,0.05957193318433437,-0.035859034919150455,-0.08733383784117751,0.11107317341335099
2022-05-25,57.91421890258789,0.6624368293865247,0.6687254036639255,0.6544637482541497,0.6646827242926253,-0.68152690091187,300124.SZ,-0.008217810251367088,1.2100711437229754,1.3339483759831292,1.1362421973217256,0.06790174041929124,0.710084210909722,-0.8705473411479392,1.1994821282031762,1.2764023197228136,-0.1330250393273429,-0.1550029012878188,-0.047426237790872586,-0.011567202871722955,-0.32205950689368673
2022-05-26,58.01239776611328,0.663559776839575,0.6777091118014262,0.649073523371649,0.6619876332702248,-0.6433583093906968,300124.SZ,0.7028282217481605,1.1848305988887713,1.3037422310714915,1.224940003204753,0.08546172322923404,0.6808156188973151,-0.6973790942127276,1.2087764013164577,1.2727801705630126,-0.013880731698168579,0.04626947337765019,-0.02776168402659077,0.005783601435861683,0.06791772601295856
2022-05-27,59.37704849243164,0.6791689777605513,0.6864682647184767,0.6681639299374004,0.6681639299374004,-0.41515797324479464,300124.SZ,1.413874253747688,1.2655371629591752,1.2686018808912813,1.321291365468578,0.32619047964191134,0.8766633028832351,-0.5315239154087377,1.217173981767669,1.2704751663039835,0.03181024915774401,0.04511292959468057,0.09832276882141526,0.08039325136184024,0.3182432634050522
2022-05-30,58.945072174072266,0.6742279489943508,0.6909600973683774,0.6682762075476256,0.6727680830352257,-0.6365653821724241,300124.SZ,-1.430309874250422,1.2765471894608489,1.26553060056178,1.3560318604292565,0.23693935466927302,0.8063333314835892,-0.4469021875148735,1.2263970900032217,1.2678838278591322,0.023713118895436706,0.02313462637369952,0.0005782718914852167,-0.025448155200144734,-0.274017259295707
2022-05-31,60.11336898803711,0.687591212171527,0.6906232217000021,0.6713082170761009,0.6737787528780509,-0.5929445053725975,300124.SZ,-0.7192638422508947,1.3680215204262363,1.281773910411408,1.3615269638505232,0.4404048488139082,0.8330774563381883,-0.446902187514874,1.2366449898525689,1.2660799118386807,0.005205329544376466,-0.0017350363047084398,0.015615988633129808,0.06882582785986449,0.07509992730826955
2022-06-01,60.13300704956055,0.6878158102296769,0.701403671465003,0.6827624610155516,0.6848961211491265,-0.6354586612557299,300124.SZ,-0.008217810251367088,1.4244531886641396,1.2975736604037724,1.3594294799364408,0.44380614941666224,0.8940493927882761,-0.23950168681071551,1.2489567037332376,1.2648415097264907,0.057258624988141126,0.05552336805318071,0.05899366129284874,0.0011567644132228123,-0.038364264620437405
2022-06-02,62.93102645874024,0.7198202838563046,0.725435106796955,0.6804042456615264,0.690061747973477,-0.02336019707183375,300124.SZ,0.7028282217481605,1.6875125385966085,1.3381471192343433,1.338622013059114,0.9005355240413343,1.1164999753967564,0.19039178069624846,1.2655810732727375,1.2660584347949784,0.026604919613367545,0.12377092402156,-0.01214569539346096,0.16483506785483412,0.8239456416824553
2022-06-06,64.4527587890625,0.7372262692424804,0.7396968050444304,0.7101628243820534,0.7198202838563046,0.06073645901497587,300124.SZ,-1.430309874250422,2.0016375522588823,1.3862377197044569,1.327789154160774,1.1236596917533228,1.330267635679155,0.4255075390857767,1.2834437344887493,1.2689289529622692,0.15326764435285836,0.07345310614300812,0.15326786498311076,0.08964736666762273,0.1284179727821271
2022-06-07,64.19750213623047,0.7343065373242305,0.7509264509257313,0.7236384080071543,0.7365524322303311,-0.4099423401160123,300124.SZ,-0.7192638422508947,2.20206595208368,1.4190643016155065,1.336584936629639,1.0654138787436138,1.3203127238995889,0.6030650183732659,1.3008651593460605,1.272787327757106,0.08617685279770192,0.05783689687962634,0.06940432038160209,-0.015037716741644181,-0.6023781593777137
2022-06-08,64.20732116699219,0.7344188577721552,0.7395844845965057,0.7210555517572795,0.7395844845965057,-0.394315036565503,300124.SZ,-0.008217810251367088,2.3335264335869996,1.4468142020493384,1.3486384328101155,1.0668881071221898,1.1642135842305201,0.5335272937254423,1.3210478270673105,1.2770322565700487,0.015616209263381777,-0.05841538940136393,-0.013302680436936151,0.0005784925217375956,0.03822447641453302
2022-06-09,63.33355712890625,0.7244244797918293,0.7505894895819571,0.7165637191073788,0.7325098385344297,-0.3581902156161977,300124.SZ,0.7028282217481605,2.334806118726641,1.4619724551608444,1.3702400740623286,0.8614282982413404,1.08826543087022,0.7086626847767332,1.3410881650331035,1.2812342367570095,-0.03643708618038288,0.05667991183615115,-0.023134626373699108,-0.051474802922027066,0.06522550231254852
2022-06-10,63.82443618774414,0.7300393027324797,0.7344188577721552,0.7111734942248784,0.7216170683215042,-0.2759614455259333,300124.SZ,1.413874253747688,2.3493671269958156,1.4759155493365548,1.3952889394141592,0.9401185780475381,0.9644724296336661,0.5592062699693024,1.3660104885386202,1.286388282139627,-0.05610186057491831,-0.08328483144951869,-0.027761684026590357,0.02891844843981317,0.12595743879715673
2022-06-13,65.38543701171875,0.7478943985595566,0.7487927907921564,0.7198202838563046,0.7300393027324797,0.04714876106774169,300124.SZ,-1.430309874250422,2.4645743306956915,1.4993647527042901,1.4144402514336625,1.1815194530655968,1.1241946515234102,0.7884485394559854,1.391801032239677,1.2924156499293196,0.04337767265971976,0.07403115740424096,0.04453421644269019,0.0919604542335636,0.44326639767438314
2022-06-14,64.87492370605469,0.7420550203984557,0.7465468958860558,0.7142054609156541,0.7412689486137806,-0.3899963738039618,300124.SZ,-0.7192638422508947,2.4823153316440276,1.512288906322841,1.4428453824568794,1.057749566014855,0.9775901649346611,0.6304259690371156,1.410019523273864,1.3006120134445789,0.05783689687962634,-0.011567202871723366,-0.02891844843981358,-0.030074992222783602,-0.5582048422142657
2022-06-15,63.07829284667969,0.7215047478735794,0.7421672551709816,0.717125192833904,0.7358786808935807,-0.2517188703024305,300124.SZ,-0.008217810251367088,2.3148372221105684,1.5173562200560506,1.4630091733100938,0.6410000936418795,0.7786590883353075,0.6304259690371148,1.4218757754216313,1.3095814822653398,-0.027761904656842737,-0.02255679574271865,0.015037716741644593,-0.10584162719223734,0.19978946796169764
2022-06-16,63.7164421081543,0.7288040348315048,0.7366647526782558,0.7209432313093549,0.7215047478735794,-0.5573174323092013,300124.SZ,0.7028282217481605,2.209849585783063,1.5226717810111274,1.4862931689231629,0.7462427561126014,0.7371872482305886,0.6304259690371156,1.4321236752709785,1.3164893351176223,-0.07403115740424096,-0.028339955918075574,0.01966433313403067,0.03759407122385807,-0.3849208121721749
2022-06-17,63.76552963256836,0.7293654657203305,0.7330712694232555,0.7164513986594542,0.7224031401061792,-0.4999196587429561,300124.SZ,1.413874253747688,2.105252422094131,1.5292507061700613,1.503262497123784,0.7544254324228341,0.6283400150506565,0.49494502009954366,1.441546041906452,1.3231251654415586,0.004627057652891249,-0.01850778935106024,-0.023134626373699108,0.0028915800876784625,0.09324799564000835
2022-06-20,64.80619812011719,0.7412689486137806,0.7464345754381312,0.7243121593439047,0.7293654657203305,-0.4472695397032955,300124.SZ,-1.430309874250422,2.085925461740201,1.5410147082560846,1.516755349916292,0.9272146125516213,0.7424979168640162,0.7314219071265629,1.4560638995738995,1.329646464275735,0.035858593658645285,0.06882604849011686,0.04048587194178892,0.06130741074954715,0.08699399227301165
2022-06-21,65.04182434082031,0.7439640396361812,0.7675462788518331,0.7345311782200799,0.751038685698257,-0.2791553619329368,300124.SZ,-0.7192638422508947,2.0656127972258758,1.5531990390543158,1.5280981401184655,0.9659210989291395,0.8558455688770111,1.0759885961844333,1.4718485105253247,1.335838477567396,0.11162522862809902,0.10873320727991581,0.052631787965502254,0.01388073169816899,0.23909280401792601
2022-06-22,63.2059211730957,0.722964570995005,0.7523862740471567,0.7188096568511789,0.7434025230719565,-0.16653290423320752,300124.SZ,-0.008217810251367088,1.869751550966646,1.5485129901387207,1.5574898352213398,0.5296239097131243,0.5189482630125625,0.6090683822156999,1.4841317519394635,1.3408350346421383,-0.0393291075285661,-0.07807972253539461,-0.08097174388357783,-0.10815515601868297,0.165994518913384
2022-06-23,66.80899810791016,0.7641774364926822,0.7657495800620324,0.7263334990295548,0.7383492166955307,0.5478195673126114,300124.SZ,0.7028282217481605,1.9980839806225366,1.559798148222421,1.5860584475485886,1.101348800236142,0.8069775567001293,0.8268393485977882,1.5013112205561234,1.34856610408142,-0.02602642709162995,0.06882604849011686,0.038750615006828505,0.21226174690621227,0.9586430807546295
2022-06-24,68.5270767211914,0.7838293167849587,0.7871981591441096,0.7591240444408575,0.7710275273343077,0.42290314649996963,300124.SZ,1.413874253747688,2.2197025973468607,1.580854573593685,1.6108161251933062,1.3384398202574186,1.1450002814635407,1.1510530196519655,1.5208960967890148,1.3582370980746161,0.16830558172475493,0.11046824358462384,0.16888363298598777,0.1012145695393461,-0.14691134601223135
2022-06-27,66.46537780761719,0.7602469918939078,0.7914654794112592,0.7571027047552074,0.7847276233421596,0.1316564517599248,300124.SZ,-1.430309874250422,2.1925556906676156,1.5849091468883658,1.6393520522975698,0.8875601059754086,0.9678493219807044,1.2126595645786216,1.5368372682996303,1.3674499497245054,0.07056064353432014,0.021978303220981054,-0.010410659088752931,-0.12145783645561913,-0.36601534512393075
2022-06-28,68.01655578613281,0.7779898529484589,0.7821448527676838,0.7439640396361812,0.7612577045744323,0.12304049730519484,300124.SZ,-0.7192638422508947,2.2760438129912397,1.5920275193866482,1.6736177817313846,1.102532531956076,0.893758788129891,0.8275785205593701,1.5548280230378344,1.3778224634287142,-0.12087890267337677,-0.048004730312611,-0.06766906344664168,0.09138240297233076,0.0062892510642576244
2022-06-29,64.41754913330078,0.73363278598748,0.7801235130820336,0.73116225018553,0.7734979774608588,0.17078182532845648,300124.SZ,-0.008217810251367088,1.986590898753625,1.5804527274046445,1.7060337707660984,0.3524643642871558,0.5076044196106055,0.46944137136399017,1.5644211973248272,1.3859329269612977,0.06304200579375042,-0.010410659088752931,-0.06593402714193365,-0.22845556617032214,0.08052772658907487
2022-06-30,64.95000457763672,0.7396968050444304,0.7508141304778065,0.7289163552794294,0.7299269822845551,-0.19715518716805286,300124.SZ,0.7028282217481605,1.7806559787530796,1.564522564093795,1.7459340484676473,0.4296291339515117,0.3212188001238498,0.40740410680949807,1.57491106427389,1.3932488081446779,-0.2244070010391685,-0.15095433615666512,-0.011567202871723366,0.031231977266258794,-0.46703817708849715
2022-07-01,63.94424819946289,0.7282425182672801,0.7413811833863064,0.7240876041234542,0.7366647526782558,-0.4465378707944613,300124.SZ,1.413874253747688,1.5131121830314105,1.563015439698422,1.7511509487291637,0.2498660035353612,0.12099779263258681,0.2724863267743629,1.5823834904555654,1.398868147603273,0.03470204987567485,-0.0485832228343486,-0.024869883308659517,-0.05899388192310153,-0.31086860582463854
2022-07-04,64.83168029785156,0.7383492166955307,0.7395844845965057,0.7198202838563046,0.7227400157745545,-0.4331251698062923,300124.SZ,-1.430309874250422,1.359597486616246,1.5631289611099874,1.7514791640025797,0.38288221553163765,0.12500745688785392,0.15271043507554022,1.590425246518134,1.405310703648867,-0.07171762857779533,-0.00925367404527774,-0.021978303220981054,0.052053295443764656,0.035307218681502585
2022-07-05,63.78648376464844,0.7264458194774794,0.739472164148581,0.7090398340913036,0.7310499297376054,-0.28672543132369477,300124.SZ,-0.7192638422508947,1.1346049286162825,1.563520268053412,1.7477961909857824,0.19502739059838625,-0.08410858773790011,-0.14523492888432757,1.5961042928052014,1.4112092228299018,0.04279918013798216,-0.0005784925217375956,-0.05552336805318071,-0.0613069694890424,0.21048874791871425
2022-07-06,62.71170425415039,0.7142054609156541,0.7263334990295548,0.7061201450107532,0.7204941208684538,-0.452801437332425,300124.SZ,-0.008217810251367088,0.8536864215210329,1.566569525247973,1.7359389667363183,0.006937896203404768,-0.3778450593192141,-0.22502401071201075,1.6023811305806277,1.4170647906542435,-0.054366383009705525,-0.06766906344664168,-0.015037496111391801,-0.0630424470542556,-0.20113015720818847
2022-07-07,63.43151473999024,0.7224031401061792,0.7259966233611795,0.704098805325103,0.7140931833054288,-0.32312616437272007,300124.SZ,0.7028282217481605,0.6831077883993156,1.5668699434694842,1.734758509955958,0.12204269230804568,-0.4086779563781959,-0.28122650053122056,1.6099816557140274,1.422999101267167,-0.032967234201219206,-0.001735036304708029,-0.010410659088752931,0.04222112887674973,0.18845789813684674
2022-07-08,63.53011703491211,0.7235260875592295,0.7327343937548803,0.7061201450107532,0.7193710877400047,0.2818725987586935,300124.SZ,1.413874253747688,0.5486677899720788,1.5673649349821785,1.7315073956406055,0.13797216845742089,-0.39975764959191123,-0.1391739807652483,1.617582180847427,1.431496116087146,0.027183191504852763,0.03470204987567485,0.010410659088752931,0.005783601435861683,0.814593328021411
2022-07-11,62.001766204833984,0.7061201450107532,0.7234137671113049,0.7024143413078281,0.7188096568511789,-0.41346754222156595,300124.SZ,-1.430309874250422,0.3072194131044814,1.5690153702869205,1.7124362137044664,-0.13579122424419954,-0.8515803817528471,-0.24660320296989247,1.6209981492737207,1.4374375838941629,-0.0028915800876784625,-0.048004730312611,-0.019086281872797834,-0.08964714603737035,-0.898320667513427
2022-07-12,61.42000579833984,0.6994946522272777,0.7108365757188038,0.6941044273447772,0.7061201450107532,-0.3140788966950425,300124.SZ,-0.7192638422508947,0.06430840982342846,1.57312718592952,1.6901670526525785,-0.23702039004751746,-1.2969734250360803,-0.48536686495285486,1.6242006176372958,1.4436868629307038,-0.06535575525044843,-0.06477726272871083,-0.04279918013798216,-0.034123777984189634,0.14856184654306107
2022-07-13,60.92698669433594,0.6938798292866272,0.701628269523153,0.6861313462124019,0.6945535806233776,-0.2673952658597943,300124.SZ,-0.008217810251367088,-0.16951551153354294,1.5803031761618644,1.6704474819302224,-0.3229405087993787,-1.6567528137768224,-0.7089153379378055,1.624997678384639,1.4492417794503254,-0.05957215381458716,-0.04742623779087341,-0.041064364463526924,-0.02891844843981317,0.0791344403383465
2022-07-14,62.92863464355469,0.7166759967176041,0.725435106796955,0.6860190686021768,0.6925322409377275,-0.1623466328503738,300124.SZ,0.7028282217481605,-0.18371196258298778,1.5802183202119615,1.6655695552901022,0.0256702148071997,-1.0795294730730414,-0.1823676322651421,1.6286556084811157,1.457273500194327,-0.01041065908875252,0.12261415960833717,-0.0005782718914848057,0.1174088300639607,0.15601765036724144
2022-07-15,62.15953063964844,0.7079168866382533,0.7257719824653301,0.7074676905219534,0.7074676905219534,-0.3584862014989708,300124.SZ,1.413874253747688,-0.2587408025097651,1.5810597716476738,1.655784593547935,-0.11225071171849837,-0.9074408768859631,-0.17528664370208713,1.6271468935269544,1.4648757182942405,0.07692317875242417,0.001735036304708029,0.11046846421487622,-0.04511270896442778,-0.24073236939966766
2022-07-18,62.21868896484375,0.7085906379750037,0.7175743889502039,0.6973609920937027,0.7037618868190284,-0.2453113733744124,300124.SZ,-1.430309874250422,-0.3109042927715914,1.5784770286827317,1.6453913529932127,-0.10187801988619995,-1.0871244485842186,-0.4642525150329098,1.6235174250379436,1.4720341139004565,-0.019086281872797834,-0.04222068761624456,-0.052053295443765066,0.003470072609415647,0.16672214694052184
2022-07-19,61.50874710083008,0.7005053220701027,0.7125210397360786,0.6951150971876022,0.7124087192881539,-0.527452012929267,300124.SZ,-0.7192638422508947,-0.4092532659558322,1.5754509982779283,1.631091939730992,-0.23207016293361415,-1.1983690010648076,-0.527833111664034,1.61923323641611,1.4786413127173084,0.044534437072942155,-0.026026647721882328,-0.011567202871722955,-0.041642415724758935,-0.3540200957920032
2022-07-20,62.7215690612793,0.7143177813635788,0.7294777861682552,0.7007299201282526,0.7008421977384779,-0.3416840354144645,300124.SZ,-0.008217810251367088,-0.38092990355391076,1.5751175356344653,1.627933055261477,-0.013362867162482616,-0.679332272669752,-0.1520606212147265,1.6166854936148893,1.4875105644364963,-0.05957193318433396,0.08733361721092472,0.02891844843981317,0.0711393566863101,0.26234784973024755
2022-07-21,62.100364685058594,0.7072430924638035,0.717349790892054,0.7072430924638035,0.7090398340913036,-0.6337155194824434,300124.SZ,0.7028282217481605,-0.4079568827906116,1.5575595853639213,1.6250797110690833,-0.13014577297640662,-0.7947906190971843,-0.15206062121472727,1.6145078114355762,1.4964943503761545,0.04222090824649694,-0.06246373390226521,0.03354528546245204,-0.03643730681063526,-0.3670491345607568
2022-07-22,61.13405227661133,0.6962380446406525,0.7135317095789037,0.6874789345613017,0.7074676905219534,-0.5339936081903339,300124.SZ,1.413874253747688,-0.5070711077475863,1.5183336852048266,1.6349579303612911,-0.30881885321879987,-1.1407949122323975,-0.716474961515964,1.6102236173842113,1.5068740240051677,-0.008097130262307307,-0.01966455376428305,-0.10179284143083131,-0.05668013246640353,0.14900085178415623
2022-07-25,60.09872055053711,0.6844469250328266,0.7018528675813029,0.6799550495452265,0.6962380446406525,-0.4312969534286377,300124.SZ,-1.430309874250422,-0.6673403558272959,1.5004401426783371,1.6247545851488068,-0.4945891271279566,-1.3894507475189626,-0.9181043927568084,1.6021818667511751,1.5158005441999463,-0.05783689687962634,-0.060150425706071965,-0.038750835637080885,-0.06072869759755718,0.1529194300148536
2022-07-26,61.676368713378906,0.7024143413078281,0.705334073226078,0.6850083987593517,0.6893879537990271,-0.48274448899579936,300124.SZ,-0.7192638422508947,-0.6539003935949685,1.4483379891625587,1.654605781211246,-0.19671792357307713,-1.016460860404167,-0.8341130865550874,1.5971575460264613,1.5224363772545937,-0.03528054239741245,0.017929517459575023,0.026026647721882328,0.0925389467553012,-0.0501320514949321
2022-07-27,63.97382354736328,0.7285793939356554,0.7323975180865051,0.6948904991294522,0.7048848771097781,-0.165217661774186,300124.SZ,-0.008217810251367088,-0.4439689704287075,1.4452270314609335,1.6561662014490477,0.2008642251395757,-0.3151946823350983,-0.2275239917029846,1.5980542332589993,1.5288502990623922,0.07981497947035501,0.1393869126546894,0.05089653103054185,0.13475985500179813,0.43591150839240905
2022-07-28,65.17678833007812,0.7422795756189062,0.7542952932848822,0.7294777861682552,0.73161144630183,-0.05548309770716055,300124.SZ,0.7028282217481605,-0.1745490437512043,1.447448051703178,1.6546315196653463,0.3942871034402512,0.4192870688577327,0.2015750270094878,1.5997622120426138,1.5348633497331872,0.13765187634998136,0.11278177241106946,0.17813752766151789,0.0705610847948249,0.16219034647385092
2022-07-29,65.1965103149414,0.7425042165147556,0.7536215419481318,0.7355418052252055,0.7389107332597553,-0.3331254346256006,300124.SZ,1.413874253747688,0.0388781576306593,1.457290664558936,1.6489860688967062,0.3974486920045607,0.4400826271767065,0.2015750270094878,1.601427503844562,1.5404397405657997,0.03759407122385807,-0.003470072609416058,0.031231977266258794,0.0011569850434751912,-0.34809455936630535
2022-08-01,66.12338256835938,0.7530600253839072,0.7594609201092327,0.7255474272448796,0.7423918960668309,-0.13304437184670545,300124.SZ,-1.430309874250422,0.28231010315077065,1.4699655594909686,1.640216259446874,0.546641353611615,0.4863163566865232,-0.08503016906281272,1.6029219825654586,1.5484929328920813,0.017929296829322643,0.030074992222783602,-0.051474802922027066,0.054366383009705525,0.2812022299157705
2022-08-02,65.38385009765625,0.7446377909729316,0.7523862740471567,0.7282425182672801,0.7413811833863064,0.045590653145046865,300124.SZ,-0.7192638422508947,0.40630424074631744,1.4807321326897798,1.6351043307739828,0.39512890704945414,0.37112850707748546,-0.08503016906281245,1.6030073782469199,1.5564745423545852,-0.005205550174628845,-0.03643708618038288,0.01388073169816899,-0.04337767265971976,0.2529517344809195
2022-08-03,64.09215545654297,0.7299269822845551,0.7581134174357319,0.7265580542500053,0.7523862740471567,-0.365189684309762,300124.SZ,-0.008217810251367088,0.3888613604721401,1.485404245490251,1.6360981178134477,0.13839761474591672,0.25052882481824645,0.03387205565993919,1.6038898401052573,1.5630960582903348,0.05668035309665591,0.029496940961550765,-0.008675622784044903,-0.07576619370894898,-0.5234749496131588
2022-08-04,64.2302017211914,0.7314991258539053,0.7441885948566317,0.7227400157745545,0.7386860923639059,-0.4585487525994205,300124.SZ,0.7028282217481605,0.3810705098254327,1.4888392669041122,1.6358181105938214,0.16250638297187894,0.11606462297568709,-0.0810088396577441,1.5997479758093491,1.5696531485563998,-0.0705610847948249,-0.07171806983830009,-0.01966433313403067,0.008097130262307307,-0.10534139018938973
2022-08-05,62.682125091552734,0.7138685852472789,0.7395844845965057,0.7044356809934782,0.7372262692424804,-0.11333915437494506,300124.SZ,1.413874253747688,0.23909973465908,1.486727327337174,1.634322064969861,-0.13804234664344983,-0.26091026642170606,-0.6074381017273893,1.590880691962439,1.5750434195740526,-0.007518637740569711,-0.023712898265184326,-0.0942742036902616,-0.09080391045059316,0.47237754485109845
2022-08-08,61.49888610839844,0.700393001622178,0.7113980494453288,0.6946659010713023,0.7108365757188038,-0.053244666062216325,300124.SZ,-1.430309874250422,0.024308610874516096,1.4871222049747224,1.6315104883116511,-0.3557430144521292,-0.8304175272734136,-0.8705200664464844,1.583294403062304,1.5792453970303024,-0.13591684004527332,-0.14517073472080386,-0.05031803850880425,-0.06940432038160209,0.09680033143232436
2022-08-09,61.78483581542969,0.7036496092088032,0.7097136282657535,0.6971364368732523,0.7025266617557528,-0.44954347599853783,300124.SZ,-0.7192638422508947,-0.12150392715613752,1.4867062871227488,1.6337014565999657,-0.3010254415499669,-0.7563600735476751,-0.870520066446485,1.5738720309972984,1.58355475151293,-0.04279918013798216,-0.008675402153792113,0.012724187915198555,0.016772753046352208,-0.5043986833531057
2022-08-10,61.86371994018555,0.704548001441403,0.7100505039341286,0.6939921068968524,0.6984839823844526,-0.4186417987771163,300124.SZ,-0.008217810251367088,-0.22902948824672487,1.4850216113247536,1.6400474506597083,-0.28559385443258856,-0.7494390189081326,-0.9570658883394891,1.570185633863824,1.586525486781794,-0.020821318177505863,0.001735036304708029,-0.016194481154866994,0.004627057652891249,0.058345145227259115
2022-08-11,62.12009048461914,0.7074676905219534,0.7125210397360786,0.6979225086579275,0.7043234033832529,-0.5018792423267133,300124.SZ,0.7028282217481605,-0.29040348848623176,1.4841921749063194,1.6372375282671918,-0.23429931603334903,-0.5841614892524547,-0.8940324556549404,1.5661007036419117,1.589746764804591,0.030075212853035983,0.012724187915198555,0.020243046286020645,0.015037496111391801,-0.09200834861078132
2022-08-12,61.62706756591797,0.7018528675813029,0.7139809056952036,0.6948904991294522,0.7099382263239034,-0.536884369506331,300124.SZ,1.413874253747688,-0.3779552633199383,1.4844448868018707,1.6344537835006898,-0.3326943730323699,-0.6603443927205872,-0.9812140885811335,1.562755905522879,1.5918227006226777,0.02891844843981317,0.007518858370822091,-0.015615988633129397,-0.02891844843981317,-0.028472750709369495
2022-08-15,62.17924880981445,0.7081414846964033,0.7097136282657535,0.6959011689722773,0.7025266617557528,-0.41470194332298577,300124.SZ,-1.430309874250422,-0.3971002558348287,1.4844314164666217,1.6342851978023338,-0.21781186564596844,-0.5850546762109521,-0.9812140885811335,1.5589271786339474,1.5939415877974585,-0.03817234311534329,-0.021978082590728677,0.005205329544376466,0.03238874167948161,0.17858770039913258
2022-08-16,63.89494705200195,0.7276810873784545,0.7282425182672801,0.7058955469526031,0.7113980494453288,-0.10892333177229979,300124.SZ,-0.7192638422508947,-0.2645603624856779,1.4879019341300141,1.6413832305793996,0.12311316549810752,0.17933222605745708,-0.498745984020296,1.5590837446226697,1.5968765316344338,0.04569098085591259,0.09543074747323203,0.051474802922027066,0.10063629764786088,0.4204357866542821
2022-08-17,63.2441635131836,0.7202694799726045,0.7276810873784545,0.7145423794217287,0.7275687669305297,-0.5585425475790046,300124.SZ,-0.008217810251367088,-0.2137508389486307,1.488936543826567,1.6426170367970387,-0.014682976829948924,0.17687598224641146,-0.498745984020296,1.5598523383330154,1.600419938005653,0.08328527271002387,-0.0028915800876784625,0.044534437072942565,-0.03817256374559567,-0.57463673373688
2022-08-18,64.11186981201172,0.7301515375050056,0.7309376092896807,0.7120718436197787,0.7184727383451043,-0.5681594600594447,300124.SZ,0.7028282217481605,-0.09982326395359235,1.493224007525988,1.6470095102630007,0.15417125554587804,0.32374344552390416,-0.41551264586819175,1.5608344212470147,1.604736446951662,-0.046847965899388194,0.01677231178584745,-0.012724187915198555,0.05089631040028947,0.004970706332756898
2022-08-19,61.52846908569336,0.7007299201282526,0.7367770731261805,0.6999438483435776,0.7365524322303311,-0.25924442232396866,300124.SZ,1.413874253747688,-0.22803910890868825,1.4922214274870784,1.6500240786791052,-0.36817128378803365,-0.21189397935003712,-0.7992438347970878,1.557945084860884,1.6071058768803757,0.0931172186467864,0.030075433483288363,-0.06246373390226521,-0.15153238741789796,0.4245673467351973
2022-08-22,61.88343811035156,0.7047725566618535,0.7088152360331537,0.6918584896009771,0.6996069298375029,-0.6916708526147151,300124.SZ,-1.430309874250422,-0.29734065279666494,1.4854132409543812,1.6663185305292578,-0.29710936240732266,-0.6849551073153657,-1.043087474424329,1.5577742826388965,1.608737990204765,-0.19028322305497886,-0.14401397030758065,-0.041642636355011725,0.020821097547253486,-0.5519889741109905
2022-08-23,63.362491607666016,0.7216170683215042,0.7485682355717059,0.7002807240119527,0.704098805325103,0.45995047385346116,300124.SZ,-0.7192638422508947,-0.22513998077197256,1.4852782010194392,1.6743566209684644,-0.009207644747412183,0.2736679499228876,-0.07569791011044191,1.5605782233435663,1.611758834024416,0.02313484700395149,0.2047428885353902,0.04337767265971976,0.08675556594969189,1.5346497964190207
2022-08-24,60.44382858276367,0.688377283956202,0.7276810873784545,0.6878158102296769,0.7231892118908544,-0.12436020749649908,300124.SZ,-0.008217810251367088,-0.4128206776420386,1.4879453684858588,1.65474286569576,-0.5528743325041146,-0.7642435329715545,-0.4380005974583924,1.559880794510949,1.6118089425752025,0.09832276882141526,-0.10757666349694538,-0.06419899083722562,-0.17119738244268579,-0.7520634766256914
2022-08-25,61.21294021606445,0.6971364368732523,0.701403671465003,0.6843346045849018,0.6895002742469518,-0.4674625364476121,300124.SZ,0.7028282217481605,-0.4917695754694077,1.478191651943111,1.647611467787049,-0.40451704513336123,-1.0364349494221083,-0.5368750379255346,1.5574042220169888,1.61240309072126,-0.17351069063887903,-0.1353385681537881,-0.017929517459575432,0.04511292959468016,-0.4343238770817238
2022-08-26,59.655006408691406,0.6793935758187013,0.702863537424128,0.6737787528780509,0.7018528675813029,-0.2706529540809869,300124.SZ,1.413874253747688,-0.6803736595902974,1.472341431017108,1.6285465882963106,-0.6740400460384626,-1.3214853634346824,-0.8316896876782147,1.553788989761243,1.6098260693953064,0.06362049831548802,0.007518858370822091,-0.054366603639957496,-0.09138240297233076,0.27689276523192835
2022-08-29,58.15623092651367,0.6623245089386001,0.6795058534289266,0.6580572315091497,0.6692868773904507,-0.3436385664133717,300124.SZ,-1.430309874250422,-0.9477639551213278,1.462570421661599,1.6027253767666567,-0.9177284168821022,-1.9025957800919822,-1.2450130213124162,1.5479249158779875,1.6050514181059912,-0.16772708920301774,-0.12030085141214393,-0.08097174388357824,-0.08791210973266232,-0.07850378828708615
2022-08-30,57.56461334228516,0.6555867385448994,0.6659179921936004,0.6533408008010992,0.6623245089386001,-0.6142389656142371,300124.SZ,-0.7192638422508947,-1.197527300035105,1.457642418859502,1.5719378440855012,-1.0109594315448298,-1.9985281891070328,-1.1829348092832543,1.542231638787187,1.6000333839875465,-0.035858814288897256,-0.0699825922730873,-0.02429139078692151,-0.03470204987567485,-0.3388183363493846
2022-08-31,59.13240814208984,0.6734418772096756,0.6734418772096756,0.6440201741575238,0.649073523371649,-0.3418459229641888,300124.SZ,-0.008217810251367088,-1.2489910603272443,1.4490804235854375,1.5587598110907228,-0.6949375629436242,-1.62632448864334,-0.9511143042200266,1.5370507575032837,1.5961463749549147,-0.06824755596837927,0.038750835637080885,-0.04800473031261142,0.09196067486381598,0.37645755295076766
2022-09-01,56.4306755065918,0.6426726286463236,0.6715328151342508,0.6400898152341483,0.6599662935845747,-0.4223063566350898,300124.SZ,0.7028282217481605,-1.5036446729547859,1.4515113186908652,1.5194677896283642,-1.1122438495809743,-1.8118010121015677,-0.854705814175413,1.528866671685258,1.5909350610967052,0.05610186057491831,-0.009832387197267716,-0.020242825655767856,-0.15847319452748723,-0.08835024142663414
2022-09-02,57.07159805297852,0.6499719156042488,0.6569342840560995,0.6406512889606735,0.6439078965472985,-0.5737752715639902,300124.SZ,1.413874253747688,-1.6334167416771943,1.4533855807105036,1.4910566266604797,-0.9853291311082192,-1.7089293271752812,-0.854705814175413,1.5230025978020028,1.5858311242648744,-0.08270678018828585,-0.07518792181746377,0.0028918007179308414,0.03759407122385807,-0.1818884882359096
2022-09-05,58.12665557861328,0.6619876332702248,0.6668163844262002,0.6457046381747987,0.6485120496451239,-0.47151143214506186,300124.SZ,-1.430309874250422,-1.629032749129587,1.4530969233815223,1.4756331959379072,-0.7798952246099327,-1.3692815445968987,-1.1318105210898377,1.5201559592566025,1.5803549532645458,0.023713118895436706,0.05089653103054185,0.026026647721882328,0.06188546201078,0.15234928983388613
2022-09-06,57.32796478271485,0.6528916046847993,0.6664794659201254,0.6415496811932733,0.6619876332702248,-0.3146550279243019,300124.SZ,-0.7192638422508947,-1.67552184614257,1.4528543782746404,1.4550866723382765,-0.9045940835428615,-1.3645667309319802,-1.021993166995468,1.5138791214811762,1.5746711854055555,0.06940432038160209,-0.001735256934960819,-0.02139959006899108,-0.046847965899388194,0.22426313322157054
2022-09-07,58.21539688110352,0.6629983031130499,0.6749017003311011,0.6461538342910986,0.6462661119013239,-0.31007369902872883,300124.SZ,-0.008217810251367088,-1.6195078295617669,1.448160380339044,1.4435191889465195,-0.7310454308610823,-1.071468375260422,-1.2574782363004178,1.5055669421409585,1.570941661950088,-0.08097174388357783,0.04337767265971976,0.023713118895436706,0.052053295443764656,0.02367380464663014
2022-09-08,57.21950149536133,0.6516563367838244,0.66524424085685,0.6501965136623988,0.6631105807232751,-0.5273810036286709,300124.SZ,0.7028282217481605,-1.6422430737088949,1.4430788627833695,1.426551764428112,-0.8896121831604479,-1.1012958548280762,-1.2574782363004173,1.4940807560446314,1.5660238422025057,0.08675534531943951,-0.049739545987066244,0.020821318177505863,-0.058415389401363524,-0.2686162626294984
2022-09-09,57.633636474609375,0.6563728103295744,0.6578326762886993,0.6468275856278489,0.6565974083877244,-0.736541834495901,300124.SZ,1.413874253747688,-1.6078098830479846,1.4376611494135707,1.4142167983237048,-0.8068048490777262,-1.057768513080503,-1.1616418992761461,1.483163894399665,1.5613708877891763,-0.03354528546245204,-0.03817234311534329,-0.017351245568090215,0.02429161141717389,-0.25788505338328105
2022-09-13,57.88014602661133,0.6591802217998997,0.6679393318792505,0.6533408008010992,0.6614261595436997,-0.6983666882700575,300124.SZ,-0.7192638422508947,-1.5430793232951263,1.4275194158551687,1.405971814341365,-0.7568573806658409,-0.8472662298093787,-1.094931709639583,1.471264949840699,1.5561380996179766,0.024869883308659517,0.052053074813512276,0.03354550609270483,0.014459224219906586,0.06792636041229172
2022-09-14,56.90396881103516,0.648062853528824,0.6571588821142496,0.6412127626871985,0.6475013798022988,-0.6189691409283673,300124.SZ,-0.008217810251367088,-1.558197467982582,1.403208099838861,1.4016988075744798,-0.9193978959160674,-1.0259378676914748,-1.1054503919844896,1.459024406267291,1.550024829114898,-0.0717178492080477,-0.05552336805318071,-0.062463954532518004,-0.057258624988141126,0.1222279179351916
2022-09-15,56.65746307373047,0.6452554420584988,0.6601908916427247,0.638966867781098,0.6546883463122996,-0.3193512007079544,300124.SZ,0.7028282217481605,-1.5743255913932894,1.3810903855315342,1.396752693606558,-0.9602162790595788,-0.9757070507100503,-1.1939277601893703,1.4482925776480446,1.545071220666138,0.03701557870212048,0.015615988633129397,-0.011567202871722955,-0.014459224219906586,0.4123204406393722
2022-09-16,55.68129348754883,0.6341381166251226,0.6522178533480489,0.6341381166251226,0.6452554420584988,-0.5340542392085351,300124.SZ,1.413874253747688,-1.6524381569969737,1.3467184885626946,1.3975042347643147,-1.1208194831366802,-1.0806634044580679,-1.0558709862633802,1.4359524021599102,1.5367817972433984,-0.04858300220409622,-0.04106414383327413,-0.024869883308659517,-0.057258404357888745,-0.2651857078444438
2022-09-19,57.27866363525391,0.6523301309582742,0.6597416955264248,0.6339135185669728,0.6341381166251226,-0.33620320985922525,300124.SZ,-1.430309874250422,-1.5617453587285228,1.33024983940442,1.3968807485250856,-0.7773986169729115,-0.8395977432630716,-1.2665028977760773,1.4281526131970574,1.5283993139131788,-0.057258404357888745,0.038750615006828505,-0.0011567644132228123,0.093695711168524,0.2782646453676432
2022-09-20,57.30824279785156,0.6526670066266494,0.6580572315091497,0.6491858438195738,0.6569342840560995,-0.746409123039116,300124.SZ,-0.7192638422508947,-1.47170906434102,1.3077326980794086,1.4018023362477765,-0.771161870153047,-0.6970387986713507,-1.2665028977760773,1.422103506288082,1.5215415723423942,0.1174088300639607,-0.008675622784045314,0.0786582150571322,0.001735036304708029,-0.5227182704299312
2022-09-21,56.7462043762207,0.6462661119013239,0.6544637482541497,0.6378438774903482,0.6522178533480489,-0.7749298720671856,300124.SZ,-0.008217810251367088,-1.4329782868014602,1.258505339838279,1.4283873577870336,-0.8699427375423173,-0.8121630982531469,-0.9449842399571085,1.4148303439358594,1.5131447746239888,-0.02429139078692192,-0.018507789351059418,-0.05841538940136393,-0.032967013570966826,-0.01993099128572529
2022-09-22,56.64760208129883,0.6451431644482736,0.6499719156042488,0.638966867781098,0.6417742792514232,-0.8954527289617918,300124.SZ,0.7028282217481605,-1.3959026478677041,1.2410119112196398,1.431080882176851,-0.8874723237354336,-0.8063159123386328,-0.9449842399571076,1.4073009836801882,1.5075039581216914,-0.05378833174847269,-0.02313462637369952,0.005783822066114061,-0.005783601435861683,-0.14112378009254453
2022-09-23,56.05598068237305,0.6384053512168734,0.6498595951563242,0.6289724469630728,0.6462661119013239,-0.7737661388754936,300124.SZ,1.413874253747688,-1.4020176289843067,1.2086853778324589,1.4447428096889436,-0.9936618281888302,-0.8941503865661217,-0.6561250233589054,1.3985475679812698,1.5010470822264883,0.023134626373699108,-0.0005784925217375956,-0.05147502355227944,-0.03470227050592764,0.1779345440662432
2022-09-26,56.992713928222656,0.649073523371649,0.6597416955264248,0.6316675808231726,0.6376192794321983,-0.5929227929133767,300124.SZ,-1.430309874250422,-1.3133412879516266,1.1906778390391148,1.4533365383881027,-0.7770827608428305,-0.6917253872224366,-0.9786858219622467,1.3918579663136728,1.496000413870248,-0.044534437072942155,0.05089653103054185,0.013880952328421368,0.05494509616169591,0.2558607175812556
2022-09-27,57.140621185302734,0.650757987388924,0.6553621404867493,0.6402020928443736,0.6495227194879489,-0.5984145429764,300124.SZ,-0.7192638422508947,-1.217762380015362,1.186376518100085,1.4536147054623134,-0.7430498006944161,-0.6246997714833618,-0.9786858219622465,1.38458480396145,1.4904168658435417,0.061307190119294364,-0.02255635448221389,0.043955944551204974,0.008675622784044903,0.010404711588082916
2022-09-28,55.11925506591797,0.6277372218997972,0.6521055329001243,0.6245928919233973,0.6518809348419743,-0.5524082999019341,300124.SZ,-0.008217810251367088,-1.3003372838899128,1.1912357716904443,1.4365093693857112,-1.1124922051385686,-0.9633350125980898,-0.5293177821585299,1.3719172602626064,1.4841246354503077,0.01214569539346096,-0.016772753046352208,-0.08039325136184024,-0.11856559447718353,0.07824212913226064
2022-09-29,56.79550552368164,0.6468275856278489,0.6555867385448994,0.6277372218997972,0.6344749922934979,-0.47424153491846033,300124.SZ,0.7028282217481605,-1.2105179651671525,1.1754202248022496,1.4440631753115567,-0.7314081278604904,-0.7280687569420249,-0.6469770964960901,1.36260875091606,1.4798295980865779,-0.08964714603737035,0.017929517459575023,0.016194481154866994,0.09832254819116247,0.12060662957707208
2022-09-30,56.706764221191406,0.645816915785024,0.6552498200388246,0.6421111549197984,0.6552498200388246,-0.6379170168980011,300124.SZ,1.413874253747688,-1.1351215704146147,1.1753610888444117,1.4454225975492598,-0.7477663345115623,-0.5868406955944319,-0.6469770964960904,1.3519196255670762,1.4749475697708847,0.10699817097520736,-0.001735256934960819,0.07403115740424096,-0.0052053295443760545,-0.19796798833573945
2022-10-10,57.13076019287109,0.6506456669409992,0.6669286620364254,0.6459292362329486,0.6569342840560995,-0.2825551370334952,300124.SZ,-1.430309874250422,-1.028754498164576,1.1755203308279092,1.4455130629175719,-0.6519795601495151,-0.314978582283933,-1.0418877262759698,1.3455716174843895,1.4703017698209377,0.008675622784045314,0.060150425706072375,0.01966455376428305,0.024869883308659104,0.4857509702349213
2022-10-11,57.72238159179688,0.6573834801723994,0.6606400877590246,0.6393037434494732,0.6501965136623988,-0.5214016108494388,300124.SZ,-0.7192638422508947,-0.8852344963387421,1.1725216113395018,1.4471267236958163,-0.5186987458385078,-0.36221664586675084,-0.8417649850345003,1.3395652138456768,1.4671950260186117,-0.03470204987567485,-0.03238852104922923,-0.034123777984189634,0.03470227050592764,-0.29698943848820797
2022-10-12,60.73963928222656,0.6917461691530523,0.6917461691530523,0.6537899969173991,0.6581695519570746,0.7553050566329894,300124.SZ,-0.008217810251367088,-0.5102045629157207,1.2103203452293003,1.4189153430334245,0.0999824963298569,1.1004679922716114,-0.7715762882371456,1.3357791793679437,1.4667010949741275,0.04106414383327413,0.16020801020194245,0.07460964992597854,0.17698076324829468,1.6994225572601127
2022-10-13,60.63117980957031,0.6905109440897769,0.6974733125416276,0.6814149155043514,0.6909600973683774,-0.23491486070723566,300124.SZ,0.7028282217481605,-0.220991900566405,1.233600812540665,1.4030097020852406,0.07710408083997515,1.7824200647249684,-0.6192684515078377,1.3360496135046573,1.466486343652083,0.16888363298598819,0.029496940961551178,0.1422787133726202,-0.006361873327346488,-1.2867607075137912
2022-10-14,61.33126068115234,0.6984839823844526,0.7057832265046784,0.6928691594438021,0.6950027767396775,-0.2204844735408122,300124.SZ,1.413874253747688,0.06570128188601046,1.2642154187164045,1.3864627569820807,0.21189515689756624,2.245058136280115,-0.40336044291084455,1.3362204102971125,1.4653266843284751,0.020821318177505453,0.04279918013798175,0.05899366129284915,0.04106414383327413,0.036647799119634804
2022-10-17,65.07818603515625,0.7411566281658559,0.7428410921831308,0.6895002742469518,0.6909600973683774,0.9052469984863795,300124.SZ,-1.430309874250422,0.603444321206145,1.3375586176259042,1.3355767074275768,0.8534117527668869,3.0578753493137483,0.43104818186550353,1.3440486662969628,1.4674455687725443,-0.020821318177505453,0.19086193620696923,-0.017351024937837425,0.2197801640165296,1.5005455380029287
2022-10-18,65.16693115234375,0.7421672551709816,0.7566535086389075,0.7349802886609809,0.7462099345422818,0.19333137495813194,300124.SZ,-0.7192638422508947,1.024035448080156,1.3933663691916927,1.3044381538794458,0.8672195656557408,2.9684961667838135,0.6962345592132625,1.3541684617650536,1.4695859275296046,0.28455742674524004,0.07113913605605773,0.23423916760618382,0.005205108914124087,-0.9201552645937846
2022-10-19,64.37809753417969,0.7331835898711802,0.7445255562004057,0.7259966233611795,0.7421672551709816,-0.16914106218846692,300124.SZ,-0.008217810251367088,1.274230080458775,1.4318955086047491,1.294360039785916,0.6881785003512647,2.0212981882655496,0.4064312687368907,1.3640035977222298,1.471669020541785,-0.020821318177505863,-0.062463513272012834,-0.046269252747398217,-0.046269252747398217,-0.4598397862944365
2022-10-20,62.12009048461914,0.7074676905219534,0.7299269822845551,0.6975855901518528,0.7288040348315048,0.5552249497485254,300124.SZ,0.7028282217481605,1.264487845184303,1.4477623115545148,1.3013549018470538,0.2087325448132609,1.137422741124009,-0.424836994950151,1.368316253381061,1.4712323579728923,-0.0688256072296121,-0.07518814244771614,-0.14632749913402626,-0.1324465468056049,0.9718337446859004
2022-10-21,62.13980865478516,0.7076922885801034,0.7157776473227038,0.6895002742469518,0.6960134465825026,0.1966825359990515,300124.SZ,1.413874253747688,1.2427986558296447,1.4599269907088253,1.3173290255635959,0.21221899444008038,0.8232540056492877,-0.640468973303892,1.3765572732730824,1.4712609922106876,-0.16888385361624014,-0.07287439299101814,-0.041642415724759345,0.0011567644132228123,-0.4546628343025913
2022-10-24,63.510398864746094,0.723301532338779,0.7372262692424804,0.704098805325103,0.7069062167954282,0.06661609738250521,300124.SZ,-1.430309874250422,1.325627332678106,1.4810280383594243,1.3218038054635264,0.45159935891029196,1.0740960415646619,-0.1919445981203268,1.3858515518158958,1.4729861681732688,0.05610186057491831,0.11046846421487622,0.07518792181746377,0.08039347199209261,-0.15369537557996024
2022-10-25,65.66980743408203,0.7478943985595566,0.7563166329705323,0.7128579154044539,0.7145423794217287,0.40746599766307573,300124.SZ,-0.7192638422508947,1.5557522591853852,1.5162325923301843,1.3197569897060974,0.7992939395670219,1.2532589798250093,0.16951896468370783,1.3967399409943324,1.4770306600523537,0.0393291075285661,0.09832254819116287,0.04511270896442778,0.12666250410923846,0.4666345899946329
2022-10-26,65.21623229980469,0.7427287717352061,0.7521617188267062,0.7367770731261805,0.7436271639678059,0.11789826321308636,300124.SZ,-0.008217810251367088,1.678861780621934,1.541847087200567,1.3294201743428262,0.7008804691418663,1.173342011204357,0.16951896468370808,1.4081264951759331,1.4796005241842134,0.14979757174344233,-0.0213993694387387,0.12319265213007477,-0.026604919613367545,-0.3638036797114067
2022-10-27,65.4627456665039,0.7455361832055314,0.7635035994805329,0.735766360445656,0.745648503653456,0.16520554688645445,300124.SZ,0.7028282217481605,1.775613150370864,1.5646996048528168,1.343922816625593,0.7403974086824117,1.1000131720936737,0.377680839340399,1.418587889658466,1.4806814434499505,0.010410659088752931,0.05841494814085918,-0.005205550174628845,0.014459224219906586,0.07995596745823243
2022-10-28,63.92453002929688,0.7280179630468296,0.7411566281658559,0.7263334990295548,0.7299269822845551,-0.3234774555761497,300124.SZ,1.413874253747688,1.7004860471593881,1.5717741620036414,1.372433201897511,0.4065336228793049,0.7388863555904228,0.10953156981087572,1.4282664650564525,1.479772329610987,-0.08097174388357783,-0.11509530123751509,-0.04858278157384384,-0.09022541792885556,-0.6260947856877201
2022-10-31,65.7684097290039,0.7490173460126069,0.7602469918939078,0.7243121593439047,0.7259966233611795,-0.17166776428256178,300124.SZ,-1.430309874250422,1.7760431181911167,1.589454443800298,1.3927936941732735,0.7068545014955931,0.850933991392577,0.4547867843814126,1.4400088436266962,1.4801875124054662,-0.02024282565576827,0.09832254819116287,-0.010410659088752931,0.10815471475817821,0.2176151853849986
2022-11-01,66.5868148803711,0.7583379726561824,0.7624929724754073,0.743177967851506,0.743177967851506,-0.0006938917652166844,300124.SZ,-0.7192638422508947,1.8825373595928168,1.6087881657687737,1.4143563404088573,0.8334285072543377,0.9092022526681603,0.49399407835804043,1.4525767499812812,1.4805239578727862,0.08849038162414755,0.011567644132228123,0.09716600440819244,0.048004730312611,0.2428598305519946
2022-11-02,69.97877502441406,0.796967981903985,0.8029196805130105,0.7581134174357319,0.7583379726561824,0.6574260415258693,300124.SZ,-0.008217810251367088,2.2285353331936486,1.6405321447230985,1.4467213592609522,1.309377249706087,1.234406004823021,1.1324079199161259,1.4714499665778227,1.4838597728467657,0.07807972253539461,0.20821274051455388,0.07692317875242417,0.19895906646927614,0.8845689286421213
2022-11-03,68.89413452148438,0.7846153885696338,0.7995507524784607,0.7810219053146334,0.7916900346317097,-0.42276149894064124,300124.SZ,0.7028282217481605,2.3816786718942664,1.6610802163381966,1.479261967837944,1.0755269813868256,1.1454576601089637,1.1324079199161259,1.4891133639643817,1.4873459134731049,0.171775654334171,-0.017351245568089806,0.1179873225856983,-0.06362049831548802,-1.4052735046859224
2022-11-04,68.82511138916016,0.7838293167849587,0.7959572692234604,0.7748455658097585,0.7935990538694352,-0.13434254476231441,300124.SZ,1.413874253747688,2.467410068096255,1.6716427372054397,1.5235598342876613,1.0606553355420885,1.0093688266852703,0.9502905176267721,1.5080862124756496,1.4906817284470837,0.009832166567015336,-0.01850778935106024,-0.03181046978799639,-0.0040485651311536535,0.3975682096120359
2022-11-07,68.15461730957031,0.7761931541586582,0.787085838696185,0.7608085084581324,0.775070121030209,-0.15811939456335006,300124.SZ,-1.430309874250422,2.448754138798817,1.6704920333131643,1.5764257514298123,0.9145980143219521,0.8079776334696306,0.5483503425327879,1.5237854277456135,1.494654640193103,-0.09543096810348442,-0.04569120148616538,-0.07229612109953293,-0.0393291075285661,-0.013681934710013215
2022-11-08,68.29265594482422,0.7777652977280084,0.783716996337034,0.7656372596141077,0.7759685132628088,-0.4414144132001066,300124.SZ,-0.7192638422508947,2.4165383320418434,1.664421698482314,1.6329188990314247,0.9351379944455753,0.7598268952087642,0.5483503425327886,1.5396412090042997,1.499586777059583,0.004627057652891249,-0.01735080430758505,0.024869883308659517,0.008097130262307307,-0.35554073943289566
2022-11-09,67.45452880859375,0.7682201158639824,0.7793374412973586,0.7600224366734573,0.7692307428691081,-0.3969914044162388,300124.SZ,-0.008217810251367088,2.2919533626538096,1.6658135445742819,1.6626760169667192,0.7491782429184453,0.6309461107543892,0.3866658489811381,1.55509846260408,1.503702857263868,-0.03470204987567485,-0.02255635448221389,-0.02891844843981317,-0.049161274095581436,0.07615656192666455
2022-11-10,67.53340911865234,0.7691184224211833,0.7755193171465089,0.7568781495347568,0.7582256522082577,-0.19935108151081307,300124.SZ,0.7028282217481605,2.1735546679606608,1.6623066994504092,1.699031320260187,0.7617999130020916,0.5653235100017241,0.29564574997224247,1.5708119032482446,1.507818932006731,-0.05668035309665591,-0.01966477439453543,-0.016194260524614614,0.004626616392386491,0.2779870854057461
2022-11-11,70.20555114746094,0.7995507524784607,0.8083099482332105,0.7804603887504089,0.7919145898521602,0.4092680635002223,300124.SZ,1.413874253747688,2.279490056044475,1.6765421956765356,1.72387683056898,1.166161295729539,0.9056441590433876,0.8542759968821648,1.5912365326396785,1.5136888142192593,0.17351069063887903,0.16888407424649254,0.12145739519511436,0.1567379375925268,0.8193623945864243
2022-11-14,68.92371368408203,0.784952264238009,0.8175182544288613,0.7815833362034592,0.80022458949061,-0.16477392192363416,300124.SZ,-1.430309874250422,2.227381333697978,1.688816439465531,1.7275107739826725,0.8805935932351121,0.8389517186854578,0.9961070723708884,1.608458699097069,1.5189860280601433,0.04279962139848692,0.04742623779087341,0.005783601435861683,-0.0751877011872114,-0.7385367007120452
2022-11-15,70.90564727783203,0.8075238764485354,0.8139247711738609,0.7848399437900843,0.7959572692234604,-0.2544026804740942,300124.SZ,-0.7192638422508947,2.3265807141011074,1.7143789033577008,1.724469571109816,1.1632455603183003,0.897360049392833,0.9961070723708896,1.628328240270407,1.5253212098100708,-0.021978303220981054,-0.01850778935106024,0.016772753046352208,0.11625228628099028,-0.10042751755222666
2022-11-16,70.16612243652344,0.7991016420375597,0.8231330773695117,0.7973048575723601,0.8119034314882108,-0.43899285949343286,300124.SZ,-0.008217810251367088,2.3142755985599837,1.7299036697745283,1.733384771839629,1.0012876454207928,0.9222133284574656,1.1392362213144862,1.6500480954123484,1.5298739498525378,0.08212872892705302,0.04742623779087341,0.06419899083722562,-0.04337767265971976,-0.22551855777464644
2022-11-17,68.27293395996094,0.777540656832159,0.8029196805130105,0.7737226183567082,0.7958450344509347,-0.3305350289954902,300124.SZ,0.7028282217481605,2.1177069529462482,1.7225230971318382,1.7707629927224569,0.6056962194011953,0.5642192675384134,0.4484212669648112,1.666615530877852,1.5335247305194235,-0.08270678018828585,-0.10410659088752931,-0.12145739519511436,-0.11104717736686619,0.16050852737873958
2022-11-18,70.00834655761719,0.7973048575723601,0.811005039255611,0.7751824414781336,0.7751824414781336,-0.2804869228754606,300124.SZ,1.413874253747688,2.084239818163735,1.7179219586669783,1.8129128704401947,0.8595303238758425,0.6827554639439728,0.5837640616027953,1.6858161102555704,1.5378054534949668,-0.10642011971397494,0.041642636355011725,0.007518637740569711,0.1017930620610837,0.0835664055627278
2022-11-21,71.26061248779297,0.8115664701444367,0.8175182544288613,0.7882088718246341,0.7923637859684601,-0.4196551151522572,300124.SZ,-1.430309874250422,2.1382980959337288,1.7258386336328022,1.8398864433923703,1.032826004497145,0.8197224635527325,0.6914779161720199,1.7062122726100064,1.544870786462991,0.08849038162414755,0.033545506092704416,0.06709101218540883,0.07345266488250336,-0.16568495858732538
2022-11-22,69.76184844970703,0.794497446102035,0.8135878098300868,0.7906794076265841,0.8119034314882108,-0.6698567954715984,300124.SZ,-0.7192638422508947,2.0289065854565056,1.7301659712611732,1.8539560311276297,0.7280852288113863,0.6714825395576443,0.6914779161720201,1.723590999626587,1.5505903457538706,0.10063651827811326,-0.020243266916273026,0.012724187915198555,-0.08791188910240995,-0.31194745603298446
2022-11-23,69.80128479003906,0.7949466422183349,0.8056147715354111,0.7815833362034592,0.7864120873594345,-0.5740240089505975,300124.SZ,-0.008217810251367088,1.922092156561243,1.730718867493462,1.8747390974126295,0.7338218159634021,0.5311671599123401,0.42195623589658604,1.7366713072176012,1.5552647772109018,-0.13129000302263447,-0.04106414383327413,-0.046848186529640574,0.0023135288264456246,0.14387777484648354
2022-11-24,68.16446685791016,0.776305388931184,0.8084221830057363,0.7692307428691081,0.7974171780202849,-0.2041098653797027,300124.SZ,0.7028282217481605,1.6775121914598188,1.725356756076411,1.8936300405453632,0.4095466243834998,0.31569235772823817,0.06923419573219357,1.747545460162773,1.5608697995505987,0.05668035309665591,0.014459224219906586,-0.06362049831548802,-0.096009460625222,0.5049204160544447
2022-11-25,67.45452880859375,0.7682201158639824,0.7832678002207341,0.7645143121610574,0.7802358335299584,-0.4984696351691493,300124.SZ,1.413874253747688,1.4057498693814796,1.704521089879477,1.9344681951165283,0.2739643413845284,0.013529945778562622,-0.06243580717797251,1.7563842769726847,1.5654010652800752,-0.08849038162414755,-0.12955452545742166,-0.02429139078692192,-0.04164219509450697,-0.37011614515722163
2022-11-28,67.47425079345703,0.7684446710844329,0.7712520825547582,0.7463222549902064,0.7557552020817065,-0.5936965211771794,300124.SZ,-1.430309874250422,1.1771641471953502,1.6962108627618275,1.952148682540578,0.2771961743468459,-0.2485892250193761,-0.5494444416948556,1.7598429432397087,1.5710776732142613,-0.12608445284800562,-0.06188546201078,-0.09369593179877639,0.0011565437829704334,-0.10780183423270037
2022-11-29,68.75609588623047,0.7830432450002835,0.7902302115102842,0.7631667238121577,0.7669848479630074,-0.3688319834831255,300124.SZ,-0.7192638422508947,1.0911775747559531,1.6910665205729285,1.9682967359774814,0.48590739048471526,0.13408629615639717,-0.1697922739934596,1.7650238353826764,1.5787729512216546,0.05783689687962634,0.09774449692993004,0.08675534531943951,0.07518814244771614,0.3138490736777535
2022-11-30,69.27869415283203,0.7889949436093092,0.7935990538694352,0.778775924733134,0.7832678002207341,-0.5849069353268573,300124.SZ,-0.008217810251367088,1.054028149003162,1.6880770661677653,1.9685170638730591,0.5691095362520991,0.31199672731705974,-0.10491591694175313,1.7720977339054464,1.587277125966438,0.08386332397125629,0.01735080430758505,0.08039325136184024,0.0306534847445212,-0.2669929056132053
2022-12-01,68.93357849121094,0.7850645846859337,0.8116787905923615,0.7841661924533339,0.7959572692234604,-0.09595259540216773,300124.SZ,0.7028282217481605,0.9825760184118679,1.6881464534645565,1.9686203451365412,0.4968380126057716,0.4545999765063688,0.23128110165376092,1.7819328752921546,1.594392572946672,0.06535553462019605,0.09311743927703879,0.027761904656842737,-0.02024282565576827,0.6617300121688735
2022-12-02,69.62379455566406,0.7929253025326848,0.8083099482332105,0.7658618148345583,0.7884334270450846,-0.5313313739215436,300124.SZ,1.413874253747688,0.9721515981744896,1.6903875434129974,1.969735084810654,0.6103197352663801,0.29536455657269794,-0.25036539926118745,1.7927358687891297,1.603970507032388,-0.038750615006828505,-0.01735080430758505,-0.09427442432051399,0.04048565131153654,-0.5558780514772995
2022-12-05,71.29019927978516,0.8119034314882108,0.8172936135330119,0.7909039628470347,0.7914654794112592,-0.27239486684714775,300124.SZ,-1.430309874250422,1.091772799445414,1.7034407249405648,1.9691410389410815,0.8728870815686278,0.8295760143214487,-0.08221107958449499,1.8039658569820085,1.6142929149165208,0.015616209263381777,0.046269252747398217,0.12897647419618882,0.09774449692993004,0.35873149088643685
2022-12-06,70.45206451416016,0.802358163948786,0.8140370059463867,0.7973048575723601,0.8087590586741115,-0.5496284906181185,300124.SZ,-0.7192638422508947,1.1012448591914976,1.70877162973558,1.973005813810139,0.6895842228069979,0.7273755030110137,-0.08221107958449499,1.810868953282791,1.6232409066935793,0.08906843288538038,-0.016772753046352208,0.032967013570966826,-0.0491617153560862,-0.3475561685912192
2022-12-07,69.91960906982422,0.7962942305672346,0.8061762880996357,0.7904547667307348,0.7974171780202849,-0.5555170734263959,300124.SZ,-0.008217810251367088,1.0500228908852065,1.708139791850812,1.9852648661107977,0.5743419206446387,0.45619967698363534,-0.2650991655822959,1.8176581922946466,1.6323821809411134,-0.05841494814085918,-0.04048565131153654,-0.03528054239741245,-0.031231536005754037,0.009881970661788085
2022-12-08,70.17597961425781,0.7992138768100856,0.8071869151047613,0.7847276233421596,0.7905670871786594,-0.5476271207920873,300124.SZ,0.7028282217481605,1.0181849802273624,1.7074756580599924,1.9983911555661846,0.6170641375925203,0.4126579155007658,-0.41691405473876536,1.8244616566807028,1.641065312845341,-0.03528054239741245,0.005205108914124087,-0.029496940961550765,0.015037275481139423,0.028032197593360172
2022-12-09,68.40111541748047,0.7790005656289833,0.802358163948786,0.7660864557304076,0.7989893215896351,0.005813154739983242,300124.SZ,1.413874253747688,0.8310370334933254,1.705162031861208,1.9926606239184297,0.23698013920797412,-0.28848556813701265,-0.8888969725906453,1.8309235274818487,1.6491829363027295,0.04337767265971976,-0.024869883308659517,-0.09600901936471726,-0.10410614962702455,0.7466762221667211
2022-12-12,68.92371368408203,0.784952264238009,0.7875350348124849,0.7649635082773573,0.7711397621068334,-0.4480861466601505,300124.SZ,-1.430309874250422,0.7175946853303498,1.705162031861208,1.9926606239184297,0.32911843119545414,-0.5501301005988951,-0.9164692956673622,1.8354781556699276,1.6573792998179888,-0.1434356984160954,-0.07634468623068658,-0.005783601435861683,0.0306534847445212,-0.5802748166181115
2022-12-13,68.52930450439453,0.7804603887504089,0.7973048575723601,0.7739471735771587,0.7973048575723601,-0.5777245494060844,300124.SZ,-0.7192638422508947,0.5860555412238369,1.6975033764044167,1.9905012362571066,0.24526146675182062,-0.36805006386055394,-0.6999733472656614,1.8382820963745972,1.6651103665265599,0.1347600756320505,0.05031825913905663,0.046269252747398217,-0.02313484700395149,-0.15313153131517318
2022-12-14,67.79963684082031,0.772150474787358,0.7843907476737844,0.7699044942058585,0.7759685132628088,-0.4075777304061628,300124.SZ,-0.008217810251367088,0.41363702186761686,1.6953539845075685,1.9819520382533544,0.09080706651926307,-0.8224313396860541,-0.8039646632063012,1.8351365620850177,1.6730203958559973,-0.10989019232339099,-0.06651251966367125,-0.020821318177505863,-0.04279918013798216,0.24177036722780165
2022-12-15,68.98287963867188,0.7856260155747594,0.7882088718246341,0.7723750300078085,0.7782144938443083,-0.6384852961372907,300124.SZ,0.7028282217481605,0.3720625446079319,1.69517035820781,1.9854845866305544,0.310053905668108,-0.4279420700053301,-0.7172716620970772,1.8352646556072096,1.6819683903637668,0.011567644132228123,0.01966477439453543,0.012724187915198555,0.0694040997513497,-0.2865316518875406
2022-12-16,69.0223159790039,0.7860752116910593,0.7910162832949593,0.7769792259433332,0.7805727091983335,-0.6784123920208216,300124.SZ,1.413874253747688,0.33726253251670624,1.6921106922642428,1.9844505020072454,0.31730387000822,-0.2794491835592629,-0.6528265495213205,1.8355493151181241,1.6916536987451496,0.01214569539346096,0.014459224219906586,0.023713339525689082,0.0023135288264456246,-0.03495637513363232
2022-12-19,68.94343566894531,0.7851768194584595,0.7924761064163849,0.7765300298270333,0.7806849439708594,-0.7009428920400487,300124.SZ,-1.430309874250422,0.29821345658253134,1.6785257253137829,1.9894907388514005,0.2994237324477245,-0.3016739238143299,-0.6186804234093359,1.836687964020846,1.7001220793273326,0.0005780512612328378,0.007518637740569711,-0.0023135288264456246,-0.004627057652891249,-0.012040139653477451
2022-12-20,66.52765655517578,0.757664221319432,0.784952264238009,0.753509221500207,0.7804603887504089,-0.32344761801426464,300124.SZ,-0.7192638422508947,0.059708076911277386,1.6830974862589705,1.9690345530513724,-0.21903837073613733,-1.368502712216531,-1.2323951952012329,1.8341402212196247,1.7068151808575713,-0.0011565437829704334,-0.038750615006828505,-0.1185658151074359,-0.14170022085088263,0.5149069083581773
2022-12-21,66.6459732055664,0.7590117239929328,0.7686692263048834,0.7519370779308568,0.752723149715532,-0.7024286250986744,300124.SZ,-0.008217810251367088,-0.11918804957313608,1.683815539606829,1.9534488994598014,-0.19490016039773453,-1.6197774969020169,-1.2721117505988282,1.8329730889913092,1.7140022079708717,-0.14285720589435782,-0.08386376523176105,-0.008097130262307307,0.006940145218832116,-0.4815862405482681
2022-12-22,66.87277221679688,0.7615945802428075,0.7737226183567082,0.7567658290868322,0.7636159199284576,-0.6384084831919343,300124.SZ,0.7028282217481605,-0.2402187577860025,1.6865179010776072,1.944255047490844,-0.14762401652457693,-1.3743187450571974,-1.1432087594059002,1.8320194676847752,1.7214254634499182,0.05610186057491831,0.02602686835213471,0.024869883308659517,0.013302680436936151,0.10197152715794744
2022-12-23,65.74868774414062,0.7487927907921564,0.761370025022357,0.7412689486137806,0.760134757121382,-0.7377691346672612,300124.SZ,1.413874253747688,-0.4281648899145294,1.694041432129163,1.9274935758782377,-0.38291015751948465,-1.894433607221741,-1.0100940240651621,1.825586069350159,1.7284621676415697,-0.017929296829322643,-0.06362049831548802,-0.07981475884010264,-0.06593402714193365,-0.11324717213715116
2022-12-26,67.54326629638672,0.7692307428691081,0.7774284220596331,0.7446377909729316,0.7487927907921564,-0.724279211064694,300124.SZ,-1.430309874250422,-0.42088738876210974,1.6939522991158729,1.9279202857279172,-0.010822984510129969,-1.1416926176194497,-1.130758539603644,1.8235934201965665,1.7361216514863627,-0.05841538940136393,0.08270678018828585,0.01735080430758505,0.10526313467049975,0.035408942698646334
2022-12-27,67.93768310546875,0.7737226183567082,0.7776529772800836,0.7619314559111827,0.776305388931184,-0.49389581687267775,300124.SZ,-0.7192638422508947,-0.3785174013647379,1.6929248626555105,1.9252955727370433,0.06741400877787244,-0.7321028972717654,-1.125208065094079,1.819309226145201,1.7439600952213115,0.14170022085088263,0.0011565437829704334,0.08906887414588513,0.02313484700395149,0.3211189680912918
2022-12-28,67.88837432861328,0.7731611017924835,0.7760808337107334,0.7659741352824829,0.7725996709036579,-0.547987766105307,300124.SZ,-0.008217810251367088,-0.34646045475891396,1.689976342911965,1.922242196228196,0.05648036089687253,-0.6564430587490272,-1.1252080650940792,1.8160213512411,1.7532302153467918,-0.019085840612293077,-0.008097130262307307,0.020821318177505863,-0.0028920213481832204,-0.0536154919759023
2022-12-29,68.90399169921875,0.7847276233421596,0.789556374498135,0.7694552980895586,0.7739471735771587,-0.5258784741393273,300124.SZ,0.7028282217481605,-0.23327127434406322,1.6898810936402437,1.922215185291262,0.26126142036482725,-0.16974938063074127,-0.7863357984543193,1.8169322747069028,1.762020724277397,0.006940145218832116,0.0694040997513497,0.017929296829322643,0.05957193318433437,0.04676308788008701
2022-12-30,68.52930450439453,0.7804603887504089,0.7933744986489847,0.780011192634109,0.7847276233421596,-0.7470289522995114,300124.SZ,1.413874253747688,-0.17475482922923463,1.6857378394871927,1.9219400206946617,0.1741204813734929,0.021489483657153845,-0.6931591756644834,1.8147972957978529,1.770603641810763,0.05552336805318071,0.01966477439453543,0.054366824270210286,-0.021977861960476297,-0.27367880883017925
2023-01-03,69.03218078613281,0.786187532138984,0.7919145898521602,0.7692307428691081,0.7814710157555345,-0.44026815922086904,300124.SZ,-0.7192638422508947,-0.0859216226850203,1.6684734163859267,1.9315550777079593,0.27687490805485343,-0.04681243864832446,-0.9966396425652534,1.8115806020600769,1.77924382781972,-0.016772753046352208,-0.007519079001074469,-0.05552336805318071,0.029496940961550765,0.4217295974293597
2023-01-04,65.7684097290039,0.7490173460126069,0.7916900346317097,0.7458730588739065,0.7864120873594345,-0.12435747636955308,300124.SZ,-0.008217810251367088,-0.2911875751380311,1.6608685320897705,1.9185492905526103,-0.43201697234149916,-1.081716358705421,-0.9501146502540887,1.8058161546620155,1.7850850757944525,0.02544837583039711,-0.0011565437829704334,-0.12030085141214393,-0.19144042872870642,0.4337825893068277
2023-01-05,65.71910858154297,0.7484559151237813,0.7622683315795579,0.7428410921831308,0.7503649343615066,-0.2751386252552762,300124.SZ,0.7028282217481605,-0.4541419694204537,1.654969038932381,1.9058093656136732,-0.44182808172913784,-1.5187028669133837,-0.8768233342969467,1.7999236137417622,1.7887000677601599,-0.18565638603233997,-0.15153282867840273,-0.015615768002877018,-0.0028915800876784625,-0.18098250589754625
2023-01-06,66.18254089355469,0.7537338623960564,0.7580010969878072,0.7371139487945557,0.7371139487945557,-0.44437713971113085,300124.SZ,1.413874253747688,-0.5389596614507831,1.6418462249992685,1.9024754907583656,-0.3401808988050809,-1.4351137958779783,-0.7380716557418199,1.7970627498221616,1.792730245251059,-0.06824755596837927,-0.021977861960476297,-0.029496940961550765,0.027183412135105143,-0.2052960750031169
2023-01-09,67.09955596923828,0.7641774364926822,0.7734979774608588,0.7498034177972821,0.7541830585123563,-0.5076266258718825,300124.SZ,-1.430309874250422,-0.5234392860434665,1.6388496853962546,1.89989298306493,-0.14241423917248222,-0.788426665721299,-1.1561373992887358,1.7965503540152643,1.796917908319122,0.08791233036291471,0.07981475884010264,0.06535553462019605,0.05378833174847269,-0.06567855731925899
2023-01-10,66.95165252685547,0.7624929724754073,0.7669848479630074,0.7523862740471567,0.761370025022357,-0.5708077655808104,300124.SZ,-0.7192638422508947,-0.519060907865062,1.6324476079155101,1.898155116310397,-0.1748159104912643,-0.8696951583067425,-1.1561373992887365,1.7957959965381836,1.7982780045765876,0.03701557870212048,-0.03354506483219966,0.013302680436936151,-0.008675622784044903,-0.06558852571787889
2023-01-11,64.76265716552734,0.7375631449108556,0.7669848479630074,0.7337450207600059,0.7669848479630074,-0.0901625379984673,300124.SZ,-0.008217810251367088,-0.6951519423102878,1.6349253550486662,1.8776566231595866,-0.629720451527287,-1.3853035902032966,-0.6961355271846531,1.7900315491401222,1.7979845131966723,0.02891844843981317,0.0,-0.096009460625222,-0.12839798167445124,0.6507845618892022
2023-01-12,65.8571548461914,0.7500280586931315,0.7580010969878072,0.7390229680322811,0.7411566281658559,0.008644514044904761,300124.SZ,0.7028282217481605,-0.7344324558739548,1.633898060769236,1.8697781976451116,-0.3881604547784602,-1.1632971016090414,-0.6961355271846531,1.7850926295264027,1.7990582725376043,-0.1330250393273425,-0.04626969400790298,0.027183412135105143,0.06419899083722562,0.14779572348556289
2023-01-13,68.04615020751953,0.7749578862576831,0.7749578862576831,0.7380123410271555,0.7500280586931315,0.37587614472943515,300124.SZ,1.413874253747688,-0.5740118649236502,1.6281863019433258,1.8720727122778797,0.05661471896162937,-0.5718048384667579,-1.1587654694111207,1.78381164000916,1.8033604698261385,0.04569120148616538,0.08733383784117711,-0.005205108914124087,0.12839798167445124,0.5013867881273505
2023-01-16,66.32058715820312,0.7553060059654066,0.775407082373983,0.7512633265941064,0.7636159199284576,0.3784155465638289,300124.SZ,-1.430309874250422,-0.5882385149437878,1.6179598462572078,1.8713922830437248,-0.28972736324324455,-0.62024978725573,-1.1706625668247812,1.7790435226174273,1.8063956307646873,0.0699825922730873,0.0023135288264456246,0.06824755596837927,-0.1012145695393461,0.020984009371032546
2023-01-17,67.5728530883789,0.7695676185374832,0.7732734222404083,0.7523862740471567,0.7554182407379325,-0.2373138143384312,300124.SZ,-0.7192638422508947,-0.4886501897604425,1.6093440276291313,1.875051614064134,-0.04755783932104781,-0.39699961470647577,-1.1706625668247808,1.773677602878272,1.8093448862591375,-0.04222112887674932,-0.010989151610490527,0.005783601435861683,0.07345266488250336,-0.7934507609376409
2023-01-18,65.86701965332031,0.7501403791410561,0.7813587809830087,0.7491296664605317,0.7759685132628088,-0.19277869279343002,300124.SZ,-0.008217810251367088,-0.5498510339899199,1.6098627418609843,1.8713580499335711,-0.3739891792028685,-0.5808001270836578,-1.1547597851934313,1.767059176947468,1.8094880574481151,0.10584162719223734,0.041642636355011725,-0.016772753046352208,-0.1000575844958709,0.07630424613192541
2023-01-19,66.86290740966797,0.7614822597948828,0.7624929724754073,0.7426164512872815,0.7516002022624817,-0.5088543357122846,300124.SZ,0.7028282217481605,-0.5090684284521727,1.6101331022278587,1.8720560642849282,-0.18269968093300387,-0.7744746096939461,-1.211834291738333,1.7626468785148464,1.8106835082036121,-0.125505960326268,-0.09716600440819244,-0.033545506092704416,0.05841494814085918,-0.39872209003128756
2023-01-20,70.11681365966797,0.7985401254733352,0.806063967651711,0.775856192814884,0.7770914607158591,0.07817525079059551,300124.SZ,1.413874253747688,-0.19891100070907355,1.6319144369857883,1.861772742144873,0.3821171894800209,1.1915456625201966,-0.27781205052378516,1.7625614828333844,1.8140622718035735,0.1312895617621297,0.2244070010391685,0.17119716181243338,0.19086193620696884,0.7909228417828411
2023-01-30,71.40852355957031,0.8132509341617117,0.8224592403573624,0.8029196805130105,0.8197641493349619,0.013375440418945155,300124.SZ,-1.430309874250422,0.15370537135214687,1.6637721741343945,1.8510087076035846,0.5833702801395962,1.9365454291912332,0.0542745651755426,1.7669026000996817,1.8194954914472086,0.21978038464678198,0.08444181649299388,0.13938713328494176,0.07576619370894898,-0.06772077264486986
2023-01-31,70.18584442138672,0.7993261972580102,0.8190903979982115,0.7958450344509347,0.8175182544288613,-0.4751748292740833,300124.SZ,-0.7192638422508947,0.32406701358071566,1.6781153283061212,1.8466035315808926,0.34355715773090223,1.3967632764602915,-0.14531962337059529,1.7687244470312877,1.8227024550818192,-0.011567202871723366,-0.01735080430758505,-0.03643708618038288,-0.07171762857779533,-0.6259199391012237
2023-02-01,70.50137329101562,0.8029196805130105,0.8104435226913864,0.7957327140030099,0.7995507524784607,-0.623170843178446,300124.SZ,-0.008217810251367088,0.4790844509330719,1.692805681769609,1.8414240799030945,0.39413811910048263,1.2217738400145306,-0.1485191182472522,1.7715710855766877,1.8255443390113142,-0.09253938801580595,-0.044534657703194945,-0.0005784925217375956,0.01850778935106024,-0.17731369565589236
2023-02-02,70.72815704345703,0.8055025367628853,0.8195395941145114,0.803144235733461,0.803144235733461,-0.5404618044147269,300124.SZ,0.7028282217481605,0.61284901352672,1.7081331684960848,1.8367907061601696,0.43112164843303746,1.3048927198876212,0.04022741109069482,1.7757983455540571,1.826088378606585,0.01850778935106024,0.046848186529640574,0.03817212248509091,0.013302680436936151,0.1265900884316299
2023-02-03,70.8070297241211,0.8064008433200862,0.8220100442410625,0.7889949436093092,0.804828699750736,-0.16398817670126903,300124.SZ,1.413874253747688,0.715996013111241,1.7197425714671641,1.8321228070926587,0.4442998515494248,1.0624620110853675,-0.36634709385682157,1.7784314840367397,1.8274771036404238,0.008675622784044903,0.012723746654693798,-0.07287417236076577,0.004626616392386491,0.5135611113037813
2023-02-06,70.30416107177734,0.8006737856069099,0.8163952213004121,0.7939359295378103,0.8062886085475603,-0.49341493369566025,300124.SZ,-1.430309874250422,0.7450445523734096,1.7284232649551161,1.8302771407223608,0.337632594415574,0.9138907568820921,-0.36634709385682085,1.7802818034348753,1.8285508629813558,0.007519079001074469,-0.02891844843981317,0.025447934569892354,-0.02949649970104601,-0.4163092821730101
2023-02-07,70.34359741210938,0.801122896047811,0.8084221830057363,0.792026910300085,0.8040426279660609,-0.556269840290888,300124.SZ,-0.7192638422508947,0.7613248234744089,1.7352275932296053,1.8284574604006236,0.3446826435505248,0.7555369581221135,-0.4218368041533077,1.782302914195934,1.830140022218341,-0.011567644132228123,-0.04106414383327413,-0.009832166567015336,0.0023130875659408668,-0.06515878446773493
2023-02-08,69.89002990722656,0.7959572692234604,0.8346995989191877,0.7941605704336597,0.8197641493349619,-0.44263515866679637,300124.SZ,-0.008217810251367088,0.7259455400850747,1.740743741604847,1.8412765289194228,0.24503280724450885,0.897083749020733,0.14005289926625714,1.7871564272691278,1.8312996788112377,0.08097174388357783,0.1353385681537881,0.010989151610490527,-0.026604919613367545,0.16732790401873857
2023-02-09,71.9705581665039,0.8196518288870371,0.8196518288870371,0.7940482499857351,0.7950589626662595,-0.3771033379954435,300124.SZ,0.7028282217481605,0.8636564892834944,1.7581748502161818,1.8501306542696925,0.6161314840519677,0.8842302991100294,0.1366727081264953,1.7948423535135212,1.8345782198482037,-0.12724099663097604,-0.07750167127416177,-0.0005784925217375956,0.12203588771685196,0.10396283550415658
2023-02-10,71.46768188476562,0.8139247711738609,0.8252666518276875,0.8099943265750865,0.8198764697828865,-0.667308927143672,300124.SZ,1.413874253747688,0.9181023055802371,1.7697807235371878,1.8612736114227406,0.503338122709338,0.9352662505260483,0.2513286793020664,1.8014750265366546,1.8374344236273075,0.12781948915271366,0.02891844843981317,0.08212828766654826,-0.02949649970104601,-0.36464391469651447
2023-02-13,73.45946502685547,0.8366086181569131,0.8415496897608131,0.8094328956862608,0.8196518288870371,0.03356529636727382,300124.SZ,-1.430309874250422,1.116534110305086,1.7970253254236017,1.8591705697568157,0.8358775536719748,1.1739073343146003,0.5692683862058556,1.8126053828148068,1.8397966963619279,-0.0011569850434751912,0.08386376523176105,-0.0028915800876784625,0.11683033754222312,0.9408884172425076
2023-02-14,73.8538818359375,0.8411004936445132,0.842447996318014,0.8238068287062621,0.8386299578425632,-0.382539236512421,300124.SZ,-0.7192638422508947,1.2911483925347877,1.8231216727294317,1.8609435365484477,0.8987201297715803,1.2070331361689832,0.5863283150150982,1.8217146283319003,1.8433758941650356,0.09774449692993004,0.004626616392386491,0.07403115740424096,0.02313484700395149,-0.5304884203548343
2023-02-15,72.57203674316406,0.8265019197286626,0.8411004936445132,0.8214486133522367,0.8404266566323639,-0.5611459943402821,300124.SZ,-0.008217810251367088,1.3041104406503465,1.8249825244537718,1.895268029212903,0.6055529986931777,0.947489556473512,0.5082178517918957,1.828404224569965,1.844585659308719,0.00925367404527774,-0.006940145218832116,-0.01214569539346096,-0.07518814244771614,-0.21763670030837065
2023-02-16,72.65091705322266,0.8274003119612624,0.8406512975282133,0.8192026327707372,0.8238068287062621,-0.5699876081589256,300124.SZ,0.7028282217481605,1.3047346052548572,1.8285447034574271,1.9228584146299463,0.619018569920191,0.8475565535802926,0.43257628302999396,1.8352788592632823,1.8463895725984594,-0.08559836027596432,-0.0023135288264456246,-0.011567644132228123,0.004627057652891249,0.005991993878881778
2023-02-17,70.32388305664062,0.8008983408273604,0.8262773645082121,0.8001122690426854,0.8208870967880122,-0.4304954359481594,300124.SZ,1.413874253747688,1.0933064036558988,1.8283426595258736,1.9337397802271998,0.11537249089989741,0.3522565894938052,-0.18107041260970808,1.8373284424908711,1.8478785201952939,-0.015037716741644181,-0.07403115740424096,-0.09832254819116287,-0.13649511193675853,0.20138953008812313
2023-02-20,72.07901763916016,0.8208870967880122,0.8238068287062621,0.8006737856069099,0.8008983408273604,-0.5276141053135123,300124.SZ,-1.430309874250422,1.0615298096378558,1.8250241194365993,1.9645293901171599,0.4224932541237112,0.4530273328104241,-0.18107041260970871,1.8424523897007783,1.8493817821803145,-0.10294960584405413,-0.012724187915198555,0.0028920213481832204,0.10294960584405413,-0.11029384779857285
2023-02-21,72.07901763916016,0.8208870967880122,0.822571560805287,0.8149353981789865,0.8172936135330119,-0.7483313584618867,300124.SZ,-0.7192638422508947,1.0232312667920451,1.8250925653535408,1.9855097111403717,0.4224932541237112,0.5101333619866252,-0.1810704126097091,1.8468504410410709,1.849975930326372,0.08444181649299388,-0.006362093957599278,0.07345266488250336,0.0,-0.27310812899925346
2023-02-22,72.01000213623047,0.820101025003337,0.8231330773695117,0.8158337904115863,0.817630489201387,-0.6956247733726176,300124.SZ,-0.008217810251367088,0.9744534669687922,1.8061967341504586,2.036293926387329,0.40737853237717,0.48422393896947974,-0.1674504710988813,1.8558600546434378,1.8516080436507614,0.001735036304708029,0.0028920213481832204,0.004627057652891249,-0.0040485651311536535,0.0870683740256004
2023-02-23,72.26637268066406,0.8230207569215869,0.8366086181569131,0.819314953218662,0.8197641493349619,-0.49365110789831584,300124.SZ,0.7028282217481605,0.9453923259419665,1.7875736391175348,2.083303284882162,0.45387096730300475,0.6031315403668185,0.15201426791241165,1.8653108937454412,1.8533976425523155,0.010989151610490527,0.0694040997513497,0.017929296829322643,0.015037716741644181,0.2836953227815596
2023-02-24,72.33538818359375,0.8238068287062621,0.8338012066865879,0.8198764697828865,0.8248174557113876,-0.6842607589848192,300124.SZ,1.413874253747688,0.9163506974841849,1.789746085718142,2.091134286944307,0.46667195187443355,0.569314747390053,0.15201426791241165,1.8741924029665518,1.856425646296771,0.02602642709162995,-0.014459224219906586,0.0028920213481832204,0.0040485651311536535,-0.2334479044372546
2023-02-27,71.37893676757812,0.8129140584933364,0.8270634362928871,0.8076361112210612,0.8238068287062621,-0.6748287437986235,300124.SZ,-1.430309874250422,0.801395500722807,1.7897051756307916,2.0910438323062728,0.2438091353726451,0.30454341770229654,-0.26747305453553033,1.8803696033977197,1.8592746846896477,-0.005205108914124087,-0.03470204987567485,-0.06304244705425519,-0.05610186057491831,0.030063529978144887
2023-02-28,72.27622985839844,0.8231330773695117,0.830881474768338,0.8114542353719109,0.8129140584933364,-0.2313202196990799,300124.SZ,-0.7192638422508947,0.7763706055978244,1.7908960993840484,2.0994223699071757,0.41700416410600133,0.4409671298073291,-0.17210978752547954,1.8880555296421133,1.862760825315987,-0.05610186057491831,0.01966433313403067,0.01966477439453543,0.052631787965502254,0.60186502334231
2023-03-01,73.2721176147461,0.8344749580233384,0.8380684412783387,0.8211117376838616,0.8293093311989878,-0.5713465486490832,300124.SZ,-0.008217810251367088,0.83038255428482,1.7980360908768698,2.104030981624827,0.6025555001997485,0.7004902857931514,0.005313153950465891,1.9003387710562518,1.8660393663529529,0.08444181649299388,0.03701557870212048,0.049739766617319034,0.05841494814085918,-0.43027191536966114
2023-03-02,75.92455291748047,0.8646827328601653,0.8691746083477654,0.8354856707038628,0.8354856707038628,-0.031094953417435765,300124.SZ,0.7028282217481605,1.0850457482863953,1.8323577690802304,2.088222636483408,1.0513035502885881,1.4579885396509868,0.6865036030963263,1.914870859527432,1.870864123462344,0.03181046978799639,0.16020845146244764,0.07403115740424096,0.15558139380955638,0.7293030012334734
2023-03-03,74.93851470947266,0.8534530869788644,0.8686130917835407,0.8460414795730143,0.8633351445112656,-0.5263764951379309,300124.SZ,1.413874253747688,1.1879557984095488,1.848949620557042,2.0881491979098135,0.8157618346712859,1.3864651346814392,0.6865036030963255,1.924819858203068,1.875223583765047,0.14343525715559066,-0.0028920213481832204,0.054366383009705525,-0.05783689687962634,-0.6347869275664169
2023-03-06,72.47343444824219,0.8253789722756123,0.8590679099195149,0.8197641493349619,0.8516563025136648,0.06508700768361167,300124.SZ,-1.430309874250422,1.046385086438366,1.8475619098789178,2.099908731352134,0.27365045631118623,0.6419894814090527,-0.1792263201240813,1.933701367424178,1.8772923596583293,-0.060150425706071965,-0.049161274095581436,-0.13533812689328337,-0.14459224219906586,0.7967635632234227
2023-03-07,71.32962799072266,0.8123525419291119,0.8274003119612624,0.8094328956862608,0.8236945082583373,-0.4906323250067249,300124.SZ,-0.7192638422508947,0.8260250112057753,1.8449783646274684,2.107535197123712,0.042882978405214184,-0.07247914288053454,-0.4859062028922952,1.9391242103782653,1.8773209884347024,-0.14401374967732825,-0.1631000315501261,-0.05320983922673509,-0.06709101218540883,-0.7144005865011029
2023-03-08,71.35922241210938,0.8126895032728859,0.8194272736665866,0.8052778958670359,0.8107803983597617,-0.6869677837355239,300124.SZ,-0.008217810251367088,0.6451484862755176,1.8394625642753466,2.1208452436756606,0.048341736099492445,-0.32388005523316277,-0.6068622524363885,1.947052098292842,1.8779795649811553,-0.06651251966367125,-0.04106414383327413,-0.02139981069924346,0.0017354775652127868,-0.24099041202140542
2023-03-09,71.7437744140625,0.8170690583125614,0.8253789722756123,0.809769771354636,0.809769771354636,-0.7235954734337621,300124.SZ,0.7028282217481605,0.5271261959451551,1.8394790796955411,2.119766043502814,0.12071012216134722,-0.2049724050516901,-0.4638048265766924,1.9540975352081462,1.8793038670760207,-0.005205108914124087,0.0306534847445212,0.02313484700395149,0.02255635448221389,-0.030610124310964538
2023-03-10,71.33949279785156,0.8124648623770365,0.8220100442410625,0.8108927188076863,0.8152722738473618,-0.7308227863927966,300124.SZ,1.413874253747688,0.39333976138842963,1.83967160641214,2.1189420229619955,0.03505492045638842,-0.3770435472419189,-0.4638048265766924,1.9558624480657563,1.880148557976011,0.028339955918075574,-0.017351245568089806,0.005783601435861683,-0.023713339525689082,0.008118484539650653
2023-03-13,71.83251190185547,0.8180796853176869,0.8224592403573624,0.807299235552686,0.8123525419291119,-0.6048664889954642,300124.SZ,-1.430309874250422,0.3242047084406447,1.8353437937389736,2.1163939314905713,0.13149302598557308,-0.33846151382797385,-0.5757634900034068,1.9564744757873802,1.882639676588578,-0.015037716741644181,0.0023135288264456246,-0.01850778935106024,0.02891844843981317,0.18355895581519724
2023-03-14,70.50137329101562,0.8029196805130105,0.8184165609860622,0.7950589626662595,0.815159953399437,-0.5263299977016752,300124.SZ,-0.7192638422508947,0.1530676333049894,1.8301622471840278,2.1067785102684047,-0.15192025068962,-0.9285584573332805,-0.9462892015316812,1.9569299375202815,1.883785018793288,0.014459224219906586,-0.020821318177505863,-0.06304200579375042,-0.07807972253539461,0.12109366366445792
2023-03-15,69.42659759521484,0.7906794076265841,0.8114542353719109,0.7880965513767094,0.8086468239015857,-0.45306048472325344,300124.SZ,-0.008217810251367088,-0.07447016415802592,1.8349703584864638,2.086460992912223,-0.3693482719692288,-1.3877018738567688,-1.1483613632633192,1.955378524725389,1.8844364354149366,-0.03354506483219966,-0.035858593658645285,-0.035859034919150046,-0.06304200579375042,0.11415556403362803
2023-03-16,68.91384887695312,0.7848399437900843,0.79034244628281,0.7703536903221584,0.7823694079881343,-0.30702589791333657,300124.SZ,0.7028282217481605,-0.29632722432754205,1.8398777344043429,2.0632624609082613,-0.47081604593454446,-2.0214486778729364,-0.9151282700758802,1.9527596116169075,1.8852453321523264,-0.1353385681537881,-0.10873364854042057,-0.09138240297233076,-0.030075433483288363,0.21000773992252966
2023-03-17,67.05025482177734,0.7636159199284576,0.7938236947652846,0.7636159199284576,0.7938236947652846,0.3272108764603406,300124.SZ,1.413874253747688,-0.6248354911738407,1.8578188455030045,2.0270039040247734,-0.8217492965444879,-2.216670636495933,-0.7423117525996712,1.947336768662821,1.8838422872688787,0.05899388192310153,0.0179297380898274,-0.03470204987567485,-0.10931169980165341,0.8531080556052112
2023-03-20,66.7643051147461,0.7603593123418325,0.7737226183567082,0.756428953418457,0.7636159199284576,-0.4648906342025609,300124.SZ,-1.430309874250422,-0.9004515479951123,1.870811697811169,1.9869865491232044,-0.8734074947438604,-2.4089112369234242,-0.5615783283065978,1.9422270468271141,1.882203014019685,-0.15558139380955638,-0.10352809836579172,-0.03701557870212048,-0.016772753046352208,-1.0257827497693954
2023-03-21,67.7897720336914,0.7720381543394332,0.7724873504557331,0.7575519008715073,0.7603593123418325,-0.41068657220879823,300124.SZ,-0.7192638422508947,-1.0211738284348388,1.8734957030294377,1.9638046720075015,-0.6427495567104868,-2.016935000999218,-0.5615783283065983,1.9385406551231714,1.881365483044499,-0.016772753046352208,-0.006362093957599278,0.005783601435861683,0.060150425706071965,0.08904097450658771
2023-03-22,67.46438598632812,0.7683323506365083,0.7804603887504089,0.7620437763591074,0.7804603887504089,-0.5466411839645802,300124.SZ,-0.008217810251367088,-1.1327956787470748,1.8754631005308067,1.9402617459777511,-0.7047845106871535,-1.675859890895302,-0.8085577589898894,1.9350392910154168,1.8820455284425202,0.10352809836579172,0.04106414383327413,0.02313484700395149,-0.019086281872797834,-0.1614517644309261
2023-03-23,67.05025482177734,0.7636159199284576,0.7733857426883329,0.7609208289060571,0.767995474968133,-0.26539587610079896,300124.SZ,0.7028282217481605,-1.2434799998958599,1.8756248826199522,1.9156944366140525,-0.7843072802773096,-1.5964594559853023,-0.7781159963286753,1.9279369308851815,1.8823390252838583,-0.06419899083722562,-0.03643708618038288,-0.005783601435861683,-0.02429139078692192,0.38811848913351454
2023-03-24,68.1348876953125,0.7759685132628088,0.7798988721861843,0.7504772548094314,0.7645143121610574,-0.13651413207525523,300124.SZ,1.413874253747688,-1.226096782469999,1.8700296965234067,1.902599021146431,-0.5350728989931073,-1.3352896825206118,-0.4988561169545329,1.9231261047936539,1.8832552990476261,-0.017929296829322643,0.03354506483219966,-0.05378833174847269,0.06362049831548802,0.18741259616757652
2023-03-27,68.72650146484375,0.7827062836565095,0.7925884268643095,0.7692307428691081,0.7720381543394332,-0.1140467893666545,300124.SZ,-1.430309874250422,-1.1500448774972116,1.866523952187946,1.894297876282358,-0.4028338419720092,-0.8917559690403315,-0.8960837164331291,1.9162941679410679,1.8854171321176774,0.038750615006828505,0.06535597588070081,0.09658751188645484,0.03470204987567485,0.04723474194366066
2023-03-28,68.98287963867188,0.7856260155747594,0.80022458949061,0.7833801206686588,0.7911285180674852,-0.4535043611301526,300124.SZ,-0.7192638422508947,-1.0570941604135735,1.8583938439815666,1.8884034466284685,-0.3453845624269165,-0.6162396667767366,-1.1238072785216116,1.9092629672590289,1.8864622572208138,0.09832254819116287,0.0393291075285661,0.07287461362127053,0.015037716741644181,-0.4295227013441904
2023-03-29,68.79552459716797,0.7834923554411846,0.7948343217704101,0.7804603887504089,0.7860752116910593,-0.6740922954176337,300124.SZ,-0.008217810251367088,-0.9892872057899125,1.8429875017122492,1.8854790524102147,-0.38605831555319226,-0.6653281359706178,-1.0410557372895102,1.9038116518384123,1.887085034143245,-0.02602642709162995,-0.027761904656842737,-0.015037716741644181,-0.010989151610490527,-0.27293777949574305
2023-03-30,69.88017272949219,0.7958450344509347,0.8017967330599602,0.780797264418784,0.7834923554411846,-0.5459938386002037,300124.SZ,0.7028282217481605,-0.8349565474154026,1.7984126559675093,1.909301908234667,-0.13915061336982,-0.45587474073847994,-1.2502555049893405,1.899812128157025,1.8885310331140968,-0.013302680436936151,0.035859034919150046,0.001735036304708029,0.06362093957599278,0.18638078544726436
2023-03-31,69.31813049316406,0.7894441397256091,0.8012352164957357,0.7864120873594345,0.7999999485947606,-0.5581319226426731,300124.SZ,1.413874253747688,-0.7531091316173651,1.756733256749559,1.9317239160622148,-0.26610133551308823,-0.4473261693220237,-1.2502555049893405,1.8983603472768598,1.888831689880239,0.08502030901473148,-0.0028920213481832204,0.02891844843981317,-0.032967013570966826,0.0016496105475819753
2023-04-03,69.61393737792969,0.79281298208476,0.7987646806937857,0.7827062836565095,0.7930376229806094,-0.45246783017597075,300124.SZ,-1.430309874250422,-0.656824131036204,1.7392762559838655,1.9387528291887144,-0.19781222728366482,-0.4491937623971284,-1.1370712590749148,1.894802049095109,1.8896191123046382,-0.035858593658645285,-0.012724187915198555,-0.019086281872797834,0.01735080430758505,0.1568283844879609
2023-04-04,68.7166519165039,0.7825940488839837,0.7935990538694352,0.7731611017924835,0.7933744986489847,-0.4866688453045114,300124.SZ,-0.7192638422508947,-0.6506840769569722,1.7286587928009371,1.9389439458235782,-0.40257142593900985,-0.6353862024935965,-0.8523775400633264,1.889948536021915,1.889390043863696,0.001735036304708029,-0.026604919613367545,-0.049161274095581436,-0.05263134670499749,-0.027413507782842617
2023-04-06,68.3912582397461,0.7788882451810587,0.7854014603543089,0.7654127043936572,0.7765300298270333,-0.589868232258793,300124.SZ,0.7028282217481605,-0.667134465768359,1.7163744935278653,1.939423201490496,-0.47571569197357705,-0.7654886090388683,-0.6306260314633514,1.884724956897281,1.8912941797164322,-0.08675534531943951,-0.04222068761624456,-0.03990715878979894,-0.019086281872797834,-0.1183038721299502
2023-04-07,67.56298828125,0.7694552980895586,0.7822571732156085,0.7670970827355332,0.7785513695126834,-0.4877634809844695,300124.SZ,1.413874253747688,-0.7433970766839038,1.6990019266550507,1.9401782363859803,-0.6595022574969706,-0.8185976887767978,-0.6306260314633505,1.8779357178854257,1.8926327961994842,0.010410659088752931,-0.016194260524614614,0.008675181523540144,-0.0485832228343486,0.15213972576673765
2023-04-10,68.1348876953125,0.7759685132628088,0.7855136951268347,0.764289671265208,0.7703536903221584,-0.64446912699781,300124.SZ,-1.430309874250422,-0.7478738244864198,1.682304875174218,1.944706454452053,-0.514416285770746,-0.7237903313395774,-0.7444973564716723,1.8718723747431854,1.8940501554711184,-0.04222112887674932,0.01677231178584745,-0.014459224219906586,0.033545506092704416,-0.18878674371148335
2023-04-11,68.92371368408203,0.784952264238009,0.7927006616368354,0.7734979774608588,0.7877596757083342,-0.5282264239748062,300124.SZ,-0.7192638422508947,-0.6778097162053974,1.6570263242948904,1.9606420795069492,-0.31865797117201056,-0.4731068584483865,-0.9923673635501239,1.8683283127947001,1.8953744575659837,0.08964736666762273,0.03701557870212048,0.04742623779087341,0.04626969400790298,0.1707634055950778
2023-04-12,69.49562072753906,0.7914654794112592,0.7991016420375597,0.7706905659905335,0.7838293167849587,-0.5588525987655496,300124.SZ,-0.008217810251367088,-0.5683904573493722,1.6483855328787558,1.9660356956303149,-0.17986407127076673,-0.357745234358592,-1.2069474424643831,1.8643145528800482,1.8972213249431293,-0.02024282565576827,0.03296745483147158,-0.014459224219906586,0.033545506092704416,-0.022704432304862836
2023-04-13,67.6418685913086,0.7703536903221584,0.7925884268643095,0.7693430633170327,0.7873104795920343,-0.7317491163747073,300124.SZ,0.7028282217481605,-0.6334223499459134,1.6438199860480593,1.9630279673155393,-0.6047399108212846,-0.6116495039800935,-1.1626910123781964,1.8561874011360187,1.8993115751494025,0.017929296829322643,-0.033545506092704416,-0.006940145218832116,-0.10873364854042057,-0.21011469942263608
2023-04-14,67.55313110351562,0.7693430633170327,0.7782144938443083,0.7637282403763823,0.7725996709036579,-0.6475107147994001,300124.SZ,1.413874253747688,-0.6859244011127572,1.641722085085388,1.959119181515136,-0.6241777925176862,-0.8156174829351646,-0.9781060890341319,1.8441034235513327,1.9005428200674994,-0.07576619370894898,-0.07403115740424096,-0.02891844843981317,-0.005205108914124087,0.1286046916677066
2023-04-17,66.774169921875,0.7604716327897572,0.7804603887504089,0.7560920777500818,0.7693430633170327,-0.032231580174188645,300124.SZ,-1.430309874250422,-0.7860711301782979,1.6428888947821179,1.9564657783820953,-0.7944979700226912,-0.9753618802026932,-0.7342717431653504,1.832318341710826,1.8996193863789266,-0.016772753046352208,0.011567202871723366,-0.0393291075285661,-0.04569120148616538,0.8281354839588694
2023-04-18,64.10201263427734,0.7300393027324797,0.7604716327897572,0.7275687669305297,0.7599101162255326,0.944859809936599,300124.SZ,-0.7192638422508947,-1.0816536338618206,1.665481438532094,1.9176306389559667,-1.3207893889279028,-1.9352942672848779,0.06417444639660191,1.8202343641261405,1.8980087473675282,-0.0485832228343486,-0.10294960584405413,-0.14690577102551147,-0.1567379375925268,1.3047445235081818
2023-04-19,63.16527938842773,0.7193710877400047,0.7298146618366304,0.6929814370540274,0.7175743889502039,0.9057571729998928,300124.SZ,-0.008217810251367088,-1.3810093088414228,1.6894430956404964,1.8680254111090067,-1.4863472853098698,-2.6460555223988735,0.8281958334250582,1.808449282285634,1.894808943657722,-0.2180449070815692,-0.157894922636002,-0.17813774829177026,-0.054945316791947876,-0.03387032959250876
2023-04-20,61.72566986083984,0.7029758150343531,0.7193710877400047,0.7007299201282526,0.7151038531482539,-0.18209609457865944,300124.SZ,0.7028282217481605,-1.7222097046569564,1.7173236634278435,1.8086346716063628,-1.726786314082295,-2.537193365830077,0.8281958334250585,1.7945434469102777,1.8918024142262584,-0.012724187915198555,-0.05378833174847269,0.0399076000503037,-0.0844418164929943,-1.4153714347060486
2023-04-21,60.54243469238281,0.6895002742469518,0.7073554129117281,0.6878158102296769,0.6964626426988024,-0.2324620355970302,300124.SZ,1.413874253747688,-2.070740990450828,1.7453108331709917,1.7455248719764163,-1.9120020680417755,-2.5868490236159336,1.0799130847394982,1.7783745391036794,1.8872138854826133,-0.09600923999496963,-0.06188524138052762,-0.06651251966367125,-0.0694040997513493,-0.048707285663301604
2023-04-24,60.23676300048828,0.6860190686021768,0.6962380446406525,0.6827624610155516,0.688377283956202,-0.41483549543064535,300124.SZ,-1.430309874250422,-2.3472259212794166,1.762828321688877,1.6881479100438401,-1.958820781024772,-2.372701212236543,1.174779924898509,1.7623479664820705,1.8800411727575002,-0.041642636355011725,-0.057258624988141126,-0.026026647721882328,-0.017929517459575023,-0.2225985118501647
2023-04-25,60.60159683227539,0.6901740255837022,0.7049971547200035,0.6771476380749012,0.6930937575019521,-0.031869432741148625,300124.SZ,-0.7192638422508947,-2.5077128285753356,1.768039054096899,1.6440877364823738,-1.853688986695043,-1.9586669963490033,0.8452945559609495,1.7461363608347416,1.872195571828458,0.0242916114171743,0.0451127089644282,-0.02891844843981317,0.02139959006899108,0.5221134838432725
2023-04-26,60.20718383789063,0.6856821929338015,0.6988208580528278,0.6829870590737016,0.688377283956202,-0.17311867547262597,300124.SZ,-0.008217810251367088,-2.6393542879238407,1.7683214019214066,1.6027433581184065,-1.9173560920555426,-1.6946498092183562,0.8452945559609503,1.731276909582384,1.8649512762395668,-0.0242916114171743,-0.03181024915774442,0.030075212853035983,-0.023134626373699108,-0.16842629043394275
2023-04-27,60.34523010253906,0.6872543365031517,0.6925322409377275,0.6781583079177262,0.6865805423287019,-0.5571498093928903,300124.SZ,0.7028282217481605,-2.70210737974392,1.7638086182032664,1.5685214096755882,-1.8758967871992456,-1.52458434529487,0.944936582396915,1.7181681349543714,1.8575781293113067,-0.00925389467553012,-0.03238874167948161,-0.024869883308659517,0.008097130262307307,-0.48823868546782606
2023-04-28,60.93684768676758,0.6939921068968524,0.6941044273447772,0.6846715230909765,0.6888264800725019,-0.525148170793966,300124.SZ,1.413874253747688,-2.6720196988552765,1.7460637145352391,1.5474529577313354,-1.6974589044797217,-1.267730657605634,0.8827252867323867,1.7066534818210461,1.8504698395251662,0.011567423501975744,0.008097350892559686,0.033545506092704416,0.03470204987567485,0.05979410536535439
2023-05-04,59.11268615722656,0.6732172791515256,0.7018528675813029,0.6643458486242502,0.701628269523153,0.40280730959675715,300124.SZ,0.7028282217481605,-2.77274418560105,1.7338326530674353,1.5140445367526192,-2.0025908084229935,-1.3065268193880804,1.2890756071718528,1.6951957627617171,1.8419799846299916,0.06593402714193365,0.03990737942005132,-0.10468486277901454,-0.10699817097520778,1.2400186376820306
2023-05-05,57.93930435180664,0.6598539731366501,0.6781583079177262,0.6486243272553491,0.6754632168953257,0.3333781707734577,300124.SZ,1.413874253747688,-2.92006755226241,1.7182486505981565,1.4776865394751881,-2.182803616747283,-1.4155658433586567,1.5693062056418015,1.6824570541851447,1.8330033531537155,-0.13475985500179813,-0.12203588771685196,-0.08097174388357783,-0.06882604849011686,-0.07381890711557115
2023-05-08,57.51531219482422,0.6550252648183742,0.6665917863680502,0.6498595951563242,0.6563728103295744,-0.09838288871506869,300124.SZ,-1.430309874250422,-3.0391846576148756,1.7041496754802772,1.4418057566507898,-2.2460784094327657,-1.338868462378385,1.569306205641802,1.6676260699697854,1.8236902844022527,-0.09832276882141526,-0.05957193318433437,0.006362093957599278,-0.024869662678407137,-0.5511124926370153
2023-05-09,56.972991943359375,0.6488489253134992,0.6573834801723994,0.6433464228207734,0.6497473175460989,-0.3927145278969715,300124.SZ,-0.7192638422508947,-3.144798971381011,1.6880490077660677,1.407249496211021,-2.326659460463429,-1.3053645726936733,1.6828277332914545,1.6524819537769813,1.8143127872503946,-0.034123777984189634,-0.04742623779087341,-0.03354528546245204,-0.03181046978799598,-0.37007908919341687
2023-05-10,56.696903228759766,0.6457046381747987,0.6553621404867493,0.6378438774903482,0.6436832984891486,-0.42350607242429533,300124.SZ,-0.008217810251367088,-3.2162358833948224,1.67254956691606,1.374571599247737,-2.3677266065698284,-1.231759326806322,1.7772263606857042,1.6375371014136304,1.803224433985564,-0.031231977266258794,-0.010410659088752931,-0.028340176548327954,-0.016194260524615024,-0.022922271004705588
2023-05-11,56.05598068237305,0.6384053512168734,0.6544637482541497,0.6334643224506729,0.6481751739767487,-0.5444351844521197,300124.SZ,0.7028282217481605,-3.2907703216288215,1.6487919968378655,1.3458725036611932,-2.4627102435020136,-1.1793215881009806,1.8518012638893258,1.6201014403230543,1.7920358581577387,0.02313484700395149,-0.004627057652890838,-0.02255635448221389,-0.03759407122385849,-0.14165893296788076
2023-05-12,55.49394226074219,0.6320044564915479,0.6421111549197984,0.6307691885905728,0.6421111549197984,-0.5143730556538996,300124.SZ,1.413874253747688,-3.3602466849489883,1.6122375641859574,1.3258091732309507,-2.544693585114451,-1.17242310931211,1.897871222445578,1.601000498289594,1.7789932604893854,-0.031231977266258794,-0.06362049831548844,-0.013880952328421368,-0.032967013570966,0.05723922257933736
2023-05-15,56.58844375610352,0.6444693702738237,0.6444693702738237,0.6289724469630728,0.6290847674109974,-0.562363803845505,300124.SZ,-1.430309874250422,-3.285625735464368,1.5559102800125433,1.331286858218389,-2.182457922388465,-1.0563241265930448,1.7916557022937554,1.5831093754661165,1.7664589082537039,-0.06709079155515646,0.01214569539346096,-0.00925389467553012,0.0641989908372252,-0.045578485146608845
2023-05-16,57.08145904541016,0.6500841932144742,0.6551375424285995,0.6434587004309986,0.6445816907217484,-0.23298852859404595,300124.SZ,-0.7192638422508947,-3.149553117190539,1.5085145237373163,1.3372987197090906,-2.0244358592060503,-0.8937226465003871,1.3223634400995743,1.5662003464157022,1.7552130694117092,0.07981497947035501,0.054945096161695496,0.07460964992597854,0.02891844843981317,0.4515192644870055
2023-05-17,57.88014602661133,0.6591802217998997,0.6636720544498003,0.6479505759185987,0.6549129443704494,-0.3388487159754713,300124.SZ,-0.008217810251367088,-2.9411731382674575,1.4510214873331608,1.3592537196624093,-1.7735162532590623,-0.7752131790557507,0.9654672950253852,1.5488785480435854,1.7444897931212833,0.05320983922673509,0.04395594455120456,0.02313484700395149,0.046847965899388194,-0.12180889860925329
2023-05-18,58.34357833862305,0.6644581262344754,0.6715328151342508,0.6546883463122996,0.66254910699675,-0.26192126812192007,300124.SZ,0.7028282217481605,-2.706717422175525,1.3906306012551477,1.3904005249636495,-1.6306733617464604,-0.6678979104070724,0.6489630308748359,1.533036997588632,1.735792341367447,0.0393291075285661,0.04048587194178933,0.03470204987567485,0.027183191504852763,0.1189740985114875
2023-05-19,57.59419631958008,0.6559236142132745,0.6691745997802254,0.6550252648183742,0.6681639299374004,-0.5524116455324429,300124.SZ,1.413874253747688,-2.5565222325714148,1.354047104943332,1.4027219519379233,-1.7681430919888628,-0.6814764942321931,0.6489630308748359,1.5156867376090493,1.7252766592049715,0.02891844843981317,-0.01214569539346096,0.0017352569349604078,-0.043955944551204974,-0.36501906135920814
2023-05-22,59.457794189453125,0.6771476380749012,0.6811903174462014,0.6598539731366501,0.6607523653692499,-0.08503061391057998,300124.SZ,-1.430309874250422,-2.2542584912767327,1.3256105859836669,1.4186139138207052,-1.2175655105439331,-0.4950121335350498,0.17492398391371453,1.5023217650775884,1.7161139133751575,-0.03817234311534329,0.06188546201078,0.024869662678407137,0.10931169980165341,0.6333118654803037
2023-05-23,59.71416473388672,0.6800673699931511,0.6955642504662026,0.6799550495452265,0.6811903174462014,-0.06425301944347143,300124.SZ,-0.7192638422508947,-1.9714926475730334,1.311057685635902,1.426213490395163,-1.1458242274921273,-0.29997316048899164,-0.347132944868643,1.4897965565637339,1.70718739591109,0.10526313467049975,0.07403115740424054,0.10352809836579172,0.015037716741644181,0.04500886574890078
2023-05-24,59.35919189453125,0.6760246906218509,0.6892756761888018,0.6704098676812005,0.6724312073668506,-0.2750208454057298,300124.SZ,-0.008217810251367088,-1.7586496400523643,1.3041962181438498,1.4286989792785758,-1.2180431742635007,-0.36880734846087804,-0.09823397561049536,1.4779545460787638,1.6978170559533252,-0.04511270896442778,-0.03238852104922882,-0.049161274095581436,-0.020821318177505863,-0.26000192028645985
2023-05-25,59.13240814208984,0.6734418772096756,0.6791689777605513,0.6688377241118503,0.6751262983892511,-0.4640321044470848,300124.SZ,0.7028282217481605,-1.592232486800381,1.2982570079465618,1.4304757687200522,-1.2646092618394167,-0.41631160612675,-0.05780423830779247,1.464959645028275,1.6882319646735158,0.01388073169816899,-0.052053295443764656,-0.008097130262307307,-0.013302459806683773,-0.23134237018320059
2023-05-26,59.0732421875,0.6727680830352257,0.6760246906218509,0.6626613846069752,0.673329556761751,-0.6723278508541684,300124.SZ,1.413874253747688,-1.4499853601426789,1.2889324441800762,1.434225713987994,-1.277021592755402,-0.44167980076988617,0.10100484987207439,1.450740683105007,1.679298287284644,-0.00925389467553012,-0.016194260524614614,-0.03181046978799639,-0.0034702932396684367,-0.25674549255462387
2023-05-29,59.2901725769043,0.6752386188371758,0.6826501834053263,0.6664794659201254,0.6826501834053263,-0.46355231372084565,300124.SZ,-1.430309874250422,-1.3050719229230097,1.2832504435084944,1.4365776173012208,-1.209455469042251,-0.3116007966404217,-0.1451191874486852,1.4360093253748416,1.6698706788512878,0.048004730312611,0.034123777984189634,0.01966455376428264,0.012724187915198555,0.29265531092290353
2023-05-30,59.60570526123047,0.6788321020921761,0.6855698724858769,0.6738910304882761,0.6741156285464261,-0.3465175156053273,300124.SZ,-0.7192638422508947,-1.151426852041975,1.277992206692255,1.4392639902243147,-1.1102523468483005,-0.14504334166655825,-0.25265243475559285,1.424409276560055,1.6599491448348702,-0.04395616518145694,0.015037496111391801,0.0381723431153437,0.01850778935106024,0.17180681878949391
2023-05-31,58.26469802856445,0.663559776839575,0.6806288437196762,0.6615384371539249,0.6763615662902261,0.3311473862839623,300124.SZ,-0.008217810251367088,-1.1320343787864338,1.2603867819400334,1.4473418945650773,-1.4051710224461034,-0.36105848405132973,0.0766726960442462,1.4110016061878634,1.6471284584133659,0.011567423501975333,-0.025448155200144734,-0.06362049831548802,-0.0786582150571322,0.9103151784453779
2023-06-01,58.56050491333008,0.6669286620364254,0.6781583079177262,0.6565974083877244,0.6663671883099003,-0.4170034640003827,300124.SZ,0.7028282217481605,-1.0803627604118828,1.257830730217454,1.4477471687736565,-1.3102461683958577,-0.3375997863162026,0.20278058769247082,1.3991453540400962,1.6352383628745277,-0.051474802922027066,-0.012724187915198555,-0.025448155200144734,0.017351024937837425,-0.9678873034073887
2023-06-02,57.98860931396485,0.6604154897008746,0.6699606715649006,0.6445816907217484,0.6612015614855498,-0.2544333373740631,300124.SZ,1.413874253747688,-1.0769788457578833,1.2579180996890418,1.447875536928265,-1.4342485848655153,-0.5902462251271906,0.4969467132801229,1.390320773463449,1.624722680712053,-0.026604919613367545,-0.04222090824649694,-0.06188546201078,-0.03354528546245204,0.23178972113195084
2023-06-05,58.185813903808594,0.6626613846069752,0.6715328151342508,0.6590679013519748,0.6607523653692499,-0.48772633765800383,300124.SZ,-1.430309874250422,-1.046771354343455,1.258810628764778,1.4499665672010231,-1.3686553144893336,-0.31997588347588596,0.43469003835657305,1.38313301222222,1.6151805407889372,-0.0023135288264456246,0.008097130262307307,0.07460942929572575,0.011567202871723366,-0.2896739436531914
2023-06-06,56.94341278076172,0.6485120496451239,0.6653565184670752,0.6479505759185987,0.6628859826651253,-0.6125362445197514,300124.SZ,-0.7192638422508947,-1.1169874951296392,1.2588614973646304,1.449768896996103,-1.6345617465400026,-0.6996815783160957,0.6985418730630797,1.3762299159214375,1.6047149644465373,0.01098893098023856,-0.03181024915774401,-0.057258404357888336,-0.07287439299101814,-0.14677103702306757
2023-06-07,56.92369079589844,0.648287451586974,0.6555867385448994,0.6427849490942482,0.6479505759185987,-0.5498514188550859,300124.SZ,-0.008217810251367088,-1.16223496306165,1.2583510200471657,1.451425159446466,-1.638674326943077,-0.8653820619676738,0.8164323361195485,1.3710063313672713,1.5939558939935115,-0.0769229581221722,-0.05031803850880425,-0.026604919613367545,-0.0011567644132228123,0.10021253811879602
2023-06-08,56.57858276367188,0.6443570926635984,0.6510948630572992,0.6351487864679477,0.6404266909025236,-0.6563787522712462,300124.SZ,0.7028282217481605,-1.214775153912285,1.2562066890314254,1.4563726115483617,-1.7118109532885781,-1.0384642685463408,0.9866391001527264,1.3657258181686416,1.58323977762789,-0.038750835637080476,-0.02313484700395149,-0.0393291075285661,-0.02024282565576827,-0.12268771856638108
2023-06-09,56.24332809448242,0.6405390113504482,0.6457046381747987,0.6160583799021964,0.620999408668397,0.328603409811934,300124.SZ,1.413874253747688,-1.2716009866024185,1.251602328961373,1.4652537861625294,-1.7828857209398392,-1.3616550507983662,1.3777714715500953,1.3594347495894827,1.5719223559221178,-0.1000578051261237,-0.027761684026590357,-0.09832276882141526,-0.01966455376428305,1.3151389012387464
2023-06-12,58.30730438232422,0.6598539731366501,0.6674901357629505,0.6288601693528475,0.636496331979148,-0.12402434716031434,300124.SZ,-1.430309874250422,-1.160276494233904,1.2495851837143288,1.473923679665422,-1.1948635316764318,-0.5459039029706944,0.530418265460949,1.3561611109186464,1.5628025587182857,0.07981497947035501,0.11220350051958383,0.06593402714193365,0.0994793126043857,-0.578599833089139
2023-06-13,58.585147857666016,0.6629983031130499,0.6669286620364254,0.6528916046847993,0.6614261595436997,-0.47828619736914374,300124.SZ,-0.7192638422508947,-1.0379150803871109,1.249182673786581,1.479693530505155,-1.1049226182588496,-0.10571566004234258,0.530418265460949,1.3530867415067958,1.5546634609479066,0.12839798167445124,-0.0028918007179304303,0.12377092402156,0.016194481154866994,-0.4490241218297417
2023-06-14,58.59506988525391,0.6631105807232751,0.6699606715649006,0.6550252648183742,0.6636720544498003,-0.40263015738713065,300124.SZ,-0.008217810251367088,-0.9306956475164521,1.2495624862576893,1.480862759552009,-1.1016458021386881,0.036628271415291305,0.41661922120550654,1.3491726135068705,1.5469037600015403,0.011567202871722955,0.015615988633129397,0.010989151610490527,0.0005782718914852167,0.11729929486583437
2023-06-15,62.4451789855957,0.7066816187372783,0.7115103698932536,0.6634474992293498,0.6670409824843501,0.6126834908893192,300124.SZ,0.7028282217481605,-0.5155754776122735,1.2810718616009222,1.4613811143153443,-0.0022984962666421772,1.575753338682868,-0.9323865967966624,1.3534141042879728,1.5432744536476455,0.017351245568090215,0.21399656258066793,0.04337767265971976,0.22440722166942087,1.3550940445029682
2023-06-16,63.06040191650391,0.7136439871891289,0.7243121593439047,0.7017405899710777,0.7072430924638035,0.13142908544167003,300124.SZ,1.413874253747688,-0.134344531969395,1.313474097925128,1.4472159787057706,0.145638057789808,2.1257652498684734,-1.2675549934909567,1.360231804907294,1.5402965611846882,0.20705597610133106,0.06593402714193365,0.19722380953431573,0.035858814288897665,-0.6163092230518028
2023-06-19,63.3481674194336,0.7169005947757541,0.7273441260346803,0.7074676905219534,0.7136439871891289,-0.22236642484112934,300124.SZ,-1.430309874250422,0.18861980083733412,1.340729378319123,1.4316901050302222,0.21445427743137005,1.9400288721132226,-1.187345757703267,1.3680742917108775,1.5367817890512647,0.032967013570966826,0.015615768002877018,0.02949672033129839,0.016772753046352208,-0.4484098202938515
2023-06-20,63.95346450805664,0.72375064277968,0.73161144630183,0.7097136282657535,0.7119595660095535,-0.25856198197833613,300124.SZ,-0.7192638422508947,0.488794264642205,1.3697648870340813,1.41569748153516,0.3583626767286577,1.8004032846681888,-1.0737416364348602,1.3775678286536117,1.5339399051217695,-0.008675402153792524,0.021978303220981054,0.011567423501975744,0.03528032176716007,-0.03004088354659427
2023-06-21,62.78255844116211,0.7104997000504285,0.7297024270641046,0.7100505039341286,0.7284671591631295,-0.08396042181678863,300124.SZ,-0.008217810251367088,0.619226902157457,1.385763264951106,1.4111559424955067,0.03527981785049148,1.4320137752752704,-1.0737416364348602,1.3857803815086351,1.5305539843277147,0.08502030901473148,-0.009832166567015336,0.001735036304708029,-0.0682473353381269,0.24763852087459792
2023-06-26,63.11001586914063,0.7142054609156541,0.7297024270641046,0.7064570206791283,0.7130825134626038,0.16005662153332828,300124.SZ,-1.430309874250422,0.7404265671539141,1.4032837971231176,1.4074169073604597,0.11581626407054309,1.2697282512144858,-1.1787516011428287,1.3953877865993607,1.5266168667442959,-0.0792367075788698,0.0,-0.01850778935106024,0.019086061242545044,0.3390783388209373
2023-06-27,62.77263641357422,0.7103873796025039,0.7194834081879293,0.7008421977384779,0.7094890302076035,-0.38320098857143753,300124.SZ,-0.7192638422508947,0.7974402030497663,1.4169094928135915,1.4069374678605715,0.022803746782875365,0.9665225014592922,-1.2049273049426308,1.4053225544712635,1.5220068609569493,-0.01850778935106024,-0.052631787965502254,-0.02891844843981317,-0.01966455376428264,-0.6979849744188981
2023-06-28,62.77263641357422,0.7103873796025039,0.7118472455616288,0.6996069298375029,0.7076922885801034,-0.7317096515903376,300124.SZ,-0.008217810251367088,0.8317162233169888,1.429161030234813,1.4070494671649263,0.02280374678287454,0.789098150585872,-1.1687423467612004,1.4136774370817442,1.5172107353546425,-0.00925389467553012,-0.0393291075285661,-0.006362093957599278,0.0,-0.441445547640043
2023-06-29,63.506935119628906,0.7186973364032542,0.7281301978193555,0.7015159919129278,0.7094890302076035,-0.2713243333624881,300124.SZ,0.7028282217481605,0.9091645234461339,1.4448401275070444,1.4050929293700312,0.21340716232184384,0.9337131017611445,-0.9059269394575293,1.422373918706667,1.513080343492882,0.00925389467553012,0.08386332397125629,0.009832387197267716,0.04279940076823454,0.6240965329670136
2023-06-30,63.71531677246094,0.7210555517572795,0.7299269822845551,0.7042110829353283,0.7130825134626038,-0.18103430070022705,300124.SZ,1.413874253747688,0.9755951525767694,1.4608664079352796,1.4099659630714978,0.266915833923635,0.889685426193826,-0.8558846740139507,1.4302164055102504,1.5083128493976594,0.01850778935106024,0.009254115305782499,0.01388073169816899,0.01214569539346096,0.13657640085204306
2023-07-03,64.2015380859375,0.7265580542500053,0.743177967851506,0.7209432313093549,0.7209432313093549,-0.004058162215477078,300124.SZ,-1.430309874250422,1.0558603336453143,1.478360266760395,1.4140001616264974,0.3918022964227588,1.0607842924969495,-0.49719183352763596,1.4380873593508317,1.5043041434890405,0.04048565131153654,0.06824755596837927,0.08617685279770192,0.028339955918075574,0.2507665119163532
2023-07-04,65.59075164794922,0.7422795756189062,0.7586748483245576,0.7163391210492289,0.7276810873784545,0.04541838731292771,300124.SZ,-0.7192638422508947,1.2215274233389926,1.503000040145889,1.4188111092144833,0.7289839720189647,1.1359733448496878,-0.11139347934493304,1.449032682603264,1.5010828654662431,0.03470249113617961,0.07981475884010264,-0.023712898265184326,0.08097174388357783,0.08281350392920853
2023-07-05,69.95685577392578,0.7916900346317097,0.8505333550606144,0.7876473552604095,0.7888826231613845,2.0257317708157783,300124.SZ,-0.008217810251367088,1.7010430656515758,1.5670757232483086,1.3969083565548368,1.576240020883716,2.2657324805614882,1.50750681219343,1.4635505402707112,1.5016626937626916,0.31521091148976166,0.4731058341257637,0.3672642069335263,0.25448243452245684,2.6262715405619175
2023-07-06,67.3669662475586,0.7623806520274826,0.7860752116910593,0.7603593123418325,0.7767545850474838,0.47748150944168205,300124.SZ,0.7028282217481605,1.8395628899029346,1.5911869633081948,1.4154706187223471,0.8451071986144607,1.2827352551635471,0.7447213051210066,1.4739834677162462,1.5006104087347498,-0.06246395453251759,-0.3319836645361139,-0.1405436770679122,-0.15095433615666512,-2.021844448534162
2023-07-07,66.69220733642578,0.7547444894011821,0.7719258338915086,0.751038685698257,0.7546321689532574,-0.21492758610012677,300124.SZ,1.413874253747688,1.8694203692275713,1.6043654850256441,1.4437629194520558,0.6715395247018358,0.9828345935040252,0.5025347089365384,1.48396093342888,1.499672660657991,-0.11393875745454465,-0.07287461362127053,-0.048004730312611,-0.0393291075285661,-0.8944596519449506
2023-07-10,65.56098937988281,0.741942699950531,0.7577765417673566,0.7367770731261805,0.7547444894011821,-0.44213106091073784,300124.SZ,-1.430309874250422,1.7756500065143133,1.6034200474780576,1.4849141622439173,0.39047658808268126,0.683007527770835,0.14434999045931524,1.4926431788205377,1.4975036676631355,0.0005784925217375956,-0.07287417236076577,-0.07345266488250336,-0.06593402714193365,-0.28165231684771014
2023-07-11,68.011962890625,0.769679938985408,0.7732734222404083,0.7401460011607303,0.741942699950531,0.0016504393270588133,300124.SZ,-0.7192638422508947,1.8855097059802188,1.6089502005923164,1.5314501852445315,0.839648728842615,0.8638187928164577,0.3913601310197737,1.5049264256642085,1.4965301254237764,-0.06593402714193365,0.07981475884010264,0.017351245568089806,0.14285720589435782,0.6022246100978721
2023-07-12,67.55550384521484,0.7645143121610574,0.7776529772800836,0.7604716327897572,0.7694552980895586,-0.5597753100042568,300124.SZ,-0.008217810251367088,1.9106364148140444,1.613954369935551,1.5685544161367875,0.7277993359821685,0.8924771866837864,0.4595869771397996,1.516241814968081,1.4948121093859996,0.14170022085088263,0.02255635448221389,0.10468464214876215,-0.026604919613367545,-0.7219175506538932
2023-07-13,67.12881469726562,0.7596855610050821,0.7701291351017079,0.7521617188267062,0.7659741352824829,-0.3619240075422523,300124.SZ,0.7028282217481605,1.871578693612238,1.610824327944291,1.6118890458250557,0.6230569771749065,0.7280429898110323,0.24754772873577469,1.5264897148174281,1.4941320639879785,-0.017929296829322643,-0.038750615006828505,-0.04279918013798216,-0.024869883308659517,0.2782650051342821
2023-07-14,67.95242309570312,0.7690061876486576,0.7827062836565095,0.7590117239929328,0.7596855610050821,0.0775820500179236,300124.SZ,1.413874253747688,1.8871862963646093,1.6043442291657515,1.6629160859913803,0.7730046373624577,0.8213471090203098,0.4500105995594185,1.539854687348889,1.4941105896749873,-0.03238852104922923,0.06477704209845846,0.03528010113690769,0.048004730312611,0.5965926432495015
2023-07-17,67.3272705078125,0.7619314559111827,0.7685569915323577,0.7491296664605317,0.7623806520274826,-0.7177754419118293,300124.SZ,-1.430309874250422,1.8243490329134129,1.6112585465491271,1.6775120067622213,0.6163524334941363,0.620016388537236,0.19760292856740092,1.551895967092844,1.4942036468517559,0.01388073169816899,-0.07287417236076577,-0.05089631040028947,-0.036437527440887636,-1.030071797696481
2023-07-18,66.91050720214844,0.7572150252031321,0.765524939166183,0.7546321689532574,0.7633913647080071,-0.6603878417934579,300124.SZ,-0.7192638422508947,1.7181865993433936,1.6158159411677684,1.690068578890279,0.5124649882155351,0.5734223744422349,0.19760292856740064,1.56416497770325,1.4959359772777185,0.005205550174628845,-0.015616209263381777,0.028339955918075574,-0.02429139078692192,0.09323459433271002
2023-07-19,66.4937515258789,0.7524985944950815,0.7610330636785829,0.7508141304778065,0.7549691302970315,-0.7728577660532528,300124.SZ,-0.008217810251367088,1.579289772473111,1.6180480582643477,1.7020695896175626,0.4083664214285712,0.4635366037527648,0.09739889891034381,1.5755515373143827,1.4980477072584062,-0.04337767265971976,-0.02313484700395149,-0.01966433313403067,-0.02429139078692192,-0.1305157909201441
2023-07-20,65.98767852783203,0.7467714511065063,0.7591240444408575,0.7449746666413067,0.7569904699826816,-0.6768279970012715,300124.SZ,0.7028282217481605,1.408864096850662,1.6191212245432531,1.7102631061703142,0.2822144450713698,0.3517772546747299,-0.056457289977132535,1.5880055809505087,1.5008394826371143,0.010410659088752931,-0.009832166567015336,-0.030075433483288363,-0.029496940961550765,0.14413725653477683
2023-07-21,65.62052154541016,0.7426164512872815,0.7532846662797565,0.7398090398169562,0.7399213602648809,-0.7658229975439115,300124.SZ,1.413874253747688,1.2272903419726713,1.6153439791828046,1.7278556141395915,0.19074436957284194,0.22917164607114934,-0.1924503262468749,1.5999614595834704,1.504225400700458,-0.08791233036291471,-0.030074992222783602,-0.026604919613367545,-0.02139981069924346,-0.09959267906670212
2023-07-24,66.14644622802734,0.7485682355717059,0.7574395804235826,0.7372262692424804,0.7426164512872815,-0.711272560375222,300124.SZ,-1.430309874250422,1.1137001637199087,1.6125310174187797,1.7452433630967608,0.3048761320975467,0.2358461223546805,-0.11155886125247852,1.613169866126209,1.5082126295653748,0.01388073169816899,0.0213993694387387,-0.013302239176431394,0.030653926005025957,0.08949724854634919
2023-07-25,67.53565216064453,0.764289671265208,0.7885457474930093,0.7581134174357319,0.7635035994805329,-0.19944632956305494,300124.SZ,-0.7192638422508947,1.1268264977279858,1.6107712715851805,1.7694192963283382,0.5935509031659753,0.6309132833521129,0.44850708714790377,1.6288548397333762,1.5129371695731926,0.10757666349694538,0.16020845146244764,0.10757666349694538,0.08097130262307307,0.6918587592836651
2023-07-26,67.93257141113281,0.7687815467528082,0.7745086901413832,0.7581134174357319,0.761370025022357,-0.79102604183615,300124.SZ,-0.008217810251367088,1.1561411389411558,1.6070670568879843,1.7977101094683694,0.6729504417691673,0.5354661287144408,0.44850708714790477,1.6426610377644735,1.5182343806833654,-0.01098871034998577,-0.07229612109953293,0.0,0.02313484700395149,-0.7616388456028422
2023-07-27,68.07149505615234,0.7703536903221584,0.7869736039236591,0.7669848479630074,0.7748455658097585,-0.6768988014673466,300124.SZ,0.7028282217481605,1.17623974497578,1.6049446534209413,1.8213880193583136,0.7010816525803197,0.6774127067276878,0.657707835559138,1.6562679665365856,1.5235315917935388,0.0694040997513497,0.06419899083722562,0.04569120148616538,0.008097130262307307,0.16797674315196137
2023-07-28,69.07371520996094,0.7816956566513839,0.7845030681217091,0.7636159199284576,0.7637282403763823,-0.6746084784104284,300124.SZ,1.413874253747688,1.261048583615372,1.6070584101252765,1.8438039758608644,0.9013099125534304,0.7036703877226812,0.5607288816652809,1.6712982200109308,1.5291222997450489,-0.057258404357888745,-0.012724187915198555,-0.017351245568089806,0.05841538940136393,0.02065590219637261
2023-07-31,70.46292877197266,0.7974171780202849,0.8141493263943115,0.7801235130820336,0.7801235130820336,-0.39346545125077503,300124.SZ,-1.430309874250422,1.427937191349377,1.6218365893362243,1.8556190342836527,1.1614770897692324,1.1754624071209576,1.0307459062019269,1.6827986423405228,1.5370394862685797,0.08444181649299388,0.15268937246137315,0.08502030901473148,0.08097174388357783,0.3879837565272534
2023-08-01,69.46070861816406,0.7860752116910593,0.8029196805130105,0.7836046758891093,0.7984278050254104,-0.6811161394191911,300124.SZ,-0.7192638422508947,1.4573407861865428,1.6302411373714183,1.8637735438174718,0.8771074784731949,0.9404360241580394,1.0307459062019257,1.6919790527353447,1.5450855241314791,0.09427398306000923,-0.05783689687962634,0.017929296829322643,-0.05841538940136393,-0.36127838773143767
2023-08-02,69.7385482788086,0.7892194988297597,0.8015720921641108,0.7810219053146334,0.7821448527676838,-0.7604682134972304,300124.SZ,-0.008217810251367088,1.4856884478999997,1.6282686349816773,1.8650639662967485,0.9302552288064512,0.8744195079183981,0.9533001692169367,1.7011452268969016,1.5536398046963384,-0.08386332397125629,-0.0069405864793368735,-0.013302239176431394,0.016194260524614614,-0.08689021846439327
2023-08-03,71.05830383300781,0.8041549484139856,0.8062886085475603,0.7805727091983335,0.7805727091983335,-0.6745850589968664,300124.SZ,0.7028282217481605,1.599975173711939,1.6522593833361428,1.8541812176200536,1.1749658320365783,0.9801189622313604,1.0281511957289522,1.7113361981017852,1.563539867130476,-0.008097130262307307,0.02429183204742668,-0.0023135288264456246,0.07692317875242417,0.13077129630871076
2023-08-04,70.86976623535156,0.8020212882804107,0.8137001302780116,0.8004491447110605,0.8046041445302855,-0.6444381287069729,300124.SZ,1.413874253747688,1.6542183820785454,1.6706894461682222,1.852052538520354,1.1197951651084315,1.140263919288255,1.1450658653480452,1.722936246916572,1.573504352503587,0.12377092402156,0.03817212248509091,0.10237111332231653,-0.010989151610490527,0.05735093012071007
2023-08-07,70.36370086669922,0.7962942305672346,0.8084221830057363,0.7911285180674852,0.7973048575723601,-0.6942722510307832,300124.SZ,-1.430309874250422,1.634259992392594,1.6790070711410015,1.8646404764823141,0.9709500252207165,0.8937829619792683,0.8533618230165307,1.7333407181841731,1.583569060439694,-0.03759407122385807,-0.027183412135105143,-0.048004730312611,-0.02949649970104601,-0.048006730075739586
2023-08-08,69.27217102050781,0.7839415515574845,0.8086468239015857,0.781246460535084,0.7914654794112592,-0.3473570640285287,300124.SZ,-0.7192638422508947,1.5074571184076084,1.6828473781193556,1.866006864954591,0.6602308723329441,0.6442810893521812,0.5532579542988557,1.742663458334453,1.593254368821076,-0.030074992222783602,0.0011569850434751912,-0.05089631040028947,-0.06362093957599278,0.47462428751091346
2023-08-09,68.57756805419922,0.7760808337107334,0.7915777141837851,0.7737226183567082,0.7857383360226841,-0.6309108569434191,300124.SZ,-0.008217810251367088,1.3315668073159805,1.684353291553517,1.868994283927044,0.47034398073253497,0.2985983747638905,0.3302523564220337,1.7509898793374674,1.6016440093453888,-0.029496940961550765,-0.08791233036291471,-0.038750615006828505,-0.04048565131153654,-0.3558816183232359
2023-08-10,68.7760238647461,0.778326728616834,0.7821448527676838,0.7734979774608588,0.7760808337107334,-0.7531477008311633,300124.SZ,0.7028282217481605,1.1938694705471011,1.686027926363974,1.87468786768581,0.513173600797917,0.18128836229626646,0.3235411514655252,1.7585477012006046,1.6098188958169461,-0.049739766617319034,-0.04858278157384384,-0.0011569850434751912,0.011567202871723366,-0.14338158557650516
2023-08-11,66.97997283935547,0.7580010969878072,0.7804603887504089,0.7580010969878072,0.7784390490647588,-0.6467283152075439,300124.SZ,1.413874253747688,0.9209515268006353,1.6862591845514923,1.8699014881490628,0.04049777322173499,-0.2986915816818367,-0.13014117245837814,1.7632304229108753,1.6161182834042733,0.01214569539346096,-0.008675622784044903,-0.07981475884010264,-0.10468464214876215,0.15782331912778771
2023-08-14,66.79143524169922,0.7558674368542324,0.7619314559111827,0.7467714511065063,0.7557552020817065,-0.7671342115906876,300124.SZ,-1.430309874250422,0.6795674145378632,1.6868567518402202,1.8667148844225991,-0.006743192780747487,-0.7363536782131022,-0.4404505348009191,1.766945287081348,1.6219452169908197,-0.11683033754222312,-0.09543096810348442,-0.05783689687962634,-0.010989151610490527,-0.14096971002944353
2023-08-15,66.57312774658203,0.7533969010522824,0.7633913647080071,0.7493543073563811,0.7537338623960564,-0.6996705282740794,300124.SZ,-0.7192638422508947,0.4631519512506593,1.687464732668403,1.8644377768746678,-0.06236766247049275,-0.7546379935209045,-0.4088512584182506,1.7683543701207833,1.6281587018647603,-0.010410659088752931,0.007519079001074469,0.013302680436936151,-0.012724187915198555,0.10650764482428493
2023-08-16,66.31513214111328,0.7504772548094314,0.7602469918939078,0.7468837715544311,0.7493543073563811,-0.7652711050662979,300124.SZ,-0.008217810251367088,0.26544796747122884,1.6879215541090387,1.863074610357307,-0.1289868654199452,-0.8422288351594531,-0.47848055740571227,1.7631307909961493,1.6328331360525035,-0.02255635448221389,-0.01619470178511937,-0.012724187915198555,-0.015037275481139423,-0.06877560843007045
2023-08-17,67.92264556884766,0.7686692263048834,0.7840538720054092,0.7475575228911815,0.7523862740471567,-0.492755844485416,300124.SZ,0.7028282217481605,0.24058721715792122,1.685206117060223,1.875233095339114,0.25697972938829733,-0.2457884558433002,0.027512951012585968,1.7639278463139607,1.6384811070181822,0.015615768002877018,0.12261438023858956,0.003470072609416058,0.09369549053827163,0.37661854852166715
2023-08-18,67.39673614501953,0.7627175276958578,0.7725996709036579,0.7617069006907322,0.7670970827355332,-0.8407878575740648,300124.SZ,1.413874253747688,0.17310335283839623,1.6798381508562046,1.8897529343779278,0.1173364281237215,-0.3019489126301456,0.027512951012585714,1.76493840169449,1.6440073865692972,0.07576619370894898,-0.05899344066259678,0.07287461362127053,-0.0306534847445212,-0.4408176649135351
2023-08-21,65.54114532470703,0.7417181447300805,0.7620437763591074,0.7417181447300805,0.7512633265941064,-0.509083135872186,300124.SZ,-1.430309874250422,-0.038147694152730116,1.6828455011245693,1.8834286449830209,-0.3435470944271159,-1.0318081658517535,-0.5371099822479053,1.764909940087024,1.648359692408618,-0.08154979514481067,-0.054366824270210286,-0.10294960584405413,-0.10815471475817821,0.45458780409168564
2023-08-22,67.48604583740234,0.7637282403763823,0.7695676185374832,0.7467714511065063,0.7546321689532574,-0.3164777137698908,300124.SZ,-0.7192638422508947,-0.04196183255757966,1.682867057660522,1.8831730649762402,0.10485347660743954,-0.5433323333057445,-0.37464660182416315,1.7641555826099433,1.6541579944880793,0.01735080430758505,0.038750615006828505,0.02602642709162995,0.11336026493280706,0.2713546974763058
2023-08-23,66.13652038574219,0.7484559151237813,0.7692307428691081,0.7476698433391061,0.7669848479630074,-0.5867149413651115,300124.SZ,-0.008217810251367088,-0.15857831266826927,1.6855182517331975,1.8717347983333938,-0.2091566809123702,-0.7169293975497958,-0.374646601824163,1.76212023561562,1.6588252687510174,0.06362093957599278,-0.001735036304708029,0.004627057652891249,-0.0786582150571322,-0.3383399366613319
2023-08-24,65.65029907226562,0.7429534126310555,0.7580010969878072,0.73610332178943,0.7498034177972821,-0.6549900424973772,300124.SZ,0.7028282217481605,-0.29008391615814005,1.6890477230482084,1.856367266489027,-0.31810335712163235,-1.0552919494634896,-0.6968518417758119,1.7599994929398348,1.6629127147175076,-0.08849082288465229,-0.05783689687962634,-0.05957193318433437,-0.028339955918075574,-0.07229871318297734
2023-08-25,64.34046173095703,0.7281301978193555,0.7409320729454054,0.7211678722052043,0.7319483219702052,-0.40082338035600223,300124.SZ,1.413874253747688,-0.5005988394305966,1.6944162787726589,1.8281137612532294,-0.6012099451689874,-1.5283888004551467,-1.0889454843369706,1.7548186007968671,1.66702878946037,-0.0919604542335636,-0.08791188910240995,-0.07692317875242417,-0.07634512749119134,0.35244825648003103
2023-08-28,65.6701431274414,0.743177967851506,0.7678831545202084,0.7376754653587803,0.7636159199284576,-0.24888163907457508,300124.SZ,-1.430309874250422,-0.5499898142234145,1.6828277513452545,1.8193929746170898,-0.29326394427152086,-0.7765998622110196,-0.4865854691837002,1.7524416602176331,1.6718893407323616,0.1631000315501261,0.1388081995026994,0.08502030901473148,0.07750167127416177,0.2177891325548978
2023-08-29,66.4937515258789,0.7524985944950815,0.7703536903221584,0.7270072503663052,0.7389107332597553,0.14358580942554583,300124.SZ,-0.7192638422508947,-0.5148818431125933,1.6749626339314658,1.814801943484323,-0.1115098989342883,-0.7421860513231433,-0.7581189582899858,1.7518438687292746,1.6777592256756009,-0.12724099663097604,0.012724187915198555,-0.054945316791947876,0.048004730312611,0.5346294953849811
2023-08-30,67.3868179321289,0.762605292923332,0.7722627095598837,0.7523862740471567,0.7526108292676073,-0.48816195240589133,300124.SZ,-0.008217810251367088,-0.40816516635535166,1.664931448958274,1.8155985116044042,0.07948738818879252,-0.30344276982428076,-0.7163917769937449,1.753124858246518,1.6841302015881285,0.07056064353432014,0.009832166567015336,0.13071151050089685,0.052053295443764656,-0.81455152401634
2023-08-31,67.75395965576172,0.7667602070671581,0.7748455658097585,0.7591240444408575,0.7591240444408575,-0.6866799229554152,300124.SZ,0.7028282217481605,-0.290520768778281,1.6424676305028536,1.8264947697222567,0.15690194832802976,-0.1605438456102133,-0.6588659321238062,1.7556583648144732,1.691667991287646,0.033545506092704416,0.013302680436936151,0.03470204987567485,0.0213993694387387,-0.24386539717436728
2023-09-01,67.67457580566406,0.7658618148345583,0.776305388931184,0.764289671265208,0.7725996709036579,-0.9092215689037197,300124.SZ,1.413874253747688,-0.202979115755294,1.6183809790683237,1.839793740331905,0.13762888621738206,-0.11826753605261398,-0.6256956664464217,1.7586046352746,1.6991628296304704,0.06940454101185446,0.007518637740569711,0.026604919613367545,-0.004627057652891249,-0.27551137014698196
2023-09-04,68.44857025146484,0.774621010589308,0.7804603887504089,0.7608085084581324,0.7697922594333326,-0.7116299283361065,300124.SZ,-1.430309874250422,-0.06868900780193951,1.6008014405393587,1.8514359325357739,0.30464191651915323,-0.02358601408317539,-0.5299629805685385,1.761906735552902,1.7074665701721075,-0.014459224219906586,0.02139981069924346,-0.017929296829322643,0.04511315022493254,0.2779229570023655
2023-09-05,69.21263885498047,0.7832678002207341,0.7859628912431346,0.7693430633170327,0.7693430633170327,-0.7092737168416159,300124.SZ,-0.7192638422508947,0.09986678035800964,1.600247128239774,1.8518069870386866,0.4649876133521137,0.2611098073867057,-0.40331323122808493,1.7643121485986655,1.716564890332237,-0.0023135288264456246,0.028339955918075574,0.043956165181457355,0.04453421644269019,0.020742695898002775
2023-09-06,69.490478515625,0.7864120873594345,0.7923637859684601,0.7794497617452832,0.7804603887504089,-0.7051081337453982,300124.SZ,-0.008217810251367088,0.2527066049976339,1.6078858559305578,1.8471231479119798,0.5228235222958878,0.4757229496471252,-0.2574126170876738,1.7665467594224422,1.724632402508128,0.057258404357888745,0.032967013570966826,0.052053295443764656,0.016194260524614614,0.023126149880592764
2023-09-07,68.76610565185547,0.7782144938443083,0.7887703027134598,0.7772037811637837,0.7864120873594345,-0.7982523306225798,300124.SZ,0.7028282217481605,0.30772056700789524,1.6078136006233787,1.8471614978784783,0.330344970674992,0.2819305117001406,-0.3257620102983223,1.767543089428771,1.7319769179293036,0.0306534847445212,-0.01850778935106024,-0.011567644132228123,-0.04222068761624456,-0.1050583437862497
2023-09-08,69.56986236572266,0.7873104795920343,0.7888826231613845,0.7739471735771587,0.7748455658097585,-0.725015796002031,300124.SZ,1.413874253747688,0.41319360500429547,1.621711356785979,1.8429540494254362,0.502842261276084,0.3411452517628688,-0.4261595370074195,1.768254749065121,1.7398941044528342,-0.05957193318433437,0.0005784925217375956,-0.016772753046352208,0.046847745269135814,0.1141121222119831
2023-09-11,68.8653335571289,0.7793374412973586,0.7854014603543089,0.7686692263048834,0.7804603887504089,-0.6633537091004701,300124.SZ,-1.430309874250422,0.43092648775582865,1.629101495598051,1.8439524382842203,0.3152077245222691,0.17064046626465015,-0.5889961538944345,1.765963204167349,1.7445255872838836,0.02891844843981317,-0.017929296829322643,-0.027183412135105143,-0.04106414383327413,0.09886530199784449
2023-09-12,68.94471740722656,0.7802358335299584,0.7818079770993086,0.7757439580423583,0.7773161016117085,-0.9076597056814741,300124.SZ,-0.7192638422508947,0.4452393000425945,1.6362548973636288,1.846609909620296,0.33290662159133577,0.2524690171740467,-0.588996153894434,1.765223082923533,1.7487705188275375,-0.016194260524614614,-0.01850778935106024,0.036437527440887636,0.004627057652891249,-0.30418117359944935
2023-09-13,68.76610565185547,0.7782144938443083,0.7822571732156085,0.7723750300078085,0.7748455658097585,-0.736198600116962,300124.SZ,-0.008217810251367088,0.43514434910664057,1.6413047874880446,1.8520933398840334,0.28387498280548573,0.21444016701653862,-0.6964567338557746,1.7638282361173625,1.7526790049038719,-0.012724187915198555,0.0023135288264456246,-0.017351245568089806,-0.010410659088752931,0.2435016542357592
2023-09-14,68.71649169921875,0.7776529772800836,0.7801235130820336,0.7738349388046328,0.775856192814884,-0.8197659638016362,300124.SZ,0.7028282217481605,0.4168237884658879,1.6444728692922221,1.852079112206256,0.26992441879009804,0.24248424741148633,-0.6964567338557743,1.7604692017650652,1.756115036979424,0.005205108914124087,-0.010989151610490527,0.007519079001074469,-0.0028920213481832204,-0.09244294671055019
2023-09-15,68.9744873046875,0.7805727091983335,0.7883211065971599,0.7725996709036579,0.7816956566513839,-0.6266403985724748,300124.SZ,1.413874253747688,0.4179799109410477,1.6498890283879972,1.8530793095502827,0.33276187487849673,0.4564818542381644,-0.46994238870307053,1.7577506676009218,1.7605818770392159,0.030075433483288363,0.04222068761624456,-0.006362093957599278,0.015037716741644181,0.27203987304005567
2023-09-18,68.03179931640625,0.7699044942058585,0.7888826231613845,0.7699044942058585,0.7804603887504089,-0.7331003414312424,300124.SZ,-1.430309874250422,0.3340219226122421,1.648137635908052,1.8666922803750416,0.06232241523746074,0.31955250544017083,-0.5621399967512134,1.7544058586228248,1.7641324406045282,-0.006362093957599278,0.0028920213481832204,-0.013881172958673747,-0.054945316791947876,-0.12259894614823708
2023-09-19,67.87303924560547,0.7681077954160578,0.7751824414781336,0.7603593123418325,0.7708028864384583,-0.711209334786422,300124.SZ,-0.7192638422508947,0.2498608091678048,1.648742141786266,1.8677833625873557,0.017545602462624942,-0.047141983229862044,-0.8823586238551753,1.7523989840950311,1.7678118582399205,-0.049739766617319034,-0.0705610847948249,-0.049161274095581436,-0.00925367404527774,0.04647554439396096
2023-09-20,67.2975082397461,0.7615945802428075,0.7741718144730081,0.7610330636785829,0.7734979774608588,-0.7280955513026915,300124.SZ,-0.008217810251367088,0.13166350848125846,1.6471693340133444,1.8750125036622798,-0.14465242067205594,-0.14132638146932716,-0.882358623855176,1.7505629009301604,1.7710760876194114,0.01388073169816899,-0.005205108914124087,0.003470072609416058,-0.033545506092704416,-0.004605022411032764
2023-09-21,66.90058135986328,0.7571027047552074,0.7636159199284576,0.7546321689532574,0.7580010969878072,-0.7678097558407815,300124.SZ,0.7028282217481605,0.00307625258961886,1.6433736597775472,1.885253127193124,-0.25513887167617877,-0.49682648770369753,-1.096492568759793,1.7478728283734823,1.7735242576059957,-0.07981475884010264,-0.054366824270210286,-0.032967013570966826,-0.02313484700395149,-0.03467593703862418
2023-09-22,67.60511779785156,0.7650757430498831,0.7663110109508582,0.7454238627576066,0.7636159199284576,-0.7122509866036276,300124.SZ,1.413874253747688,-0.04012016646476191,1.62606797368867,1.920631136955736,-0.05930006463059509,-0.45093988469497154,-1.1536928010588108,1.7487695156060203,1.776330347372891,0.02891844843981317,0.01388073169816899,-0.04742623779087341,0.04106414383327413,0.09082550697709971
2023-09-25,68.03179931640625,0.7699044942058585,0.7815833362034592,0.7610330636785829,0.7798988721861843,-0.7073778367938741,300124.SZ,-1.430309874250422,-0.03914634040475742,1.6169324325586456,1.942271170167126,0.05686570127057776,0.16382665235618954,-0.9208795324791871,1.7505486646968955,1.779093488513804,0.08386332397125629,0.0786582150571322,0.08039325136184024,0.024869883308659517,0.02405821530027503
2023-09-26,68.26995849609375,0.7725996709036579,0.7768669054954086,0.7638404751489082,0.7645143121610574,-0.8040142574187364,300124.SZ,-0.7192638422508947,-0.01933585510598253,1.612195286392737,1.9560540872685048,0.12179574912750633,0.15540367006829464,-0.9208795324791875,1.7529825502091891,1.7810262586043355,-0.07923626631836504,-0.02429139078692192,0.014459224219906586,0.013881172958673747,-0.10965858985596783
2023-09-27,68.05165100097656,0.7701291351017079,0.7765300298270333,0.7628298481437825,0.7748455658097585,-0.6877865755939357,300124.SZ,-0.008217810251367088,-0.02314696680344062,1.611177238342768,1.9603309715576587,0.054468816837172196,0.059540883269366275,-0.9552652228658637,1.7554733589364144,1.7796518479586838,0.05320983922673509,-0.001735036304708029,-0.005205108914124087,-0.012724187915198555,0.17074361842993932
2023-09-28,65.97775268554688,0.7466591306585817,0.7748455658097585,0.7267826951458547,0.7713644030026828,-0.04601769449404996,300124.SZ,0.7028282217481605,-0.20052346963611095,1.6209119126131433,1.9407099582154506,-0.5362309120479652,-1.0394075459753611,-0.5121584899724889,1.75268365446501,1.7786496714815287,-0.017929296829322643,-0.008675622784044903,-0.18565638603233997,-0.12087934393388153,0.8630299697972647
2023-10-09,67.34712219238281,0.7621560968070321,0.7666478866192333,0.7413811833863064,0.7445255562004057,-0.5113617833614101,300124.SZ,-1.430309874250422,-0.22405319865129086,1.6214042951952243,1.9386140209353664,-0.1532749430262916,-0.6070424396545372,-0.5121584899724887,1.7526124950168134,1.7791221282130218,-0.13823014824146657,-0.04222112887674932,0.0751877011872114,0.0798152001006074,-0.5953508376204412
2023-10-10,65.71975708007812,0.7437394844157306,0.7748455658097585,0.7437394844157306,0.7532846662797565,-0.6708901173516186,300124.SZ,-0.7192638422508947,-0.37726492584116567,1.6287041366294195,1.9174133342257909,-0.5704842065929683,-0.7688729766031969,-0.7810895100800452,1.752868692920262,1.779236665164204,0.04511270896442778,0.04222112887674932,0.012146136653965718,-0.09485247558174682,-0.19250502186598345
2023-10-11,66.34490203857422,0.7508141304778065,0.7555305611858572,0.7389107332597553,0.7440763600841058,-0.5320676857461861,300124.SZ,-0.008217810251367088,-0.44205516582336135,1.625977818264702,1.9072800052104617,-0.40054987835880707,-1.0202141461015084,-0.6460708239499657,1.751231873584844,1.7780340544839033,-0.04742623779087341,-0.09947953323463807,-0.024869883308659517,0.03643708618038288,0.20050729234792597
2023-10-12,65.68997955322266,0.7434025230719565,0.7548568098491067,0.7400336807128056,0.7501403791410561,-0.7480812555118065,300124.SZ,0.7028282217481605,-0.5438262902998994,1.6225164022944023,1.8936735296646414,-0.5630699320608352,-1.0949534039455013,-0.6460708239499661,1.7505913733966905,1.7766882726146243,0.031231977266258794,-0.003470072609416058,0.005783601435861683,-0.03817256374559567,-0.2669120480611167
2023-10-13,65.2037582397461,0.7379000205792308,0.743177967851506,0.7302638579529303,0.7411566281658559,-0.714743822723592,300124.SZ,1.413874253747688,-0.6593106268099239,1.6241838650237337,1.8751815150576125,-0.6816379981314603,-1.4942955478846722,-0.37176493696021745,1.749950873208537,1.7752995421193631,-0.04626969400790298,-0.060150425706071965,-0.05031825913905663,-0.028339955918075574,0.06155372399612385
2023-10-16,65.30298614501953,0.7390229680322811,0.7457608241013808,0.7341942168763058,0.7376754653587803,-0.726562160078858,300124.SZ,-1.430309874250422,-0.7352873624763433,1.6166257211181556,1.8641948813020794,-0.6528937404475508,-1.426726823258627,-0.4633792667337383,1.7513314946405063,1.7733882463418225,-0.017929296829322643,0.013302680436936151,0.02024282565576827,0.005783601435861683,0.002070807340052501
2023-10-17,64.62822723388672,0.7313868054059806,0.7389107332597553,0.7304884988487796,0.7355418052252055,-0.6846463941095948,300124.SZ,-0.7192638422508947,-0.8441397206669918,1.6154563476252322,1.8458831521911065,-0.819917228937679,-1.6245219556729034,-0.35818137971248326,1.7498370050605456,1.771441161863104,-0.010989151610490527,-0.03528054239741245,-0.019085840612293077,-0.0393291075285661,0.07285381424007258
2023-10-18,64.2412338256836,0.7270072503663052,0.7332959103191049,0.7162268006013043,0.7332959103191049,-0.5504136896150943,300124.SZ,-0.008217810251367088,-0.9534555779475056,1.6126929730034547,1.8272675874733182,-0.9141833627773596,-1.8371240840724397,0.028056068048113253,1.7466060642304402,1.7695155516973768,-0.011567202871723366,-0.02891844843981317,-0.07345310614300771,-0.02255635448221389,0.1944613240398625
2023-10-19,63.14970779418945,0.714654657031954,0.7282425182672801,0.7097136282657535,0.7265580542500053,-0.6697699456347155,300124.SZ,0.7028282217481605,-1.120777594938647,1.614526690523954,1.7990420165495804,-1.1706573501752808,-1.885927682723345,0.19429910650505267,1.7405284848549345,1.7671031704119702,-0.03470249113617961,-0.02602686835213471,-0.03354528546245245,-0.06362049831548802,-0.13958703689456217
2023-10-20,62.0681037902832,0.7024143413078281,0.7145423794217287,0.7007299201282526,0.7130825134626038,-0.5282292916580995,300124.SZ,1.413874253747688,-1.3308099483938947,1.619136363899052,1.7627808847065567,-1.4081010915433285,-2.0091224967897308,0.4157213131198816,1.7323728660739068,1.7642756036013727,-0.0694040997513497,-0.07056086416457252,-0.0462694733776506,-0.06304222642400281,0.20408795976305388
2023-10-23,61.720802307128906,0.6984839823844526,0.7058955469526031,0.6869174179970771,0.7024143413078281,-0.5000151799078926,300124.SZ,-1.430309874250422,-1.5105340240808776,1.6174438330478602,1.7310708550548095,-1.4819046504149267,-2.0019820089551854,0.7342929030578743,1.7238329558672385,1.761462356640384,-0.054945096161695496,-0.044534437072942565,-0.0711395773165625,-0.02024282565576827,0.054804861617345636
2023-10-24,61.68111038208008,0.6980347862681527,0.704098805325103,0.6850083987593517,0.6880404082878269,-0.26544203214618645,300124.SZ,-0.7192638422508947,-1.6387523254744667,1.617051323485113,1.7020357842357938,-1.4904743769315214,-1.7886555520086462,0.7768160747855869,1.7141259134322542,1.7582410758868756,-0.07403115740424096,-0.00925389467553012,-0.009832166567015336,-0.0023135288264456246,0.3266380581567133
2023-10-25,61.98872375488281,0.7015159919129278,0.7098259058759787,0.6948904991294522,0.6962380446406525,-0.6056262885118423,300124.SZ,-0.008217810251367088,-1.696126013174602,1.6118213360417581,1.6808177645151066,-1.384494449932685,-1.4510085305334444,0.5461683893537732,1.7037641508644479,1.7542395353644837,0.04222090824649694,0.02949672033129839,0.05089653103054185,0.017929517459575023,-0.4304799504285944
2023-10-26,62.147491455078125,0.7033127335404279,0.706344743068903,0.6941044273447772,0.6946659010713023,-0.6520728575281776,300124.SZ,0.7028282217481605,-1.709782265486437,1.6064258461829213,1.6632032905484548,-1.3291951622139682,-1.3442303113776366,0.5650394728763253,1.6932315915041862,1.75006619214603,-0.008097130262307307,-0.017929296829322643,-0.0040485651311536535,0.00925389467553012,-0.0435443645703728
2023-10-27,60.90711975097656,0.6892756761888018,0.7108365757188038,0.6872543365031517,0.6971364368732523,-0.0867108714859348,300124.SZ,1.413874253747688,-1.80597962600651,1.6056243119977516,1.6363050593389206,-1.6106919888673543,-1.3483284623542076,0.7292890934114559,1.6819589000410444,1.7448978323752256,0.012724187915198555,0.023134626373699108,-0.03528054239741245,-0.07229612109953293,0.7623804856621975
2023-10-30,60.60943222045898,0.6859067909919515,0.6912970158744519,0.6724312073668506,0.6850083987593517,-0.06784417826477104,300124.SZ,-1.430309874250422,-1.8869546628121208,1.5978813565826129,1.6128613215030931,-1.675415683180108,-1.4845254245265167,1.0623903316496377,1.669106328746013,1.738791721796951,-0.06246395453251759,-0.1006360770176085,-0.07634468623068658,-0.017351024937837425,0.04249166851830658
2023-10-31,59.97436141967773,0.6787197816442513,0.690061747973477,0.6726558054250005,0.6868051403868518,-0.4228148241942619,300124.SZ,-0.7192638422508947,-1.9832812134293978,1.585180925782309,1.5902779113930514,-1.8117336120953416,-1.4033676555502457,1.0623903316496388,1.656353383936176,1.7312252951289266,0.00925389467553012,-0.006362093957599278,0.0011567644132228123,-0.03701579933237327,-0.4499578061992989
2023-11-01,59.24998474121094,0.6705221452914257,0.6786075040340261,0.6673778581527253,0.6786075040340261,-0.5379970306241327,300124.SZ,-0.008217810251367088,-2.0980020462280553,1.5682189838962302,1.5682026363759782,-1.9619586659358301,-1.4373748372374613,1.1781958042332772,1.6424475485608196,1.72385930539476,-0.04222090824649694,-0.05899366129284915,-0.027183412135105143,-0.04222090824649653,-0.13408863341087637
2023-11-02,59.63697814941406,0.6749017003311011,0.6868051403868518,0.6737787528780509,0.6742279489943508,-0.5201857131330782,300124.SZ,0.7028282217481605,-2.132931979104833,1.5451701467992316,1.5560491652403299,-1.815324851040899,-1.2032623235131197,0.820085655383701,1.62935300473654,1.716572058449175,-0.02255635448221389,0.04222090824649694,0.032967013570966826,0.02255635448221348,0.041101440284008715
2023-11-03,61.98872375488281,0.7015159919129278,0.7073554129117281,0.6778214322493511,0.688601882014352,-0.05599586679127265,300124.SZ,1.413874253747688,-1.9407240620091772,1.5310919025524705,1.5539696666715335,-1.009517460344083,-0.8119934956220108,0.005132340187559997,1.619702901805084,1.7100292853020078,0.07403115740424096,0.10584162719223734,0.020821318177505863,0.13707360445849656,0.6291081721882927
2023-11-06,63.24893951416016,0.7157776473227038,0.7216170683215042,0.6966872407569524,0.7036496092088032,-0.17876302725375715,300124.SZ,-1.430309874250422,-1.6639859955121872,1.504902238159095,1.5655317483119406,-0.6339284449375453,-0.46950651812186156,-0.496403467427235,1.6114903489500603,1.704531639988688,0.0775014506439094,0.07345288551275574,0.09716600440819244,0.07345288551275574,-0.1440801624475533
2023-11-07,63.70539093017578,0.7209432313093549,0.72375064277968,0.7108365757188038,0.7153284512064039,-0.6384084149137607,300124.SZ,-0.7192638422508947,-1.3913578101830428,1.4930600511990273,1.5700107191058617,-0.5039527346627285,-0.2954197478831161,-0.5687225576696169,1.605284676052363,1.699728351730866,0.060150425706071965,0.01098871034998577,0.07287439299101814,0.026604698983115165,-0.5878440368751993
2023-11-08,62.31618118286133,0.7052217527781534,0.7201571595246797,0.7018528675813029,0.7186973364032542,-0.6135729120302805,300124.SZ,-0.008217810251367088,-1.2793281339770701,1.4702065370720618,1.5779981056971708,-0.843043939252025,-0.46187942326147935,-0.32258865974602835,1.5973140848675231,1.6947103176124219,0.017351024937837425,-0.01850778935106024,-0.0462694733776506,-0.08097152325332545,0.05035427846940222
2023-11-09,62.50471878051758,0.7073554129117281,0.7094890302076035,0.701179073406853,0.7024143413078281,-0.7405851996612851,300124.SZ,0.7028282217481605,-1.1625223095651789,1.451418797183318,1.5851530160896095,-0.7877969768825472,-0.4969738067687266,-0.3042779841325493,1.590439455603738,1.6903293802660169,-0.08386354460150867,-0.05494487553144312,-0.003470293239668848,0.010989151610490527,-0.14967219519900804
2023-11-10,61.5620346069336,0.6966872407569524,0.706344743068903,0.6947781786815276,0.6997192502854276,-0.7499585638963154,300124.SZ,1.413874253747688,-1.1378598193452232,1.4336483963613995,1.5889996076967778,-1.009527890264715,-0.6150930608304356,-0.12994546802260235,1.5827820018258747,1.6851252290633234,-0.01388073169816899,-0.016194260524614614,-0.03296701357096641,-0.054945096161695496,0.005291528232979482
2023-11-13,61.3834228515625,0.6946659010713023,0.7002807240119527,0.688377283956202,0.6952273747978275,-0.7406768972484972,300124.SZ,-1.430309874250422,-1.1218050326481948,1.4117632362047423,1.5963627081081184,-1.0508016529527147,-0.694072692566538,0.040306267234619865,1.5738577947640335,1.6810878943783318,-0.02313484700395149,-0.031231977266258794,-0.032967013570966826,-0.010410659088752931,0.029865478443440615
2023-11-14,60.64912033081055,0.6863559442705519,0.6984839823844526,0.6826501834053263,0.6916338915428272,-0.7249549601493088,300124.SZ,-0.7192638422508947,-1.1591247992680325,1.3941300792575628,1.5984821231402733,-1.2189870270597907,-0.7866274617773044,0.18947636933748488,1.5632683013297763,1.67665684848114,-0.01850778935106024,-0.00925389467553012,-0.02949672033129839,-0.04279940076823454,0.03834913555490546
2023-11-15,61.25442123413086,0.6932060351121774,0.6970241164253277,0.6877035326194516,0.6906232217000021,-0.7164083080408337,300124.SZ,-0.008217810251367088,-1.125864973314695,1.3772882759878347,1.6042854578816077,-1.0272928802843828,-0.6723523168348308,0.18947636933748413,1.553205429076617,1.6728199507300057,-0.005205329544376466,-0.007518858370822091,0.026026647721882328,0.03528054239741245,0.028897256476550757
2023-11-16,60.57966232299805,0.6855698724858769,0.7062324226209784,0.685345274427727,0.7062324226209784,-0.5593196897514898,300124.SZ,0.7028282217481605,-1.1446821039019879,1.369001588916393,1.6020302431287103,-1.183733232734316,-0.6550554872523953,-0.1737694106576021,1.5424878312611034,1.6686823962127295,0.08039325136184024,0.04742623779087341,-0.012145916023712929,-0.0393291075285661,0.22456902480627955
2023-11-17,60.92696762084961,0.6895002742469518,0.690061747973477,0.6806288437196762,0.6816395135625013,-0.7677320552791678,300124.SZ,1.413874253747688,-1.118655295272696,1.3664502516049266,1.5997110847027287,-1.072172934033858,-0.7912666695413041,-0.04168595915510057,1.5352431413754106,1.6636357305872005,-0.12666272473949083,-0.08328505207977108,-0.024291390786922332,0.020243046286020645,-0.2568991129094263
2023-11-20,61.63149642944336,0.6974733125416276,0.6998315278956528,0.6807411213299015,0.6878158102296769,-0.6306687425396559,300124.SZ,-1.430309874250422,-1.027932073487451,1.3661814032810327,1.599610397858445,-0.8495836858226993,-0.5847816433707335,-0.4166165234419814,1.5270448193241202,1.6594767044876444,0.03181024915774401,0.05031803850880425,0.0005782718914852167,0.04106414383327413,0.19819003542689018
2023-11-21,61.44295883178711,0.6953396524080527,0.7097136282657535,0.6948904991294522,0.7061201450107532,-0.5475579550021797,300124.SZ,-0.7192638422508947,-0.9622026389628496,1.365557537911533,1.5992331772728627,-0.8967977886416567,-0.3019176272652576,-0.7745385650735966,1.520910305874619,1.656520283606967,0.0942742036902616,0.05089653103054185,0.07287461362127053,-0.010989151610490527,0.1271193051574246
2023-11-22,60.29189300537109,0.6823132648992517,0.6961257670304273,0.6823132648992517,0.689837149915327,-0.798601778315321,300124.SZ,-0.008217810251367088,-0.9972578644975968,1.363450017980787,1.5938148380482633,-1.1761333890977905,-0.7646701076618226,-0.40513642215742623,1.5122280550534293,1.6513304440617493,-0.08386354460150867,-0.0699825922730873,-0.06477748335896322,-0.06709079155515646,-0.31305679646397555
2023-11-23,61.41318893432617,0.6950027767396775,0.6961257670304273,0.6802919680513011,0.6817517911727266,-0.7835736157385911,300124.SZ,0.7028282217481605,-0.9209385555478089,1.3606439952204612,1.5936826184370283,-0.8224788024083647,-0.5970661053121737,-0.34767771885316867,1.5060935524629921,1.6479230462239927,-0.041642636355011725,0.0,-0.010410438458500553,0.06535575525044843,0.037435238350486705
2023-11-24,62.0681037902832,0.7024143413078281,0.7088152360331537,0.6948904991294522,0.699382331779353,-0.5142997248953994,300124.SZ,1.413874253747688,-0.7972125994334986,1.3637863220242956,1.595403554480958,-0.6261246977447938,-0.008641314054309934,-0.800807290447701,1.5015958637784412,1.6453388622425233,0.09080391045059358,0.06535553462019605,0.07518792181746377,0.03817234311534329,0.37234874810976165
2023-11-27,63.308475494384766,0.7164513986594542,0.7299269822845551,0.7088152360331537,0.7299269822845551,-0.38297567059839227,300124.SZ,-1.430309874250422,-0.5888188397264394,1.3746340699976234,1.5952660224255117,-0.2742256114627469,0.9283751114363678,-1.0753771654536846,1.4987349944293082,1.6445943911748175,0.157316430114264,0.10873342791016818,0.07171762857779533,0.07229612109953293,0.19062980933577442
2023-11-28,64.2015380859375,0.7265580542500053,0.7292532309478047,0.7076922885801034,0.7130825134626038,-0.6191373100700674,300124.SZ,-0.7192638422508947,-0.3454946735263909,1.3904458853020643,1.5964263869679356,-0.03690115192065367,1.153627677308998,-1.1107933136169645,1.4981229667076845,1.6435349462220716,-0.08675534531943951,-0.003470072609416058,-0.005783601435861683,0.052053074813512276,-0.29345275254468334
2023-11-29,64.58853149414062,0.7309376092896807,0.7354294847772808,0.7226276953266297,0.7265580542500053,-0.626381214625299,300124.SZ,-0.008217810251367088,-0.11987661428398072,1.4030573252016378,1.6064867965421084,0.0633782276990565,1.6034158138186838,-0.9243466595520106,1.498621126281317,1.642160530114997,0.0694040997513497,0.03181002852749163,0.0769229581221718,0.02255635448221389,0.008096628716338601
2023-11-30,65.50144958496094,0.7412689486137806,0.7458730588739065,0.7275687669305297,0.7294777861682552,-0.42019266921340426,300124.SZ,0.7028282217481605,0.13325781443894147,1.4233790539872255,1.6099825405579553,0.2937553752948045,1.899593428057093,-0.6211395246965972,1.501994396866879,1.6408004338575315,0.015037716741644181,0.05378833174847269,0.02544837583039711,0.05321028048723985,0.28924751137775817
2023-12-01,65.18391418457031,0.7376754653587803,0.7405951116016313,0.7243121593439047,0.7362155565619559,-0.5005538946979916,300124.SZ,1.413874253747688,0.3022173238354753,1.4410740022717616,1.604150336988421,0.2008166381502105,1.4826507848335664,-0.7318072817945513,1.5064636239439644,1.638946412017005,0.03470204987567485,-0.027183412135105143,-0.016772753046352208,-0.01850778935106024,-0.08821955619506044
2023-12-04,64.80683898925781,0.7334081450916307,0.7418303795026063,0.7265580542500053,0.7355418052252055,-0.6889677197199084,300124.SZ,-1.430309874250422,0.39832540417896467,1.4506193685670496,1.6002346029777914,0.09032675250955459,1.2770262124220102,-0.6952527065218193,1.5108901423212546,1.636877636123722,-0.003470072609416058,0.006362093957599278,0.011567202871723366,-0.021978303220981054,-0.2305553806606473
2023-12-05,62.51464080810547,0.7074676905219534,0.7293654657203305,0.7056709488944533,0.7293654657203305,-0.33671461337986436,300124.SZ,-0.7192638422508947,0.276183343800089,1.4462128761823145,1.5998522154248114,-0.5235072673714893,0.3809268433836688,-1.1699808092084085,1.512085730727504,1.6325969131481788,-0.03181046978799639,-0.06419899083722562,-0.10757644286669299,-0.13360309058857534,0.4816558365261928
2023-12-06,59.587364196777344,0.674340226604576,0.706344743068903,0.6686131260537003,0.706344743068903,0.09316531414642867,300124.SZ,-0.008217810251367088,-0.06864366617461162,1.4501454408926897,1.5825851705422018,-1.1673612051565347,-0.8807311296071392,-0.18853432569235198,1.5086412952642132,1.6256532688640073,-0.11856537384693114,-0.11856537384693114,-0.19086171557671644,-0.17061888992094817,0.5839123082954839
2023-12-07,58.17830657958984,0.6583941500152245,0.6738910304882761,0.6469399060757737,0.6676024562108752,0.4072798713617056,300124.SZ,0.7028282217481605,-0.45710772742642636,1.4592432508750537,1.5518646137421275,-1.434759194167756,-1.6610106573586028,0.28245823371136325,1.502948018173413,1.6174926995113486,-0.19953733836076135,-0.1671488173115321,-0.11162522862809902,-0.08212828766654826,0.43141658400622346
2023-12-08,58.65460968017578,0.663784374897725,0.663784374897725,0.6526670066266494,0.6583941500152245,-0.14697728423991444,300124.SZ,1.413874253747688,-0.7177437033057709,1.4646130922149168,1.5320890377473622,-1.301485376305264,-1.5117726044254052,0.28245823371136297,1.4997170827728397,1.6101982926409593,-0.04742623779087341,-0.052053074813512276,0.02949672033129839,0.027761684026590357,-0.7124744858581911
2023-12-11,60.56974029541016,0.6854575948756516,0.6870297384450018,0.6468275856278489,0.66030316925295,-0.37193659203899465,300124.SZ,-1.430309874250422,-0.7549932141444905,1.4644575392156596,1.5284918869143016,-0.7973197622037221,-1.0183289248564202,-0.4306488022723299,1.499660148698844,1.6037056280445783,0.009832166567015336,0.11972235889040633,-0.030075212853036392,0.11162522862809902,-0.27869611437602076
2023-12-12,61.02619552612305,0.6906232217000021,0.6934306331703273,0.6720942888607758,0.6811903174462014,-0.663120948806497,300124.SZ,-0.7192638422508947,-0.7387252676666443,1.4644360575824331,1.5302681696916902,-0.6841219465445838,-0.5989053269299273,-0.6128375848975027,1.5011688690825375,1.5980504944233835,0.10757666349694538,0.032967013570966826,0.13013301797915927,0.026604919613367545,-0.3659332283886061
2023-12-13,60.77812194824219,0.6878158102296769,0.6935429107805525,0.6822009872890265,0.6917461691530523,-0.71700533239123,300124.SZ,-0.008217810251367088,-0.7396018632448771,1.4642934359383581,1.5282227612135764,-0.7365698798865105,-0.5421329920628737,-0.6160666302050375,1.5033607820655837,1.592159132436442,0.054366603639957496,0.0005782718914852167,0.052053295443765066,-0.014459224219906586,-0.053342069330352355
2023-12-14,60.12320709228516,0.6804042456615264,0.693318355560102,0.6801796476033763,0.690061747973477,-0.7555540285051131,300124.SZ,0.7028282217481605,-0.7879070331437524,1.464724257650014,1.5255996276937358,-0.8746856646965664,-0.6725669468102977,-0.566492215177067,1.5040582108982006,1.585924167788087,-0.008675402153792113,-0.0011565437829704334,-0.010410659088752931,-0.03817234311534329,-0.03314063290719734
2023-12-15,59.914825439453125,0.678046030307501,0.6882650063459768,0.6750140207790258,0.6823132648992517,-0.7275991689802555,300124.SZ,1.413874253747688,-0.8354968675125994,1.4654369950475634,1.5200664639934516,-0.9185789080495325,-0.7895782617388559,-0.43902055641899557,1.5010834734010763,1.5795746716499726,-0.0399076000503037,-0.026026647721882328,-0.026604919613367545,-0.01214569539346096,0.05446335313538737
2023-12-18,58.843143463134766,0.6659179921936004,0.678270628365651,0.6631105807232751,0.6734418772096756,-0.562092193270725,300124.SZ,-1.430309874250422,-0.9541437364522604,1.4676420059224309,1.5045410330189095,-1.1400435494739845,-1.1197986499698407,-0.15464561223701304,1.4947639323553872,1.5722659476606857,-0.045690980855913,-0.051474802922027066,-0.06130719011929478,-0.06246395453251759,0.23565838174150344
2023-12-19,59.12099075317383,0.6690623221700002,0.6735541548199009,0.6650196427987,0.6659179921936004,-0.7119415499206455,300124.SZ,-0.7192638422508947,-1.014308406340158,1.4685227105690228,1.4927286124891104,-1.062305668822842,-1.0623105640751689,-0.15464561223701445,1.4881882042653138,1.5658377114647006,-0.038750835637080885,-0.0242916114171743,0.009832387197267716,0.016194481154866994,-0.1797550720673423
2023-12-20,58.23784255981445,0.6590679013519748,0.6704098676812005,0.6590679013519748,0.6690623221700002,-0.7329632388585531,300124.SZ,-0.008217810251367088,-1.1250107392314728,1.4723813412253752,1.478681634575231,-1.243067921472098,-1.2137884106596502,-0.012789770574123418,1.4823383611857912,1.5588869072557248,0.016194481154866994,-0.016194260524614614,-0.03065370537477399,-0.051475023552279855,-0.01005260885697656
2023-12-21,59.64690399169922,0.6750140207790258,0.6789443797024014,0.6590679013519748,0.6655811165252251,-0.5223603046856596,300124.SZ,0.7028282217481605,-1.0824499614590495,1.47143839591864,1.4715802756535266,-0.8538185130014623,-0.8884843871264385,-0.29662843338432043,1.478239200160146,1.553367784898703,-0.017929517459575023,0.043955944551204974,0.0,0.08212850829680104,0.29506250950365975
2023-12-22,59.24006271362305,0.6704098676812005,0.6778214322493511,0.6647950447405501,0.6749017003311011,-0.6665709766428619,300124.SZ,1.413874253747688,-1.0720803862896426,1.4687413111528582,1.4615971353222295,-0.9399453243856221,-0.8451087080572104,-0.29662843338432016,1.4749086328448464,1.547841505347588,0.04800450968235821,-0.005783601435861683,0.029496940961551178,-0.023713118895436706,-0.17232733004099465
2023-12-25,59.99420547485352,0.6789443797024014,0.6825378629574017,0.6653565184670752,0.6702975472332757,-0.7306933992537298,300124.SZ,-1.430309874250422,-0.9900079564065833,1.4591979363770982,1.4573536967038807,-0.7369208100454958,-0.6570969945396434,-0.45562811826911154,1.4729159836912533,1.5423510172283617,-0.023713118895436706,0.024291390786922332,0.0028918007179308414,0.043955944551204974,-0.06682846143878401
2023-12-26,59.468292236328125,0.6729926810933757,0.6822009872890265,0.6673778581527253,0.6795058534289266,-0.8946230808737697,300124.SZ,-0.7192638422508947,-0.9596883869703839,1.4423253473832705,1.4550822602760964,-0.8524024986888934,-0.6751903235559499,-0.45562811826911126,1.471222235711372,1.5361733237863098,0.04742623779087382,-0.0017350363047084398,0.010410659088752931,-0.0306534847445212,-0.1983028411348784
2023-12-27,59.865211486816406,0.6774845565809758,0.6819763892308766,0.6676024562108752,0.6728803606454511,-0.7220439202157376,300124.SZ,-0.008217810251367088,-0.8931253147557151,1.4196780464893386,1.4596029173066916,-0.7439023999386617,-0.5997438210918846,-0.45562811826911126,1.469229591987311,1.5301101618340176,-0.034123777984189634,-0.0011567644132228123,0.0011567644132228123,0.02313484700395149,0.24497444891368036
2023-12-28,62.207027435302734,0.7039864848771782,0.7153284512064039,0.6695114754486007,0.6725434849770758,-0.22261338699522168,300124.SZ,0.7028282217481605,-0.6363588510013231,1.3907768107746457,1.4780654215701945,-0.15335382380993914,0.04920171067754709,-1.0337372998719467,1.4715638347258142,1.525893864528159,-0.001735036304708029,0.171775654334171,0.009832166567015336,0.13649489130650574,0.6755301207864098
2023-12-29,62.65356063842773,0.7090398340913036,0.7125210397360786,0.6944413030131523,0.7054463508363032,-0.4470377353037535,300124.SZ,1.413874253747688,-0.3919177483782121,1.3647605649773453,1.4967061419366583,-0.04960183622497608,0.3046135798277897,-1.0337372998719472,1.4740404072197744,1.523495803092361,0.16946212550772538,-0.014459224219906586,0.12839798167445124,0.02602664772188274,-0.27799142147211164
2024-01-02,61.770416259765625,0.6990454561109778,0.7201571595246797,0.6978101882100027,0.7075799681321786,-0.5703459320142412,300124.SZ,-0.7192638422508947,-0.2710612896322902,1.3327484420904834,1.52000097989959,-0.26160125762313385,0.2905484692898934,-0.8161588698124834,1.4742396710492272,1.5194727827955556,0.010988930980238149,0.03932888689831372,0.017351024937837425,-0.051474802922027066,-0.14479286015917758
2024-01-03,60.57966232299805,0.6855698724858769,0.7005053220701027,0.6796181738768512,0.6976979105997775,-0.679431443762549,300124.SZ,-0.008217810251367088,-0.2741198395620373,1.319648766227227,1.5263176413213393,-0.5333187172288835,-0.21140872596237126,-1.1831749444893112,1.4730013848022472,1.5157647309223674,-0.05089631040028947,-0.10121434890909371,-0.093695711168524,-0.06940432038160209,-0.12605756273112445
2024-01-04,59.98428726196289,0.6788321020921761,0.6855698724858769,0.6754632168953257,0.6836608532481514,-0.6508234352285547,300124.SZ,0.7028282217481605,-0.3244625190111007,1.3201043859900572,1.5276287454240947,-0.6640295909166819,-0.462497539182618,-1.0650975371817557,1.4725601593026105,1.5111761994480117,-0.07229612109953293,-0.07692317875242417,-0.02139959006899108,-0.03470204987567485,0.05532373505227249
2024-01-05,59.53775024414063,0.6737787528780509,0.6838854513063014,0.6691745997802254,0.6737787528780509,-0.5947200110001941,300124.SZ,1.413874253747688,-0.3988363445023364,1.3169921400320772,1.537577932051548,-0.7612264312607033,-0.5698130238581156,-0.8879782850276874,1.4698700867459324,1.5067379963567271,-0.05089653103054185,-0.008675402153792524,-0.03238874167948161,-0.026026647721882328,0.09154297159668916
2024-01-08,58.34699630737305,0.66030316925295,0.675800092563701,0.6591802217998997,0.6699606715649006,-0.647977874063514,300124.SZ,-1.430309874250422,-0.5533969683515857,1.3181481117951837,1.5347989265077526,-1.0119197974132237,-0.8412007146201373,-0.6156950480487126,1.4645326394733071,1.5017915451020603,-0.01966455376428305,-0.041642636355011725,-0.051474802922027066,-0.06940432038160209,-0.05251676466075817
2024-01-09,59.329368591308594,0.6714205375240255,0.6769230400167513,0.6572711597244748,0.661313839095775,-0.6927280718555129,300124.SZ,-0.7192638422508947,-0.587377326087637,1.3161872519091868,1.5313291260540711,-0.7528917713610035,-0.7173379754671845,-0.5644737527884353,1.4588251315787737,1.4974821933501445,-0.044534437072942565,0.005783601435862093,-0.009832387197267305,0.057258624988141126,-0.04130976403462003
2024-01-10,56.82878494262695,0.6431218247626235,0.6732172791515256,0.6431218247626235,0.6685008056057757,-0.43763589907031114,300124.SZ,-0.008217810251367088,-0.817625520185271,1.3216724530970514,1.5054279010868357,-1.2444327992169253,-1.1593474053448736,-0.19715670647615952,1.4482498743777819,1.491855696697456,0.03701557870212089,-0.019086061242545867,-0.07287439299101856,-0.14574900661228865,0.3536674156775408
2024-01-11,56.24332809448242,0.636496331979148,0.647838255470674,0.6341381166251226,0.6431218247626235,-0.3235124822792322,300124.SZ,0.7028282217481605,-1.0389427058170222,1.3282842595331532,1.4766437307735654,-1.3499730573480908,-1.561817353467497,0.0220535508838017,1.4362797649410872,1.486086031586501,-0.1307112898706449,-0.13071151050089727,-0.0462694733776506,-0.034123777984189634,0.16797170641901704
2024-01-12,55.41972351074219,0.6271757053355724,0.6375070018219731,0.6137001645481711,0.6353733845260977,0.30579863636915455,300124.SZ,1.413874253747688,-1.270646762190884,1.3389344751245242,1.442358470736793,-1.495480572023481,-1.9666002564621379,0.48019827072181787,1.4218188359181037,1.4805096407538885,-0.03990737942005132,-0.05320983922673468,-0.10526313467049975,-0.04800473031261142,0.8466195743313235
2024-01-15,54.625885009765625,0.6181919971980717,0.6254912841559971,0.612914092763496,0.6254912841559971,-0.5086175470060661,300124.SZ,-1.430309874250422,-1.5053597013452287,1.3506963122456013,1.404055675153927,-1.6317977106051882,-2.146660293926115,0.49694225802716224,1.4066747142957674,1.4751408440492266,-0.05089653103054185,-0.06188546201078,-0.0040485651311536535,-0.04626947337765019,-1.055177482999209
2024-01-16,54.31827545166016,0.6147108343909962,0.6216732028428468,0.6039303417882959,0.6188657913725216,-0.09419197441642677,300124.SZ,-0.7192638422508947,-1.6991134890813893,1.3622402711634547,1.3695558738016163,-1.684159929531113,-2.1765450980712955,0.6872731163438075,1.391630235447222,1.46980068158236,-0.034123777984189634,-0.01966455376428305,-0.04626969400790257,-0.017929296829322643,0.5635545532677348
2024-01-17,52.86952209472656,0.5983155188476454,0.6176305234715466,0.597192571394595,0.6142616382746963,-0.1405942991762367,300124.SZ,-0.008217810251367088,-1.9539525610880473,1.3780188318218465,1.3220906238584613,-1.9223598554127923,-2.1746365475201355,0.8258743181658673,1.377795570379127,1.4634440255194414,-0.023713118895436706,-0.020821318177505863,-0.03470204987567527,-0.08444203712324586,-0.043486082374873995
2024-01-18,53.43513107299805,0.6047164135729708,0.6076361454912208,0.5864121216295941,0.5951712317089449,0.21329727849688832,300124.SZ,0.7028282217481605,-2.0853737353064643,1.387038794258588,1.2892489896870167,-1.7587161144117431,-1.9814844487659231,1.0396360551799506,1.3689709898024798,1.4572734865407713,-0.09832276882141526,-0.051474802922027066,-0.05552336805318071,0.032967013570966,0.4838141665345027
2024-01-19,53.32598114013672,0.6034811885096952,0.6059516814739458,0.59595730349362,0.6047164135729708,-0.2861643212926384,300124.SZ,1.413874253747688,-2.1750026054694978,1.3891091310671417,1.2574750753371629,-1.7771004088651647,-1.668717706195045,1.0396360551799506,1.3620109594277015,1.4509096732837592,0.04916127409558103,-0.008675622784044903,0.049161274095581436,-0.006361873327346488,-0.640293245916158
2024-01-22,53.04813766479492,0.6003368585332954,0.6133632460420965,0.5970802509466703,0.606513155200471,0.13128781790038802,300124.SZ,-1.430309874250422,-2.24496743636873,1.3905765526821339,1.227004560866442,-1.8247609337773736,-1.4265058523480096,0.7532812437913391,1.353969203365133,1.4452402225436667,0.00925389467553053,0.03817234311534329,0.005783601435861683,-0.016194481154866994,0.56754139721816
2024-01-23,54.060279846191406,0.6117911024727463,0.6167321312389468,0.5909039542794947,0.5957327054354701,-0.09134388695896098,300124.SZ,-0.7192638422508947,-2.190903722167557,1.3826542190760442,1.2087013159539222,-1.5225542322253067,-1.2186759114624874,0.8832469049732506,1.3446322269815887,1.4405156798051373,-0.05552336805318071,0.017351024937837425,-0.03181024915774401,0.05899366129284915,-0.2756300031961531
2024-01-24,55.07242202758789,0.623245346412197,0.6252666860978471,0.605502485357646,0.6103312365136212,-0.17554705699666473,300124.SZ,-0.008217810251367088,-2.040282757123626,1.3740024287605437,1.1983932001219346,-1.234748117673041,-0.8987240736246919,0.5569468436179871,1.336092311345388,1.4369794333587227,0.07518792181746335,0.043956165181457355,0.07518792181746377,0.05899366129284915,-0.09328048344586634
2024-01-25,55.31057357788086,0.625940480272297,0.6349241884097978,0.6145985139430714,0.6211117291163216,-0.3821504605916574,300124.SZ,0.7028282217481605,-1.8804227053534461,1.3619323150633653,1.191341019117093,-1.1681757992571473,-0.7028418237180365,0.202970153300357,1.3282498245418046,1.4341375521599384,0.0555235886834335,0.049739766617319034,0.046847965899388194,0.013880952328421368,-0.2545161985767946
2024-01-26,56.43186569213867,0.6386299492750234,0.6475013798022988,0.6126894947053461,0.6161706575124216,-0.11449981504882277,300124.SZ,1.413874253747688,-1.6413277566136557,1.331348858347497,1.200247764799359,-0.8616111575792604,-0.5128370682910903,-0.2319194755254923,1.32295507510991,1.4318253907068164,-0.02544837583039711,0.06477726272871083,-0.009832166567015336,0.06535553462019605,0.3702104750915694
2024-01-29,55.29072570800781,0.625715882214147,0.6440201741575238,0.6252666860978471,0.6355979397465481,-0.38816378762319365,300124.SZ,-1.430309874250422,-1.5319863847429323,1.29014170043588,1.2141916886010815,-1.0959116132283833,-0.5059609713548473,-0.2319194755254932,1.316322407516309,1.4269934736726209,0.10005780512612288,-0.017929517459575432,0.06477726272871083,-0.06651229903341886,-0.34285392867937814
2024-01-30,54.02058410644531,0.6113419063564463,0.6271757053355724,0.6107804326299212,0.6188657913725216,-0.4443894980605615,300124.SZ,-0.7192638422508947,-1.536332726019152,1.2521918311777205,1.2225331766730558,-1.340611279857612,-0.7618275242539577,0.1249844241074008,1.3094050749822612,1.4203361635742706,-0.0861768527977015,-0.08675534531943951,-0.07460964992597854,-0.07403137803449375,-0.056426258783823804
2024-01-31,55.52887725830078,0.6284109732365476,0.638742269722948,0.606513155200471,0.6176305234715466,-0.16090671444626725,300124.SZ,-0.008217810251367088,-1.3974630952530684,1.221353622886535,1.2351016350806887,-0.9404529084877493,-0.5709937891809757,-0.26894643201192053,1.3042526553058238,1.4144376471239475,-0.006362093957599278,0.05957215381458716,-0.021978082590728677,0.08791210973266274,0.39106587732255127
2024-02-01,56.06471633911133,0.6344749922934979,0.6468275856278489,0.6233576240224222,0.6277372218997972,-0.25807072051892377,300124.SZ,0.7028282217481605,-1.2292529558460719,1.1938770921977415,1.2489965389652742,-0.8047331468605289,-0.35227291610095984,-0.5318620002418861,1.301135588053242,1.4099278584381738,0.052053295443764656,0.041642415724758935,0.08675534531943951,0.031231977266258794,-0.11035356906062718
2024-02-02,56.799015045166016,0.6427849490942482,0.66030316925295,0.6278494995100224,0.6290847674109974,-0.25689756493926813,300124.SZ,1.413874253747688,-1.0233836885371956,1.1709693423011056,1.2630381871571126,-0.6217008060501948,-0.16388911028918554,-0.9473481176225191,1.2970506632608616,1.4058117809645996,0.006940365849084495,0.06940432038160249,0.02313484700395149,0.04279940076823454,0.0191842767600278
2024-02-05,58.89275741577149,0.6664794659201254,0.6788321020921761,0.6311061070966475,0.6400898152341483,0.4611681468023367,300124.SZ,-1.430309874250422,-0.6767252826421877,1.1763630777262357,1.25927184637403,-0.1379652963347392,0.15423308191297738,-1.0791659043244932,1.2965524982576973,1.4038861707988723,0.05668013246640353,0.09543096810348442,0.016772753046352208,0.12203566708659917,0.9635344679768624
2024-02-06,59.63697814941406,0.6749017003311011,0.6793935758187013,0.6521055329001243,0.6552498200388246,0.19808640352747078,300124.SZ,-0.7192638422508947,-0.33651345024800655,1.1799470150873428,1.2565136877606962,0.02153742473650164,0.3679456007588147,-1.0640173449844095,1.2960401024508004,1.4026262916429801,0.07807972253539419,0.0028918007179308414,0.10815493538843059,0.04337767265971976,-0.3289141406642961
2024-02-07,61.522342681884766,0.6962380446406525,0.7024143413078281,0.6647950447405501,0.6692868773904507,0.27623220711163404,300124.SZ,-0.008217810251367088,0.09015408149544937,1.2250151528155844,1.225662853239033,0.4003715210635572,0.7361082494769968,-0.47728385861383066,1.298986372910927,1.4032562312209265,0.07229612109953293,0.11856559447718353,0.06535575525044843,0.10989019232339141,0.12057901748753792
2024-02-08,61.57195663452149,0.6967995183671777,0.7297024270641046,0.6929814370540274,0.6962380446406525,0.30064069829710655,300124.SZ,0.7028282217481605,0.42625225767163216,1.264664020538378,1.2040921506537077,0.40996718357324147,1.0476653057643301,0.11913304760063567,1.3014344783678893,1.403485299661868,0.1388086407632046,0.14054389769816458,0.14517051409055107,0.0028918007179308414,0.04979178332951098
2024-02-19,61.88949203491211,0.700393001622178,0.72375064277968,0.6962380446406525,0.6984839823844526,-0.15765858516938566,300124.SZ,-1.430309874250422,0.7099557516029834,1.3031160192698434,1.189219266608549,0.47261638052620575,1.031522526669896,0.11913304760063567,1.3009790166349875,1.4044302076634319,0.011567423501975744,-0.030653926005025957,0.016772753046352208,0.01850778935106024,-0.5860708370538121
2024-02-20,62.51464080810547,0.7074676905219534,0.7139809056952036,0.6928691594438021,0.6962380446406525,-0.42597862992668567,300124.SZ,-0.7192638422508947,0.9750883439699347,1.3421586316212077,1.1802464094745357,0.5956511931522493,0.9937154164036344,0.01439263446381231,1.300779752805535,1.405575549868142,-0.011567423501975744,-0.05031781787855187,-0.017351024937837425,0.03643730681063526,-0.3358144647980434
2024-02-21,61.32388305664063,0.6939921068968524,0.7103873796025039,0.6759123701739261,0.704098805325103,0.10505821126732057,300124.SZ,-0.008217810251367088,1.0708655154401079,1.365559443375545,1.1854447835591764,0.29760293418662775,0.7967890667275283,-0.4918693228423307,1.3001392580469133,1.405353638621293,0.04048587194178892,-0.018508009981312617,-0.08733383784117751,-0.06940432038160209,0.7171645647792709
2024-02-22,61.13534927368164,0.6918584896009771,0.7024143413078281,0.685120676369577,0.6902863460316269,-0.44845484879786096,300124.SZ,0.7028282217481605,1.1166369923112716,1.3805981488276433,1.2062644011808414,0.2513281925679647,0.7827795494883034,-0.4918693228423313,1.3009363187942569,1.4051317301051558,-0.0711393566863101,-0.04106414383327413,0.04742623779087382,-0.010988930980238149,-0.7114943016505584
2024-02-23,60.23236083984375,0.6816395135625013,0.6937675088387026,0.6698483939546753,0.6863559442705519,-0.11519597930735899,300124.SZ,1.413874253747688,1.0629902242548026,1.3882527986768332,1.2288896536322564,0.031711273970317956,0.5586258288043153,-0.925334544677591,1.301292148612432,1.4050887814791737,-0.020243046286020645,-0.044534437072942155,-0.07865799442687982,-0.052631567335249874,0.45663505615024086
2024-02-26,60.33158874511719,0.6827624610155516,0.7061201450107532,0.6771476380749012,0.7018528675813029,0.16716308212500225,300124.SZ,-1.430309874250422,1.015834365854699,1.392761028283449,1.2561582813524061,0.053836992144435714,0.6717802018629914,-0.6280989100758256,1.3024308029446856,1.4043085162488675,0.07981497947035501,0.06362071894573999,0.0375938505936057,0.005783601435861683,0.3895856174868733
2024-02-27,61.532264709472656,0.6963503222508778,0.6992700541691277,0.6761369682320761,0.6791689777605513,-0.03647657078636142,300124.SZ,-0.7192638422508947,1.0663670999811214,1.3985999588884586,1.2887388772113189,0.31663861676571725,0.6674581489042429,-0.6568383097398791,1.3069996565069653,1.403921962230761,-0.1168305581724755,-0.03528054239741245,-0.005205329544376466,0.0699825922730873,-0.2506121009533122
2024-02-28,61.02619552612305,0.6906232217000021,0.7010667957966279,0.6905109440897769,0.699382331779353,-0.06369061212711571,300124.SZ,-0.008217810251367088,1.0502004870938748,1.401651118495611,1.3175253277128156,0.18863821069697162,0.6916081944101287,-0.6128670206384038,1.3094335311601946,1.402275531787474,0.10410637025727734,0.00925389467553012,0.07403137803449333,-0.02949672033129839,-0.018209687801996714
2024-02-29,62.72301864624024,0.7098259058759787,0.7125210397360786,0.6861313462124019,0.6861313462124019,-0.11647721923590273,300124.SZ,0.7028282217481605,1.1660919361503124,1.4157417016518328,1.336595332643647,0.5436996722277527,0.7685201105619986,-0.3371246866624017,1.3178880456854016,1.4012089323713457,-0.0682475559683801,0.05899366129284915,-0.02255657511246668,0.09890104071290047,-0.05189598732536813
2024-03-01,63.35808944702149,0.7170128723859792,0.719595728635854,0.705558671284228,0.7098259058759787,-0.17550970883567812,300124.SZ,1.413874253747688,1.2953790033741348,1.4310796480951824,1.3560515118618062,0.6689823321682803,0.8631485655453022,-0.17292732811599482,1.328093242264486,1.4003212928453734,0.12203588771685236,0.03643730681063526,0.10005802575637607,0.037015578702120064,-0.06012358053160906
2024-03-04,64.35038757324219,0.7282425182672801,0.7349802886609809,0.7136439871891289,0.7145423794217287,-0.1447948406973633,300124.SZ,-1.430309874250422,1.4635470470960426,1.4537110206436665,1.3663884578957277,0.8588799998878556,0.9517108650637361,0.1664025099451103,1.3409031157187872,1.3994909163335696,0.0242916114171743,0.07923626631836504,0.041642415724759345,0.05783689687962675,0.05809906484626416
2024-03-05,66.23574829101562,0.7495788625768316,0.7512633265941064,0.7243121593439047,0.7280179630468296,0.25229162625018553,300124.SZ,-0.7192638422508947,1.7349089267760942,1.4831733341208588,1.3828010656227692,1.1925486339250344,1.091912641831018,0.496652725246304,1.3575559522952847,1.4002497045201732,0.06940432038160209,0.08386376523176105,0.054945096161695496,0.10989019232339099,0.5407140486650646
2024-03-06,65.98767852783203,0.7467714511065063,0.7522739535992321,0.7408197524974807,0.7435148435198813,-0.3390174313425606,300124.SZ,-0.008217810251367088,1.9057026869039355,1.4928564238860975,1.427066338583022,1.1242608582967697,1.0686464673467935,0.5165513530581675,1.3742941845532437,1.401101555344968,0.07981475884010264,0.005205108914124087,0.08502030901473148,-0.014459224219906586,-0.7612823168637106
2024-03-07,66.35482788085938,0.7509264509257313,0.7658618148345583,0.7457608241013808,0.7501403791410561,-0.33774486274207044,300124.SZ,0.7028282217481605,2.047181695950678,1.5069323526087601,1.4609002887585116,1.188358409415354,1.0950393725219112,0.7787388543652803,1.3936370991159512,1.4038718564106858,0.034123998614442014,0.0699825922730873,0.02544837583039711,0.02139981069924346,0.01931523181658067
2024-03-08,66.4342041015625,0.7518247574829322,0.7546321689532574,0.7444132357524811,0.7507018100298819,-0.6140524296438251,300124.SZ,1.413874253747688,2.140027105919552,1.5165270040223664,1.4978493685152867,1.202444030631707,0.9755323520757893,0.7327038856104364,1.4122825794165097,1.408811147740548,0.0028915800876784625,-0.05783689687962634,-0.0069405864793368735,0.004626616392386491,-0.3463362898604317
2024-03-11,65.59075164794922,0.7422795756189062,0.7537338623960564,0.73116225018553,0.7511510061461818,-0.1189248552049108,300124.SZ,-1.430309874250422,2.1165756963722586,1.51617344423349,1.5390925971865614,0.958109164902157,0.8187159762704093,0.2893916760529982,1.429874801066276,1.4141584674015077,0.0023135288264456246,-0.004626616392386491,-0.06824755596837927,-0.049161274095581436,0.669861907449172
2024-03-12,65.19383239746094,0.7377877001313061,0.7455361832055314,0.73161144630183,0.7408197524974807,-0.4069645241286114,300124.SZ,-0.7192638422508947,2.0395994698587683,1.5203141021845734,1.5635186778159877,0.8450533058319486,0.7252091531414022,0.2893916760529989,1.4472962259235873,1.4188758474845211,-0.05320983922673509,-0.04222112887674932,0.0023135288264456246,-0.02313484700395149,-0.36179078536686465
2024-03-13,64.82669067382812,0.73363278598748,0.7386860923639059,0.7300393027324797,0.7364401974578053,-0.4357970312975672,300124.SZ,-0.008217810251367088,1.924053860635795,1.5224479944282177,1.5851276964749133,0.7402527066753666,0.6336927727593721,0.23616575989904925,1.4627392432901027,1.4219467998549586,-0.02255635448221389,-0.03528054239741245,-0.008097130262307307,-0.0213993694387387,-0.02034166490400853
2024-03-14,63.58631896972656,0.719595728635854,0.7389107332597553,0.7145423794217287,0.7354294847772808,-0.09287345460507007,300124.SZ,0.7028282217481605,1.7066174184773948,1.523754042482195,1.5931874069582044,0.3978627629306489,0.4423222415311427,-0.2715489798256706,1.4749513252560449,1.4237936672321034,-0.005205550174628845,0.0011569850434751912,-0.07981497947035501,-0.07229612109953293,0.4693662081420005
2024-03-15,63.48708724975586,0.7184727383451043,0.720830996536829,0.705558671284228,0.7188096568511789,-0.28350522781983606,300124.SZ,1.413874253747688,1.5072130594224276,1.5244547819712038,1.60126297344724,0.3710752232201952,0.24661276711880065,-0.5483671695429166,1.4866794730225559,1.4257479089049152,-0.08559836027596432,-0.09311743927703879,-0.0462694733776506,-0.005783822066114061,-0.233477045535004
2024-03-18,63.84431076049805,0.7225153748787051,0.7240876041234542,0.7081414846964033,0.719595728635854,-0.3369895013069796,300124.SZ,-1.430309874250422,1.362362085190314,1.526054803858577,1.6084723228345965,0.45128110708528907,0.272878751908777,-0.46764820908581095,1.4973116642975437,1.4284323045265344,0.0040485651311536535,0.016772753046352208,0.013302459806683773,0.020821097547253486,-0.052815011204390944
2024-03-19,62.4551010131836,0.7067938963475034,0.7225153748787051,0.7047725566618535,0.7225153748787051,-0.3179253476076198,300124.SZ,-0.7192638422508947,1.1159255264651184,1.5260577228397736,1.6081924039698872,0.07594450169518421,0.10522570754013003,-0.5732667362751576,1.5075880257543566,1.4302648520540706,0.015037275481139423,-0.008097571522812066,-0.017351245568089806,-0.08097152325332586,0.04275177979821791
2024-03-20,62.40548706054688,0.7062324226209784,0.7107242981085785,0.7005053220701027,0.7033127335404279,-0.6117696171860083,300124.SZ,-0.008217810251367088,0.9046791658372303,1.5245675276154214,1.614956376350759,0.06291056573614932,-0.06406574554901355,-0.7074770250620899,1.519615074694579,1.4328347161859305,-0.0989008200826481,-0.0607284769673048,-0.021977861960476297,-0.0028918007179304303,-0.3694370856263328
2024-03-21,60.817813873291016,0.6882650063459768,0.7097136282657535,0.6880404082878269,0.7044356809934782,-0.18576829959208171,300124.SZ,0.7028282217481605,0.5948507149286633,1.5255980526956692,1.6122778411877063,-0.33915389530250845,-0.3891007637340615,-1.0864443362915177,1.5272013690242459,1.434058801179223,0.005783601435861683,-0.005205329544376466,-0.06419899083722562,-0.0925389467553012,0.5788030823734082
2024-03-22,60.91704177856445,0.6893879537990271,0.6960134465825026,0.6850083987593517,0.688377283956202,-0.2493359620420427,300124.SZ,1.413874253747688,0.35231763502705693,1.5227705204618005,1.618760728714491,-0.3138285898763191,-0.607449952544878,-1.175996729113422,1.5341613993990244,1.4359915685390436,-0.08270678018828585,-0.0705610847948249,-0.015615988633129397,0.005783601435861683,-0.06609768545355595
2024-03-25,60.23236083984375,0.6816395135625013,0.6962380446406525,0.6814149155043514,0.6895002742469518,-0.4168574852651188,300124.SZ,-1.430309874250422,0.09974877424882109,1.523250219053211,1.6177395157436194,-0.4820240775785554,-0.7898215095670738,-1.2643499804963523,1.539086082779479,1.4364139139890388,0.005783822066114061,0.0011567644132228123,-0.01850778935106024,-0.03990737942005132,-0.20303431208612857
2024-03-26,60.00413131713867,0.679056700150326,0.6859067909919515,0.6740033509362008,0.6818641116206513,-0.4000463747398644,300124.SZ,-0.7192638422508947,-0.11965133016130991,1.52872351377375,1.604248743982303,-0.537744204217265,-1.0389836498272425,-1.0466200533730807,1.540680204274166,1.4369651107784027,-0.0393291075285661,-0.05320983922673509,-0.03817234311534329,-0.013302459806683773,0.03978388491076491
2024-03-27,59.091217041015625,0.6687254036639255,0.6848961211491265,0.6679393318792505,0.6784951835861015,-0.4771452690874509,300124.SZ,-0.008217810251367088,-0.36779445255397153,1.5372970322895179,1.585246849512819,-0.7568564363210373,-1.229793565514464,-0.8724802476723041,1.5398973797600874,1.4363136968874652,-0.017351245568089806,-0.005205329544376466,-0.031231977266258794,-0.05321005985698747,-0.08392214369362082
2024-03-28,59.7659797668457,0.6763615662902261,0.6825378629574017,0.6592924994101249,0.6735541548199009,-0.2483269471918418,300124.SZ,0.7028282217481605,-0.5029217114483747,1.5423372420434376,1.5656259327649726,-0.5679596057126179,-1.2237438520782389,-0.6310776170950847,1.5373781039958645,1.4365284482095093,-0.025448155200144734,-0.012145916023712929,-0.044534437072942565,0.0393291075285661,0.31905732536718134
2024-03-29,60.74835205078125,0.6874789345613017,0.7005053220701027,0.6835485328002268,0.6948904991294522,-0.38470986793093065,300124.SZ,1.413874253747688,-0.5222517149537321,1.542172695404239,1.5536981380097963,-0.30372345508112475,-0.6597864131310962,-1.1875752204020447,1.53619675182288,1.437165544981549,0.10989019232339099,0.09253916738555316,0.1249276884347828,0.057258624988141126,-0.16201596846235203
2024-04-01,60.996429443359375,0.6902863460316269,0.7009544753487031,0.6864682647184767,0.7007299201282526,-0.2771234034851104,300124.SZ,-1.430309874250422,-0.5120143491270981,1.537524267541624,1.5435521164674115,-0.23838089391783648,-0.5759415817487549,-1.2009108454296384,1.5349157677351692,1.4362922225744743,0.030075212853035983,0.0023133081961932457,0.015037716741644181,0.014459224219906586,0.15936069191738814
2024-04-02,60.629276275634766,0.6861313462124019,0.6911846954265273,0.678270628365651,0.6911846954265273,-0.16336056372907748,300124.SZ,-0.7192638422508947,-0.5301526333999377,1.5204618137946562,1.5374470855871414,-0.3345177964583262,-0.7521261988130277,-0.9629713740870374,1.5322114589452265,1.4348319092154358,-0.04916149472583382,-0.05031803850880425,-0.04222090824649694,-0.02139981069924387,0.16749672451403372
2024-04-03,61.00634765625,0.6903986236418521,0.6961257670304273,0.6810780398359761,0.6815271931145765,-0.2684866924655908,300124.SZ,-0.008217810251367088,-0.5081089895253176,1.5022253916192403,1.5356167629795165,-0.2312793651213964,-0.6328804385005915,-1.1161728418829264,1.5317559972123247,1.434280712426072,-0.04973976661731944,0.02544837583039711,0.014459224219906586,0.021978082590729087,-0.12084193582559952
2024-04-08,59.091217041015625,0.6687254036639255,0.7007299201282526,0.6668163844262002,0.7007299201282526,0.14707994496208868,300124.SZ,-1.430309874250422,-0.6464312519649656,1.4813487423442118,1.5262714650925375,-0.7150780701868463,-0.89542232073856,-0.712355752019673,1.528823957555931,1.4332069530851392,0.09890126134315326,0.023713118895436706,-0.07345288551275574,-0.11162522862809902,0.5650576582849818
2024-04-09,57.83100128173828,0.6544637482541497,0.6737787528780509,0.6522178533480489,0.6688377241118503,0.007437014543903096,300124.SZ,-0.7192638422508947,-0.8540782518079076,1.459522001918114,1.5118147769288253,-1.000596838899974,-1.3487918609180327,-0.33280945219762026,1.52537952209264,1.4316535798186207,-0.1642567959633489,-0.13880864076320418,-0.07518792181746377,-0.07345288551275533,-0.16631032294736114
2024-04-10,57.57300567626953,0.6515440591735991,0.6587310256835998,0.6453677625064235,0.6525547290164242,-0.32541082034122537,300124.SZ,-0.008217810251367088,-1.029901502814081,1.4411746595769288,1.496012409979362,-1.0571610543262526,-1.4688141203780314,-0.163961458481459,1.521422696251984,1.4302362178162753,-0.08386354460150867,-0.0775014506439094,-0.03528054239741245,-0.015037496111392212,-0.42081580903329957
2024-04-11,58.19815444946289,0.6586187480733745,0.6642335710140249,0.6443570926635984,0.6457046381747987,-0.46988955240817787,300124.SZ,0.7028282217481605,-1.10496955386635,1.4182846081691514,1.4902634609122198,-0.8738859523227278,-1.2874322953995192,-0.3466339331472186,1.5166403480565187,1.4301288435206085,-0.03528054239741245,0.028340176548327954,-0.005205329544376466,0.03643730681063526,-0.17268044099705684
2024-04-12,58.17830657958984,0.6583941500152245,0.6742279489943508,0.6560358918234998,0.6562604898816496,-0.36834167791814426,300124.SZ,1.413874253747688,-1.1541553325910556,1.3939070573441608,1.4878651110480228,-0.8785246241208785,-1.0522445497260555,-0.6688277176389226,1.5125554232641383,1.429298469739516,0.054366603639957496,0.051474802922027066,0.060150205075819585,-0.0011567644132228123,0.15140616159005826
2024-04-15,59.736209869384766,0.6760246906218509,0.6769230400167513,0.6481751739767487,0.6586187480733745,-0.2109298990329146,300124.SZ,-1.430309874250422,-1.0506245735979243,1.375620701442657,1.4913466672867344,-0.43573193812630234,-0.8938283777726778,-0.46322867552672764,1.5082712346423053,1.4313958798705941,0.012145916023713751,0.013880731698169401,-0.04048565131153654,0.09080391045059316,0.2249947186817361
2024-04-16,60.35143280029297,0.6829870590737016,0.6948904991294522,0.6732172791515256,0.6749017003311011,0.010867992769819618,300124.SZ,-0.7192638422508947,-0.9074189601960637,1.3566222085656776,1.4989781763723442,-0.271766435687447,-0.49928752429552276,-1.0138190076268383,1.5039585789834744,1.4343594552146537,0.08386332397125588,0.09253916738555316,0.12897625356593645,0.035858814288897665,0.3098094339730725
2024-04-17,61.313961029052734,0.6938798292866272,0.6947781786815276,0.6779337098595763,0.6830993795216262,-0.38135850205549016,300124.SZ,-0.008217810251367088,-0.7057311223527893,1.3343583463819166,1.5132354094423435,-0.02445643038661772,-0.3634364106886193,-1.0138190076268385,1.4996032254839124,1.4386115439524008,0.04222112887674973,-0.0005784925217375956,0.02429139078692192,0.05610186057491831,-0.4990342929424032
2024-04-18,60.78804397583008,0.6879280878399021,0.6957888485243526,0.6861313462124019,0.6889387576827272,-0.46757656099760775,300124.SZ,0.7028282217481605,-0.5849357158885248,1.3227602059685568,1.5190422457579933,-0.16358272628342319,-0.310758855478827,-1.0445351088110837,1.4917892002877948,1.4430569069684906,0.030074992222783193,0.005205329544376466,0.04222090824649653,-0.030653705374773577,-0.09593466182421466
2024-04-19,60.53004837036133,0.6850083987593517,0.6906232217000021,0.6825378629574017,0.685345274427727,-0.6252994835201608,300124.SZ,1.413874253747688,-0.5064994466929645,1.3092688128424697,1.5260930189452238,-0.2317425837381141,-0.37639959147203467,-0.9406227468599486,1.4839609442879442,1.4475380614164683,-0.018507789351059418,-0.026604919613367545,-0.018507789351059418,-0.015037496111391801,-0.19012678449965725
2024-04-22,60.80788803100586,0.6881526858980522,0.6927568389958774,0.6804042456615264,0.6814149155043514,-0.6139444818512843,300124.SZ,-1.430309874250422,-0.41735592634679664,1.3092162864502888,1.526108286497621,-0.15693747964144297,-0.31074227092382517,-0.8783354994358361,1.4760045839068374,1.4532647779014414,-0.020242825655768678,0.010988930980237737,-0.01098893098023856,0.016194260524615024,0.032596646882509586
2024-04-23,59.48813629150391,0.6732172791515256,0.6884896044041268,0.6645704466824001,0.6854575948756516,-0.22811053103396328,300124.SZ,-0.7192638422508947,-0.4543758597215568,1.3045740132821229,1.5248953191951506,-0.503858698094382,-0.6388510508571481,-0.43569457523606014,1.4660413544274686,1.4576314008596596,0.020821318177505863,-0.021977861960475884,-0.08155001577506304,-0.0769229581221722,0.5258913033765075
2024-04-24,58.72406768798828,0.6645704466824001,0.6826501834053263,0.6636720544498003,0.6669286620364254,-0.3304262618648656,300124.SZ,-0.008217810251367088,-0.5433725751393714,1.3032250365980242,1.5194664549832297,-0.6926306703159086,-0.7908302573718333,-0.4115152980813406,1.4561919876665594,1.4615255670863854,-0.09543096810348442,-0.030075212853035983,-0.00462705765289166,-0.044534437072942565,-0.11713984716984907
2024-04-25,56.987552642822266,0.6449185663901236,0.6580572315091497,0.6432341023728488,0.6570465616663248,-0.2971124533247341,300124.SZ,0.7028282217481605,-0.7533608103742253,1.309137651860391,1.4985498880090713,-1.089296688157617,-1.5171634150689859,0.1082974194483527,1.444421142059318,1.4643674510158804,-0.05089653103054185,-0.12666294536974362,-0.10526313467049893,-0.1012145695393461,0.0615226041818606
2024-04-26,58.83322143554688,0.6658057145833751,0.6670409824843501,0.6412127626871985,0.6416619588034985,-0.2661046035432868,300124.SZ,1.413874253747688,-0.7563290686127112,1.3091345875117901,1.4973552976091717,-0.5820836354058874,-1.1030312322433888,-0.20106393045417723,1.4358242923491216,1.467810640285526,-0.07923648694861742,0.046269694007903386,-0.010410659088753754,0.10757666349694538,0.0584850045081243
2024-04-29,59.51790618896485,0.6735541548199009,0.679281298208476,0.6580572315091497,0.6643458486242502,-0.07135756824628321,300124.SZ,-1.430309874250422,-0.6941107324638587,1.3085871572206762,1.4968427097808565,-0.4072630243927979,-0.5772615034302865,-0.6007654426233492,1.4299886800733317,1.4710176011894256,0.1168305581724755,0.06304222642400281,0.08675534531943951,0.03990737942005132,0.2741758075750952
2024-04-30,59.041603088378906,0.6681639299374004,0.6762492886800009,0.6665917863680502,0.6704098676812005,-0.4483724370422653,300124.SZ,-0.7192638422508947,-0.6785713732639512,1.3031705666209625,1.4952439402270887,-0.5189719605944755,-0.536175388548913,-0.60076544262335,1.4236122103831794,1.4737091567358498,0.031231977266258794,-0.015615988633129397,0.043956165181457764,-0.027761684026590357,-0.4789962805149601
2024-05-06,62.46502685546875,0.7069062167954282,0.7092644321494536,0.6687254036639255,0.6687254036639255,0.7690985449956049,300124.SZ,-1.430309874250422,-0.3738186416019084,1.3160909677070431,1.4869707644295642,0.2713829244486388,0.614056358838374,-0.9843201965951044,1.4216338028923836,1.4780614625751705,-0.008675622784044903,0.1700403973992106,0.010988930980238149,0.19953733836076135,1.6213924111864635
2024-05-07,63.27870941162109,0.7161145229910789,0.7203818004205291,0.703874207266953,0.7074676905219534,0.031946830539072324,300124.SZ,-0.7192638422508947,-0.06408489905215763,1.3382749938684395,1.4733598309639497,0.4354343371317889,1.4575187099419495,-0.7026181235927939,1.4228151604949,1.4838239704920315,0.19953733836076135,0.057258624988141126,0.1810295490097011,0.04742623779087341,-0.953398331618054
2024-05-08,63.27870941162109,0.7161145229910789,0.7321728771906557,0.7145423794217287,0.717349790892054,-0.0742998795833861,300124.SZ,-0.008217810251367088,0.1780091546573103,1.3560615728897258,1.4631347930860976,0.4354343371317889,1.7112490846654747,-0.41909209038244727,1.424067682975145,1.4905027549033727,0.05089653103054185,0.0607284769673048,0.054945096161695496,0.0,-0.12231805834493034
2024-05-09,63.18939971923828,0.7151038531482539,0.7192588529674788,0.7064570206791283,0.7161145229910789,-0.42344557796244137,300124.SZ,0.7028282217481605,0.35688544582593795,1.3755321368518452,1.4594219429356374,0.4122246467631527,1.2940442112636015,-0.6566583412685226,1.427469415168173,1.4960290371851988,-0.006362093957599278,-0.06651207840316649,-0.041642636355011725,-0.005205329544376466,-0.4422847033252341
2024-05-10,62.71310043334961,0.7097136282657535,0.722964570995005,0.7074676905219534,0.717349790892054,-0.6491424948714634,300124.SZ,1.413874253747688,0.45184632330868624,1.3867458793710394,1.4689953066854666,0.28711637448528204,1.1792476863286057,-0.5660655046817256,1.4300456250063918,1.5008251627875056,0.006362093957599278,0.019085840612293077,0.005205329544376466,-0.027761684026590357,-0.27966775412598
2024-05-13,61.24450302124024,0.6930937575019521,0.7127456377942286,0.6916338915428272,0.6987085804426025,-0.34243564155000455,300124.SZ,-1.430309874250422,0.3970372746026947,1.3865669959054552,1.4862552744406052,-0.0812900134202462,0.5708239067834077,-1.020043323273097,1.4314974113160897,1.5040321236914052,-0.09600923999496963,-0.05263134670499749,-0.08155001577506304,-0.08559858090621669,0.4216585435181806
2024-05-14,60.97658157348633,0.690061747973477,0.7009544753487031,0.6855698724858769,0.6930937575019521,-0.6417463982671657,300124.SZ,-0.7192638422508947,0.3258715325636976,1.386283951217675,1.4994893770938231,-0.1460375218556124,0.27564498041826024,-1.1856779806785802,1.432892263551792,1.5055353884071372,-0.02891844843981317,-0.06072891822780956,-0.031231977266258794,-0.015615988633129397,-0.3766379947868656
2024-05-15,60.53997039794922,0.685120676369577,0.6936552312284773,0.6850083987593517,0.6893879537990271,-0.797341636342435,300124.SZ,-0.008217810251367088,0.22860140888163352,1.3838004940704174,1.5133584672146145,-0.2520490994245534,0.09576530105117773,-1.2011537822461607,1.4349703083868464,1.506186802298074,-0.019086281872797834,-0.0375938505936057,-0.0028918007179308414,-0.02544837583039711,-0.18732402249945088
2024-05-16,59.34921646118164,0.6716451355821754,0.687142016055227,0.6704098676812005,0.6834362551900015,-0.44868487796488804,300124.SZ,0.7028282217481605,0.04895211847962662,1.3841069239858008,1.5112032327412084,-0.5314922313581047,-0.35717626262511637,-0.9533380580970588,1.4343725168984878,1.504619114643369,-0.0306534847445212,-0.03354550609270483,-0.07518792181746377,-0.0694040997513497,0.4769184294254011
2024-05-17,60.450660705566406,0.6841100065267519,0.6869174179970771,0.6720942888607758,0.6817517911727266,-0.5173226044774094,300124.SZ,1.413874253747688,-0.0015963372130125715,1.3842383861999756,1.5115104896267826,-0.2592764721699219,-0.16421470185012046,-0.953338058097059,1.433945516773052,1.5038102151752673,-0.008675622784044903,-0.0011567644132224014,0.008675402153792113,0.06419877020697325,-0.07277639333775227
2024-05-20,60.57966232299805,0.6855698724858769,0.6947781786815276,0.6827624610155516,0.6850083987593517,-0.47117461591444604,300124.SZ,-1.430309874250422,-0.03170422547477893,1.3822607688183777,1.5104105295193793,-0.22792676730506078,0.10811677041995446,-1.1802840614014467,1.4333477198551612,1.502865307173704,0.016772753046352208,0.04048587194178892,0.05494509616169591,0.007518858370822091,0.07842884801784014
2024-05-21,59.68659591674805,0.6754632168953257,0.6855698724858769,0.6716451355821754,0.6850083987593517,-0.7158592832465134,300124.SZ,-0.7192638422508947,-0.13088453122601257,1.3810751813071702,1.5066802458542963,-0.44123013967227775,-0.2866754939384118,-0.8800749833103823,1.431995570889722,1.5008251655182165,0.0,-0.04742623779087341,-0.057258404357888745,-0.052053074813512276,-0.30467999004425855
2024-05-22,59.50798416137695,0.6734418772096756,0.6774845565809758,0.6687254036639255,0.6737787528780509,-0.5316855328082666,300124.SZ,-0.008217810251367088,-0.22333307798924845,1.3803747682467844,1.5027518439387106,-0.4834133882637265,-0.43846856650591487,-0.8028889608473828,1.429846361176939,1.499515180542249,-0.05783689687962634,-0.041642415724759345,-0.015037716741644181,-0.010410659088752931,0.26024780191743646
2024-05-23,59.62705993652344,0.6747894227208759,0.676586164348376,0.6682762075476256,0.6687254036639255,-0.7352797124559793,300124.SZ,0.7028282217481605,-0.28457135625343966,1.3788366032727901,1.499064761570076,-0.45178731110659454,-0.4275179754823374,-0.790767466661253,1.4306149548872849,1.4984271040824186,-0.026026647721882328,-0.004627057652891249,-0.0023135288264456246,0.006940365849084495,-0.2505521998079384
2024-05-24,58.843143463134766,0.6659179921936004,0.6749017003311011,0.6616507147641502,0.6705221452914257,-0.6194962484289459,300124.SZ,1.413874253747688,-0.39613653156174305,1.379531131096249,1.4952579646284063,-0.6417907175500938,-0.6711736056454888,-0.6111423707414504,1.4320667411969827,1.497424927605264,0.00925389467553012,-0.008675622784045314,-0.034123777984189634,-0.04569120148616538,0.17015845799179855
2024-05-27,59.24998474121094,0.6705221452914257,0.6744525470525007,0.6642335710140249,0.6681639299374004,-0.8087353517357713,300124.SZ,-1.430309874250422,-0.44632968291636965,1.3787467247978449,1.4986167394745713,-0.5292626433472093,-0.6241741949959771,-0.6111423707414502,1.4344721488132144,1.4966446623749585,-0.01214569539346096,-0.0023133081961928346,0.013302680436936151,0.023713118895436706,-0.2316425055016875
2024-05-28,58.15846252441406,0.6581695519570746,0.6716451355821754,0.6569342840560995,0.6705221452914257,-0.5787497461834404,300124.SZ,-0.7192638422508947,-0.5731097040400106,1.3726504369455221,1.511176289023588,-0.7903615740186385,-0.9563698666845257,-0.4114571397254681,1.4344152147392186,1.494210809507272,0.01214569539346096,-0.014459224219906586,-0.03759407122385807,-0.06362049831548802,0.3205949679817609
2024-05-29,57.96000289916992,0.6559236142132745,0.6638966525079503,0.6526670066266494,0.6570465616663248,-0.6811557407599081,300124.SZ,-0.008217810251367088,-0.6838012354164817,1.3755085434184606,1.503782081978074,-0.8367184096677643,-1.137062405463867,-0.2965692057064747,1.4341020827617743,1.4919988651557226,-0.06940432038160209,-0.0399076000503037,-0.021978082590728677,-0.011567423501975744,-0.11725875004399941
2024-05-30,58.16999816894531,0.6532284803531746,0.663559776839575,0.6504210688828493,0.6558113366030492,-0.6629808419941671,300124.SZ,0.7028282217481605,-0.7839441409246077,1.3797258034831,1.4905143245062005,-0.8931328182074862,-1.1685813386842985,-0.2357709268988567,1.4312127409461113,1.488391033114819,-0.006361873327346899,-0.001735036304708029,-0.011567423501975744,-0.013880952328421368,0.04158037962201972
2024-05-31,57.93999862670898,0.6506456669409992,0.6600785711948001,0.6503087912726241,0.6535653988592492,-0.6329806414994475,300124.SZ,1.413874253747688,-0.8738516260755617,1.3839570045170477,1.478382375370671,-0.9478597843706815,-1.1574025093396652,-0.23265940291960102,1.427113579920466,1.4841604214207738,-0.011567423501975744,-0.01792951745957461,-0.0005782718914852167,-0.013302459806684184,0.057157645493970975
2024-06-03,55.880001068115234,0.6275126238416472,0.6473891021920736,0.6225715522377471,0.637731599880123,0.231400075511255,300124.SZ,-1.430309874250422,-1.1064991193184717,1.387338098624182,1.4418513714799683,-1.4043090252235335,-1.7861609226556192,0.47031358153312625,1.4187017632359895,1.4777393424188818,-0.08155001577506304,-0.06535553462019646,-0.14285720589435824,-0.11914386636866833,1.1562726991331513
2024-06-04,55.47999954223633,0.6230207483540471,0.6286355712946975,0.6141493178267715,0.6276249014518724,0.22573626445063355,300124.SZ,-0.7192638422508947,-1.310645214075638,1.3803921326170099,1.41176218097555,-1.4862527068457345,-1.9571611131589424,0.6587834585092215,1.4104749795772333,1.4696718302429914,-0.052053295443764656,-0.09658773251670723,-0.04337767265971976,-0.02313484700395149,0.010178058605587566
2024-06-05,55.43000030517578,0.6224592746275219,0.6339135185669728,0.620999408668397,0.6231330688019717,-0.4130311081355947,300124.SZ,-0.008217810251367088,-1.461104792500199,1.3671087414074012,1.3888459348772217,-1.4966364432439603,-1.6565983555717525,0.4577231742277313,1.4025470916626563,1.4617474865253675,-0.023134626373699108,0.027183412135105143,0.03528054239741286,-0.0028918007179308414,-0.8237983361105322
2024-06-06,55.52999877929688,0.6235822220805723,0.625940480272297,0.6143739158849215,0.6197641407674219,-0.26152429882031847,300124.SZ,0.7028282217481605,-1.5553465277783893,1.3479056587928389,1.3737206384297431,-1.463092130296316,-1.6326606666629544,0.6088727162790126,1.3943630058446306,1.453629863067979,-0.017351245568090215,-0.04106414383327413,-0.034123777984189634,0.005783601435862093,0.217216204182479
2024-06-07,54.369998931884766,0.6105558345717712,0.626951150115122,0.6087590929442711,0.6212240067265469,-0.2993415308598883,300124.SZ,1.413874253747688,-1.7089758163915088,1.3334911274506926,1.3498676743589115,-1.707162537525685,-1.621047177188078,0.7345831020326052,1.386420881696789,1.4446246028153296,0.007518858370822501,0.005205329544376466,-0.02891844843981317,-0.06709079155515688,-0.032177087906612944
2024-06-11,54.77000045776367,0.6150477100593713,0.6183043176459965,0.6019090021026455,0.6030319923933953,-0.3448997325588623,300124.SZ,-0.7192638422508947,-1.7779933317719379,1.3239141325545927,1.329027268580923,-1.5698694477559787,-1.5258490105110916,0.8848883479222418,1.3801440439213624,1.4365141420134564,-0.093695711168524,-0.044534437072942565,-0.03528054239741286,0.02313484700395149,-0.042374133635750974
2024-06-12,53.54999923706055,0.6013475283761205,0.6167321312389468,0.5983155188476454,0.6120157005308962,0.0881183963847357,300124.SZ,-0.008217810251367088,-1.9142994067138968,1.3179636702179558,1.2995723979267455,-1.818372936983453,-1.5452614965728795,0.9628187889738294,1.374621563623017,1.427816692990331,0.0462694733776506,-0.008097350892559686,-0.018507789351059418,-0.0705610847948249,0.5880462068595518
2024-06-13,54.25,0.609208289060571,0.6140370402165463,0.5995507867486203,0.607973021159596,0.029933238919957812,300124.SZ,0.7028282217481605,-1.9425221800565118,1.306992730657726,1.281235996608325,-1.579857821961865,-1.3580271313945023,0.9628187889738307,1.367448033185521,1.4198851893479028,-0.020821318177505863,-0.01388073169816899,0.0063620939575988675,0.04048587194178892,-0.05900740453447918
2024-06-14,55.2599983215332,0.6205502125520971,0.6268388296671974,0.6020213225505703,0.6120157005308962,0.7483563869006208,300124.SZ,1.413874253747688,-1.8600308419428562,1.2981754104446552,1.2705682344291647,-1.2510507493586154,-1.0697041023727847,0.4344980183077909,1.360729964480926,1.4135714819109662,0.020821318177505863,0.06593402714193365,0.012724187915198555,0.05841516877111156,0.9640053125654986
2024-06-17,55.77000045776367,0.6262773559406721,0.6320044564915479,0.6156091837858965,0.6177428010817718,-0.03822107812312097,300124.SZ,-1.430309874250422,-1.733208462676327,1.27896257857732,1.2692794741885878,-1.0909777614755616,-0.8436660813662922,0.23119697668364517,1.3554209842452989,1.4076944397736333,0.02949672033129839,0.02660491961336796,0.0699825922730873,0.029496940961550765,-1.0185060197897182
2024-06-18,55.65999984741211,0.6250420880396972,0.6321167769394725,0.6224592746275219,0.6236945425284969,-0.3597782976571249,300124.SZ,-0.7192638422508947,-1.6245233583041816,1.2556229546738198,1.2717056010158672,-1.1164854726860203,-0.7573307186466822,0.22673154306683188,1.3450449854442275,1.4014809548996927,0.030653705374773577,0.0005784925217371847,0.03528054239741245,-0.006362093957599278,-0.4059428762986186
2024-06-19,53.79999923706055,0.6041549398464457,0.6288601693528475,0.6037057437301458,0.6256035617662223,-0.13244666471457264,300124.SZ,-0.008217810251367088,-1.6764355450892272,1.2404781607065323,1.2601344990704035,-1.5234704190297323,-0.9723850438382052,0.6882503320862221,1.330854490557957,1.3949381817525248,0.009832166567015336,-0.016772753046352208,-0.09658773251670723,-0.10757666349694538,0.3170989356684299
2024-06-20,51.68999862670898,0.5804603801828689,0.605502485357646,0.5784390404972188,0.6005614565914453,0.2894541388826247,300124.SZ,0.7028282217481605,-1.8743157426314163,1.2327512228081892,1.2310037134449796,-1.922476980257624,-1.3345039274457788,1.21815497884633,1.3136607911375644,1.3869207781274209,-0.12897625356593645,-0.12030085141214393,-0.13013301797915927,-0.12203588771685236,0.5734015460572411
2024-06-21,51.720001220703125,0.5807972986889436,0.5867489972979693,0.5764177436492682,0.583155514042969,-0.3969414930713006,300124.SZ,1.413874253747688,-2.006807030170743,1.217288069557395,1.2104956126745117,-1.9126493091680623,-1.3572439180656435,1.2571778713552628,1.296637893939159,1.3800701937507294,-0.08964714603737035,-0.09658751188645484,-0.010410438458500553,0.001735256934960819,-0.8865382201483979
2024-06-24,50.97999954223633,0.5724873418881933,0.585626049844919,0.5710274759290682,0.585626049844919,-0.2502410575119482,300124.SZ,-1.430309874250422,-2.150423555835903,1.207017618159614,1.184151829629022,-2.0448427534440303,-1.3578845833008761,1.3615008371013184,1.2792449306893134,1.3726183040338873,0.012724187915198555,-0.005783601435861683,-0.027761904656843146,-0.04279940076823454,0.2108848509881228
2024-06-25,51.70000076293945,0.5805727006307937,0.5855137293969943,0.5724873418881933,0.5749578776901433,-0.3098274879345467,300124.SZ,-0.7192638422508947,-2.180024137695054,1.1832948696510428,1.1749515798073555,-1.804418151416648,-1.2261411527976591,1.3615008371013184,1.2649832709253146,1.366175747988293,-0.054945096161695496,-0.0005784925217375956,0.007518858370822501,0.041642636355011725,-0.06085327721692048
2024-06-26,51.88999938964844,0.582706317926669,0.5848399780602439,0.5691184566913429,0.5788882366135187,-0.35508547050398126,300124.SZ,-0.008217810251367088,-2.163918165160732,1.164211807762935,1.1662760553739502,-1.741388599068554,-1.1771594191977055,1.428672702861577,1.2513763367236697,1.3600338432474186,0.02024282565576827,-0.003470072609416058,-0.017351024937837425,0.010988930980238149,-0.04197866015796047
2024-06-27,51.29999923706055,0.5760808251431936,0.5846153800020939,0.5747332796319933,0.5825940403164438,-0.4846950598606349,300124.SZ,0.7028282217481605,-2.176880460753485,1.1444826076503616,1.1565580835010765,-1.8550163150239356,-1.1334413708480775,1.428672702861577,1.2375559078888396,1.3541281668722904,0.019086281872797834,-0.0011567644132228123,0.02891844843981317,-0.034123777984189634,-0.1530935759347712
2024-06-28,51.29999923706055,0.5760808251431936,0.5880965428091696,0.5693430547494929,0.5693430547494929,-0.16514241922682363,300124.SZ,1.413874253747688,-2.1635334960536428,1.1220300005061046,1.151127605055454,-1.8550163150239356,-1.0945646166725298,1.5391391934531964,1.2254434578376239,1.3477357193774828,-0.06824755596837927,0.017929296829322643,-0.027761684026590357,0.0,0.4385800774363126
2024-07-01,49.900001525878906,0.560359346611992,0.5766422988697186,0.5527231839856915,0.5728242175565684,-0.2365426806452272,300124.SZ,-1.430309874250422,-2.2458446544048614,1.1027145573477914,1.1366405096436962,-2.118114923652226,-1.3155359321519962,1.857351963216008,1.2097584842304567,1.3396324157697035,0.017929296829322643,-0.05899366129284957,-0.08559858090621669,-0.08097152325332545,-0.07641543289003871
2024-07-02,50.52000045776367,0.5673217150638428,0.5781021648288437,0.5575519351416668,0.5614822940650424,0.02613567517971401,300124.SZ,-0.7192638422508947,-2.234620941135393,1.0941230754342743,1.1219761501540164,-1.9005506204979299,-1.1701125037413411,1.789057494644222,1.194770934026375,1.331793972034755,-0.05841516877111156,0.007518858370822501,0.024869883308659517,0.035858814288897665,0.3636605636640927
2024-07-03,50.77999877929688,0.5702414041443933,0.5724873418881933,0.5628298395762427,0.567433992674068,-0.6074061639425526,300124.SZ,-0.008217810251367088,-2.1801020175556007,1.0848137503567363,1.1111919005420463,-1.8099338225371497,-1.0945499123822127,1.789057494644222,1.181434428531912,1.3244065079875968,0.03065348474452161,-0.02891844843981317,0.027183191504852763,0.015037496111392212,-0.8169148310671526
2024-07-04,51.06999969482422,0.5734980117310183,0.581695648083844,0.5666479208893929,0.5755193514166684,-0.36036938180641365,300124.SZ,0.7028282217481605,-2.0897951665864842,1.073019243451943,1.1048776810614382,-1.7080560658894661,-0.932176413962991,1.350823642496219,1.1687668848330683,1.3169546182707548,0.041642636355011316,0.04742623779087341,0.01966455376428305,0.0167727530463518,0.3430561886053904
2024-07-05,50.630001068115234,0.5685569829648177,0.5756316290268937,0.5657495714944926,0.5734980117310183,-0.44272057466203263,300124.SZ,1.413874253747688,-2.033026142320336,1.0590302501294877,1.0986385435840087,-1.7989350958230492,-0.9575013972785137,1.3702821512419647,1.155302285816413,1.3105693307007518,-0.010410659088752931,-0.031231977266258794,-0.00462683702263887,-0.025448155200144734,-0.09084090586761083
2024-07-08,49.56999969482422,0.556653542909067,0.569904528476018,0.5527231839856915,0.5693430547494929,-0.22873459354112502,300124.SZ,-1.430309874250422,-2.0546044363684,1.0542402445747308,1.0821140088357235,-2.009562582177879,-1.1029742566338743,1.6432120916545139,1.141453389944585,1.3043343687831086,-0.02139959006899108,-0.02949672033129839,-0.06709079155515646,-0.06130719011929478,0.299518938859485
2024-07-09,50.290000915527344,0.5647389016516675,0.5670971170056928,0.5447501028533164,0.5547445236713416,-0.2847863994702062,300124.SZ,-0.7192638422508947,-1.9896829748747555,1.042193886817916,1.0755410004485608,-1.7512153303275533,-1.0551794999284014,1.7994802487740762,1.1280457250019253,1.2988009293071887,-0.07518792181746377,-0.014459224219906586,-0.04106436446352651,0.041642636355011725,-0.056197177376516
2024-07-10,50.9900016784668,0.5725996623361179,0.5727119399463432,0.5600224281059174,0.5613700164548171,-0.2903472470449633,300124.SZ,-0.008217810251367088,-1.859389774449763,1.0357472122354017,1.071274552280403,-1.5084786804946382,-0.8037065511564211,1.5309305813476324,1.1172000336642196,1.2933175983820562,0.034123777984189634,0.02891844843981317,0.0786582150571322,0.04048587194178892,0.010313690628445895
2024-07-11,51.52000045776367,0.5785513609451436,0.5883211408673195,0.5751824757482932,0.5751824757482932,-0.21041514988176663,300124.SZ,0.7028282217481605,-1.6934645365714032,1.0243142471348392,1.0720496394898038,-1.329258933415798,-0.4967306967611322,0.83188276882329,1.107393364744041,1.2882279786691229,0.0711393566863101,0.08039325136184024,0.07807994316564698,0.0306534847445212,0.12293207118914243
2024-07-12,49.0,0.5502526481837415,0.5783267628869936,0.5502526481837415,0.5783267628869936,0.31539929864426597,300124.SZ,1.413874253747688,-1.7544865550681943,1.0051577147789608,1.0655798095832762,-1.845699451195326,-0.9548463655913051,1.3550065226098043,1.0943415296195567,1.280210575044019,0.016194260524614614,-0.051474802922027066,-0.12839798167445124,-0.14574900661228865,0.7102851970522385
2024-07-15,48.45000076293945,0.544076351516566,0.5527231839856915,0.5435148777900408,0.546322289260366,-0.25242513973066694,300124.SZ,-1.430309874250422,-1.8292248929621984,0.9762505301295811,1.065615774843832,-1.9469275514964748,-1.2372329973971323,1.4823207495220132,1.0808342327621705,1.271355640443729,-0.16483506785483412,-0.1318680542838673,-0.03470204987567485,-0.03181024915774401,-0.7303464332945884
2024-07-16,49.4900016784668,0.5557551935141667,0.5588994806528671,0.5425042079472158,0.5435148777900408,-0.22875289209166325,300124.SZ,-0.7192638422508947,-1.7819800335590026,0.9345030367529772,1.0859513874550222,-1.6043767161016176,-1.056699840549773,1.2240095649550955,1.071739223478342,1.2625508143942257,-0.014459224219906586,0.03181024915774401,-0.005205329544376466,0.060150425706071965,0.04882194241274616
2024-07-17,48.91999816894531,0.5493542559511417,0.5545199256131916,0.5451992989696163,0.5524985859275415,-0.3640087450183102,300124.SZ,-0.008217810251367088,-1.7732397739676145,0.9130279233021544,1.0885496634686203,-1.7149178053663159,-1.0883039741822491,1.2240095649550948,1.062402247094798,1.2537173541069269,0.0462694733776506,-0.02255635448221389,0.01388073169816899,-0.032967234201219206,-0.16053130148534778
2024-07-18,50.43000030517578,0.5663110452210177,0.5727119399463432,0.5469960405971164,0.5495788540092916,0.16781384139806116,300124.SZ,0.7028282217481605,-1.6222465942646842,0.9079581865632651,1.088665566914406,-1.244281469784233,-0.728151142042279,0.4914259405736712,1.0552856507312973,1.2461509301696136,-0.015037716741644593,0.093695711168524,0.00925389467553012,0.08733383784117711,0.718199613399333
2024-07-19,51.130001068115234,0.5741718059054681,0.5760808251431936,0.5615945716752676,0.5637282318088425,-0.2396592378814851,300124.SZ,1.413874253747688,-1.4287055961613029,0.904532868462993,1.0899480696362254,-1.0394066820542107,-0.4518138157571372,0.36363030196937096,1.0490230491891364,1.2388851602677315,0.07287461362127093,0.017351024937837425,0.07518792181746377,0.04048587194178892,-0.5191183554996232
2024-07-22,50.43000030517578,0.5663110452210177,0.5760808251431936,0.5623806862976422,0.5732734136728683,-0.3655981926227104,300124.SZ,-1.430309874250422,-1.3201540137298973,0.90291975938289,1.0892978948957321,-1.188685318078657,-0.5029371444233293,0.36363030196937096,1.0434151732093293,1.2320703673229287,0.049161274095581436,0.0,0.004048785761406033,-0.04048587194178892,-0.14825831230820372
2024-07-23,48.45000076293945,0.544076351516566,0.5620437677915675,0.544076351516566,0.5606962222803673,-0.3759537383856971,300124.SZ,-0.7192638422508947,-1.3855923664253809,0.9006866163205816,1.0769294217175052,-1.5781817265561808,-1.0854080182849735,0.7870049429195545,1.0344197958402273,1.2243894091651444,-0.06477726272871083,-0.07229612109953293,-0.0942742036902616,-0.11451702934602986,0.003997717457901858
2024-07-24,46.880001068115234,0.5264458109099396,0.5432902797318908,0.5233014809335397,0.5390230023024407,0.10111924342944745,300124.SZ,-0.008217810251367088,-1.5525956531541563,0.9055434864701054,1.0481676829804212,-1.8536461715805295,-1.650265894944983,1.2076649328610978,1.0249262588974932,1.2168373023467292,-0.11162522862809902,-0.09658751188645484,-0.10699839160546057,-0.09080391045059316,0.6460789041942918
2024-07-25,45.70000076293945,0.5131948253429887,0.5262212128517896,0.5085906722451632,0.5257720167354897,0.0855451285762115,300124.SZ,0.7028282217481605,-1.7649220833926433,0.9185629179733625,1.007151523497102,-2.045269764575744,-2.021321866532663,1.4740222089557318,1.0127568802018136,1.2071090426086533,-0.06824755596837927,-0.08791210973266232,-0.07576619370894858,-0.06824755596837927,-0.0028766135361862786
2024-07-26,46.34000015258789,0.5203817918529893,0.5297023756588652,0.5144300932439636,0.5144300932439636,-0.1053883658879142,300124.SZ,1.413874253747688,-1.859383907131583,0.9195415503467518,0.9831507449535771,-1.8525081454822945,-1.7484155209398848,1.3373457744013477,1.000060874895504,1.1973449914386887,-0.05841516877111156,0.017929296829322643,0.030075212853035983,0.03701557870212048,-0.23387449772930835
2024-07-29,43.84999847412109,0.4924199547599623,0.5135317010113638,0.4874789259937618,0.5111734856573386,0.3163223512738414,300124.SZ,-1.430309874250422,-2.1200339032519375,0.9412275716707833,0.9299365126131925,-2.2356053687001416,-2.3018864362649603,1.7880026421155049,0.9830949063415622,1.1861421012226765,-0.016772753046352208,-0.08328505207977108,-0.13880864076320418,-0.14401397030758104,0.5731511484765797
2024-07-30,44.810001373291016,0.5032004473626628,0.5037619210891879,0.4887141938947368,0.49410441877723726,-0.06423588162188526,300124.SZ,-0.7192638422508947,-2.2217674631292863,0.9453646091862635,0.8987898129565517,-1.957871361691437,-2.0592183284888246,1.7880026421155049,0.9676518944045791,1.1731567720299148,-0.08791210973266232,-0.05031803850880425,0.006362093957599278,0.0555235886834335,-0.4836638928878088
2024-07-31,46.650001525878906,0.5238629974977643,0.5263334904620148,0.49578888279451216,0.49927004560158783,-0.02711221927025295,300124.SZ,-0.008217810251367088,-2.1248457049255007,0.9381076417840678,0.8882347965100412,-1.4615484958097464,-1.3852814487042788,0.9515626492836089,0.9574751648624924,1.1609015995166725,0.026604919613367545,0.1162520656507379,0.03643730681063526,0.10641989908372256,0.06654125885259791
2024-08-01,45.59999847412109,0.5120718350522387,0.5266704089680895,0.5115103613257137,0.5210555860274391,-0.18023339772331162,300124.SZ,0.7028282217481605,-2.113089646162114,0.9298660614870826,0.8726547588478022,-1.631305836553529,-1.2167111564934536,0.9397222065636314,0.9488071502745676,1.1478947932802084,0.11220372114983662,0.0017352569349604078,0.08097152325332545,-0.06072891822780997,-0.18406498645948302
2024-08-02,45.34000015258789,0.5091521459716883,0.520269514242764,0.5062324568911379,0.5108366099889633,-0.46350759151710486,300124.SZ,1.413874253747688,-2.1026682057319515,0.9226181480671485,0.856743431920418,-1.6727724850676118,-1.2355931169630703,1.0385087389623004,0.9397263717944719,1.1347662956291802,-0.052631567335249874,-0.032967013570966826,-0.027183191504852763,-0.01503749611139139,-0.35551330722668095
2024-08-05,44.95000076293945,0.504772590932013,0.514879246522564,0.5015159833453878,0.5101628158145134,-0.3761972183529333,300124.SZ,-1.430309874250422,-2.104193725231872,0.9200311409299062,0.8384748706951676,-1.7355865808845914,-1.243354498785976,1.1263622038233272,0.9311437583175405,1.1217022236478364,-0.0034702932396684367,-0.027761904656843146,-0.0242916114171743,-0.02255635448221389,0.13265134682184582
2024-08-06,45.31999969482422,0.5089275479135384,0.5184727297775644,0.5010667872290879,0.505558662716688,-0.3507737038379787,300124.SZ,-0.7192638422508947,-2.0520261899887835,0.9104963201632384,0.826709780649303,-1.632784956845373,-1.0775081994717643,0.9912944550143324,0.9220629798374451,1.1099624537613577,-0.023713118895436706,0.01850778935106065,-0.0023135288264456246,0.02139959006899108,0.0511288560429141
2024-08-07,45.77999877929688,0.5140931747378891,0.5182481745571139,0.5065693325595131,0.5071308062860382,-0.5797720752775031,300124.SZ,-0.008217810251367088,-1.9509211507021555,0.8929815126234592,0.8231608673566595,-1.5047275387778347,-0.9134286892173737,0.9912944550143317,0.9133664982125222,1.0987452464264478,0.008097130262307307,-0.0011565437829704334,0.028340176548327954,0.02660491961336796,-0.2840167031984394
2024-08-08,45.70000076293945,0.5131948253429887,0.5191465239520142,0.5082537537390885,0.5119595574420136,-0.5254163674600636,300124.SZ,0.7028282217481605,-1.8574154263007694,0.8675953894611723,0.8259961047157637,-1.5190323218393054,-0.8350355412625846,0.9558063861325823,0.9053959124572146,1.0877857445009864,0.024869883308659517,0.00462683702263887,0.008675402153792524,-0.004626837022639281,0.08924073493282667
2024-08-09,44.900001525878906,0.5042111172054878,0.5182481745571139,0.5042111172054878,0.5157776387551639,-0.5034687582092872,300124.SZ,1.413874253747688,-1.830647555285228,0.8603547973161914,0.8155602044168557,-1.6618596262673218,-0.8818268542193269,1.0404661702431086,0.8962866723696533,1.0771125767613472,0.01966455376428305,-0.00462683702263887,-0.020821097547253486,-0.0462694733776506,0.04655010602986916
2024-08-12,43.970001220703125,0.49376754310886206,0.5039865191473378,0.4918584810334372,0.5012913852872379,-0.2548212256785692,300124.SZ,-1.430309874250422,-1.8672547791337046,0.856827441149577,0.799035325801106,-1.82204324664958,-1.0873104448000643,1.2898208342083235,0.8878463886481789,1.0649790983933805,-0.07460964992597854,-0.07345288551275574,-0.0636207189457404,-0.05378833174847269,0.3451780022998538
2024-08-13,42.93000030517578,0.48208870111126134,0.49612575846288737,0.4771476723450608,0.49298147132418696,-0.05934006345847992,300124.SZ,-0.7192638422508947,-1.9622213555782895,0.8481612702594697,0.7789281623848293,-1.9932405940159021,-1.2493261827486173,1.5636255989168337,0.8770433951512041,1.0520080863195165,-0.04279918013798216,-0.04048587194178892,-0.07576619370894898,-0.060150425706071965,0.2751428603004087
2024-08-14,41.52999877929688,0.46636717974236047,0.48208870111126134,0.46558110795768526,0.4815272273847362,-0.15427929352092223,300124.SZ,-0.008217810251367088,-2.131688022284531,0.8463496983918043,0.74698853508444,-2.2096039962539624,-1.4402733501996487,1.7632284818439592,0.863877691878728,1.0386791517346305,-0.05899366129284915,-0.07229612109953293,-0.05957215381458675,-0.08097174388357742,-0.10742291002029841
2024-08-15,42.4900016784668,0.4771476723450608,0.4857944619764869,0.46603030407398516,0.4665917778005103,-0.04303967367212807,300124.SZ,0.7028282217481605,-2.161848841235919,0.822177113579653,0.7386363675347937,-1.9222188943919984,-1.256149091497277,1.608864637050849,0.8516656153423179,1.0261662765426507,-0.07692317875242417,0.019086061242545454,0.0023135288264456246,0.055523588683432684,0.1641729304790672
2024-08-16,42.290000915527344,0.47490173460126067,0.47636155772268624,0.46681637585866026,0.47636155772268624,-0.18682688439635253,300124.SZ,1.413874253747688,-2.178736278178914,0.7834312478205678,0.7431611139586664,-1.954388118854689,-1.2596060937871754,1.608864637050849,0.8397951323908178,1.0134243329097288,0.05031803850880425,-0.04858300220409622,0.0040485651311536535,-0.011567423501975744,-0.17176951186740888
2024-08-19,41.81999969482422,0.46962378732898546,0.4783828974083362,0.4665917778005103,0.4738910647584356,-0.49713268025090707,300124.SZ,-1.430309874250422,-2.20742628554266,0.7455761626638386,0.7477051778426727,-2.0305225484308425,-1.216837372699511,1.520906868740107,0.828764408027392,1.000911457717749,-0.012723967284946177,0.01041065908875252,-0.0011567644132228123,-0.027183412135105143,-0.3911215700766171
2024-08-20,41.29999923706055,0.4637843663301851,0.47164512701463557,0.46165074903430975,0.4695115097187602,-0.5071090773156148,300124.SZ,-0.7192638422508947,-2.249183408906384,0.7267061769684858,0.736799135173877,-2.1142298815505156,-1.2749443328845347,1.6150853399267453,0.815968765376824,0.9877328515159338,-0.02255635448221389,-0.03470204987567444,-0.025448155200144734,-0.030075212853035983,0.004497163494329113
2024-08-21,40.79999923706055,0.4581695433895347,0.4665917778005103,0.4581695433895347,0.46075235680171,-0.4812371800343002,300124.SZ,-0.008217810251367088,-2.2990435574651205,0.7205255174985827,0.716000423942767,-2.194074470069216,-1.324071538372334,1.6811874477842348,0.8014651385131094,0.9749837479582076,-0.04511292959467975,-0.026026647721882328,-0.017929517459575023,-0.02891844843981317,0.05171950292229782
2024-08-22,40.04999923706055,0.449747308978559,0.4598540074068096,0.43986520860845846,0.45670967743040974,0.07653780363011929,300124.SZ,0.7028282217481605,-2.3754195373317355,0.7226271399864713,0.6875079809085385,-2.3116976109944836,-1.496287154996037,2.007453389345024,0.7851396647177888,0.9618409331882817,-0.020821318177506275,-0.03470204987567485,-0.0942742036902616,-0.04337767265971976,0.7523862583757289
2024-08-23,39.900001525878906,0.44806288779898357,0.452442442838659,0.44278494052670836,0.4466030218398586,-0.5220796813919578,300124.SZ,1.413874253747688,-2.421934223652431,0.7169542692785452,0.6644570716976765,-2.3351344124496696,-1.4290056371793176,2.007453389345024,0.7721874615080307,0.9487625468187512,-0.052053074813512276,-0.03817234311534329,0.015037716741644181,-0.008675402153792524,-0.77090958217852
2024-08-26,40.52999877929688,0.4551375338610596,0.4618753470924597,0.4481751654092088,0.451207174937684,-0.2695732713210582,300124.SZ,-1.430309874250422,-2.379828841326159,0.718272044690202,0.6476178420407059,-2.122550564055706,-1.1746193659654485,1.577142811685557,0.7609147700448893,0.936299780177558,0.023713118895436706,0.04858300220409622,0.027761684026590357,0.03643708618038329,0.35026123508227036
2024-08-27,41.70000076293945,0.4682762418177852,0.4734418686421357,0.4525547204488843,0.45277931850703423,0.027717680463186366,300124.SZ,-0.7192638422508947,-2.2239825118769887,0.7121392443787756,0.6404501058060436,-1.744509964536634,-0.9111217216019513,1.0799485518766423,0.7498271116074678,0.926149174989487,0.008097130262307307,0.05957193318433437,0.02255635448221389,0.06766928407689364,0.40925513893444204
2024-08-28,42.75,0.48006736142561124,0.48253789722756124,0.4658057060158352,0.4682762418177852,0.11971371157226834,300124.SZ,-0.008217810251367088,-1.990752205896654,0.6920722426753275,0.645919637097254,-1.4252101131267112,-0.6345044165508333,0.710596074887278,0.7410452343010835,0.9170365377104596,0.07981497947035501,0.046847965899388194,0.06824755596837927,0.06072869759755718,0.1388236831618164
2024-08-29,43.869998931884766,0.4926445528181123,0.4987085718750626,0.4773722275655113,0.4807411556000611,0.10851472553018221,300124.SZ,0.7028282217481605,-1.6937454048593807,0.6822124837931072,0.6494652863949376,-1.1035980911095604,-0.3072385657651869,0.10143858370765493,0.7317082579175394,0.9087614314066181,0.06419899083722562,0.08328505207977108,0.05957193318433437,0.06477726272871083,0.0028866681353760413
2024-08-30,43.29999923706055,0.4862436580927868,0.4942166963874625,0.4806288351521364,0.49062321313246215,0.1340865402383048,300124.SZ,1.413874253747688,-1.4903279187991443,0.6716766098004358,0.6523721681356482,-1.219059046365856,-0.316834114173743,0.10143858370765493,0.7205636654061223,0.9000067139079015,0.05089631040028906,-0.02313484700395149,0.016772753046352208,-0.032967013570966826,0.05132420932782676
2024-09-02,42.040000915527344,0.47209432313093547,0.48725432793561185,0.46962378732898546,0.4851207106397365,-0.18643114410187667,300124.SZ,-1.430309874250422,-1.4197834476610471,0.6608700920529527,0.6515859323829248,-1.4637253641082513,-0.5388142359376463,0.36851107164136565,0.7086220175768935,0.8911804135454071,-0.028339955918075165,-0.035858814288897665,-0.05668013246640353,-0.07287439299101814,-0.40457351452937584
2024-09-03,42.27999877929688,0.4747894141533361,0.47928128964093614,0.4662549021321351,0.47209432313093547,-0.44348604126682367,300124.SZ,-0.7192638422508947,-1.3297329232924204,0.6460563497943109,0.6548818295310465,-1.3933468934403694,-0.5786443412144333,0.44799123138506153,0.699840134840977,0.8822395762317305,-0.06709079155515646,-0.04106414383327413,-0.017351024937837425,0.013880731698169401,-0.3209750803024381
2024-09-04,42.5099983215332,0.4773722275655113,0.48489611258158655,0.46513191184138536,0.4727680744676858,-0.3730638646859575,300124.SZ,-0.008217810251367088,-1.2262553767375464,0.6250038654257662,0.664405880633033,-1.3249442141106424,-0.4760044549258732,0.2323043077573553,0.6936202257100146,0.8743367068270976,0.003470072609415647,0.02891844843981317,-0.005783822066114061,0.013302459806683362,0.11040481693996887
2024-09-05,42.58000183105469,0.47815834218788583,0.48006736142561124,0.4740033423686609,0.475575485938011,-0.6534027115163601,300124.SZ,0.7028282217481605,-1.1267077147347058,0.6014842925344048,0.6775032401148645,-1.3036828959065803,-0.39842062925521626,0.2323043077573553,0.6891794710994592,0.8659828604653852,0.014459224219906586,-0.024869883308659517,0.04569120148616538,0.004048785761406033,-0.3516466253336422
2024-09-06,42.09999847412109,0.4727680744676858,0.479955083815386,0.4719820026830109,0.4783828974083362,-0.7714585414406419,300124.SZ,1.413874253747688,-1.0769921689737292,0.582593174567033,0.6866683149597567,-1.403986519943952,-0.44568810379673274,0.28459907468672424,0.6831445949942168,0.8565624119568337,0.014459224219906586,-0.0005782718914852167,-0.01041065908875252,-0.027761904656843146,-0.13787400804352787
2024-09-09,42.2400016784668,0.4743402608747355,0.48006736142561124,0.4682762418177852,0.4682762418177852,-0.3777809305907469,300124.SZ,-1.430309874250422,-1.0154608192402501,0.571789103328967,0.6913171069110867,-1.3592306676402208,-0.4455203164786033,0.38115171628897343,0.6808530555259765,0.8468771035754512,-0.05205307481351187,0.0005782718914852167,-0.019086061242545867,0.008097350892560097,0.536223621361865
2024-09-10,43.5099983215332,0.4886018734468121,0.49219539953951186,0.4734418686421357,0.478719815914411,-0.087737775217632,300124.SZ,-0.7192638422508947,-0.8516493055969968,0.5758080315855064,0.6892950571061681,-0.9655105153629089,-0.07377682261984572,-0.1057591426503784,0.6790027361278407,0.8381796518216147,0.05378833174847269,0.06246395453251759,0.026604919613367545,0.07345266488250336,0.3997077418134643
2024-09-11,43.34999847412109,0.4868051318193119,0.4898371413477871,0.48175182544288614,0.4862436580927868,-0.5240493701454153,300124.SZ,-0.008217810251367088,-0.7281774079327014,0.5822809348408693,0.6901206762375698,-1.0024282933699054,0.017106969129295553,-0.10575914265037789,0.6743057781843046,0.8306991278669769,0.038750615006828505,-0.01214591602371334,0.04279940076823454,-0.00925389467553053,-0.5571068344323994
2024-09-12,43.43999862670898,0.48781580166213695,0.4952273662302875,0.4851207106397365,0.4879281221100617,-0.4486718368337209,300124.SZ,0.7028282217481605,-0.6169821955396357,0.5872067912796857,0.6887442502429917,-0.9744251061031972,0.19250478059125614,-0.31888406393061536,0.6712314087724536,0.8247934514918487,0.008675622784044903,0.027761684026589947,0.017351024937837425,0.005205329544376466,0.11693242283583495
2024-09-13,43.27999877929688,0.4860190600346369,0.49174620342321196,0.48175182544288614,0.48804039972028695,-0.4622422604030216,300124.SZ,1.413874253747688,-0.5374081647814183,0.5914370709264413,0.6883647340974975,-1.0133923132283258,0.12744943586276872,-0.2180243927668781,0.6682993691160598,0.8187517638525473,0.0005782718914852167,-0.017929296829322233,-0.017351024937837425,-0.009253894675529298,-0.000237185590032094
2024-09-18,43.86000061035156,0.49253227520788706,0.493992141167012,0.4795058876990861,0.48568218436626165,-0.4738658001288639,300124.SZ,-0.008217810251367088,-0.42213812964183556,0.5998428705447293,0.6879461983826272,-0.8268509646022778,0.2651528914803186,-0.218024392766879,0.6667479508916355,0.8136549869455209,-0.01214569539346096,0.011567423501975744,-0.011567423501975744,0.03354550609270401,0.002327410895234737
2024-09-19,44.18999862670898,0.49623803607311257,0.5008421891709379,0.48523298824996175,0.49298147132418696,-0.2106888770799298,300124.SZ,0.7028282217481605,-0.3009505886514052,0.6094032516063963,0.6900959973593768,-0.7218912518568061,0.561289533373521,-0.4989833547418494,0.6651395985932155,0.8082790303160546,0.03759407122385807,0.03528032176715966,0.02949672033129839,0.019086061242545044,0.3643173176633709
2024-09-20,44.060001373291016,0.4947782129516871,0.49736102636386237,0.48848959583658685,0.4959011604047374,-0.43333717353547574,300124.SZ,1.413874253747688,-0.21466083336510056,0.6151372604878393,0.6984208639694421,-0.7568441325441214,0.607750238512109,-0.4989833547418493,0.6626914931362532,0.8026740079763575,0.015037496111391801,-0.017929296829322233,0.016772753046352208,-0.0075186377405693,-0.27565185901946515
2024-09-23,43.45000076293945,0.4879281221100617,0.49736102636386237,0.4860190600346369,0.49578888279451216,-0.5145731107026943,300124.SZ,-1.430309874250422,-0.19650847264297183,0.6111259816297518,0.718775314240483,-0.9201565102002512,0.5400225343579133,-0.41589991158029443,0.6594890247726778,0.7970546685177623,-0.0005782718914852167,0.0,-0.012724187915198146,-0.03528054239741245,-0.08937179879773818
2024-09-24,47.0099983215332,0.527905634031365,0.5307130455016903,0.4879281221100617,0.49017405985386175,0.7297434153727407,300124.SZ,-0.7192638422508947,0.11392124856079798,0.638033583090732,0.7201074831912698,0.11058535751861821,1.830982246297375,-0.8980970091693338,0.662492223877268,0.7939837161473252,-0.02891844843981317,0.17177543370391862,0.009832387197267305,0.20589921168810826,1.6567555830136615
2024-09-25,48.0099983215332,0.539135279912666,0.5489051026725412,0.5370016626167906,0.5435148777900408,0.416428054180038,300124.SZ,-0.008217810251367088,0.4374740810682982,0.6740608426966727,0.712491208832517,0.3517344031693094,2.6980432218054866,-0.3568854695570949,0.668242429612532,0.7926307770839529,0.27472526017822513,0.09369593179877639,0.25274717758749643,0.05783689687962634,-0.3950860185537719
2024-09-26,50.2599983215332,0.5644019831455929,0.5658618491047178,0.5376754567912404,0.539135279912666,0.4301034895804125,300124.SZ,0.7028282217481605,0.8712989122990605,0.7350342184174239,0.6807099994568068,0.8386701970101701,2.665593003475663,0.08869563631565071,0.678675357058067,0.7924446572689929,-0.02255657511246627,0.08733361721092472,0.0034702932396684367,0.13013301797915927,0.0356533141881066
2024-09-27,54.29999923706055,0.6097697627870962,0.6512071835052239,0.5738348873993935,0.5738348873993935,1.4751305700222515,300124.SZ,1.413874253747688,1.535041668409836,0.8369154600981885,0.61491940633123,1.5388139331459305,3.538380472034484,1.656523072774986,0.6968511448219912,0.7949644128500664,0.17871602018325508,0.4395605486633116,0.1862346579238248,0.233661116344951,1.3942350358634015
2024-09-30,62.45000076293945,0.7012913938547778,0.7072430924638035,0.6288601693528475,0.6473891021920736,2.3593039688451602,300124.SZ,-1.430309874250422,2.712247433527378,1.027901947227264,0.47743325131027714,2.492966689958554,3.6417742675264626,2.310909912364302,0.7252605962019975,0.803110667814539,0.37883185106575484,0.28860599187639413,0.28340088296227045,0.4713707978210556,1.1823452572778734
2024-10-08,74.9000015258789,0.8411004936445132,0.8415496897608131,0.7568781495347568,0.8415496897608131,5.5321530770906975,300124.SZ,-0.7192638422508947,4.634974361111018,1.343314190865694,0.2545943926492325,3.3349804582676987,3.846702755505399,3.2985858909195174,0.7716750385534729,0.8204840942785101,1.0,0.6917294543593229,0.6593407126798413,0.7200694102773985,4.197178268514127
2024-10-09,64.76000213623047,0.7272318912621546,0.7989893215896351,0.7209432313093549,0.7989893215896351,4.996997423349424,300124.SZ,-0.008217810251367088,5.246226579410275,1.4515164271284746,0.23289520895534105,1.6000677220831332,2.276961902556569,2.4604237495658867,0.8043259861441139,0.8313576989520073,-0.2192018921250444,-0.2192018921250444,-0.18507833477110713,-0.5864660990585707,-0.6873124071348184
2024-10-10,63.02000045776367,0.7076922885801034,0.7519370779308568,0.7048848771097781,0.7416058242821558,1.9377454437324706,300124.SZ,0.7028282217481605,5.519717369553052,1.5293912412639297,0.23749983872943262,1.3572451791519824,1.615672167358717,2.1122469071981667,0.8352404824846102,0.8404703362310347,-0.295546578355731,-0.2423367391289959,-0.08270655955803348,-0.10063629764786088,-4.012260933245523
2024-10-11,58.33000183105469,0.6550252648183742,0.7018528675813029,0.6468275856278489,0.7018528675813029,1.2120242466048716,300124.SZ,1.413874253747688,5.280784742533519,1.5664828457602507,0.26707407861637467,0.755293303567463,0.9889671485310648,0.9867359045276443,0.8601912730271248,0.8457245987152254,-0.20474266790513782,-0.2579525071318729,-0.2990168715953998,-0.27125496693855666,-0.938341108422606
2024-10-14,58.90999984741211,0.6615384371539249,0.6746771451106507,0.6385176716647981,0.6673778581527253,1.2019211252498694,300124.SZ,-1.430309874250422,5.080208015353633,1.6013737136160602,0.301569458675245,0.8054503958286527,0.8007111295330201,0.8402473959714236,0.8870350753789741,0.8510146526313053,-0.17755925577003268,-0.1399651845461746,-0.04279918013798175,0.03354528546245204,0.004330231773888093
2024-10-15,57.060001373291016,0.6407636094085981,0.6724312073668506,0.6396406191178484,0.6724312073668506,0.564712406811725,300124.SZ,-0.7192638422508947,4.710419075400798,1.6207596369253747,0.3478642116907857,0.5804762324412199,0.6619298955254617,0.8402473959714231,0.9114592338813263,0.8567843204729713,0.026026647721882328,-0.011567423501975744,0.005783601435861683,-0.10699817097520778,-0.8217451479024355
2024-10-16,55.65999984741211,0.6250420880396972,0.638742269722948,0.6159460594542716,0.6190903894306715,0.41143275471762447,300124.SZ,-0.008217810251367088,4.24959425573535,1.630072295707426,0.3988295982430814,0.41445255206082837,0.43156126313207405,0.42022846998731067,0.9329940559975478,0.8619455230496822,-0.27472526017822513,-0.17351069063887903,-0.12203588771685236,-0.08097174388357783,-0.18427374105169403
2024-10-17,55.09999847412109,0.6187534709245969,0.6338011981190479,0.6185289157041464,0.6243682938652473,0.3638382247677105,300124.SZ,0.7028282217481605,3.792367933869442,1.636361129455395,0.4448940875607909,0.34817308544794817,0.3669977140593551,0.42022846998731067,0.95206653099401,0.8659613806909717,0.02718319150485235,-0.025448375830397524,0.013302680436936562,-0.03238874167948202,-0.045056553695251494
2024-10-18,58.5,0.6569342840560995,0.6802919680513011,0.6108927530778459,0.6184165952562217,1.9941034089921987,300124.SZ,1.413874253747688,3.6716222883196052,1.6507308211378913,0.49792437142328033,0.6679753259855835,0.49225972306588023,0.8935796137535664,0.9744838095390368,0.8728191249924677,-0.030653484744520787,0.23944493841106546,-0.0393291075285661,0.1966455376428309,2.165159089215787
2024-10-21,58.0,0.6513194611154491,0.6672655377048006,0.6384053512168734,0.66254910699675,1.6250742871081565,300124.SZ,-1.430309874250422,3.4924029762563684,1.6576138837627457,0.5569815683915689,0.606718481768707,0.4631247662660507,0.8935796137535662,0.9945953123825579,0.8782380302479164,0.2272990223873517,-0.06709101218540883,0.1417002208508822,-0.02891844843981317,-0.46847679393572456
2024-10-22,56.93000030517578,0.6393037434494732,0.6498595951563242,0.6336889205088228,0.6498595951563242,0.8574345928843481,300124.SZ,-0.7192638422508947,3.2221364009591853,1.6544155907033313,0.6236221506741569,0.475024468143266,0.3491324673925698,0.8064934559526341,1.0139951555897295,0.8823898991533794,-0.06535575525044843,-0.08964714603737035,-0.02429139078692151,-0.06188546201078,-0.9935596211663551
2024-10-23,56.43000030517578,0.6336889205088228,0.6476136574125241,0.6275126238416472,0.6370578057056732,0.9723709978890785,300124.SZ,-0.008217810251367088,2.930893407610818,1.646099638886658,0.6912641103517949,0.41322369642959655,0.28510279007659156,0.6910895540130225,1.0344767190551587,0.8866849365171089,-0.06593402714193365,-0.011567423501975744,-0.03181024915774401,-0.02891844843981317,0.16904264176130757
2024-10-24,56.68000030517578,0.636496331979148,0.6444693702738237,0.6297585615854473,0.6316675808231726,0.24609661099856647,300124.SZ,0.7028282217481605,2.6887414495141444,1.633617284739139,0.7634045868367341,0.4386810693816083,0.25877212615723344,0.6910895540130225,1.054972518753853,0.8925762957733391,-0.027761684026590357,-0.016194260524614614,0.011567423501975744,0.014459224219906586,-0.9390698157496604
2024-10-25,58.0,0.6513194611154491,0.6606400877590246,0.6366086095893732,0.6403144132922982,1.1522936809576978,300124.SZ,1.413874253747688,2.5765586703010275,1.6161059753604134,0.8481020045315822,0.573441118402268,0.313638790338429,0.8662335844489931,1.0770197366769718,0.9005364309228517,0.044534437072942565,0.08328527271002345,0.03528032176715966,0.07634468623068658,1.2113566591539588
2024-10-28,57.33000183105469,0.6437956189370733,0.6569342840560995,0.637956197938273,0.6569342840560995,0.4343960018014457,300124.SZ,-1.430309874250422,2.4024275163926774,1.581943162771136,0.9519751633225492,0.4844618278502919,0.262582040054393,0.8662335844489936,1.0980136959492983,0.9088616457774799,0.08559858090621669,-0.019086281872797834,0.006940586479337285,-0.038750615006828505,-0.928035323226866
2024-10-29,56.459999084472656,0.634025796177198,0.6487366477032739,0.6331274467822976,0.6439078965472985,0.541253869856246,300124.SZ,-0.7192638422508947,2.1651569207279717,1.5591255683771252,1.0221797653246885,0.36865247988011196,0.18179834626601502,0.7668407330306872,1.1184525615739969,0.9161059413663714,-0.06709079155515646,-0.04222090824649694,-0.024869883308659517,-0.05031825913905663,0.158400924466512
2024-10-30,55.40999984741211,0.6222346765693719,0.6419988344718737,0.6179673991399219,0.6288601693528475,0.3166872981120011,300124.SZ,-0.008217810251367088,1.8661927608005993,1.53552821042745,1.0838481162370313,0.22973118993573674,0.07037451543889979,0.4582451922248715,1.1371976737892817,0.9243810476702128,-0.0775014506439094,-0.03470227050592723,-0.07807994316564658,-0.06072869759755718,-0.2781787699493092
2024-10-31,55.40999984741211,0.6222346765693719,0.6276249014518724,0.6140370402165463,0.6223469541795972,0.3927762899931293,300124.SZ,0.7028282217481605,1.609389282257595,1.52048039240055,1.1251600749527686,0.22973118993573674,-0.006898619186040701,0.37898227562386816,1.154135175306226,0.931968945920517,-0.033545506092704416,-0.07403115740424096,-0.020242825655768678,0.0,0.11786961493012128
2024-11-01,55.59999847412109,0.6243682938652473,0.6297585615854473,0.6157215042338212,0.6177428010817718,0.19634790466999247,300124.SZ,1.413874253747688,1.4043030887865733,1.5186875808166176,1.133245317642173,0.25229794010760637,-0.021404203139873533,0.40635180614837724,1.171570836396802,0.9383757078035114,-0.023713118895436706,0.010989151610490527,0.008675622784044903,0.010988930980237737,-0.24111282262028486
2024-11-04,59.9900016784668,0.6736664752678255,0.6737787528780509,0.6368332076475232,0.6368332076475232,2.4056357622515896,300124.SZ,-1.430309874250422,1.590430317179977,1.5082081872024384,1.134150709483341,0.7404565977848627,0.3093210869642058,0.9315319970574782,1.1951267747036145,0.9486766413746534,0.09832276882141526,0.2267205298656141,0.10873320727991581,0.25390416263097204,2.927895663342167
2024-11-05,60.79999923706055,0.6827624610155516,0.6966872407569524,0.6537899969173991,0.6673778581527253,2.5370917982582624,300124.SZ,-0.7192638422508947,1.7840096493492537,1.3232843323289327,1.2852000417558902,0.8236887829547079,0.4569950582615097,1.1743979676610565,1.2200633290128642,0.9597435203264921,0.1573164301142644,0.1179873225856983,0.08733383784117711,0.046847745269135814,0.19080366656401393
2024-11-06,59.900001525878906,0.6726558054250005,0.6924199633275022,0.6664794659201254,0.6819763892308766,1.6739592745400569,300124.SZ,-0.008217810251367088,1.8393909678693399,1.27434750883506,1.3199711686619349,0.6918474460096273,0.42624981408623797,1.1743979676610574,1.2428933714500614,0.9704453223039271,0.07518792181746377,-0.021978082590728677,0.06535553462019564,-0.052053074813512276,-1.1193506773263786
2024-11-07,62.38999938964844,0.700617599680328,0.7071308148535782,0.6674901357629505,0.6715328151342508,1.6967762697759197,300124.SZ,0.7028282217481605,2.067039567622589,1.2666164571553773,1.3260992762076371,0.9488784327963864,0.5787890354947194,1.327857682612804,1.2687977832991095,0.9826647033852807,-0.05378833174847269,0.07576641433920137,0.005205329544376466,0.14401374967732825,0.04769533318308871
2024-11-08,62.52999877929688,0.7021897432496782,0.7352049295568303,0.6987085804426025,0.7125210397360786,1.8791254225797154,300124.SZ,1.413874253747688,2.232147418340388,1.2968295530847032,1.3101596021723696,0.9630034196455959,0.809536687956541,1.6030619183402715,1.2950864865737988,0.9946550160256922,0.2111047618627371,0.14459224219906586,0.16078672335393326,0.008097130262307718,0.2578442909447288
2024-11-11,64.41000366210938,0.723301532338779,0.7331835898711802,0.6937675088387026,0.701628269523153,1.8179588986625068,300124.SZ,-1.430309874250422,2.4906941696209977,1.3413958934807442,1.283443435293582,1.1507203794795562,0.8337748621057347,1.493513732267613,1.324919262656037,1.0080483762802626,-0.05610186057491831,-0.010410659088752931,-0.0254483758303967,0.10873364854042016,-0.06293470710616944
2024-11-12,62.0,0.6962380446406525,0.7297024270641046,0.6905109440897769,0.7281301978193555,1.9158452195342075,300124.SZ,-0.7192638422508947,2.4636795040412327,1.3606364246671343,1.2837320824272043,0.7861665007774707,0.6078969201047555,1.4201883611100719,1.346254820942806,1.020289231674607,0.13649489130650616,-0.017929296829322643,-0.01677253241610024,-0.13938713328494176,0.1465828602042336
2024-11-13,61.77999877929688,0.6937675088387026,0.6954519728559774,0.6777091118014262,0.6872543365031517,1.0275168890101705,300124.SZ,-0.008217810251367088,2.394885549243517,1.3744187390196123,1.2958348866005667,0.7536479773874275,0.2972891824714659,1.1328696944530379,1.3658539279794302,1.0330383325016221,-0.21052604871074712,-0.17640271198706226,-0.06593424777218644,-0.012724187915198146,-1.152540678771413
2024-11-14,59.70000076293945,0.6704098676812005,0.6926445613856522,0.6699606715649006,0.6906232217000021,0.3792469698843659,300124.SZ,0.7028282217481605,2.139870550538415,1.3738875052389843,1.3176540147655753,0.4512641437209345,0.05673287675781529,0.9613752177040321,1.3792900653886198,1.0450429622609314,0.017351024937837425,-0.014459224219906586,-0.03990737942005091,-0.12030063078189196,-0.8363158766604559
2024-11-15,58.380001068115234,0.6555867385448994,0.6771476380749012,0.6549129443704494,0.6624368293865247,0.5632912649053722,300124.SZ,1.413874253747688,1.8048978510864884,1.3737368561355023,1.3172770023022216,0.2670235583880889,-0.24753567980765923,0.634841442034424,1.3850972106274115,1.0571048604958317,-0.14517051409055107,-0.07981497947035501,-0.0775014506439094,-0.07634468623068658,0.26007727253060664
2024-11-18,57.060001373291016,0.6407636094085981,0.6614261595436997,0.6359348582526229,0.6546883463122996,0.48399422303529493,300124.SZ,-1.430309874250422,1.4110975820973362,1.3738159715386962,1.3128527123360032,0.08716344079716454,-0.53099003096051,0.24157404453602177,1.377425520616283,1.0675346426756316,-0.0399076000503037,-0.08097152325332545,-0.09774427629967766,-0.07634468623068658,-0.08681772548665864
2024-11-19,58.880001068115234,0.6612015614855498,0.66254910699675,0.6378438774903482,0.6479505759185987,0.36422747863568955,300124.SZ,-0.7192638422508947,1.236133095999858,1.3746812818260201,1.3208281973884175,0.3037468863238399,-0.32626390565468033,0.2564853121437852,1.3546239452160835,1.079410421095572,-0.03470204987567485,0.005783601435861683,0.009832166567015336,0.10526313467049975,-0.14012776615280106
2024-11-20,59.63999938964844,0.6697360735067506,0.6752386188371758,0.6576080782305495,0.6612015614855498,0.4987098081330548,300124.SZ,-0.008217810251367088,1.1466963498784901,1.376017961453907,1.3340595769841612,0.3921370754741013,0.06545993045965076,0.4250952024793733,1.347336546630596,1.0921666818473914,0.06824755596837927,0.06535575525044843,0.1017930620610837,0.043955944551204974,0.19479015074780018
2024-11-21,60.880001068115234,0.6836608532481514,0.6954519728559774,0.6698483939546753,0.6698483939546753,1.0578930974071807,300124.SZ,0.7028282217481605,1.1651002045553338,1.3813615158277546,1.3471724388997708,0.5348248808459881,0.5372154663461158,0.6818232706933536,1.3442906442557427,1.1061828217551035,0.044534437072942565,0.10410637025727694,0.06304222642400281,0.0717178492080477,0.7542413950491215
2024-11-22,58.2400016784668,0.6540145949755491,0.6855698724858769,0.6526670066266494,0.6836608532481514,0.4910543227470605,300124.SZ,1.413874253747688,0.9459695602252339,1.3813702564665873,1.3482682462151678,0.16257101521490047,0.023177291842695735,0.31919509633410476,1.3441625453040187,1.118667065439999,0.0711393566863101,-0.05089653103054185,-0.08849060225439992,-0.15268937246137315,-0.729048035494865
2024-11-25,58.22999954223633,0.6539022745276244,0.6587310256835998,0.6466030304073985,0.6513194611154491,-0.09470426555332331,300124.SZ,-1.430309874250422,0.7613709841950869,1.3808586011176724,1.353013488673121,0.1611952679593327,-0.274870617935736,0.1939089424898196,1.34319468776422,1.1316810288705563,-0.16657032478979453,-0.13823014824146657,-0.031231756636006417,-0.0005784925217375956,-0.7539707794617218
2024-11-26,57.29999923706055,0.6434587004309986,0.6546883463122996,0.6434587004309986,0.6499719156042488,-0.30655020387751647,300124.SZ,-0.7192638422508947,0.5296245948323837,1.379059459137544,1.3589862775275567,0.03167154505421915,-0.43103585194243016,0.12817687322857815,1.34353628134913,1.1441366355869451,-0.006940365849084495,-0.020821318177505863,-0.016194481154866994,-0.05378833174847269,-0.2614220990934446
2024-11-27,59.02000045776367,0.6627737050549,0.6643458486242502,0.6398652171759983,0.6400898152341483,0.029669412056973904,300124.SZ,-0.008217810251367088,0.48337659616185696,1.3720234136154281,1.3838420053281326,0.2467566080894069,-0.23101406315120698,0.264001517215582,1.3483186349741274,1.157372510264351,-0.05089653103054185,0.049739766617319034,-0.01850778935106024,0.09947953323463807,0.46053519634069556
2024-11-28,58.29999923706055,0.6546883463122996,0.6655811165252251,0.6489612457614238,0.6627737050549,-0.1963906764576929,300124.SZ,0.7028282217481605,0.3806103169259984,1.3626753481766378,1.4080805906261797,0.14387481607853672,-0.2465112252733856,0.2814923075575677,1.352873257732674,1.1692554458783848,0.1168305581724755,0.006362093957599278,0.046847965899388194,-0.041642636355011725,-0.2801461538140327
2024-11-29,60.29999923706055,0.6771476380749012,0.6850083987593517,0.6469399060757737,0.6545760687020743,0.8845002657537607,300124.SZ,1.413874253747688,0.46033695406123815,1.3535919124073212,1.4403512042392896,0.3901913797858396,0.12897106835710626,0.5514251401333898,1.355435231337628,1.1818184296211516,-0.04222090824649694,0.10005780512612328,-0.010410659088752931,0.11567379375925269,1.4414778819897864
2024-12-02,62.97999954223633,0.7072430924638035,0.7130825134626038,0.6887142024622767,0.6906232217000021,2.1694242797131498,300124.SZ,-1.430309874250422,0.7385344298708445,1.3684136415962078,1.4368155438949624,0.69705967266017,1.0014602257180978,0.9094721959447338,1.3625233606641305,1.1954981240615434,0.18565638603233997,0.14459224219906586,0.21515332699389075,0.1550029012878188,1.7102471259491197
2024-12-03,62.34999847412109,0.700168403564028,0.7074676905219534,0.6901740255837022,0.7074676905219534,0.6421000495556777,300124.SZ,-0.7192638422508947,0.8945203391054293,1.3758352359820423,1.4352886413304045,0.6024050190426067,0.8126334862160003,0.9094721959447348,1.3702377485159898,1.2091348671452424,0.08675534531943951,-0.02891844843981317,0.007518637740569711,-0.03643730681063567,-1.9942789487797417
2024-12-04,62.2400016784668,0.6989331785007525,0.7142054609156541,0.6856821929338015,0.6956765709141274,0.7347439039763516,300124.SZ,-0.008217810251367088,0.99610905199631,1.3841153458719306,1.4363994453938123,0.5855926086722341,0.7508650479449732,0.9937595482441366,1.378507235445009,1.2235948268159407,-0.06072869759755718,0.03470204987567444,-0.023134626373699108,-0.006361873327346488,0.13967704962924335
2024-12-05,61.9900016784668,0.6961257670304273,0.7072430924638035,0.6872543365031517,0.6962380446406525,0.22242566064486213,300124.SZ,0.7028282217481605,1.042309019053197,1.381868465178225,1.4371809041226484,0.5463984507400349,0.6211196369423484,0.993759548244136,1.386065062737678,1.2377040266311325,0.0028918007179308414,-0.035858814288897256,0.008097130262307307,-0.014459224219906586,-0.6572290805581855
2024-12-06,62.16999816894531,0.698147063878378,0.704548001441403,0.6854575948756516,0.6965749203090278,0.3960220978121068,300124.SZ,1.413874253747688,1.0802515429133697,1.3797080759160611,1.4380456455402606,0.5686824119127225,0.5484580712225432,0.9482743768083026,1.3920003014986622,1.2517774322837243,0.0017350363047084398,-0.01388073169816899,-0.00925389467553012,0.010410438458500553,0.24631448970185427
2024-12-09,62.52000045776367,0.702077465639453,0.7134193891309791,0.6928691594438021,0.698147063878378,0.5725201525249589,300124.SZ,-1.430309874250422,1.12539279708621,1.3634899511122276,1.4482817603144693,0.6129183642764754,0.6670647688598444,1.0666515118852737,1.3993873265693442,1.2660512721394626,0.008097130262306896,0.04569098085591341,0.03817234311534329,0.020243046286020645,0.2501367404149911
2024-12-10,62.790000915527344,0.7051094751679281,0.73408198210378,0.7037618868190284,0.7304884988487796,1.4301368922630164,300124.SZ,-0.7192638422508947,1.1690241354953024,1.3686793184845414,1.4458601797342097,0.6476663243704264,0.8970269194087712,1.3296950623623858,1.408396940171711,1.2808619943963784,0.1665705454200469,0.10642011971397453,0.05610163994466593,0.015615988633129397,1.1473626286129521
2024-12-11,61.56999969482422,0.6914092934846772,0.7027512598139027,0.6888264800725019,0.6997192502854276,0.32703314837432945,300124.SZ,-0.008217810251367088,1.0873914648925245,1.367631617150559,1.4461163462076074,0.4378112977850615,0.34701955085796077,0.9456480059318508,1.4171645866743623,1.294699171683224,-0.15847319452748723,-0.16136499524541806,-0.0769229581221718,-0.0705610847948249,-1.4354606239378727
2024-12-12,61.25,0.6878158102296769,0.6937675088387026,0.6827624610155516,0.6861313462124019,0.3031784614553327,300124.SZ,0.7028282217481605,0.9831957409090321,1.37136694573245,1.4488957274863492,0.3831305781248229,0.13428365351457372,0.7932351500017407,1.4254767714441123,1.3073981666901635,-0.06998281290334009,-0.04626969400790257,-0.031231977266258794,-0.01850778935106024,-0.013784468202094445
2024-12-13,60.5,0.6793935758187013,0.692307685717277,0.6777091118014262,0.6834362551900015,1.1707889409142052,300124.SZ,1.413874253747688,0.8268447170671935,1.3714370313445756,1.458583607015339,0.25432374487468096,-0.06661000770966374,0.6657792261548869,1.4324510380521556,1.3196748162471081,-0.013880731698168579,-0.0075186377405701225,-0.02602664772188274,-0.04337767265971976,1.1605272094629044
2024-12-16,59.900001525878906,0.6726558054250005,0.6769230400167513,0.6573834801723994,0.6704098676812005,0.5931073191657574,300124.SZ,-1.430309874250422,0.6438544918849716,1.3643344290514468,1.479968634186014,0.15158364739359872,-0.5424528098363718,0.17132157599606426,1.432322939100431,1.33145753749028,-0.06709079155515646,-0.07923670757886939,-0.10468464214876175,-0.03470204987567485,-0.7433311308250997
2024-12-17,59.220001220703125,0.6650196427987,0.6771476380749012,0.6614261595436997,0.6683885279955504,-0.09863954636981934,300124.SZ,-0.7192638422508947,0.43544293986441795,1.363799657141999,1.482160201731232,0.035337507084357664,-0.5600209091554018,0.17486166449959434,1.4300740974729218,1.3428680218342433,-0.010410659088752931,0.0011567644132224014,0.020821318177505863,-0.0393291075285661,-0.8935873077873226
2024-12-18,59.310001373291016,0.666030312641525,0.6714205375240255,0.6597416955264248,0.6664794659201254,-0.13328443790525915,300124.SZ,-0.008217810251367088,0.27335487574889233,1.3639909171095734,1.4804160173403127,0.04968205002774211,-0.605963713332409,0.13360903042586467,1.4292343388848474,1.353927743591989,-0.009832387197268125,-0.02949672033129839,-0.008675622784044903,0.005205329544376466,-0.02799821851268479
2024-12-19,59.83000183105469,0.6718697336403254,0.6793935758187013,0.6576080782305495,0.6605277673110999,-0.011306573130169573,300124.SZ,0.7028282217481605,0.18507240963012186,1.3623416316874377,1.477503915422497,0.13390260152527486,-0.45851706851339136,0.2652363315145998,1.4255906450216358,1.3651234766139075,-0.030653484744520787,0.04106414383327413,-0.010988930980238149,0.030075212853035983,0.17831823518661033
2024-12-20,59.45000076293945,0.6676024562108752,0.678046030307501,0.6658057145833751,0.6715328151342508,0.04458047756589393,300124.SZ,1.413874253747688,0.08097293284000903,1.3598811750841953,1.485954344283175,0.0642597264393666,-0.3997063445990184,0.2652363315145995,1.4212068244850762,1.3761402470149597,0.05668013246640353,-0.006940365849084495,0.04222090824649694,-0.021978082590728677,0.09125794647703529
2024-12-23,58.5,0.6569342840560995,0.6692868773904507,0.6527793270745741,0.6649073223507753,0.37038077592320845,300124.SZ,-1.430309874250422,-0.08160941682657268,1.3589674248068748,1.4882660481869856,-0.10874219054186125,-0.7235938350494902,-0.06995547482926145,1.4127950023710678,1.386913631856173,-0.034123777984189634,-0.04511292959468057,-0.06709079155515646,-0.054945096161695496,0.4468100091257063
2024-12-24,59.29999923706055,0.6659179921936004,0.6754632168953257,0.6581695519570746,0.6607523653692499,-0.03005726173430185,300124.SZ,-0.7192638422508947,-0.14301029201917956,1.3510178476381782,1.5067694716942057,0.029537094165453866,-0.4553788222436639,0.040329540527816454,1.408952039248871,1.3957113007115827,-0.02139959006899108,0.0318104697879968,0.027761684026590357,0.0462694733776506,-0.509851216590334
2024-12-25,59.47999954223633,0.6679393318792505,0.6724312073668506,0.660864642979475,0.6674901357629505,-0.2856421298205626,300124.SZ,-0.008217810251367088,-0.1758621935673505,1.3501397614354658,1.5099150981524174,0.06076825984349194,-0.4137468770849302,0.04032954052781671,1.4056784060075673,1.4039219813457395,0.03470204987567444,-0.015615988633129397,0.013880731698168579,0.010410659088752931,-0.3190386363686584
2024-12-26,60.08000183105469,0.6746771451106507,0.6760246906218509,0.6644581262344754,0.6679393318792505,-0.06754218390271674,300124.SZ,0.7028282217481605,-0.15113645673552703,1.3458773492350808,1.523097356533533,0.16583025946446098,-0.23424888261076085,0.10694567082582179,1.4062192688514623,1.4109515283432978,0.0023135288264460353,0.01850778935106024,0.01850778935106065,0.03470227050592723,0.3049381936826169
2024-12-27,59.38999938964844,0.6669286620364254,0.6766984419586013,0.66254910699675,0.6753508964474011,0.4928275069167531,300124.SZ,1.413874253747688,-0.1885774545144764,1.3464904468848198,1.5181875158965494,0.0296211390569202,-0.35558976378588986,0.05370153860648199,1.4076568189278953,1.4145951518160902,0.03817234311534329,0.003470072609416058,-0.009832166567015336,-0.0399076000503037,0.7558042213284227
