index,adjusted price,close,high,low,open,volume,ticker,day,dopen,dhigh,dlow,dclose,dvolume
2010-01-04,-1.1408240657351765,0.062026350518677276,0.06216035336596978,0.05636864381365898,0.05656219717131383,2.5688387584356116,NTES,-1.4473987932710248,0.03649709666927116,0.001468268399463421,0.03293129484069685,0.0019926642590265484,-2.145230522296594
2010-01-05,-1.1399279326747713,0.062309236741364266,0.06236879435121522,0.061043696102812406,0.061743464295990286,0.6235090711317003,NTES,-0.7326994545855547,0.03649709666927116,0.001468268399463421,0.03293129484069685,0.0019926642590265484,-2.145230522296594
2010-01-06,-1.1396921206314936,0.06238368197880581,0.06299411730695156,0.06163924380336756,0.06210079575611882,0.15209980047142183,NTES,-0.018000115900084712,0.0025170601185896765,0.004404805198390262,0.004195066858221679,0.0005243958595631278,-0.5185859643004339
2010-01-07,-1.1460123062727712,0.06038859789189489,0.06156480566541462,0.06016526217957026,0.061192586577695496,0.07112705275663031,NTES,0.6966992227853853,-0.006397469457416811,-0.010068140456075363,-0.010382797975469909,-0.01405346897412846,-0.08769333392460055
2010-01-08,-1.1495968524249656,0.059257053001146934,0.060343927909634526,0.059137941331189325,0.060209932161830626,0.22658030115340155,NTES,1.4113985614708553,-0.006921865316979939,-0.008599922065753614,-0.007236497831803648,-0.007970657036106193,0.17323056373023435
2010-01-11,-1.153323008216174,0.05808084522762721,0.060075929314538125,0.057783071377349636,0.05985260070170209,0.04155126071826548,NTES,-1.4473987932710248,-0.0025170601185896765,-0.0018877950889422573,-0.009543769601083071,-0.008285264546359068,-0.2025316931517857
2010-01-12,-1.156341547040093,0.05712796606694352,0.05788729186997236,0.055773096113103826,0.05636864381365898,1.2882430312134856,NTES,-0.7326994545855547,-0.024541161124253495,-0.01541686820350759,-0.014158363148783586,-0.006712126976811356,1.3775406359723443
2010-01-13,-1.1564358885500925,0.057098190811762345,0.059539939223833924,0.05666641766393656,0.059539939223833924,0.7450583628015656,NTES,-0.018000115900084712,0.022338758525058365,0.011641328034764746,0.0062926002873325195,-0.00020973834016858265,-0.5977985587067073
2010-01-14,-1.1527098579540462,0.058274398585282064,0.0586317264956663,0.056130424023488064,0.056964191514214134,0.028747106847997778,NTES,0.6966992227853853,-0.01814369166683673,-0.006397494461987646,-0.0037755651733136788,0.008285264546359068,-0.7888641130534971
2010-01-15,-1.1613411184682627,0.055549763950523495,0.0583637314503142,0.05514776960762319,0.058274398585282064,1.446401382540595,NTES,1.4113985614708553,0.009229162090830243,-0.0018877700843714217,-0.006921865316979985,-0.019192458381392104,1.5662178708897994
2010-01-19,-1.161859941130965,0.055385989397794114,0.05638353144124957,0.05523710247265533,0.055668875620481104,0.3457851702836403,NTES,-0.7326994545855547,-0.01835343000700527,-0.013948624808615005,0.0006292650296474656,-0.0011536358846397112,-1.2129898383795483
2010-01-20,-1.1666708434497093,0.053867341341480746,0.05534132296527805,0.05361423392371923,0.05534132296527805,0.8608367682200425,NTES,-0.018000115900084712,-0.002307296773850258,-0.00734136700188794,-0.011431564690025329,-0.010697430490293617,0.5700896422380458
2010-01-21,-1.1686989772560916,0.05322712720840952,0.05504354911500047,0.05307824028327073,0.054120448759242254,0.4265775778030759,NTES,0.6966992227853853,-0.008599897061182778,-0.0020975334291108397,-0.0037755651733136788,-0.0045096993730453895,-0.4775864807635186
2010-01-22,-1.1793583993978376,0.04986227844057972,0.05348023462617103,0.04960917102281821,0.05348023462617103,2.2245693255012307,NTES,1.4113985614708553,-0.0045096993730453895,-0.011012063005117327,-0.024436291954169204,-0.023702157754437493,1.985965010595403
2010-01-25,-1.177613234479159,0.050413159708618815,0.051857366077234936,0.04963894982774369,0.04981761200806366,1.931155827657209,NTES,-1.4473987932710248,-0.025799691183548332,-0.011431564690025329,0.0002097633447394182,0.00388043434339797,-0.3221466912376406
2010-01-26,-1.1822826662646253,0.04893917808482151,0.050011165365718514,0.04813518939902091,0.049713391515440936,0.741271218699092,NTES,-0.7326994545855547,-0.0007341341997317104,-0.013004727264143876,-0.010592561320209326,-0.010382797975469909,-1.3115080148396119
2010-01-27,-1.1800187204149652,0.049653837455334277,0.05005583179823458,0.04893917808482151,0.049311397172540634,1.6105109603144487,NTES,-0.018000115900084712,-0.0028316676288425505,0.00031463251482370956,0.005663335257685101,0.005034095232608517,0.9609779221725201
2010-01-28,-1.1828958026161795,0.048745624727166655,0.05026427278348002,0.048403184444373006,0.04992183250068638,1.2633560842543736,NTES,0.6966992227853853,0.004299936028305971,0.001468268399463421,-0.0037755651733136788,-0.006397494461987646,-0.38145662373279
2010-01-29,-1.1826128059073286,0.04883495759219879,0.04978783675288248,0.04849251730940514,0.04884984521978938,-0.04230693012222017,NTES,1.4113985614708553,-0.0075511303466273575,-0.0033560384838348424,0.0006292650296474191,0.0006292650296474191,-1.4392831043090275
2010-02-01,-1.18171665893635,0.04911784381488578,0.04959428339522763,0.0484180756217079,0.048686070667059995,0.12017958589343052,NTES,-1.4473987932710248,-0.0011536358846397112,-0.001363399229379083,-0.0005243708549922922,0.0019926642590265484,0.18099260187557267
2010-02-02,-1.1785094231818585,0.05013027703567612,0.05038338445343764,0.04890940282964033,0.04907317738236971,-0.1436581199122265,NTES,-0.7326994545855547,0.002726798458758259,0.005558466087600762,0.0034609326584899695,0.007131628661719357,-0.28950632570339735
2010-02-03,-1.1758209405372015,0.050978932153992795,0.05251246783789675,0.0501600522908573,0.0501600522908573,1.0471281900226699,NTES,-0.018000115900084712,0.007655999516711649,0.014997366518599588,0.00880963540135136,0.00597796777250881,1.3158423840478601
2010-02-04,-1.1811978362736477,0.04928161836761515,0.05066627067612462,0.04916251024740184,0.05060671306627367,-0.12021389451596168,NTES,0.6966992227853853,0.0031463001436662598,-0.01300470225957304,-0.00702673448706423,-0.011955960549588456,-1.2866296874507068
2010-02-05,-1.1840277894515832,0.04838829681678242,0.04920717667991791,0.04752475052113086,0.0489540692621564,0.8916749416258986,NTES,1.4113985614708553,-0.01164130303019391,-0.010277928805385616,-0.011536458864680455,-0.0062926002873325195,1.1184079778895106
2010-02-08,-1.1772831365681764,0.05051738020124154,0.051857366077234936,0.04913273144247637,0.04914762261981126,1.7573078793341377,NTES,-1.4473987932710248,0.001363399229379176,0.018668062521828975,0.011326695519941038,0.014997366518599588,0.9569973897902954
2010-02-09,-1.1761511219116256,0.05087471166137007,0.05142559292940916,0.05033871802092157,0.05142559292940916,-0.4309400511141483,NTES,-0.7326994545855547,0.01604613323315496,-0.0030414309735819684,0.008495027891098487,0.0025170601185896765,-2.4133193782394335
2010-02-10,-1.1770944674587513,0.050576937811092494,0.050949153349067314,0.04950495053019549,0.05054715900616701,-0.1818902413276737,NTES,-0.018000115900084712,-0.006187731117248229,-0.003356063488405678,-0.0058730986024245185,-0.0020975334291108397,0.2765253790489676
2010-02-11,-1.1732268411342646,0.051797812017128284,0.0523189144802419,0.050651379498789735,0.05066627067612462,-0.14311709932615885,NTES,0.6966992227853853,0.0008390283743868373,0.009648663775738245,0.00807550120161965,0.008599897061182778,0.044460341165262436
2010-02-12,-1.1608222958055605,0.055713542052997174,0.05697907914180472,0.05362912155130982,0.05516265723521378,5.117226059009596,NTES,1.4113985614708553,0.03167276478140202,0.03282642567061247,0.020975359295679234,0.027582592097835465,5.807077070912089
2010-02-16,-1.1583696808464754,0.056487751933872295,0.05666641766393656,0.05546043108549136,0.05560931801063015,0.520715159778847,NTES,-0.7326994545855547,0.0031463001436662598,-0.0022024025991950846,0.01289983308948875,0.0054535719129456825,-5.071120849850925
2010-02-17,-1.1574263770310707,0.05678552578414987,0.05697907914180472,0.056353756186068395,0.056353756186068395,-0.25492802044680635,NTES,-0.018000115900084712,0.005243858577347936,0.0022024025991950846,0.006292625291903355,0.0020975334291108397,-0.8543438707410947
2010-02-18,-1.1574735477860703,0.056770638156559285,0.05687485864918201,0.05587731660572655,0.05659197597623932,-0.48414040874413383,NTES,0.6966992227853853,0.001678031744202839,-0.0007341341997316638,-0.003356063488405678,-0.00010486917008429133,-0.2512932148340394
2010-02-19,-1.1592658695491749,0.05620486926092961,0.05674086290137811,0.05586242897813596,0.05626442332103626,-0.1649382629642207,NTES,1.4113985614708553,-0.002307296773850258,-0.0009438725399002931,-0.00010486917008429133,-0.003985303513482262,0.3539467338832398
2010-02-22,-1.1607279542955613,0.05574331730817835,0.05657708479890443,0.055266877727836505,0.05657708479890443,-0.016337941990973003,NTES,-1.4473987932710248,0.002202402599195131,-0.001153660889210547,-0.004195091862792515,-0.003251194318321387,0.16566755220400725
2010-02-23,-1.1607279542955613,0.05574331730817835,0.05593687066583321,0.05447777666962649,0.05575820493576894,-0.3339170260126832,NTES,-0.7326994545855547,-0.005768229432340228,-0.0045096993730453895,-0.005558466087600809,0.0,-0.3488162581985467
2010-02-24,-1.1569547112127945,0.056934412709288666,0.0576937385123175,0.055817762545619896,0.056115536395897475,0.6684137797753152,NTES,-0.018000115900084712,0.0025170601185896765,0.012375462234496457,0.009438925435569616,0.008390133716443359,1.107859567076615
2010-02-25,-1.156341547040093,0.05712796606694352,0.057395964662039924,0.05510310317510712,0.05656219717131383,1.3850857161195946,NTES,0.6966992227853853,0.0031463001436662134,-0.0020975334291108397,-0.005034095232608564,0.0013633992293791296,0.7926014024044115
2010-02-26,-1.1540304721671542,0.05785751306504688,0.0587657257932145,0.05687485864918201,0.05694930388662355,0.8841006534209515,NTES,1.4113985614708553,0.0027267984587583055,0.009648663775738198,0.012480331404580795,0.005138964402692808,-0.5512263298346772
2010-03-01,-1.1566245159277968,0.057038636751655686,0.05790217949756294,0.05620486926092961,0.057738404944833566,0.8047509674643628,NTES,-1.4473987932710248,0.005558466087600809,-0.006082861947163984,-0.004719437713213972,-0.005768204427769392,-0.08590209435259939
2010-03-02,-1.159124329463029,0.05624953569344567,0.057738404944833566,0.05610064521856258,0.057738404944833566,0.2220717962695045,NTES,-0.7326994545855547,0.0,-0.0011536358846396648,-0.000734159204302546,-0.005558466087600809,-0.6413853882920687
2010-03-03,-1.16242594845924,0.055207323667729846,0.05650264311120719,0.05490954981745227,0.05604109115845592,-0.17846377761591192,NTES,-0.018000115900084712,-0.011955960549588503,-0.008704766231267069,-0.008390133716443359,-0.007341392006458775,-0.44036850298971686
2010-03-04,-1.158133868803198,0.05656219717131383,0.05666641766393656,0.054820216952420134,0.054924437445042856,-0.3937899708708364,NTES,0.6966992227853853,-0.00786576286145102,0.0011536358846397112,-0.0006292650296474191,0.00954379460565386,-0.23596816516247396
2010-03-05,-1.1524740180896214,0.05834884027297931,0.0583637314503142,0.05685997102159142,0.05730663179700779,-0.37052608566992745,NTES,1.4113985614708553,0.016780292437457555,0.011955960549588456,0.014368126493523006,0.012585200574665086,0.027344051921695846
2010-03-08,-1.1498326922893904,0.059182607763705396,0.059286831806072415,0.05776818374975904,0.05776818374975904,-0.15664261397785006,NTES,-1.4473987932710248,0.003251194318321387,0.006502363632071938,0.006397494461987646,0.0058730986024245185,0.23771518832227592
2010-03-09,-1.1493138974478354,0.05934638586617906,0.059659047344047235,0.05861683886807571,0.05869128055577296,-0.388199424814804,NTES,-0.7326994545855547,0.006502338627501102,0.002621904284103132,0.00597796777250881,0.0011536608892105003,-0.2538805608824855
2010-03-10,-1.1494553540705401,0.059301719433663004,0.059807937818930325,0.05909327844841756,0.05955482685142451,-0.5640311152867901,NTES,-0.018000115900084712,0.006082861947163937,0.0010487917191262556,0.003356063488405678,-0.00031463251482366294,-0.1923813355771125
2010-03-11,-1.1485120780762825,0.059599489734196286,0.05961438446127547,0.05834884027297931,0.05886994628583722,-0.7997357506169293,NTES,0.6966992227853853,-0.004824331887869146,-0.0013633992293791296,-0.005243858577347936,0.0020975084245400044,-0.258458173122044
2010-03-12,-1.1477103143470238,0.05985260070170209,0.06080547986238578,0.05974838020907937,0.059882375956883276,-0.5079453145311104,NTES,1.4113985614708553,0.007131603657148568,0.008390133716443359,0.009858427120477615,0.001782925918857966,0.3236946877783314
2010-03-15,-1.1485120780762825,0.059599489734196286,0.06071614699735365,0.05933149468884418,0.059956821194324814,-0.4704345538970867,NTES,-1.4473987932710248,0.0005243958595631278,-0.0006292650296474191,-0.002936561803497677,-0.001782925918857966,0.04306715483148376
2010-03-16,-1.1491252283384104,0.05940593992628573,0.06000149117658518,0.059018833210976014,0.0595846021066057,-0.37683799250738337,NTES,-0.7326994545855547,-0.002621929288673968,-0.0050340702280376815,-0.002202402599195131,-0.001363374224808294,0.10496443337507921
2010-03-17,-1.1453047727689232,0.06061192650473093,0.06082036748997637,0.059316607061253586,0.05971860495389819,0.05796221849565084,NTES,-0.018000115900084712,0.0009439225490419642,0.005768204427769392,0.0020975334291107933,0.008495027891098487,0.48152279673354426
2010-03-18,-1.1426635443427073,0.06144569044571271,0.06198168763590551,0.06046303602984784,0.060790592234795195,-0.20497378633322674,NTES,0.6966992227853853,0.0075511303466273575,0.008180395376274777,0.008075501201619697,0.005873073597853684,-0.28851119260784114
2010-03-19,-1.1457764942294937,0.06046303602984784,0.062026350518677276,0.06032904028204394,0.06180302190584124,-0.622822018972808,NTES,1.4113985614708553,0.007131603657148522,0.000314607510252874,-0.0009438725399002931,-0.006921865316979939,-0.45947505842439584
2010-03-22,-1.147663115770877,0.05986748832929268,0.06044814840225725,0.05927194062873752,0.059882375956883276,-0.6190348748703344,NTES,-1.4473987932710248,-0.013529123123707004,-0.011116932175201618,-0.007446261176543067,-0.004195066858221679,0.005849177057681986
2010-03-23,-1.1538889459915815,0.05790217949756294,0.05986748832929268,0.057783071377349636,0.05986748832929268,-0.3699850650838598,NTES,-0.7326994545855547,-0.00010486917008429133,-0.0040901976881373885,-0.0104876671455542,-0.013843730633959925,0.2765253790489676
2010-03-24,-1.1611053203355586,0.05562420918796503,0.057395964662039924,0.05490954981745227,0.057336410601933264,4.09289374938818,NTES,-0.018000115900084712,-0.01782903414744214,-0.017409532462534138,-0.020241225095947526,-0.01604613323315501,4.926981361202189
2010-03-25,-1.1655388844354528,0.054224669251864976,0.056398422618584465,0.054224669251864976,0.0562197568885202,2.7556712008243065,NTES,0.6966992227853853,-0.007865762861451067,-0.00702673448706423,-0.004824331887869099,-0.00985842712047757,-1.4741127626534944
2010-03-26,-1.16624637620758,0.05400134063902894,0.05563909681555563,0.05362912155130982,0.05455222190706804,1.0332419949802667,NTES,1.4113985614708553,-0.011746197204849037,-0.0053487277474322265,-0.004195066858221679,-0.0015731375695477122,-1.899233621075102
2010-03-29,-1.1640295732917727,0.054701108832206816,0.05474577526472289,0.053822674908964675,0.05404600707154501,-0.7726847213135468,NTES,-1.4473987932710248,-0.003565801828574261,-0.0062926002873325195,0.0013633992293791296,0.004929201057953344,-1.9913829457236059
2010-03-30,-1.1640767023150516,0.05468622120461623,0.055534876322932906,0.054388447354338655,0.05501377031007499,-0.16583996394100012,NTES,-0.7326994545855547,0.006816971142324812,0.005558466087600809,0.003985328518053097,-0.00010486917008429133,0.6713941913656667
2010-03-31,-1.169783779425922,0.052884686925615876,0.05420978162427438,0.05281024168817433,0.054180002819348906,0.9971739559090902,NTES,-0.018000115900084712,-0.005873098602424565,-0.009334031260914534,-0.011116957179772454,-0.01269009474932012,1.2851922847047292
2010-04-01,-1.1673311783774105,0.0536589003562353,0.05397156183410347,0.052854908120690394,0.052869799298025294,0.6554292857096916,NTES,0.6966992227853853,-0.009229137086259269,-0.0016780317442027925,0.00031463251482370956,0.005453596917516518,-0.3754858251594528
2010-04-05,-1.1678500010401125,0.05349512225376162,0.054224669251864976,0.05336112650595772,0.05368867561141648,-0.13121464643267056,NTES,-1.4473987932710248,0.005768204427769345,0.0017829009142871304,0.003565826833145096,-0.001153660889210547,-0.8664844945068804
2010-04-06,-1.165161560127176,0.05434378092182259,0.05461177596717469,0.05351001343109651,0.053554676313868274,-0.3056036153418095,NTES,-0.7326994545855547,-0.0009438975444711286,0.002726798458758259,0.0010487667145554198,0.005977992777079646,-0.1907891226242226
2010-04-07,-1.1674254642451154,0.05362912155130982,0.054567109534658625,0.053539788686277685,0.054448001414445314,-0.13842825424690589,NTES,-0.018000115900084712,0.006292625291903355,-0.00031463251482370956,0.00020973834016858265,-0.005034095232608517,0.1861672939724649
2010-04-08,-1.1647370233321792,0.05447777666962649,0.054924437445042856,0.05306334910593584,0.05371845441634195,-0.3997411973175805,NTES,0.6966992227853853,-0.005138964402692808,0.0025170351140188407,-0.003356063488405678,0.00597796777250881,-0.28671995303584
2010-04-09,-1.1622843944625205,0.05525199010024592,0.05532643533768746,0.05437355617700377,0.05471599645979741,-0.4401374010772983,NTES,1.4113985614708553,0.00702673448706423,0.0028316926334133858,0.009229162090830197,0.005453596917516518,-0.04291234462457168
2010-04-12,-1.1674726489106888,0.05361423392371923,0.05535621059286864,0.05340578938872949,0.05510310317510712,0.6098032162846532,NTES,-1.4473987932710248,0.0027267984587582123,0.00020973834016858265,-0.006816996146895647,-0.01153643386010962,1.160402594521982
2010-04-13,-1.1663406759858588,0.05397156183410347,0.0543288897444877,0.05184247844964435,0.053242014836000114,0.6016879074936384,NTES,-0.7326994545855547,-0.013109596434228075,-0.007236497831803648,-0.011012038000546492,0.0025170351140188407,-0.007286579803659817
2010-04-14,-1.165633170303158,0.0541948939966838,0.055534876322932906,0.05397156183410347,0.0544628890420359,0.12126162706556581,NTES,-0.018000115900084712,0.008599897061182731,0.008495027891098487,0.014997366518599588,0.0015731625741185478,-0.5285372952559959
2010-04-15,-1.1683688237028147,0.05333134770103224,0.05403111589421012,0.05322712720840952,0.0539268954015874,0.2574184745592576,NTES,0.6966992227853853,-0.0037755651733136788,-0.010592561320209326,-0.0052438335727771,-0.006082861947163937,0.15193471548533172
2010-04-16,-1.1717647563878781,0.05225936042013524,0.05328668126851618,0.05184247844964435,0.05275068762806767,0.258320175536037,NTES,1.4113985614708553,-0.008285264546359068,-0.0052438335727771,-0.009753532945822489,-0.0075511303466273575,0.0026647511519021544
2010-04-19,-1.1714817735896008,0.05234869328516737,0.052616688330519475,0.05118737313923824,0.05184247844964435,0.0680612694355803,NTES,-1.4473987932710248,-0.006397469457416811,-0.004719462717784808,-0.004614593547700516,0.0006292650296474191,-0.20830346510601166
2010-04-20,-1.1665765019397099,0.05389711659666192,0.05389711659666192,0.05187225370482553,0.05240824734527403,0.3297348928969667,NTES,-0.7326994545855547,0.003985303513482262,0.009019398746090779,0.004824331887869099,0.0109071688304622,0.29045724238675436
2010-04-21,-1.1689819739649425,0.053137794343377384,0.05449266784696138,0.052378468540348555,0.05401622826661953,0.8038492664875835,NTES,-0.018000115900084712,0.011326695519941038,0.004195091862792515,0.003565801828574261,-0.005348702742861391,0.5249105996997945
2010-04-22,-1.1654445151043065,0.05425444805679046,0.054403334981929244,0.052140252299921926,0.05291446218079705,0.07256977431947738,NTES,0.6966992227853853,-0.007760893691366776,-0.0006292650296474191,-0.0016780067396320035,0.007865762861451067,-0.80538332243973
2010-04-23,-1.1628975725457955,0.05505843674259106,0.05510310317510712,0.053941783029177987,0.054224669251864976,-0.22318814606417095,NTES,1.4113985614708553,0.009229162090830197,0.004929201057953344,0.01269006974474933,0.005663335257685101,-0.32473403728608674
2010-04-26,-1.160869480471134,0.05569865087566228,0.05642819787376564,0.05490954981745227,0.05516265723521378,0.43162710327304066,NTES,-1.4473987932710248,0.006607232802156229,0.009334031260914534,0.006816996146895647,0.0045096993730453895,0.7243352720492564
2010-04-27,-1.165303044571028,0.05429911448930652,0.05596664947075868,0.05409066995431678,0.05560931801063015,-0.3200308309702802,NTES,-0.7326994545855547,0.0031463001436662598,-0.003251169313750551,-0.005768229432340228,-0.009858402115906781,-0.8278733303993
2010-04-28,-1.1721420250538606,0.052140252299921926,0.05502866148740988,0.052080694690070976,0.0549988826824844,0.1728389229373484,NTES,-0.018000115900084712,-0.004299936028305971,-0.006607232802156229,-0.014158363148783586,-0.015207129863339008,0.5456093680873634
2010-04-29,-1.169830908449201,0.052869799298025294,0.054120448759242254,0.05211047349499645,0.05257202189800341,0.18438069544012492,NTES,0.6966992227853853,-0.017094924952281265,-0.006397494461987646,0.0002097633447394182,0.005138964402692855,0.014407321679465282
2010-04-30,-1.1726609172694307,0.051976474197448254,0.053420680566064374,0.05173825440727733,0.053242014836000114,-0.3755756111398922,NTES,1.4113985614708553,0.004719462717784854,-0.004929201057953391,-0.002621929288673968,-0.006292625291903402,-0.6163080342840526
2010-05-03,-1.175066361473516,0.051217151944163715,0.05187225370482553,0.05047271731846977,0.05166381271958008,-0.07566986626305855,NTES,-1.4473987932710248,-0.011116932175201665,-0.010907193835033037,-0.008914504571435652,-0.005348702742861391,0.3326508856383371
2010-05-04,-1.18284863186118,0.04876051590450154,0.05078537879633794,0.048403184444373006,0.05047271731846977,0.8529017996243836,NTES,-0.7326994545855547,-0.008390133716443359,-0.007655999516711649,-0.014577889838262423,-0.017304663292449847,1.026457679860118
2010-05-05,-1.182707147417328,0.04880518233701761,0.04977294557554759,0.04810541059409543,0.048447850876889076,-0.4172341962671012,NTES,-0.018000115900084712,-0.014263257323438715,-0.007131628661719357,-0.0020975334291108397,0.00031463251482370956,-1.4000748603441133
2010-05-06,-1.1861502508573913,0.047718303878785714,0.049311397172540634,0.04456189964594567,0.048403184444373006,0.9784185755920783,NTES,0.6966992227853853,-0.00031463251482370956,-0.003251169313750551,-0.024960662809161496,-0.007656024521282485,1.5419366233582281
2010-05-07,-1.185820069482967,0.04782252437140844,0.04853718374192121,0.045857215539678704,0.04853718374192121,0.8388352643866248,NTES,1.4113985614708553,0.0009438975444711286,-0.005453596917516518,0.00912426791617507,0.0007341341997317104,-0.15237698513575337
2010-05-10,-1.1786509354468575,0.05008561060316006,0.05080026642392853,0.0496240586504088,0.049951611305611855,-0.38134649739128046,NTES,-1.4473987932710248,0.009963296290561908,0.01594126406307072,0.026533825383280044,0.015941289067641553,-1.3449444868503
2010-05-11,-1.1812921638730736,0.049251843112433975,0.04990694487309579,0.04884984521978938,0.049728279143031524,-0.2738637409591741,NTES,-0.7326994545855547,-0.0015731625741185478,-0.0062926002873325195,-0.005453596917516518,-0.0058730986024245185,0.12028948304664465
2010-05-12,-1.1794055423316903,0.04984739081298913,0.05005583179823458,0.04920717667991791,0.04920717667991791,-0.057455506532114356,NTES,-0.018000115900084712,-0.003670670998658552,0.0010487667145554198,0.0025170601185896765,0.004195066858221679,0.24050156098983327
2010-05-13,-1.1794526991761163,0.04983249963565425,0.05060671306627367,0.0493560636050567,0.04957939221789273,-0.48720619206518384,NTES,0.6966992227853853,0.002621904284103132,0.00388043434339797,0.0010487667145554198,-0.00010489417465512688,-0.4726108152857376
2010-05-14,-1.180490358412094,0.04950495053019549,0.049728279143031524,0.048700958294650584,0.049728279143031524,-0.5952299690833578,NTES,1.4113985614708553,0.0010487667145554198,-0.006187731117248229,-0.004614593547700516,-0.0023072717692794223,-0.11754732679128647
2010-05-17,-1.1856785850391152,0.04786719080392451,0.04959428339522763,0.047063202118123905,0.04884984521978938,1.6144784446122782,NTES,-1.4473987932710248,-0.006187731117248229,-0.0009438725399002465,-0.01153643386010962,-0.011536458864680455,2.4403427820263626
2010-05-18,-1.1895461696318812,0.04664631659788871,0.04819474345912756,0.04444278797598805,0.04788208198125939,3.0972355308283492,NTES,-0.7326994545855547,-0.006816971142324812,-0.009858427120477662,-0.018458324181660393,-0.008599897061182778,1.6380664803889566
2010-05-19,-1.1905838010467118,0.046318767492429955,0.046944093997910594,0.04514255971891023,0.045559441689401126,1.3921189837384742,NTES,-0.018000115900084712,-0.016360790752549554,-0.00880963540135136,0.0049292260625242255,-0.0023072717692794223,-1.880127065640423
2010-05-20,-1.1956776722531601,0.04471078657108445,0.04541055476426233,0.03894885582369914,0.03982728974694128,7.391315922447282,NTES,0.6966992227853853,-0.04037755601723992,-0.010802324664948744,-0.04362875033556131,-0.011326695519941038,6.6224891294108374
2010-05-21,-1.195111692746032,0.04488945230114872,0.04570832861453991,0.04374301978281017,0.04378768621532624,1.3005061644976856,NTES,1.4113985614708553,0.02789722461265917,0.0020975334291108397,0.03377032321508369,0.0012585300592948382,-6.720255415806655
2010-05-24,-1.1963379793597142,0.04450234558583901,0.04488945230114872,0.043847240275432894,0.04442790034839746,0.8610171084153984,NTES,-1.4473987932710248,0.0045096993730453895,-0.005768204427769392,0.0007341341997317104,-0.002726798458758259,-0.4833582527177446
2010-05-25,-1.2009130418140337,0.04305813921722288,0.043192138514771085,0.041509715905728335,0.04308791802214836,1.3488373368530622,NTES,-0.7326994545855547,-0.00943890043099878,-0.011955960549588456,-0.01646563491806301,-0.010173059635301325,0.5400366227522486
2010-05-26,-1.1999225672436291,0.04337080424483535,0.0445172332134296,0.04295391872460016,0.04308791802214836,0.2774362362437606,NTES,-0.018000115900084712,0.0,0.009334031260914488,0.01017303463073049,0.0022024276037659668,-1.1807475260835274
2010-05-27,-1.1927534471180932,0.045633886926842664,0.04596143603230143,0.04374301978281017,0.04392168551287444,0.8141286576228688,NTES,0.6966992227853853,0.0058730986024245185,0.01017303463073049,0.005558466087600809,0.01594126406307072,0.5939728365313945
2010-05-28,-1.1941212181756273,0.04520211377901689,0.04593166077712024,0.04466612013856839,0.045514775256885055,0.37301653978237864,NTES,1.4113985614708553,0.01122180134528591,-0.00020973834016858265,0.006502363632071938,-0.0030414309735819684,-0.48514949228974574
2010-06-01,-1.1943570441294786,0.04512766854157534,0.04576788267464657,0.04421945936315202,0.04421945936315202,0.03109152938762426,NTES,-0.7326994545855547,-0.00912426791617507,-0.001153660889210547,-0.0031463001436662598,-0.0005243958595631278,-0.37568485177856403
2010-06-02,-1.1901593059834354,0.04645276324023386,0.04645276324023386,0.04524678021153295,0.04524678021153295,-0.41651283548567763,NTES,-0.018000115900084712,0.007236497831803648,0.004824331887869099,0.007236497831803648,0.009334031260914488,-0.49231445057775036
2010-06-03,-1.1861502508573913,0.047718303878785714,0.048045856533988775,0.04640810035746209,0.04642298798505268,0.44389023655724075,NTES,0.6966992227853853,0.008285264546359068,0.011221826349856745,0.008180395376274777,0.008914529576006488,0.9512256178360694
2010-06-04,-1.1898763231851583,0.04654209610526599,0.04777786148863667,0.04642298798505268,0.04715253498315604,-0.3797234356330775,NTES,1.4113985614708553,0.005138964402692808,-0.0018877700843714217,0.00010486917008429133,-0.008285264546359068,-0.9072849514246845
2010-06-07,-1.194026904486775,0.04523189258394236,0.047584308130981814,0.045097893286394165,0.04691431519298511,-0.3838712601262628,NTES,-1.4473987932710248,-0.001678031744202839,-0.0013633992293791296,-0.009334031260914488,-0.009229137086259361,-0.00290799418321255
2010-06-08,-1.1941683611094798,0.0451872261514263,0.04552966643421994,0.04488945230114872,0.045336113076565085,0.4307254022962613,NTES,-0.7326994545855547,-0.011116932175201618,-0.014472995663607297,-0.001468268399463421,-0.00031463251482370956,0.9006728565818146
2010-06-09,-1.1973284817512657,0.04418968055822654,0.045514775256885055,0.04392168551287444,0.045157447346500824,-0.27747054486629175,NTES,-0.018000115900084712,-0.0012585300592948382,-0.00010489417465512688,-0.006816996146895647,-0.007026759491635066,-0.7799079151934913
2010-06-10,-1.1962436795814355,0.044532120841020185,0.04466612013856839,0.042849698231977436,0.04466612013856839,1.1448725759055585,NTES,0.6966992227853853,-0.0034609326584899695,-0.00597796777250881,-0.0075511303466273575,0.0024121659439345494,1.5713925629866916
2010-06-11,-1.19383823537735,0.04529144664404902,0.04548500000170388,0.04372813215521958,0.04372813215521958,-0.027338693907681875,NTES,1.4113985614708553,-0.006607232802156229,0.005768229432340228,0.006187731117248229,0.0053487277474322265,-1.2920034061667103
2010-06-14,-1.1912440942426923,0.04611032295744021,0.04761408338616299,0.04594654840471083,0.0469292028205757,-0.2756671429127329,NTES,-1.4473987932710248,0.022548496865226947,0.014997366518599588,0.01562663154824701,0.005768204427769392,-0.2723900364598308
2010-06-15,-1.1911026376199876,0.04615498938995628,0.04670587420773967,0.045514775256885055,0.04611032295744021,0.369409735875261,NTES,-0.7326994545855547,-0.005768229432340228,-0.006397469457416811,-0.0030414309735819684,0.00031463251482370956,0.7135878346172494
2010-06-16,-1.1920459553459661,0.045857215539678704,0.04657187491019147,0.045678553359358734,0.04627410105991389,-0.4789105430788132,NTES,-0.018000115900084712,0.001153660889210547,-0.0009438975444711286,0.001153660889210547,-0.0020975334291108397,-0.9345515982429243
2010-06-17,-1.1946872115933291,0.04502344804895262,0.04670587420773967,0.04493411518392049,0.046363433924946025,1.776784620432573,NTES,0.6966992227853853,0.0006292650296474191,0.0009438975444711286,-0.005243858577347936,-0.0058730986024245185,2.4910945698997287
2010-06-18,-1.1941683611094798,0.0451872261514263,0.045514775256885055,0.04484478586863265,0.045038339226287506,0.8745426230670896,NTES,1.4113985614708553,-0.009334031260914488,-0.008390158721014195,-0.0006292400250765835,0.001153660889210547,-0.9940605573571849
2010-06-21,-1.1801130619249647,0.0496240586504088,0.04980272438047307,0.04628898868750448,0.04630387631509507,2.579298489766253,NTES,-1.4473987932710248,0.008914504571435652,0.03020452138650943,0.01017303463073049,0.03125326309649402,1.8830682485148922
2010-06-22,-1.1885556394191823,0.04695898162550118,0.04905828975477912,0.04664631659788871,0.04905828975477912,1.9371070541039532,NTES,-0.7326994545855547,0.019402221726131524,-0.0052438335727771,0.0025170351140188407,-0.01877293169191327,-0.7070641725987777
2010-06-23,-1.187235039116648,0.04737586359599207,0.04837340918919183,0.04698875688068236,0.04786719080392451,-0.24302556755331808,NTES,-0.018000115900084712,-0.008390158721014195,-0.004824331887869099,0.0024121659439345494,0.002936536798926842,-2.404363180379428
2010-06-24,-1.1896405111418806,0.04661654134270753,0.047733195056120614,0.04657187491019147,0.04703342331319842,-0.221565084305968,NTES,0.6966992227853853,-0.0058730986024245185,-0.004509699373045343,-0.002936536798926842,-0.005348702742861391,0.02535378573058345
2010-06-25,-1.1897347970095857,0.04658676253778206,0.046765428267846326,0.04615498938995628,0.046765428267846326,-0.5328322614902222,NTES,1.4113985614708553,-0.0018877700843714217,-0.006816996146895694,-0.002936561803497677,-0.0002097633447394182,-0.3418503265296533
2010-06-28,-1.1876123634249247,0.04725675547577876,0.04731630953588541,0.04622943462739782,0.04640810035746209,0.25254928928464876,NTES,-1.4473987932710248,-0.0025170351140188407,0.00388043434339797,0.0005243958595631278,0.004719462717784808,0.8684305442857938
2010-06-29,-1.192894875919651,0.0455892204943266,0.047003648058017246,0.04524678021153295,0.04642298798505268,0.36995075646132863,NTES,-0.7326994545855547,0.00010486917008429133,-0.002202402599195131,-0.006921865316979939,-0.011746197204849037,0.13123594709776282
2010-06-30,-1.1877538896004973,0.04721208904326269,0.047762970311301785,0.045380779509081155,0.04582744028449752,0.31332393511958134,NTES,-0.018000115900084712,-0.004195066858221679,0.005348702742861391,0.0009438975444711286,0.011431564690025329,-0.060824740344583225
2010-07-01,-1.182046770757906,0.049013623322263056,0.04919228550258302,0.04721208904326269,0.04761408338616299,2.107528538715263,NTES,0.6966992227853853,0.012585200574665039,0.010068165460646199,0.01289983308948875,0.012690094749320166,1.981785451594067
2010-07-02,-1.1841220892298618,0.04835851801185694,0.049713391515440936,0.048269188696569106,0.04923695193509909,-0.4296776697466571,NTES,1.4113985614708553,0.011431564690025329,0.0036706960032293874,0.007446261176543067,-0.004614593547700516,-2.7984358862196816
2010-07-06,-1.1813393207174996,0.04923695193509909,0.05075559999141246,0.048983844517337574,0.049251843112433975,0.4034940327975229,NTES,-0.7326994545855547,0.00010489417465512688,0.00734136700188794,0.0050340702280376815,0.006187731117248229,0.9211725983502722
2010-07-07,-1.1794526991761163,0.04983249963565425,0.04992183250068638,0.0488200699646082,0.049251843112433975,-0.585671938729496,NTES,-0.018000115900084712,0.0,-0.0058730986024245185,-0.0011536358846397112,0.004195066858221679,-1.0899913877688023
2010-07-08,-1.1777075759891584,0.05038338445343764,0.050532271378576424,0.049758057947957,0.049951611305611855,-0.321834232923839,NTES,0.6966992227853853,0.004929201057953391,0.004299961032876807,0.006607232802156229,0.003880459347968806,0.29284556181608923
2010-07-09,-1.1793112425534116,0.04987716606817031,0.050576937811092494,0.04862651660695334,0.050576937811092494,0.15624762496460715,NTES,1.4113985614708553,0.004404830202961098,0.00031463251482370956,-0.00797063203153536,-0.003565826833145096,0.5292891853202417
2010-07-12,-1.1785565939368583,0.05011538585834124,0.050532271378576424,0.04940073003757277,0.0496240586504088,-0.5135358605871427,NTES,-1.4473987932710248,-0.006712126976811356,-0.00031463251482370956,0.005453596917516518,0.001678031744202839,-0.7375152453227973
2010-07-13,-1.1755379438283506,0.05106826501902492,0.05129159363186096,0.04987716606817031,0.05062160424360856,-0.2065968480914297,NTES,-0.7326994545855547,0.007026759491635066,0.005348702742861391,0.0033560384838348424,0.006712126976811356,0.3404129237836755
2010-07-14,-1.1798300373949666,0.049713391515440936,0.050993819781583384,0.049266730740024564,0.05059182543868308,1.389053200417424,NTES,-0.018000115900084712,-0.0002097633447394182,-0.0020975334291108397,-0.004299936028305971,-0.009543794605653907,1.7626571439525924
2010-07-15,-1.1781792000757136,0.050234497528298845,0.05033871802092157,0.049296509544950046,0.04940073003757277,-0.13752655327012647,NTES,0.6966992227853853,-0.008390133716443359,-0.0046145685431296804,0.0002097633447394182,0.0036706960032293874,-1.683090712720296
2010-07-16,-1.18166948818135,0.04913273144247637,0.050234497528298845,0.04905828975477912,0.050234497528298845,0.10142420557641868,NTES,1.4113985614708553,0.0058730986024245185,-0.0007341341997317104,-0.001678031744202839,-0.007760893691366776,0.2653798883787382
2010-07-19,-1.1791697441989861,0.04992183250068638,0.049996277738127926,0.04889451165230544,0.0493560636050567,-0.7768325458067321,NTES,-1.4473987932710248,-0.006187731117248229,-0.001678031744202839,-0.001153660889210547,0.005558466087600809,-0.96759001701539
2010-07-20,-1.1748304798773705,0.05129159363186096,0.05157447985454795,0.049385838860237875,0.049653837455334277,0.14524687304789827,NTES,-0.7326994545855547,0.0020975334291108397,0.011116932175201618,0.0034609326584899695,0.009648663775738198,1.0192927215721133
2010-07-21,-1.1755379438283506,0.05106826501902492,0.05173825440727733,0.050576937811092494,0.05158936748213854,-0.638150935578058,NTES,-0.018000115900084712,0.013633967289220459,0.0011536358846397112,0.008390158721014195,-0.0015731375695477122,-0.8629020153628781
2010-07-22,-1.1646898943089001,0.05449266784696138,0.05468622120461623,0.05152981342203188,0.05176803321220281,1.705550243266999,NTES,0.6966992227853853,0.0012585300592948382,0.020765620955510607,0.0067121019722405206,0.024121659439345494,2.5882195600260136
2010-07-23,-1.1636522072517752,0.054820216952420134,0.05501377031007499,0.0536589003562353,0.054180002819348906,-0.0206661066795142,NTES,1.4113985614708553,0.01699003077762609,0.002307271769279469,0.014997391523170424,0.0023072717692794223,-1.903413180076438
2010-07-26,-1.1554454557114087,0.05741085228963051,0.0583637314503142,0.054403334981929244,0.055713542052997174,1.64243117489244,NTES,-1.4473987932710248,0.01080232466494879,0.023597288584353202,0.0052438335727771,0.018248560836920974,1.837093099500196
2010-07-27,-1.164501197378328,0.05455222190706804,0.05870617173310785,0.054522443102142555,0.05870617173310785,1.1129523613275671,NTES,-0.7326994545855547,0.021080228465763524,0.0024121659439345494,0.0008390033698160018,-0.020136330921292397,-0.582672535654253
2010-07-28,-1.1620486241509635,0.05532643533768746,0.055430655830310184,0.05443311023711042,0.054448001414445314,-0.510109396875381,NTES,-0.018000115900084712,-0.029994758041770014,-0.023072892724790073,-0.0006292650296474191,0.005453596917516518,-1.789569953944809
2010-07-29,-1.1623315930386673,0.05523710247265533,0.05620486926092961,0.0544628890420359,0.055951758293423796,-0.8096544613615029,NTES,0.6966992227853853,0.01059253631563849,0.005453596917516518,0.0002097633447394182,-0.0006292650296474191,-0.3289135962874228
2010-07-30,-1.1566717145039436,0.0570237455743208,0.05974838020907937,0.054180002819348906,0.0545968883395841,0.0732911351009009,NTES,1.4113985614708553,-0.009543769601083071,0.024960662809161496,-0.001992664259026595,0.012585200574665039,0.9761039452249743
2010-08-02,-1.1539833292333017,0.05787240424238176,0.05791707067489783,0.05666641766393656,0.05732151942459838,0.673282965049924,NTES,-1.4473987932710248,0.019192433376821267,-0.01289983308948875,0.01751442663718931,0.005977992777079646,0.6638311798394395
2010-08-03,-1.1503986857070923,0.059003945583385425,0.05940593992628573,0.057515072782253235,0.05763418445221084,-0.2599775459167711,NTES,-0.7326994545855547,0.0022024276037659668,0.0104876671455542,0.00597796777250881,0.00797063203153536,-1.0282931358443181
2010-08-04,-1.1491723712722628,0.05939105229869514,0.05955482685142451,0.058482839570527516,0.059018833210976014,-0.47836952249274556,NTES,-0.018000115900084712,0.009753532945822489,0.0010487667145554198,0.006816996146895647,0.002726798458758259,-0.23935161768736501
2010-08-05,-1.149266754513983,0.059361273493769656,0.059673934971637824,0.05864661412325689,0.05864661412325689,-0.5120931390242957,NTES,0.6966992227853853,-0.002621929288673968,0.0008390033698160018,0.0011536358846397112,-0.0002097633447394182,-0.03554835971745582
2010-08-06,-1.1537946183921557,0.057931958302488415,0.059599489734196286,0.057500185154662646,0.058661505300591776,0.4577764315996437,NTES,1.4113985614708553,0.00010489417465512688,-0.0005243958595631278,-0.00807550120161965,-0.010068165460646246,1.0720347756365918
2010-08-09,-1.1505402118826649,0.058959279150869355,0.0591677201361148,0.05828928621287266,0.05854239363063417,-0.05384870262499669,NTES,-1.4473987932710248,-0.0008390283743868373,-0.003041405969011133,0.005558466087600809,0.007236497831803695,-0.5629689003622403
2010-08-10,-1.1557755814435384,0.05730663179700779,0.05869128055577296,0.05708330318417175,0.05799151236259508,-0.2417631861858269,NTES,-0.7326994545855547,-0.00388043434339797,-0.003356063488405678,-0.008495002886527651,-0.011641328034764746,-0.20571611905756554
2010-08-11,-1.1594073122613062,0.05616020282841354,0.0568897498265169,0.055802871368285004,0.05598153709834927,0.0691433106077156,NTES,-0.018000115900084712,-0.014158363148783586,-0.01269006974474933,-0.009019423750661615,-0.00807550120161965,0.34479150940412273
2010-08-12,-1.1619542965515377,0.05535621059286864,0.05599642472593986,0.05507332437018165,0.05551998869534232,-0.13951029541904117,NTES,0.6966992227853853,-0.003251169313750551,-0.006292625291903355,-0.005138964402692808,-0.005663360262255936,-0.22860418025535809
2010-08-13,-1.1615769722432612,0.05547532226282625,0.05575820493576894,0.05468622120461623,0.05551998869534232,-0.6401346777269727,NTES,1.4113985614708553,0.0,-0.001678031744202839,-0.00272677345418747,0.0008390283743868373,-0.5508282765964547
2010-08-16,-1.1580867258693452,0.05657708479890443,0.057038636751655686,0.05529665653276198,0.05547532226282625,-0.6006401749440343,NTES,-1.4473987932710248,-0.00031463251482370956,0.009019423750661615,0.004299936028306018,0.00776086868679594,0.045256447641707394
2010-08-17,-1.1620486241509635,0.05532643533768746,0.05760440564728537,0.05519243604013926,0.05726196536449172,0.18293797387727784,NTES,-0.7326994545855547,0.012585200574665039,0.003985303513482262,-0.0007341341997317104,-0.00880963540135136,0.8664402780946814
2010-08-18,-1.165161560127176,0.05434378092182259,0.055430655830310184,0.054150227564167736,0.055266877727836505,0.855426562359366,NTES,-0.018000115900084712,-0.014053493978699295,-0.015311999033423299,-0.00734136700188794,-0.006921865316979939,0.7438398807221578
2010-08-19,-1.1442200123308137,0.06095436323778027,0.06178813427825065,0.057008857946730204,0.05875083816562391,5.601439483540142,NTES,0.6966992227853853,0.02454118612882433,0.04478238622020102,0.020136330921292352,0.046565262129917316,5.239453153206834
2010-08-20,-1.139833618985919,0.06233901199654544,0.06274101343893435,0.06044814840225725,0.06096925086537086,1.157857069971182,NTES,1.4113985614708553,0.01562660654367617,0.006712126976811356,0.024226528609429834,0.009753532945822489,-4.902346276844594
2010-08-23,-1.1432767224259823,0.06125213708805785,0.06208590812852823,0.05977815546426055,0.06196680000831492,0.29528991558399303,NTES,-1.4473987932710248,0.007026784496205901,-0.004614593547700516,-0.004719462717784808,-0.007655999516711649,-0.9502747011527122
2010-08-24,-1.1438426462908162,0.061073478457482185,0.06235390672362463,0.059956821194324814,0.059956821194324814,-0.22174542450132387,NTES,-0.7326994545855547,-0.014158388153354422,0.0018877950889422573,0.0012585300592948382,-0.001258480050153167,-0.5689396989355775
2010-08-25,-1.147568760350304,0.059897263584473864,0.06082036748997637,0.05881039222573057,0.06044814840225725,0.7486651667086832,NTES,-0.018000115900084712,0.0034609326584899695,-0.010802324664948744,-0.00807550120161965,-0.00828531455550074,1.0726318554939254
2010-08-26,-1.148417736566283,0.05962927208886606,0.06013548692438908,0.058959279150869355,0.05973349258148878,-0.1250830797905705,NTES,0.6966992227853853,-0.0050340702280376815,-0.004824331887869099,0.0010487667145554198,-0.0018877450798005862,-0.9626143515376091
2010-08-27,-1.1435124927375393,0.06117769895010491,0.061609468548186386,0.05974838020907937,0.061609468548186386,-0.6899085716451965,NTES,1.4113985614708553,0.013214465604312458,0.010382797975469909,0.005558466087600809,0.010907193835033037,-0.621681753000056
2010-08-30,-1.146861324220471,0.06012059929679849,0.06123724946046726,0.06012059929679849,0.060626814132321516,-1.0141602428950742,NTES,-1.4473987932710248,-0.006921865316979939,-0.002621929288673968,0.002621929288673968,-0.007446261176543067,-0.35618024310566254
2010-08-31,-1.1499270616205368,0.05915283250852421,0.06000149117658518,0.058557284807969054,0.0595697144790151,1.6352175670782048,NTES,-0.7326994545855547,-0.007446261176543067,-0.008704741226696233,-0.011012063005117327,-0.006816996146895647,2.9255696794195645
2010-09-01,-1.1477103143470238,0.05985260070170209,0.06077569750771601,0.059301719433663004,0.05952504804649904,-0.36439451902782743,NTES,-0.018000115900084712,-0.00031463251482370956,0.005453546908374847,0.0052438335727771,0.004929201057953391,-2.205137534649077
2010-09-02,-1.1491252283384104,0.05940593992628573,0.06031415265445335,0.05904861201590149,0.05921238656863087,0.9416291757394781,NTES,0.6966992227853853,-0.002202402599195131,-0.0032511443091797158,-0.0017829009142871304,-0.0031463001436662598,1.4430203936599422
2010-09-03,-1.1485592905630029,0.0595846021066057,0.060582144150061155,0.059286831806072415,0.06053748126728938,-0.3759362915306039,NTES,1.4113985614708553,0.009334031260914488,0.0018877450798005862,0.001678031744202839,0.0012585050547240027,-1.4524188611703692
2010-09-07,-1.1602563162984323,0.05589220423331714,0.05946549398639238,0.05546043108549136,0.05886994628583722,1.7335029735471612,NTES,-0.7326994545855547,-0.011746197204849084,-0.007865737856880231,-0.02695335207275888,-0.026009429523716918,2.3296839818005135
2010-09-08,-1.1541719844321532,0.057812846632530814,0.058199953347840526,0.05598153709834927,0.05598153709834927,0.8637222113457367,NTES,-0.018000115900084712,-0.020346094266031768,-0.008914529576006488,0.0036706960032293874,0.013529098119136168,-0.9582357659171618
2010-09-09,-1.1557755814435384,0.05730663179700779,0.058482839570527516,0.056696196468862044,0.05806595760003662,-0.0708006809884497,NTES,0.6966992227853853,0.014682759008346714,0.0019926642590265484,0.005034095232608517,-0.003565801828574261,-1.0296863221780967
2010-09-10,-1.1561529196623888,0.05718752367679448,0.05761929327487596,0.05656219717131383,0.056770638156559285,0.2658944637409841,NTES,1.4113985614708553,-0.009124292920745906,-0.006082861947163937,-0.0009438975444711751,-0.0008390033698160018,0.37325231593702995
2010-09-13,-1.1496440649116861,0.059242165373556345,0.060209932161830626,0.05754485158717871,0.0576937385123175,0.8871664367420015,NTES,-1.4473987932710248,0.006502363632071938,0.01824858584149181,0.006921865316979985,0.014472995663607297,0.6873163208945658
2010-09-14,-1.1490780575834108,0.059420827553876315,0.05946549398639238,0.05806595760003662,0.059257053001146934,-0.07098102118380559,NTES,-0.7326994545855547,0.011012063005117327,-0.005243858577347936,0.0036706960032293874,0.0012585050547240027,-1.0557588092816692
2010-09-15,-1.1520966381390505,0.05846795194293692,0.05921238656863087,0.05817017809265934,0.05817017809265934,-0.5355373644205605,NTES,-0.018000115900084712,-0.007655999516711649,-0.0017829009142871304,0.0007341341997317104,-0.0067121019722405206,-0.5110229527742068
2010-09-16,-1.153039983686176,0.05817017809265934,0.05870617173310785,0.05806595760003662,0.05854239363063417,-0.5845898975573607,NTES,0.6966992227853853,0.002621904284103132,-0.003565801828574261,-0.0007341341997317104,-0.0020975334291108397,-0.05246562234191117
2010-09-17,-1.1585583221347535,0.05642819787376564,0.05818506572024994,0.05630908975355233,0.05790217949756294,1.5762463231968311,NTES,1.4113985614708553,-0.0045096993730454355,-0.0036706960032293874,-0.012375462234496457,-0.012270593064412165,2.386406568247217
2010-09-20,-1.1562944041062406,0.05714285724427841,0.05732151942459838,0.05593687066583321,0.05629419857621744,-0.012370457693143573,NTES,-1.4473987932710248,-0.01132669551994099,-0.006082861947163937,-0.002621929288673968,0.005034095232608517,-1.7515558696945623
2010-09-21,-1.1569075126366477,0.05694930388662355,0.057515072782253235,0.05657708479890443,0.057098190811762345,-0.37359186899097746,NTES,-0.7326994545855547,0.005663360262255936,0.0013633992293791296,0.0045096993730453895,-0.0013633992293791296,-0.39698070002346664
2010-09-22,-1.15709620956722,0.0568897498265169,0.05732151942459838,0.05650264311120719,0.05657708479890443,-0.707581910790073,NTES,-0.018000115900084712,-0.0036706960032293874,-0.0013633992293791296,-0.0005243708549922922,-0.0004195016849080009,-0.3669276805376695
2010-09-23,-1.1534644648388788,0.058036178795111144,0.058735946988289024,0.05659197597623932,0.05687485864918201,0.3951983838111523,NTES,0.6966992227853853,0.0020975334291108397,0.009963296290561908,0.0006292650296474191,0.00807550120161965,1.2187173939215752
2010-09-24,-1.1542662702998583,0.057783071377349636,0.05904861201590149,0.05699397031913962,0.05885505865824663,-0.19018589031404434,NTES,1.4113985614708553,0.013948624808615005,0.0022024276037659668,0.0028316676288425505,-0.0017829009142871304,-0.6443707875787372
2010-09-27,-1.1488894302057062,0.059480381613982974,0.06009081694212872,0.057783071377349636,0.057783071377349636,0.870755478964616,NTES,-1.4473987932710248,-0.0075511303466273575,0.007341341997317104,0.005558466087600809,0.01195593554501762,1.1725432182877678
2010-09-28,-1.14987986304439,0.0591677201361148,0.060075929314538125,0.058274398585282064,0.059539939223833924,-0.5360783850066282,NTES,-0.7326994545855547,0.012375462234496457,-0.00010486917008429133,0.0034609326584899695,-0.002202402599195131,-1.5509370376304328
2010-09-29,-1.1500685321538153,0.05910816607600815,0.05955482685142451,0.05870617173310785,0.058944391523278766,-0.6841376853938083,NTES,-0.018000115900084712,-0.004195066858221679,-0.003670670998658552,0.0030414309735819684,-0.0004195016849080009,-0.16173123623398164
2010-09-30,-1.1512948465886446,0.058721059360698435,0.06085014274515755,0.05766395970739202,0.05971860495389819,0.6134100201917708,NTES,0.6966992227853853,0.005453596917516518,0.00912426791617507,-0.007341392006458775,-0.002726798458758259,1.4336661425617139
2010-10-01,-1.1479460707480071,0.05977815546426055,0.060075929314538125,0.05884016748091174,0.05927194062873752,-0.12309933764165581,NTES,1.4113985614708553,-0.0031463251482370955,-0.005453596917516518,0.008285264546359021,0.007446236171972231,-0.8111550943939559
2010-10-04,-1.1475215895953044,0.05991215831155305,0.06067147701509328,0.058959279150869355,0.06012059929679849,0.015401932391662427,NTES,-1.4473987932710248,0.005977992777079646,0.004195066858221679,0.0008390283743868838,0.0009439225490419642,0.15452206153377784
2010-10-05,-1.1529928546628971,0.05818506572024994,0.060358815537225115,0.05748529752707205,0.060358815537225115,0.8859040553745102,NTES,-0.7326994545855547,0.0016780067396320035,-0.002202402599195131,-0.010382797975469954,-0.012165723894327874,0.9623711085062988
2010-10-06,-1.1582752976047554,0.05651753073879777,0.057812846632530814,0.05586242897813596,0.05706841200683686,0.6321654005087827,NTES,-0.018000115900084712,-0.023177761894874367,-0.017933928322097267,-0.011431564690025282,-0.011746197204849084,-0.27836083503316794
2010-10-07,-1.1575207046304963,0.056755750528968696,0.05744063109455599,0.05644308550135623,0.05659197597623932,-0.21958134215705327,NTES,0.6966992227853853,-0.0033560384838348424,-0.002621904284103132,0.004090172683566553,0.0016780317442028857,-0.9383331040060379
2010-10-08,-1.154690751452561,0.05764907207980143,0.05776818374975904,0.05657708479890443,0.057217298931975656,0.3140452959010049,NTES,1.4113985614708553,0.004404805198390262,0.002307296773850258,0.0009438975444711286,0.0062926002873325195,0.5905893840065034
2010-10-11,-1.1583696808464754,0.056487751933872295,0.05814039928773387,0.055832650173210485,0.0576937385123175,1.605461434844484,NTES,-1.4473987932710248,0.003356063488405678,0.002621904284103132,-0.0052438335727771,-0.008180395376274777,1.4268992375119316
2010-10-12,-1.1588413744858985,0.05633886500873351,0.05645797667869112,0.055505097518007425,0.05604109115845592,1.1784158522417527,NTES,-0.7326994545855547,-0.011641328034764793,-0.01185106637493333,-0.002307296773850258,-0.0010487667145554198,-0.46962541599906904
2010-10-13,-1.157662161253201,0.05671108409645263,0.058482839570527516,0.056547309543723244,0.05694930388662355,0.48554882168444974,NTES,-0.018000115900084712,0.006397494461987693,0.014263232318867879,0.007341392006458729,0.002621929288673968,-0.762990652569036
2010-10-14,-1.1583696808464754,0.056487751933872295,0.05714285724427841,0.055832650173210485,0.05714285724427841,0.30160182242144895,NTES,0.6966992227853853,0.0013633992293791296,-0.00943890043099878,-0.00503409523260847,-0.0015731625741185478,-0.20133753343711827
2010-10-15,-1.153605935372157,0.05799151236259508,0.05818506572024994,0.05660686360382991,0.056964191514214134,0.7046621590418477,NTES,1.4113985614708553,-0.0012585300592948846,0.00734136700188794,0.005453596917516518,0.010592561320209326,0.4464941117699661
2010-10-18,-1.1533701233288793,0.05806595760003662,0.05884016748091174,0.057336410601933264,0.05766395970739202,-0.196858477542212,NTES,-1.4473987932710248,0.0049292010579534366,0.0046145685431296345,0.005138964402692808,0.0005243958595631278,-0.9932644508807399
2010-10-19,-1.154454953319857,0.05772351731724298,0.05854239363063417,0.05744063109455599,0.05761929327487596,0.44515261792473193,NTES,-0.7326994545855547,-0.00031463251482370956,-0.0020975334291107933,0.0007341341997317104,-0.0024121659439345494,0.7102043820923584
2010-10-20,-1.150964679124794,0.05882527985332115,0.05904861201590149,0.057738404944833566,0.05806595760003662,-0.4682704715528161,NTES,-0.018000115900084712,0.0031463251482370955,0.003565826833145096,0.0020975334291108397,0.007760868686795894,-1.0064002077420817
2010-10-21,-1.1506816963265167,0.05891461271835329,0.06028437029978358,0.05854239363063417,0.05915283250852421,-0.2450093097022328,NTES,0.6966992227853853,0.007655999516711649,0.008704741226696233,0.005663335257685101,0.0006292650296474656,0.24806457251606037
2010-10-22,-1.14987986304439,0.0591677201361148,0.05961438446127547,0.05892950034594388,0.05949527279131786,-0.7764718654160203,NTES,1.4113985614708553,0.0024121659439345494,-0.0047194127086431364,0.002726798458758259,0.0017829009142871304,-0.5848618284644767
2010-10-25,-1.1374753455368334,0.06308345017198369,0.06448298655833945,0.05974838020907937,0.05985260070170209,2.999130464554749,NTES,-1.4473987932710248,0.0025170351140188407,0.03429466906550515,0.005768229432340228,0.027582592097835465,4.1684909157692545
2010-10-26,-1.1362489754597096,0.0634705568872934,0.06467653991599431,0.0628005639492967,0.0629345667965892,0.8557872427500778,NTES,-0.7326994545855547,0.02170951849998178,0.0013633992293791296,0.021499730150671525,0.002726798458758259,-2.363761750080735
2010-10-27,-1.1402109989364901,0.06221990387633213,0.06354500212473495,0.061341469953089985,0.06306856254439311,0.333882717390152,NTES,-0.018000115900084712,0.0009438725399002931,-0.007970607026964524,-0.010277928805385616,-0.008809660405922196,-0.574313417651581
2010-10-28,-1.1443614967746656,0.060909700355008506,0.06288989681432884,0.059986596449506,0.06288989681432884,-0.2426648871626063,NTES,0.6966992227853853,-0.0012585300592948382,-0.004614593547700516,-0.009543794605653907,-0.009229137086259361,-0.6346184832422865
2010-10-29,-1.1400694171186232,0.0622645738585925,0.06300900493454215,0.06065658938750269,0.06111814134025395,-0.010026035153517094,NTES,1.4113985614708553,-0.012480331404580748,0.0008390033698160018,0.004719462717784808,0.009543794605653907,0.25841395670984485
2010-11-01,-1.1451161453912189,0.06067147701509328,0.06396188409522584,0.06025459504460239,0.06296434205177039,-0.23166413524589746,NTES,-1.4473987932710248,0.013004727264143876,0.006712126976811356,-0.0028316676288425505,-0.01122185135442758,-0.24293409683136732
2010-11-02,-1.144691636417369,0.06080547986238578,0.06156480566541462,0.06029926502686276,0.06125213708805785,-0.7205664048556966,NTES,-0.7326994545855547,-0.012060854724243583,-0.016885136602971012,0.0003146575193945451,0.0009439225490419642,-0.5378915463542242
2010-11-03,-1.1472386207076006,0.06000149117658518,0.06131169469790881,0.059286831806072415,0.06131169469790881,-0.4011839188804276,NTES,-0.018000115900084712,0.0004195266894788364,-0.001782925918857966,-0.007131628661719357,-0.005663335257685101,0.35414576050235097
2010-11-04,-1.1486535486095608,0.05955482685142451,0.06044814840225725,0.05906349964349208,0.06040348551948548,-0.36746030234887744,NTES,0.6966992227853853,-0.006397469457416811,-0.006082861947163937,-0.0015731625741185478,-0.0031463251482370955,0.03888759583014773
2010-11-05,-1.1435124927375393,0.06117769895010491,0.06128191944272763,0.05955482685142451,0.05986748832929268,0.18203627290049842,NTES,1.4113985614708553,-0.0037755901778845145,0.005873123606995354,0.0034609326584899695,0.011431589694596164,0.6081037264882925
2010-11-08,-1.133985085252344,0.06418521270806188,0.06500409612094166,0.059927045939143636,0.06098414559245005,2.0229489870933537,NTES,-1.4473987932710248,0.007865787866021903,0.026219192868456333,0.002621929288673968,0.02118507263127698,2.0333333459438783
2010-11-09,-1.1433710361148346,0.06122236183287667,0.06466165228840372,0.061043696102812406,0.0641554374528807,0.3872634152154934,NTES,-0.7326994545855547,0.022338733520487528,-0.002412190948505385,0.007865737856880231,-0.02087046512102411,-1.8035018172825958
2010-11-10,-1.1431351406081154,0.06129680707031822,0.06169880141321852,0.05952504804649904,0.06110325371266336,-0.454564616705769,NTES,-0.018000115900084712,-0.021499730150671525,-0.02087046512102411,-0.010697430490293617,0.0005243958595631278,-0.9273866399549197
2010-11-11,-1.1458707940077721,0.06043326077466666,0.06111814134025395,0.05991215831155305,0.061058583730402995,-0.8899058482948708,NTES,0.6966992227853853,-0.0003146575193945451,-0.0040901976881373885,0.0027268234633290945,-0.006082861947163937,-0.4787806404781861
2010-11-12,-1.142852157809838,0.06138613993535035,0.06241345723398699,0.06026948267219298,0.062026350518677276,-0.2352709391530151,NTES,1.4113985614708553,0.006816996146895647,0.00912426791617507,0.0025170101094480054,0.006712126976811356,0.7241362454301451
2010-11-15,-1.1461537768060495,0.060343927909634526,0.06241345723398699,0.06003126643176636,0.06241345723398699,-0.6478893061272757,NTES,-1.4473987932710248,0.002726798458758259,0.0,-0.0016780067396320035,-0.007341392006458775,-0.4537032864701699
2010-11-16,-1.1505402118826649,0.058959279150869355,0.06082036748997637,0.05885505865824663,0.06001637880417577,0.3106188321892431,NTES,-0.7326994545855547,-0.016885136602971012,-0.01122180134528591,-0.008285264546359068,-0.009753532945822489,1.0594960986325836
2010-11-17,-1.1443143260196658,0.060924587982599095,0.06166902615803734,0.05906349964349208,0.05962927208886606,0.4684165031256408,NTES,-0.018000115900084712,-0.002726798458758259,0.005977992777079646,0.001468268399463421,0.013843730633959878,0.17581790977868045
2010-11-18,-1.1504458703726654,0.05898905440605054,0.0642894332006846,0.05824461978035659,0.06379810599275217,2.3120343202488343,NTES,0.6966992227853853,0.02936546800755176,0.018458274172518722,-0.005768229432340228,-0.013633992293791294,2.0363187452305467
2010-11-19,-1.1540776151010066,0.05784262543745629,0.05912305370359874,0.05741085228963051,0.05881039222573057,0.1374922446475953,NTES,1.4113985614708553,-0.03513369743989199,-0.03639222749918682,-0.0058730986024245185,-0.00807550120161965,-2.3981933551869794
2010-11-22,-1.1532286388850275,0.05811062403255269,0.058780613420805095,0.05735129822952385,0.05761929327487596,-0.7088442921575642,NTES,-1.4473987932710248,-0.008390158721014195,-0.0024121659439345494,-0.0004195016849080009,0.0018877950889422573,-0.9323623054327007
2010-11-23,-1.1570018402360736,0.05691952508169808,0.05744063109455599,0.05630908975355233,0.05738107703444933,-0.6204775964331815,NTES,-0.7326994545855547,-0.0016780067396320035,-0.00943890043099878,-0.00734136700188794,-0.008390158721014195,0.09919266142085328
2010-11-24,-1.1539361445677283,0.05788729186997236,0.058601951240485124,0.057336410601933264,0.058274398585282064,-0.5173230046896163,NTES,-0.018000115900084712,0.0062926002873325195,0.008180395376274777,0.007236497831803648,0.006816996146895647,0.1155128441879749
2010-11-26,-1.153747517190024,0.05794684593007901,0.058199953347840526,0.056815304589075355,0.05806595760003662,-0.9178585785750327,NTES,1.4113985614708553,-0.001468268399463421,-0.0028316926334133858,-0.0036706960032293874,0.0004195016849080009,-0.44036850298971686
2010-11-29,-1.1552567448702629,0.057470406349737164,0.05833395264538872,0.057172632499459586,0.05754485158717871,-0.35700057101823623,NTES,-1.4473987932710248,-0.0036706960032293874,0.0009438975444711286,0.0025170351140188407,-0.003356063488405678,0.6206424034923006
2010-11-30,-1.1572377079216454,0.05684508339400083,0.05720241130438507,0.05672597172404322,0.05720241130438507,-0.7782752673695792,NTES,-0.7326994545855547,-0.0024121659439345494,-0.00797063203153536,-0.0031463001436662598,-0.004404805198390262,-0.4632565641875094
2010-12-01,-1.1535587507065839,0.05800639999018567,0.05830417384046325,0.05741085228963051,0.058036178795111144,-0.5481611780954724,NTES,-0.018000115900084712,0.0058730986024245185,0.00776086868679594,0.004824331887869099,0.008180370371703941,0.25562758404228747
2010-12-02,-1.154313441054858,0.05776818374975904,0.058021291167520556,0.0572917441694172,0.057783071377349636,-0.6843180255891641,NTES,0.6966992227853853,-0.0017829009142871304,-0.001992639254455713,-0.0008390033698160018,-0.0016780067396320035,-0.14859547937263984
2010-12-03,-1.1504458703726654,0.05898905440605054,0.059301719433663004,0.05764907207980143,0.05794684593007901,-0.6453645433922933,NTES,1.4113985614708553,0.0011536358846397112,0.009019398746090779,0.0025170351140188407,0.008599872056611942,0.044659367784373676
2010-12-06,-1.1497383786005382,0.05921238656863087,0.05945060635880179,0.05857217243555964,0.05904861201590149,-0.6632182227325257,NTES,-1.4473987932710248,0.007760893691366776,0.0010487667145554198,0.006502363632071938,0.0015731625741185478,-0.018034017235666746
2010-12-07,-1.1540304721671542,0.05785751306504688,0.05985260070170209,0.05761929327487596,0.05985260070170209,0.13929564660115412,NTES,-0.7326994545855547,0.005663335257685101,0.0028316676288425505,-0.006712126976811356,-0.009543794605653907,0.8873380731013616
2010-12-08,-1.15709620956722,0.0568897498265169,0.05839350670549538,0.055505097518007425,0.05785751306504688,0.10845747319529812,NTES,-0.018000115900084712,-0.014053493978699295,-0.010277928805385616,-0.014892497348515298,-0.006816971142324812,-0.03236393381167599
2010-12-09,-1.1605393269178568,0.055802871368285004,0.056800416961484766,0.055132881980032605,0.056800416961484766,-0.1990225598864826,NTES,0.6966992227853853,-0.007446236171972231,-0.01122180134528591,-0.002621904284103132,-0.007656024521282485,-0.3376707675283173
2010-12-10,-1.1587941619991782,0.056353756186068395,0.057038636751655686,0.05601131590327475,0.05691952508169808,-0.5187657262524634,NTES,1.4113985614708553,0.0008390033698160018,0.001678031744202839,0.006187731117248229,0.003880459347968806,-0.3512045776278816
2010-12-13,-1.1598790059007293,0.05601131590327475,0.05730663179700779,0.055802871368285004,0.056353756186068395,-0.6841376853938083,NTES,-1.4473987932710248,-0.003985303513482262,0.0018877700843714217,-0.0014682934040342564,-0.0024121659439345494,-0.18083779166866062
2010-12-14,-1.1594073122613062,0.05616020282841354,0.05691952508169808,0.055832650173210485,0.056472864306281706,-0.7757505046345968,NTES,-0.7326994545855547,0.0008390033698160018,-0.002726798458758259,0.0002097633447394182,0.0010487667145554198,-0.09943590445216367
2010-12-15,-1.1599733195895814,0.05598153709834927,0.05678552578414987,0.055773096113103826,0.05657708479890443,-0.38856010520551576,NTES,-0.018000115900084712,0.0007341341997317104,-0.0009438975444711286,-0.0004195016849080009,-0.0012585300592948382,0.42897976928817705
2010-12-16,-1.1664350035852844,0.053941783029177987,0.05620486926092961,0.053301568896106766,0.055832650173210485,0.2184649923623868,NTES,0.6966992227853853,-0.0052438335727771,-0.004090172683566553,-0.017409557467104975,-0.014368126493523006,0.6715932179847779
2010-12-17,-1.1658218533231566,0.05413533638683284,0.05468622120461623,0.0533909017611389,0.05425444805679046,-0.2904550389319153,NTES,1.4113985614708553,-0.011116932175201618,-0.010697430490293664,0.0006292650296474191,0.0013633992293791296,-0.5599835010755717
2010-12-20,-1.1700195358269052,0.05281024168817433,0.05489466218986168,0.05240824734527403,0.05489466218986168,0.08248848506405095,NTES,-1.4473987932710248,0.0045096993730453895,0.0014682683994634673,-0.006921865316979939,-0.009334031260914488,0.4132566663783891
2010-12-21,-1.1672367951356903,0.05368867561141648,0.053941783029177987,0.052854908120690394,0.052854908120690394,-0.7340919195073878,NTES,-0.7326994545855547,-0.014368126493523006,-0.006712126976811356,0.0031463001436662598,0.006187731117248229,-0.8995229132793462
2010-12-22,-1.167189680022985,0.053703566788751364,0.05385245371389016,0.052869799298025294,0.05368867561141648,-0.9059561256815445,NTES,-0.018000115900084712,0.0058730986024245185,-0.0006292400250765835,0.00010489417465517345,0.00010489417465512688,-0.18800274995666524
2010-12-23,-1.1673311783774105,0.0536589003562353,0.05403111589421012,0.05292935335813194,0.0533909017611389,-0.9602385244836653,NTES,0.6966992227853853,-0.0020975334291108397,0.0012585050547240027,0.0004195016849079543,-0.00031463251482370956,-0.05823739429613711
2010-12-27,-1.1669066694035606,0.0537928961040392,0.05385245371389016,0.05303357385075466,0.0536589003562353,-1.0953133308052216,NTES,-1.4473987932710248,0.0018877950889422573,-0.0012585050547240027,0.0007341341997317104,0.0009438725399002931,-0.1474013196579724
2010-12-28,-1.166104836121434,0.05404600707154501,0.054105561131651665,0.05349512225376162,0.054105561131651665,-0.8940536727880561,NTES,-0.7326994545855547,0.0031463001436662598,0.0017829009142871304,0.003251169313750551,0.001782925918857966,0.22378332498448916
2010-12-29,-1.1653973721704538,0.05426933568438105,0.05441822260951983,0.05333134770103224,0.054180002819348906,-0.5366194055926958,NTES,-0.018000115900084712,0.0005243708549922456,0.002202402599195131,-0.0011536358846397112,0.0015731375695477122,0.39614037713482253
2010-12-30,-1.1639352317817733,0.054730887637132304,0.055088215547516535,0.05404600707154501,0.0544628890420359,-0.07819462899804092,NTES,0.6966992227853853,0.001992664259026595,0.004719462717784808,0.005034095232608517,0.003251194318321387,0.5075952838371166
2010-12-31,-1.1668123418041347,0.053822674908964675,0.05532643533768746,0.05364400917890041,0.054701108832206816,0.511337469620341,NTES,1.4113985614708553,0.0016780317442027925,0.001678031744202839,-0.0028316926334133858,-0.006397494461987646,0.6522876359309877
2011-01-03,-1.1644068976000492,0.054581997162249214,0.054820216952420134,0.05389711659666192,0.054790441697238956,-0.5059615723821956,NTES,-1.4473987932710248,0.0006292650296474656,-0.003565826833145096,0.0017829009142871304,0.005348702742861391,-1.1210395403501556
2011-01-04,-1.164501197378328,0.05455222190706804,0.05522221484506474,0.054105561131651665,0.05490954981745227,-0.628953585614908,NTES,-0.7326994545855547,0.0008390033698160018,0.0028316926334133858,0.0014682934040342564,-0.00020973834016858265,-0.13406653617751935
2011-01-05,-1.1621900946842418,0.05528176890517139,0.055773096113103826,0.05471599645979741,0.05471599645979741,-0.10163885439430571,NTES,-0.018000115900084712,-0.0013633992293791296,0.00388043434339797,0.004299936028305971,0.005138964402692808,0.58362345233761
2011-01-06,-1.1630391126319417,0.05501377031007499,0.055505097518007425,0.05476066289231348,0.055088215547516535,0.013598530438103596,NTES,0.6966992227853853,0.002621929288673968,-0.0018877950889422573,0.00031463251482370956,-0.0018877950889422573,0.12884762766842794
2011-01-07,-1.1627561020125172,0.05510310317510712,0.055266877727836505,0.05449266784696138,0.05517754841254867,-0.5445543741883546,NTES,1.4113985614708553,0.0006292650296474191,-0.001678031744202839,-0.0018877700843714217,0.0006292650296473725,-0.6143177680929401
2011-01-10,-1.1598790059007293,0.05601131590327475,0.056234644516110786,0.054805329324829545,0.05493932862237775,-0.7021717049293965,NTES,-1.4473987932710248,-0.001678031744202839,0.006816996146895647,0.002202402599195131,0.006397494461987693,-0.17227964704687732
2011-01-11,-1.1537003047033036,0.0579617335576696,0.0587657257932145,0.05657708479890443,0.05671108409645263,0.6817589542316506,NTES,-0.7326994545855547,0.012480331404580748,0.017829059152012976,0.012480331404580748,0.013738836459304751,1.5289998931159976
2011-01-12,-1.1534644648388788,0.058036178795111144,0.05846795194293692,0.057753292572424154,0.05834884027297931,-0.7575361449036526,NTES,-0.018000115900084712,0.01153643386010962,-0.0020975334291108397,0.008285264546359068,0.0005243958595631278,-1.586761829070456
2011-01-13,-1.1533701233288793,0.05806595760003662,0.05869128055577296,0.05799151236259508,0.0583637314503142,0.16165783082528365,NTES,0.6966992227853853,0.00010489417465512688,0.0015731375695477122,0.001678031744202839,0.0002097633447394182,1.0161082956663334
2011-01-14,-1.1546436085187084,0.05766395970739202,0.05811062403255269,0.05674086290137811,0.05761929327487596,-0.28233973014090064,NTES,1.4113985614708553,-0.005243858577347936,-0.004090172683566553,-0.00880963540135136,-0.0028316926334133858,-0.4883339181955256
2011-01-18,-1.1528041438217513,0.05824461978035659,0.05846795194293692,0.05745551872214657,0.05784262543745629,-0.6569063158950699,NTES,-0.7326994545855547,0.0015731625741185478,0.0025170351140188407,0.005034070228037635,0.0040901976881373885,-0.4117086698376984
2011-01-19,-1.1534644648388788,0.058036178795111144,0.058557284807969054,0.05754485158717871,0.058438173138011446,-0.644282502220158,NTES,-0.018000115900084712,0.004195066858221679,0.0006292650296474191,0.0006292650296474656,-0.001468268399463421,0.015601481394132718
2011-01-20,-1.153841775236582,0.05791707067489783,0.05854239363063417,0.05684508339400083,0.05754485158717871,-0.6552832541368669,NTES,0.6966992227853853,-0.0062926002873325195,-0.00010489417465512688,-0.004929201057953391,-0.0008390033698160018,-0.010471005709439648
2011-01-21,-1.1519551954269194,0.05851261837545299,0.059078387271082666,0.05776818374975904,0.05794684593007901,-0.24230420677189454,NTES,1.4113985614708553,0.0028316676288425505,0.0037755651733136788,0.006502363632071938,0.004195066858221679,0.45744057582108427
2011-01-24,-1.143654046734259,0.06113302896784454,0.06129680707031822,0.058229732152766,0.05886994628583722,0.6453302347697621,NTES,-1.4473987932710248,0.006502363632071891,0.015626656552817843,0.003251169313750551,0.01845829917708956,0.9812786373218666
2011-01-25,-1.1452105147223655,0.060641701759912105,0.06143080281812212,0.059882375956883276,0.06111814134025395,-0.42210338154171,NTES,-0.7326994545855547,0.015836394892986473,0.0009438725399002931,0.01164130303019391,-0.0034609326584899695,-1.1763689404630802
2011-01-26,-1.1432295516709827,0.06126702471564844,0.06168391378562793,0.06055236889487997,0.060641701759912105,-0.530127158559884,NTES,-0.018000115900084712,-0.003356063488405678,0.001782925918857966,0.004719462717784808,0.004404805198390262,-0.11754732679128647
2011-01-27,-1.1463424459154747,0.06028437029978358,0.061907242398463964,0.060209932161830626,0.06131169469790881,0.5419953028308412,NTES,0.6966992227853853,0.004719462717784808,0.0015731375695477122,-0.002412140939363714,-0.006921865316979939,1.1848828686726645
2011-01-28,-1.1485592905630029,0.0595846021066057,0.06055236889487997,0.05888483391342782,0.059882375956883276,-0.4284152883791659,NTES,1.4113985614708553,-0.010068190465217034,-0.009543794605653907,-0.009334056265485323,-0.004929201057953391,-1.0692926193812333
2011-01-31,-1.1470499376876018,0.060061041686947536,0.06026948267219298,0.05934638586617906,0.06001637880417577,-0.6904495922312641,NTES,-1.4473987932710248,0.0009439225490419642,-0.0019926642590265484,0.00325119431832134,0.003356063488405678,-0.287516059512285
2011-02-01,-1.146719714581457,0.06016526217957026,0.06126702471564844,0.059807937818930325,0.060760809880125416,-0.17503731390415014,NTES,-0.7326994545855547,0.005243808568206264,0.00702673448706423,0.0032511943183214332,0.0007341341997317104,0.5704876954762683
2011-02-02,-1.1442200123308137,0.06095436323778027,0.06110325371266336,0.06015037455197967,0.06040348551948548,-0.36962438469314807,NTES,-0.018000115900084712,-0.0025170101094480054,-0.0011536108800688756,0.002412140939363714,0.005558466087600809,-0.2130801039646814
2011-02-03,-1.1454934696994956,0.06055236889487997,0.06110325371266336,0.05977815546426055,0.060924587982599095,-0.7921614624119822,NTES,0.6966992227853853,0.003670670998658552,0.0,-0.002621929288673968,-0.0028316676288425505,-0.46464975052128804
2011-02-04,-1.1417201987955816,0.061743464295990286,0.061743464295990286,0.059956821194324814,0.06044814840225725,1.327557193801068,NTES,1.4113985614708553,-0.003356063488405678,0.004509674368474554,0.0012585300592948382,0.008390133716443359,2.3410284990898544
2011-02-07,-1.1417674251928758,0.0617285766683997,0.06311322542716487,0.06128191944272763,0.06187746714328279,-0.17575867468557368,NTES,-1.4473987932710248,0.010068190465217034,0.009648663775738198,0.009334056265485323,-0.00010486917008429133,-1.657416278854946
2011-02-08,-1.146295275160475,0.06029926502686276,0.061341469953089985,0.06013548692438908,0.061341469953089985,-0.12832920330697642,NTES,-0.7326994545855547,-0.0037755901778845145,-0.012480331404580748,-0.008075526206190486,-0.010068140456075363,0.05401361888260193
2011-02-09,-1.1451161453912189,0.06067147701509328,0.061192586577695496,0.06016526217957026,0.060224819789421215,-0.2751261223266653,NTES,-0.018000115900084712,-0.007865737856880231,-0.0010487417099845843,0.00020973834016858265,0.0026218792795322968,-0.16033804990020295
2011-02-10,-1.1232783810710096,0.06756495265322657,0.06807116748874958,0.05940593992628573,0.06067147701509328,4.436802501931849,NTES,0.6966992227853853,0.0031462751390954244,0.04845305721885957,-0.005348702742861391,0.04855797639808563,5.20183712219481
2011-02-11,-1.130494811057281,0.06528698234362865,0.06766917314584928,0.06518275475151733,0.06671629398516558,1.8545112446309586,NTES,1.4113985614708553,0.04257998362100589,-0.0028316676288425505,0.040692163527492796,-0.016046133233155103,-2.8481925409974918
2011-02-14,-1.1267687526400876,0.06646319011714838,0.0697982600800527,0.0658825300441838,0.06762450316358891,1.9408941982064267,NTES,-1.4473987932710248,0.006397469457416811,0.014997391523170424,0.004929251067095061,0.008285264546359068,0.09700336861062965
2011-02-15,-1.1295043643080236,0.06559964382149681,0.06689495971522985,0.06524231236136828,0.06640363250729742,-0.4071351453271717,NTES,-0.7326994545855547,-0.008599872056611942,-0.02045098844068694,-0.004509724377616225,-0.006082861947163937,-2.5896569627719916
2011-02-16,-1.1283724192043407,0.06595696818213675,0.066701406357575,0.06565919433185918,0.06618030389446139,-0.5083059949218222,NTES,-0.018000115900084712,-0.0015731375695477122,-0.0013633992293791296,0.002936536798926842,0.0025170101094480054,-0.10998431526505938
2011-02-17,-1.1272875613922162,0.0662994120146747,0.06747561978819444,0.06597186290921594,0.06618030389446139,-0.24338624794402985,NTES,0.6966992227853853,0.0,0.005453596917516611,0.0022024526083368025,0.002412190948505385,0.2940397215307567
2011-02-18,-1.127523373435494,0.06622496677723315,0.06713317595565647,0.06582297243433285,0.06713317595565647,-0.4747627185856279,NTES,1.4113985614708553,0.006712076967669685,-0.002412190948505478,-0.0010487917191262556,-0.0005243958595631278,-0.25368153426337425
2011-02-22,-1.134503880093899,0.06402144170507679,0.06594208055454616,0.06357477737991613,0.06554008621164586,0.31007781160317544,NTES,-0.7326994545855547,-0.01122180134528591,-0.008390133716443359,-0.015836394892986425,-0.01552173737359188,0.8678334644284601
2011-02-23,-1.1350698456904535,0.06384277597501252,0.06484031801846799,0.06329189115722914,0.06458720705096217,1.2005976962705263,NTES,-0.018000115900084712,-0.006712126976811356,-0.00776086868679594,-0.0019926642590265484,-0.0012585300592948382,0.9844630632276464
2011-02-24,-1.1229011819578951,0.06768406077343989,0.07250799998773208,0.0673713992955717,0.07221022613745451,5.851751674694108,NTES,0.6966992227853853,0.05369691579620751,0.054011523306460384,0.02873625298704601,0.02705819623827243,5.134765151554323
2011-02-25,-1.1196467754484043,0.0687113780720765,0.07020025442295298,0.06854760706909142,0.06920270528000895,0.9428915571069694,NTES,1.4113985614708553,-0.02118512264041856,-0.016255871573323685,0.008285264546359068,0.00723647282723272,-5.415834954151592
2011-02-28,-1.1172884324464505,0.06945581624751476,0.06972381484261116,0.06707362544529412,0.06921760000708813,0.7522719706158009,NTES,-1.4473987932710248,0.00010491917922586928,-0.003356063488405585,-0.010382797975469909,0.0052438585773480284,-0.20870151834423414
2011-03-01,-1.1214862123242144,0.06813072509860053,0.06903893427702386,0.06722250882068861,0.06735651166798111,0.2979950185143313,NTES,-0.7326994545855547,-0.013109596434228167,-0.004824331887869099,0.0010487417099845843,-0.009334006256343745,-0.4996784354848662
2011-03-02,-1.1220522613842103,0.06795205936853627,0.06902404664943328,0.06757984028081715,0.06820516323655347,-0.3133582437421125,NTES,-0.018000115900084712,0.005977942767937882,-0.00010486917008429133,0.0025170601185896765,-0.0012585300592948382,-0.6730306207307557
2011-03-03,-1.1146943608646607,0.07027469256090595,0.07055757878359294,0.06839871659420833,0.06848804945924047,1.3840036749474594,NTES,0.6966992227853853,0.0019926642590266416,0.010802274655807074,0.005768204427769392,0.016360740743407882,1.8749081571313315
2011-03-04,-1.1140810854073706,0.0704682459185608,0.0708702473609497,0.069411153364743,0.07042358303578904,-0.27151931841954763,NTES,1.4113985614708553,0.013633992293791294,0.0022024526083368025,0.007131653666290286,0.0013633992293791296,-1.8253947453848323
2011-03-07,-1.1176186138208748,0.06935159575489204,0.07049802827323058,0.06814561272619113,0.07008113920325107,-0.5719660838824489,NTES,-1.4473987932710248,-0.002412190948505478,-0.002621929288673968,-0.00891452957600658,-0.00786573785688014,-0.32990872938297894
2011-03-08,-1.1161093026771944,0.06982803533523388,0.0704682459185608,0.06839871659420833,0.06909848478738621,-0.7272389920838642,NTES,-0.7326994545855547,-0.006921865316979845,-0.00020978834931025377,0.0017828759097162949,0.003356063488405585,-0.16969230099843122
2011-03-09,-1.1155431840643304,0.07000670106529815,0.07027469256090595,0.06865182756171415,0.06930693287212027,-0.32850682015200666,NTES,-0.018000115900084712,0.001468318408605092,-0.0013633992293791296,0.001782925918857966,0.0012585300592948382,0.44171747291129637
2011-03-10,-1.1140810854073706,0.0704682459185608,0.07072135688606661,0.06836894133902714,0.06905382190461445,0.35804830356784034,NTES,0.6966992227853853,-0.001782925918857966,0.0031463251482370955,-0.0019926642590266416,0.0032511443091797158,0.7593639570128345
2011-03-11,-1.1159677625910482,0.06987269821800564,0.07024491730572476,0.06847316183164988,0.06997691871062835,-0.01273113808385534,NTES,1.4113985614708553,0.006502338627501009,-0.0033560634884057714,0.0007341341997318036,-0.004195066858221679,-0.40752911083636234
2011-03-14,-1.1218163380563442,0.06802649750648922,0.06970892721502056,0.06728206643053956,0.06810094274393076,0.23848275404688984,NTES,-1.4473987932710248,-0.013214465604312366,-0.00377554016874275,-0.008390133716443359,-0.013004727264143876,0.2789136984783025
2011-03-15,-1.1245047511481334,0.06717784593791684,0.06766917314584928,0.06476587278102644,0.06607608340183867,0.3032248841796519,NTES,-0.7326994545855547,-0.014263207314297043,-0.014368126493523006,-0.017724189981928682,-0.0059779427679379745,0.07312017431728092
2011-03-16,-1.1349756154650428,0.06387255123019371,0.06893471378440114,0.06385766360260312,0.06719273356550744,3.9176030795022614,NTES,-0.018000115900084712,0.007865737856880231,0.008914529576006488,-0.006397469457416811,-0.023282656069529492,3.9905611182838068
2011-03-17,-1.1310135780776889,0.06512320424115497,0.06655251588269191,0.0646914275435849,0.0646914275435849,0.5589472811942942,NTES,0.6966992227853853,-0.01761932081184439,-0.01678031744202839,0.005873073597853684,0.008809660405922196,-3.7050021362713776
2011-03-18,-1.1283724192043407,0.06595696818213675,0.06628452438708411,0.0652274247337777,0.06586763531710463,0.09078413405042157,NTES,1.4113985614708553,0.008285264546359068,-0.0018877450798005862,0.0037755901778845145,0.005873073597853684,-0.5150034851564317
2011-03-21,-1.1215332717946254,0.06811583037152134,0.06905382190461445,0.06634407489744647,0.06664184874772405,1.6173638877379723,NTES,-1.4473987932710248,0.005453596917516518,0.019507065891644977,0.007865737856880231,0.015207129863338914,1.6864299488329877
2011-03-22,-1.121014518684791,0.06827960847399503,0.06915804239723718,0.06743094980593407,0.06897937666717291,-0.7270586518885084,NTES,-0.7326994545855547,0.016465659922633845,0.0007341341997317104,0.007655999516711742,0.00115366088921064,-2.585676430389767
2011-03-23,-1.1193165245211123,0.06881560566418783,0.06887515617455019,0.06743094980593407,0.06781805652124377,-0.06827591825346734,NTES,-0.018000115900084712,-0.008180395376274777,-0.0019926642590265484,0.0,0.0037755901778845145,0.7287138576697036
2011-03-24,-1.117524286221449,0.06938137101007322,0.06994714345544718,0.06886026854695959,0.06939625863766381,-0.54257063203944,NTES,0.6966992227853853,0.011116932175201712,0.0075511303466273575,0.01006819046521694,0.003985278508911519,-0.5217703902062137
2011-03-25,-1.113232192654833,0.0707362445136572,0.07113823885655751,0.06967914486035079,0.06999181343770755,0.3382108820786932,NTES,1.4113985614708553,0.004195116867363258,0.008390133716443452,0.005768204427769392,0.009543794605653813,0.9737156257956394
2011-03-28,-1.1088929839755117,0.07210600564483177,0.07346087914841577,0.07094468549890265,0.07097446785357242,1.4752558137975362,NTES,-1.4473987932710248,0.006921865316979939,0.01636079075254946,0.008914529576006488,0.009648663775738104,1.2565324515527108
2011-03-29,-1.1075251433651097,0.07253778234240187,0.07311843531587785,0.07118290883881787,0.07232933425766781,0.7953732773058569,NTES,-0.7326994545855547,0.009543744596512235,-0.002412190948505292,0.0016780567487736746,0.0030414559781528974,-0.7486607359930267
2011-03-30,-1.1061573862181493,0.07296955194048334,0.07374376537110276,0.07265689046261517,0.0732971010459421,0.529732169546641,NTES,-0.018000115900084712,0.006816996146895647,0.004404855207531841,0.010382797975469909,0.003041405969011133,-0.29149659189450977
2011-03-31,-1.1037990432161957,0.07371399011592158,0.07378842825387452,0.07146579506150487,0.07331198867353268,0.26517310295956054,NTES,0.6966992227853853,0.00010486917008429133,0.00031460751025278084,-0.008390133716443267,0.005243858577347936,-0.2903024321798423
2011-04-01,-1.0985165585426167,0.07538152509737375,0.07669172861869737,0.07457752931208454,0.0766619533635162,0.6199022672245826,NTES,1.4113985614708553,0.023597313588924036,0.020450988440687035,0.0219192068310086,0.011746197204849037,0.39315497784815395
2011-04-04,-1.0934226177833004,0.07698950246897496,0.07755527491434892,0.07578351944027403,0.07627484664820648,0.23523663053048396,NTES,-1.4473987932710248,-0.002726798458758259,0.006082861947163844,0.00849505289566923,0.011326670515370294,-0.4228541605079278
2011-04-05,-1.0925265820969103,0.07727238869166193,0.07844859646518167,0.07544107560773611,0.07844859646518167,0.5284697881791499,NTES,-0.7326994545855547,0.015311999033423299,0.006292600287332613,-0.002412190948505292,0.0019926642590264556,0.3252869007312213
2011-04-06,-1.0951205980364058,0.07645351237827075,0.07809126500505313,0.0755750784550286,0.07771904591733401,0.9189063111246368,NTES,-0.018000115900084712,-0.005138989407263644,-0.0025170601185896765,0.0009439225490419642,-0.005768204427769392,0.43256224843217933
2011-04-07,-1.0873381885430062,0.07891014841793294,0.07935680564360499,0.0763790671408292,0.07645351237827075,0.6096228760892973,NTES,0.6966992227853853,-0.008914479566864817,0.008914529576006488,0.005663335257685101,0.01730466329244994,-0.3396610337194297
2011-04-08,-1.0876683699174303,0.07880592792531022,0.08019057668407537,0.07789771164739828,0.07993746571656955,0.27761657643911647,NTES,1.4113985614708553,0.02454113611968266,0.005873123606995354,0.010697405485722782,-0.0007341341997317104,-0.3647383877274459
2011-04-11,-1.0883760007952934,0.07858259221298558,0.07955035900125984,0.07749571730449797,0.07888036606326315,-0.23310685680874452,NTES,-1.4473987932710248,-0.007446261176543067,-0.004509724377616318,-0.0028316676288425505,-0.0015731875786893833,-0.5619737672666841
2011-04-12,-1.0923379268980589,0.0773319392020243,0.07846348409277225,0.07578351944027403,0.07803171449469078,0.059765620449209675,NTES,-0.7326994545855547,-0.0059779427679379745,-0.007655999516711556,-0.012060804715102005,-0.00880966040592229,0.3248888474929988
2011-04-13,-1.0878570807585763,0.07874637031545924,0.07941636325345593,0.0775701625419395,0.07789771164739828,0.46012085413927023,NTES,-0.018000115900084712,-0.0009439225490419642,0.006712126976811263,0.012585200574665039,0.009963321295132744,0.4435087124832975
2011-04-14,-1.085828974773341,0.07938658089878615,0.07998213569882992,0.07807637737746255,0.07821037312526645,-0.028240394884461287,NTES,0.6966992227853853,0.002202402599195131,0.00398532851805319,0.003565801828574354,0.004509674368474461,-0.5372944664968905
2011-04-15,-1.0883760007952934,0.07858259221298558,0.0798928028337978,0.07806148974987195,0.07960991661111079,0.4503824835900525,NTES,1.4113985614708553,0.009858452125048359,-0.0006292650296474191,-0.00010486917008429133,-0.0056633352576849144,0.5298862651775754
2011-04-18,-1.084932799981215,0.07966946712147316,0.08005657383678287,0.0759621851703383,0.07835926360014953,1.1968105521680528,NTES,-1.4473987932710248,-0.008809660405922104,0.0011536108800688756,-0.014787603173860265,0.007655999516711556,0.825440794557766
2011-04-19,-1.0865835955687473,0.07914836465835955,0.08188788692070871,0.07829970599029858,0.0792079222682105,1.511323852868713,NTES,-0.7326994545855547,0.005977992777079646,0.012899858094059585,0.016465609913492267,-0.003670670998658552,0.3487720417863475
2011-04-20,-1.0957337761196808,0.07625995902061589,0.08077123675703995,0.07593240281566854,0.08039901766932081,1.7668659096879995,NTES,-0.018000115900084712,0.008390133716443359,-0.00786573785688014,-0.016675398262802427,-0.02034606926146098,0.28369033733697224
2011-04-21,-1.0939885555587079,0.0768108367389107,0.0774659420493168,0.0751879717397189,0.0769448395862032,1.1234120926582083,NTES,0.6966992227853853,-0.024331397779513982,-0.023282656069529586,-0.005243808568206171,0.003880409338827228,-0.7084573589325563
2011-04-25,-1.1015823376744032,0.07441375830909946,0.07773394064441318,0.07399686923911998,0.07713839294385803,2.346298957366452,NTES,-1.4473987932710248,0.0013633992293790363,0.001887795088942164,-0.008390183725585124,-0.016885136602971102,1.3512691222496607
2011-04-26,-1.1028085825563647,0.07402665159378974,0.07472641978696763,0.07148068268909545,0.07465197454952609,2.068394716323036,NTES,-0.7326994545855547,-0.0175144516417601,-0.02118512264041856,-0.01772413997278701,-0.002726798458758352,-0.30503040199407405
2011-04-27,-1.104176339703325,0.07359487489621967,0.07453286642931278,0.07188267703199575,0.0745030911741316,0.09276787619933628,NTES,-0.018000115900084712,-0.0010487417099845843,-0.0013633992293791296,0.0028316676288425505,-0.003041455978152711,-2.178666994307282
2011-04-28,-1.1036104436596383,0.07377354062628394,0.07407131447656153,0.07279088621041907,0.07349065440359695,-0.4383339991237395,NTES,0.6966992227853853,-0.007131653666290192,-0.003251194318321387,0.006397469457416811,0.0012585300592948382,-0.5844637752262543
2011-04-29,-1.1048838314754523,0.07337154628338365,0.0743690883268391,0.07301421482325512,0.07368420776125181,-0.1714305099970325,NTES,1.4113985614708553,0.0013633992293791296,0.0020975334291108397,0.0015731375695478052,-0.0028316676288425505,0.2962290143409803
2011-05-02,-1.1027613144273498,0.07404153922138033,0.07508375124709618,0.07301421482325512,0.07347576677600637,0.04551874501609491,NTES,-1.4473987932710248,-0.001468268399463421,0.005034120237179446,0.0,0.004719462717784714,0.241098640847167
2011-05-03,-1.1227124711167493,0.06774361838329084,0.07402665159378974,0.06650785299992014,0.07362465725088946,3.330776083814218,NTES,-0.7326994545855547,0.0010487917191262556,-0.007446261176543253,-0.0458311279301857,-0.044362859530722,3.627337538405795
2011-05-04,-1.116486668717192,0.06970892721502056,0.07011092155792086,0.06722250882068861,0.06756495265322657,1.5825582300342869,NTES,-0.018000115900084712,-0.042684852791090085,-0.027582592097835465,0.0050340702280376815,0.013843730633959784,-1.9276944276080092
2011-05-05,-1.1194580646072583,0.06877093568192746,0.07092979787131205,0.06823494559122326,0.06894960141199173,0.04353500286718019,NTES,0.6966992227853853,0.009753532945822397,0.0057682044277694855,0.007131653666290192,-0.0066072578067270646,-1.6968235494389716
2011-05-06,-1.114977343662938,0.0701853667953624,0.07116802121122728,0.06932182049971085,0.06932182049971085,0.3043069253517872,NTES,1.4113985614708553,0.002621929288673968,0.0016780567487736746,0.007655999516711649,0.00996332129513265,0.2894621092911982
2011-05-09,-1.1129962554163932,0.07081068975109875,0.07139134982406331,0.07020025442295298,0.07039380778060786,0.6426251318394239,NTES,-1.4473987932710248,0.0075511303466273575,0.0015731375695477122,0.006187731117248135,0.004404805198390356,0.3750435555090311
2011-05-10,-1.1197410752266828,0.06868160281689532,0.07116802121122728,0.06862205230653297,0.07090002261613088,0.7336969304941449,NTES,-0.7326994545855547,0.003565801828574261,-0.0015731375695477122,-0.011116932175201525,-0.014997391523170424,0.10217806070752188
2011-05-11,-1.1220522613842103,0.06795205936853627,0.06902404664943328,0.0677882812660626,0.06856249469668202,0.2738294323366429,NTES,-0.018000115900084712,-0.016465659922633845,-0.015102260693254715,-0.005873123606995354,-0.005138939398121973,-0.5058482606773146
2011-05-12,-1.1222880595169145,0.06787761413109472,0.06880071093710864,0.0673713992955717,0.06775850601088142,-0.12273865725094404,NTES,0.6966992227853853,-0.005663335257685101,-0.0015731875786893833,-0.002936536798926842,-0.0005243958595631278,-0.43598991736926956
2011-05-13,-1.1227124711167493,0.06774361838329084,0.06889004380214077,0.06658229823736168,0.0682944961015856,0.013057509852035947,NTES,1.4113985614708553,0.00377554016874275,0.0006292650296474191,-0.005558466087600809,-0.0009438725399002,0.15153666224710924
2011-05-16,-1.1240802421742835,0.06731184168572074,0.06813072509860053,0.06516786712392675,0.06583786006192344,1.103755011364417,NTES,-1.4473987932710248,-0.017304663292449753,-0.005348677738290556,-0.009963321295132744,-0.0030414559781528974,1.2053826104411223
2011-05-17,-1.1210616477080702,0.06826472084640442,0.06836894133902714,0.06658229823736168,0.06677585159501655,-0.05619312516462317,NTES,-0.7326994545855547,0.0066072578067270646,0.0016780067396319103,0.009963321295132744,0.006712126976811263,-1.278469596067146
2011-05-18,-1.1206372221976617,0.06839871659420833,0.06914315476964658,0.06708851307288471,0.06848804945924047,0.4464149992922231,NTES,-0.018000115900084712,0.012060804715101911,0.005453596917516611,0.003565801828574261,0.0009438725399003862,0.5563568055193703
2011-05-19,-1.1163451008098986,0.06975359009779233,0.07158490318171817,0.06811583037152134,0.06823494559122326,1.3066377311397857,NTES,0.6966992227853853,-0.0017828759097162949,0.017199794122365556,0.00723647282723272,0.009543794605653907,0.9510265912169582
2011-05-20,-1.1191750957195545,0.06886026854695959,0.06997691871062835,0.06848804945924047,0.06942604099233358,-0.5550141055189959,NTES,1.4113985614708553,0.008390133716443452,-0.011326720524511965,0.0026219292886740606,-0.0062926002873325195,-2.052882171028979
2011-05-23,-1.1310607766538356,0.06510831661356438,0.06814561272619113,0.06487009327364916,0.06757984028081715,0.9863535441877371,NTES,-1.4473987932710248,-0.01300472726414397,-0.01289980808491782,-0.025485058668724622,-0.026428931208624915,1.7027501316001092
2011-05-24,-1.1311551320744087,0.06507853425889461,0.066701406357575,0.06492965088350011,0.06586763531710463,0.0033191393028182575,NTES,-0.7326994545855547,-0.012060854724243583,-0.010173059635301325,0.0004195266894788364,-0.00020978834931025377,-1.08322448271902
2011-05-25,-1.1273347321472158,0.06628452438708411,0.06658229823736168,0.06467653991599431,0.06479565513569621,-0.1360838317072794,NTES,-0.018000115900084712,-0.007551080337485687,-0.0008390033698160018,-0.001782925918857966,0.008495052895669321,-0.15217795851664215
2011-05-26,-1.1246934758998528,0.06711828832806589,0.06722250882068861,0.06592719292695558,0.06644829539006919,-0.5274220556295458,NTES,0.6966992227853853,0.011641278025623075,0.004509674368474554,0.008809660405922196,0.005873073597853684,-0.43021814541504366
2011-05-27,-1.1228539694711748,0.06769894840103045,0.06836894133902714,0.06701406783544317,0.06707362544529412,0.0713073929519862,NTES,1.4113985614708553,0.0044048552075319335,0.008075526206190392,0.007655999516711649,0.0040901976881373885,0.6624379935056609
2011-05-31,-1.1197410752266828,0.06868160281689532,0.06869649044448592,0.06747561978819444,0.06747561978819444,-0.682875304026317,NTES,-0.7326994545855547,0.0028316676288426433,0.0023072717692795156,0.00325119431832148,0.006921865316979939,-0.8306597030668574
2011-06-01,-1.1212031738836428,0.06822005086414407,0.06909848478738621,0.0675202826709662,0.06810094274393076,-0.3784610542655863,NTES,-0.018000115900084712,0.004404805198390169,0.0028316676288425505,0.000314607510252874,-0.00325119431832148,0.3376265511161181
2011-06-02,-1.1172412060491566,0.06947070387510536,0.06985781059041506,0.06769894840103045,0.06769894840103045,-0.43039903052808065,NTES,0.6966992227853853,-0.0028316676288425505,0.0053487277474322265,0.001258530059294745,0.008809660405922383,-0.055650048247691
2011-06-03,-1.1240802421742835,0.06731184168572074,0.06997691871062835,0.06722250882068861,0.06817538798137229,-0.22841801172949155,NTES,1.4113985614708553,0.003356063488405585,0.0008390033698159086,-0.003356063488405678,-0.0152071298633391,0.22457943146093412
2011-06-06,-1.1412014456857476,0.061907242398463964,0.06772872365621163,0.061073478457482185,0.06665674347480323,4.069810204382627,NTES,-1.4473987932710248,-0.01069740548572269,-0.015836394892986334,-0.04331406781159593,-0.038070259243389665,4.745270057953626
2011-06-07,-1.1345982494250455,0.06399165935040702,0.06479565513569621,0.06157969329300521,0.06181790953343183,2.0698374378858833,NTES,-0.7326994545855547,-0.034084980734478236,-0.020660676771713855,0.003565801828574261,0.01468273400377588,-2.2055355878872995
2011-06-08,-1.1364848431452816,0.06339611164985186,0.06464676466081314,0.06305367491680251,0.06363433498976707,0.874001602481022,NTES,-0.018000115900084712,0.012794988923975292,-0.0010487917191262556,0.010382797975469909,-0.004195066858221679,-1.3180758932702827
2011-06-09,-1.1370036797185574,0.06323234064686678,0.06381299362034275,0.06168391378562793,0.06345566925970282,0.10178488596713044,NTES,0.6966992227853853,-0.0012585300592948382,-0.005873123606995354,-0.009648663775738198,-0.0011536108800688756,-0.8505623649779812
2011-06-10,-1.1404467414269,0.06214545863889059,0.06387255123019371,0.06196680000831492,0.06303878728921192,-0.2531246184932475,NTES,1.4113985614708553,-0.002936536798926842,0.0004195266894788364,0.0019926642590265484,-0.00765604952585332,-0.39001476835457327
2011-06-13,-1.141154233199027,0.06192213002605455,0.0628154515768873,0.06026948267219298,0.06262189821923243,1.5648848908894104,NTES,-1.4473987932710248,-0.002936586808068513,-0.007446261176543067,-0.011955985554159292,-0.0015731375695477122,2.008056965316751
2011-06-14,-1.1360603341714317,0.06353011449714435,0.06431921555535437,0.06187746714328279,0.06233901199654544,0.26409106178742525,NTES,-0.7326994545855547,-0.0019926642590265484,0.010592586324780162,0.011326720524511872,0.011326720524511872,-1.433909385593024
2011-06-15,-1.1349756154650428,0.06387255123019371,0.06449787418593005,0.06207102050093764,0.062309236741364266,0.3382108820786932,NTES,-0.018000115900084712,-0.00020973834016858265,0.001258480050153167,0.0013633992293791296,0.002412140939363714,0.08346955851106537
2011-06-16,-1.1391732701476445,0.06254746008127948,0.06528698234362865,0.0622645738585925,0.06409587984302974,-0.22553256860379742,NTES,0.6966992227853853,0.012585200574665039,0.005558516096742481,0.0013633992293791296,-0.009334006256343653,-0.6204875932853885
2011-06-17,-1.138229980242813,0.06284523393155707,0.06370877312772003,0.06169880141321852,0.06330677878481973,-0.12201729646952052,NTES,1.4113985614708553,-0.005558466087600809,-0.01111698218434329,-0.003985328518053097,0.0020975334291108397,0.11591089742619738
2011-06-20,-1.1397392774759199,0.06236879435121522,0.06296434205177039,0.0618625795156922,0.06201146289108669,-0.2022686834028885,NTES,-1.4473987932710248,-0.00912426791617507,-0.005243808568206264,0.001153660889210547,-0.003356063488405678,-0.08689722744815559
2011-06-21,-1.1305420513651485,0.06527208761654947,0.06716295831032626,0.06288989681432884,0.06297922967936097,0.3759019829080728,NTES,-0.7326994545855547,0.006816996146895647,0.029575256356862013,0.0072364728272328125,0.02045093843154527,0.6397489589269796
2011-06-22,-1.1321455927342396,0.06476587278102644,0.0657634148244819,0.06396188409522584,0.0649594261386813,0.3039462449610754,NTES,-0.018000115900084712,0.013948599804044169,-0.009858452125048451,0.0075511303466273575,-0.003565801828574261,-0.07774200296903858
2011-06-23,-1.128985527734748,0.0657634148244819,0.06583786006192344,0.06345566925970282,0.0646914275435849,0.04461704403931549,NTES,0.6966992227853853,-0.0018877950889422573,0.0005243958595631278,-0.003565801828574261,0.00702673448706423,-0.28453066022561635
2011-06-24,-1.1330888826390708,0.06446809893074887,0.06676096396742595,0.06436387843812615,0.06597186290921594,0.06481514591917441,NTES,1.4113985614708553,0.00901944875523245,0.006502388636642774,0.006397469457416811,-0.00912426791617507,0.023960599396804776
2011-06-27,-1.1331360812152178,0.06445321130315827,0.06585274768951403,0.06388743885778429,0.06492965088350011,-0.34076995343620675,NTES,-1.4473987932710248,-0.007341392006458775,-0.006397519466558482,-0.003356063488405678,-0.00010486917008429133,-0.44594124832483156
2011-06-28,-1.1288440711120433,0.06580808480674226,0.06615052153979162,0.06433410318294495,0.06487009327364916,0.22225213646486036,NTES,-0.7326994545855547,-0.0004195266894788364,0.0020975334291108397,0.0031463251482370955,0.009543794605653907,0.6230307229216355
2011-06-29,-1.1283724192043407,0.06595696818213675,0.06649296537232956,0.06528698234362865,0.06580808480674226,-0.4269725668163189,NTES,-0.018000115900084712,0.0066072578067270646,0.002412190948505385,0.006712126976811356,0.0010487417099845843,-0.714826210744116
2011-06-30,-1.1246462912342796,0.06713317595565647,0.06738628692316229,0.06562941907667799,0.06573363956930071,-0.3009147702625566,NTES,0.6966992227853853,-0.0005243958595631278,0.0062926002873325195,0.002412140939363714,0.008285264546359068,0.1407892248151023
2011-07-01,-1.111911578441725,0.07115312648414811,0.07159979080930876,0.06647807774473896,0.06674606924034678,0.4999760373129204,NTES,1.4113985614708553,0.007131603657148522,0.029680125526946304,0.005977992777079646,0.028316726297567266,0.8855468335293604
2011-07-05,-1.1063460275064272,0.07290999433063239,0.07319288055331939,0.07116802121122728,0.07161467843689935,0.32522638801306963,NTES,-0.7326994545855547,0.03429471907464682,0.011221801345286003,0.033036189015351984,0.012375462234496364,-0.19118717586244507
2011-07-06,-1.111628553911727,0.07124245934918023,0.07285044382027003,0.07098935548116302,0.07246333710496032,-0.21471215688244444,NTES,-0.018000115900084712,0.005977992777079646,-0.002412140939363807,-0.0012585300592948382,-0.011746197204848945,-0.594216079562705
2011-07-07,-1.11356234620811,0.07063202402103448,0.07219533850986391,0.06838382896661774,0.07219533850986391,0.07347147529625679,NTES,0.6966992227853853,-0.0018877950889422573,-0.004614593547700516,-0.018353455011576196,-0.004299936028306064,0.3197141553961066
2011-07-08,-1.1139397539798281,0.07051291590082116,0.07064691164862506,0.06887515617455019,0.06990248057267542,-0.6040666386557961,NTES,1.4113985614708553,-0.0161510024032393,-0.010907193835033037,0.0034609326584900627,-0.0008390033698160018,-0.7460733899445806
2011-07-11,-1.121769209033065,0.0680413922335684,0.07039380778060786,0.06780316889365318,0.06997691871062835,-0.6980238804362112,NTES,-1.4473987932710248,0.0005243458504213635,-0.0017828759097162949,-0.0075511303466273575,-0.017409532462534138,-0.10202325050060979
2011-07-12,-1.1190335695439821,0.06890493142973136,0.06997691871062835,0.06649296537232956,0.06765428551825871,-0.4735003372181367,NTES,-0.7326994545855547,-0.016360740743407695,-0.002936586808068606,-0.009229137086259361,0.006082811938022266,0.24945775884983906
2011-07-13,-1.113798213893682,0.07055757878359294,0.07145090033442567,0.06884538091936901,0.06884538091936901,-0.3122762025699772,NTES,-0.018000115900084712,0.008390133716443267,0.01038279797547,0.016570529092718136,0.011641328034764746,0.179599415541794
2011-07-14,-1.1079496523389596,0.07240377949510936,0.07274622332764731,0.07002158869288873,0.07002158869288873,0.5905068153815737,NTES,0.6966992227853853,0.008285264546359068,0.009124317925316741,0.008285264546359068,0.013004727264143876,0.9979968733272107
2011-07-15,-1.1042236078323397,0.07357998726862909,0.07447330881946182,0.07308866006069667,0.07369909538884238,0.316930739026699,NTES,1.4113985614708553,0.025904535349061696,0.012165673885186202,0.02160459932075591,0.008285264546359068,-0.3002537631354043
2011-07-18,-1.1084212486043679,0.07225489611971488,0.07365443250607064,0.07090002261613088,0.07311843531587785,-0.3968557541918864,NTES,-1.4473987932710248,-0.004090197688137202,-0.005768204427769392,-0.015416868203507683,-0.009334006256343653,-0.7860777403859398
2011-07-19,-1.1070534636362601,0.07268666571779635,0.07298443956807395,0.07194222754235809,0.07252288761532268,-0.3189487897981449,NTES,-0.7326994545855547,-0.004195066858221773,-0.004719462717784714,0.007341341997317011,0.003041405969011133,0.0876491175124014
2011-07-20,-1.106204556973149,0.07295466431289276,0.07325243816317033,0.07195712226943729,0.07265689046261517,-0.2020883432075326,NTES,-0.018000115900084712,0.0009439225490419642,0.001887795088942164,0.00010491917922605558,0.0018877950889422573,0.1306388672404291
2011-07-21,-1.1105437656524701,0.07158490318171817,0.0732822134183515,0.07116802121122728,0.07265689046261517,-0.012190117497787692,NTES,0.6966992227853853,0.0,0.00020973834016858265,-0.005558466087600809,-0.009648663775738198,0.21124464798048107
2011-07-22,-1.104176339703325,0.07359487489621967,0.07401176396619916,0.07113823885655751,0.07136157456888215,0.017566014735933024,NTES,1.4113985614708553,-0.009124267916174976,0.005138989407263551,-0.0002097883493101606,0.014158338144212752,0.034509010209700465
2011-07-25,-1.102242589138663,0.07420531732385402,0.07503908126483581,0.07279088621041907,0.07311843531587785,-0.055111083992487875,NTES,-1.4473987932710248,0.012375412225354786,0.007236472827232999,0.011641328034764652,0.004299986037447643,-0.07853810944548353
2011-07-26,-1.0945075312377195,0.07664705863643702,0.07779349115477556,0.07466686217711668,0.07489019788944132,1.9143841894891118,NTES,-0.7326994545855547,0.012480381413722326,0.019402196721560593,0.013214465604312458,0.017199744113223978,2.1752393253701916
2011-07-27,-1.09842218921147,0.07541130035255493,0.07707883533400708,0.07359487489621967,0.07707883533400708,0.9104303219429104,NTES,-0.018000115900084712,0.01541686820350759,-0.0050340702280376815,-0.0075511303466273575,-0.008704741226696327,-1.1063115705359239
2011-07-28,-1.099459806715727,0.07508375124709618,0.07600684805311009,0.07459242403916373,0.07527730460475102,-0.580983093650243,NTES,0.6966992227853853,-0.01269006974474933,-0.0075511303466273575,0.007026784496205901,-0.0023072717692793295,-1.644280521993604
2011-07-29,-1.0990353116524507,0.07521774699490007,0.07627484664820648,0.07378842825387452,0.07548574558999648,-0.09622864853362922,NTES,1.4113985614708553,0.001468268399463421,0.0018877950889422573,-0.005663385266826865,0.0009438725399002,0.5366531702273576
2011-08-01,-1.1046008904088958,0.07346087914841577,0.07670661624628798,0.07285044382027003,0.07667684099110678,0.34037496442296383,NTES,-1.4473987932710248,0.008390133716443359,0.003041405969011226,-0.0066072077975853,-0.012375462234496457,0.4835130629246566
2011-08-02,-1.1130434679031136,0.07079580212350815,0.07405642684897093,0.07066179927621566,0.07265689046261517,0.08320984584547449,NTES,-0.7326994545855547,-0.028316726297567173,-0.01866806252182907,-0.015416918212649261,-0.01877293169191327,-0.2821423407962815
2011-08-03,-1.114364068205648,0.07037892015301725,0.0720762303896506,0.06699918020785257,0.07130201695903118,1.2556014558540707,NTES,-0.018000115900084712,-0.009543794605653907,-0.013948599804044262,-0.0257996661789775,-0.0029365367989269346,1.2955416688985137
2011-08-04,-1.1302589572822828,0.0653614204815816,0.069917368200266,0.06513809186874556,0.06978336535297351,1.5740822408525603,NTES,0.6966992227853853,-0.010697455494864453,-0.015207129863338914,-0.013109596434228167,-0.03534351079377298,0.3531506274067948
2011-08-05,-1.1277119869026246,0.0661654091673822,0.0674011745507529,0.06265168057390222,0.06543586571902314,0.8884288181094926,NTES,1.4113985614708553,-0.030623998066846597,-0.017724189981928592,-0.01751440163261843,0.005663335257685101,-0.7550295878045864
2011-08-08,-1.1421918367927106,0.0615945809205958,0.06487009327364916,0.060507706012108205,0.06089481272741792,0.8566889437268572,NTES,-1.4473987932710248,-0.031987397296225725,-0.017829059152013067,-0.015102260693254715,-0.03219713563639431,-0.033359066907232185
2011-08-09,-1.1245047511481334,0.06717784593791684,0.06731184168572074,0.06256234770887008,0.06283033920447788,0.5524550341614823,NTES,-0.7326994545855547,0.013633942284649625,0.017199794122365556,0.014472995663607297,0.0393287893026845,-0.334088288384315
2011-08-10,-1.124929204479689,0.06704384309062435,0.06906870953220504,0.06531675759880982,0.06595696818213675,-0.0933432054079351,NTES,-0.018000115900084712,0.022024126010234655,0.012375462234496457,0.019402196721560686,-0.0009439225490419642,-0.7110447049810025
2011-08-11,-1.1175713596024335,0.06936648338248264,0.07024491730572476,0.06655251588269191,0.06774361838329084,-0.18657908640692666,NTES,0.6966992227853853,0.012585250583806804,0.008285264546358976,0.008704741226696233,0.016360790752549648,-0.10122714402416483
2011-08-12,-1.1087985590020708,0.07213578090001296,0.072344228984747,0.069917368200266,0.06996203108303778,0.5151246137228146,NTES,1.4113985614708553,0.015626606543676078,0.014787653183001934,0.02370218275900833,0.019507065891644883,0.7760821930181786
2011-08-15,-1.1017238082076815,0.0743690883268391,0.07506885652001698,0.07228467137489605,0.07295466431289276,0.2711243294063047,NTES,-1.4473987932710248,0.021080253470334362,0.019192408372250433,0.016675398262802427,0.015731525722902134,-0.26761339760116104
2011-08-16,-1.1064403829270002,0.07288021907545121,0.07424998020662579,0.0712871293314406,0.07424998020662579,0.22008805412058977,NTES,-0.7326994545855547,0.00912426791617507,-0.005768204427769392,-0.007026734487064137,-0.0104876671455542,-0.0546549151521348
2011-08-17,-1.1047895595183208,0.07340132153856482,0.07444353356428064,0.07146579506150487,0.07369909538884238,1.3928403445198978,NTES,-0.018000115900084712,-0.003880459347968899,0.0013633992293791296,0.0012585300592948382,0.003670670998658552,1.2959397221367361
2011-08-18,-1.1265328710439422,0.06653762825510132,0.07070646925847603,0.06558475619390623,0.06883049329177841,3.2541315007879676,NTES,0.6966992227853853,-0.03429466906550505,-0.026324062038540624,-0.04142632273179543,-0.04834818804877528,2.055823353903448
2011-08-19,-1.135447211730451,0.06372366785479922,0.06787761413109472,0.06366411024494827,0.06607608340183867,1.905186839525962,NTES,1.4113985614708553,-0.019402196721560686,-0.019926592581123816,-0.013529123123707004,-0.019821673401897853,-1.487049492895725
2011-08-22,-1.1341265836067695,0.0641405498252901,0.06585274768951403,0.06355988975232554,0.0636045526350973,0.6063767525728914,NTES,-1.4473987932710248,-0.01740958247167581,-0.014263257323438715,-0.0007341341997317104,0.002936536798926842,-1.4317200927828004
2011-08-23,-1.1182318058147234,0.06915804239723718,0.06935159575489204,0.0644085484203865,0.06466165228840372,0.5291911489605734,NTES,-0.7326994545855547,0.007446261176543067,0.024646055298908714,0.005977992777079646,0.0353434607846314,-0.08351377492326452
2011-08-24,-1.1188448726134097,0.06896448903958231,0.07049802827323058,0.06805627986115899,0.06848804945924047,-0.13337872877694115,NTES,-0.018000115900084712,0.026953327068188045,0.008075526206190392,0.025694797008893207,-0.0013633992293791296,-0.7295541805583478
2011-08-25,-1.1205900653532355,0.06841360422179893,0.07020025442295298,0.06805627986115899,0.069128267142056,-0.4695328529203073,NTES,0.6966992227853853,0.004509724377616225,-0.002097533429110933,0.0,-0.003880459347968806,-0.36931599996700437
2011-08-26,-1.117194132668172,0.06948559150269593,0.07012580918551144,0.06746073216060383,0.06765428551825871,0.4054777749464376,NTES,1.4113985614708553,-0.010382797975469815,-0.0005243958595631278,-0.004195066858221679,0.0075511303466273575,0.9673467739840798
2011-08-29,-1.1122888749288546,0.07103401836393478,0.07146579506150487,0.07003647632047931,0.07014069681310205,-0.4444655657658395,NTES,-1.4473987932710248,0.017514401632618335,0.009438925435569802,0.018143666662265755,0.010907193835033037,-0.9363428378149254
2011-08-30,-1.1060158600425767,0.07301421482325512,0.07359487489621967,0.06997691871062835,0.0703193625431663,0.67959487188738,NTES,-0.7326994545855547,0.001258530059294745,0.01499734151402866,-0.0004195266894788364,0.013948599804044262,1.2422025349767014
2011-08-31,-1.0988467399170407,0.07527730460475102,0.07553040847276823,0.07299932719566453,0.07301421482325512,0.5172886960670852,NTES,-0.018000115900084712,0.018982670032082035,0.013633992293791294,0.02128999181050313,0.015941314072212297,-0.17745433914376954
2011-09-01,-1.097148704021641,0.07581329469545521,0.07609618091814221,0.07480086502440918,0.07497952365498486,1.142347813170576,NTES,0.6966992227853853,0.013843730633959878,0.003985328518053097,0.01269011975389091,0.00377554016874275,0.6914958798959019
2011-09-02,-1.103846255702916,0.07369909538884238,0.07593240281566854,0.07296955194048334,0.0743690883268391,0.24118785697722808,NTES,1.4113985614708553,-0.004299936028306064,-0.001153660889210547,-0.012899858094059585,-0.014892522353086133,-0.9928663976425175
2011-09-06,-1.110072072013047,0.07173378655711266,0.07276111095523789,0.07048314064563999,0.07142112507924449,0.3591303447399757,NTES,-0.7326994545855547,-0.020765595950939818,-0.022338733520487528,-0.01751440163261843,-0.013843730633959784,0.13183302695509655
2011-09-07,-1.1054026958698753,0.07320776818090996,0.07402665159378974,0.07212089327242237,0.07304399717792488,-0.3871173836426687,NTES,-0.018000115900084712,0.011431589694596164,0.008914529576006395,0.011536408855538784,0.010382797975469909,-0.8219025318259628
2011-09-08,-1.106723351814704,0.07279088621041907,0.07420531732385402,0.07212089327242237,0.07292488195822298,0.05255201263497435,NTES,0.6966992227853853,-0.0008390533789575797,0.0012585300592949313,0.0,-0.002936536798926842,0.4868965154495477
2011-09-09,-1.1112040727590242,0.07137646219647274,0.07353532438585732,0.07079580212350815,0.0723591166123376,0.585457289911609,NTES,1.4113985614708553,-0.003985278508911519,-0.004719462717784808,-0.009334006256343653,-0.009963271285990978,0.5897932775300585
2011-09-12,-1.1141283813575324,0.07045335829097021,0.0708851349885403,0.06923248763467872,0.07051291590082116,-0.14275641893544708,NTES,-1.4473987932710248,-0.013004727264143876,-0.018668062521828975,-0.011012063005117327,-0.0065023886366428665,-0.801999869914839
2011-09-13,-1.1163451008098986,0.06975359009779233,0.0710191307363442,0.06938137101007322,0.07042358303578904,0.29709331753755186,NTES,-0.7326994545855547,-0.0006292650296474191,0.0009438725399002931,0.0010487417099846776,-0.004929201057953391,0.48709554206865896
2011-09-14,-1.1118644355078726,0.07116802121122728,0.07280577383800967,0.06942604099233358,0.0700513639480699,0.0851935879943892,NTES,-0.018000115900084712,-0.002621929288673968,0.012585200574665039,0.0003146575193945451,0.009963321295132744,-0.2321866593993604
2011-09-15,-1.1225709727623239,0.0677882812660626,0.07243355475029054,0.0675351702985568,0.07243355475029054,1.384725035728883,NTES,0.6966992227853853,0.016780267432886718,-0.002621929288673968,-0.013319384783538422,-0.02380705192909262,1.4358554353719375
2011-09-16,-1.1258253514506678,0.06676096396742595,0.06838382896661774,0.0660165257919877,0.06838382896661774,0.4215280523331112,NTES,1.4113985614708553,-0.02852646463773585,-0.02852646463773585,-0.010697405485722875,-0.0072364728272328125,-1.0613315546167839
2011-09-19,-1.1269574217495129,0.06640363250729742,0.06722250882068861,0.06498920139386248,0.06613563391220102,0.3533594584885874,NTES,-1.4473987932710248,-0.015836394892986334,-0.008180395376274683,-0.007236522836374484,-0.0025170601185896765,-0.07356244396770255
2011-09-20,-1.1312966165182605,0.06503387137612283,0.0674011745507529,0.06478076040861704,0.0672373964482792,0.9616469374239812,NTES,-0.7326994545855547,0.00776086868679594,0.0012585300592949313,-0.001468268399463421,-0.009648663775738198,0.6729864043185566
2011-09-21,-1.1334190501029215,0.06436387843812615,0.06626963675949352,0.06434899081053555,0.06623985440482374,0.3322596556319491,NTES,-0.018000115900084712,-0.00702673448706423,-0.007970607026964616,-0.003041405969011133,-0.004719462717784808,-0.6929332826418797
2011-09-22,-1.1482290813674316,0.05968882259922842,0.06290478444191942,0.058944391523278766,0.06251767772660971,1.7895887743028407,NTES,0.6966992227853853,-0.026219192868456333,-0.02370218275900833,-0.038070259243389665,-0.03293131984526769,1.610003727094272
2011-09-23,-1.1403524416486213,0.062175240993560366,0.06229434911377368,0.058735946988289024,0.059361273493769656,0.29528991558399303,NTES,1.4113985614708553,-0.022233864350403237,-0.004299936028305971,-0.0014682934040342564,0.0175144516417601,-1.647464947899384
2011-09-26,-1.1521909657384761,0.058438173138011446,0.06221990387633213,0.05754485158717871,0.06220501624874154,1.1450529161009142,NTES,-1.4473987932710248,0.020031461751208107,-0.0005243958595631278,-0.008390133716443359,-0.026324087043111462,0.9394830473085063
2011-09-27,-1.142050407991153,0.06163924380336756,0.06363433498976707,0.06001637880417577,0.06001637880417577,1.3811182318217654,NTES,-0.7326994545855547,-0.01541686820350759,0.009963321295132744,0.017409557467104975,0.022548496865226947,0.2621954624729584
2011-09-28,-1.1493610542922617,0.05933149468884418,0.061892354770873376,0.05906349964349208,0.06163924380336756,-0.16764336589455894,NTES,-0.018000115900084712,0.011431539685454493,-0.012270593064412165,-0.006712126976811356,-0.016255896577894426,-1.7075709868709785
2011-09-29,-1.1535587507065839,0.05800639999018567,0.06169880141321852,0.055832650173210485,0.06169880141321852,0.912594404287181,NTES,0.6966992227853853,0.0004195266894788364,-0.0013633992293791296,-0.022758260209966366,-0.009334031260914488,1.1938390665326704
2011-09-30,-1.157332007699924,0.056815304589075355,0.05870617173310785,0.05547532226282625,0.056696196468862044,-0.09244150443115567,NTES,1.4113985614708553,-0.035238591614547114,-0.021080228465763524,-0.0025170351140188407,-0.008390133716443359,-1.1075057302505913
2011-10-03,-1.165868996257009,0.054120448759242254,0.05620486926092961,0.053703566788751364,0.055490209890416836,0.8103415135203952,NTES,-1.4473987932710248,-0.008495027891098487,-0.017619295807273557,-0.012480331404580748,-0.018982695036652685,0.9979968733272107
2011-10-04,-1.157662161253201,0.05671108409645263,0.05724707773690113,0.05321223603107463,0.05361423392371923,1.478682277509298,NTES,-0.7326994545855547,-0.013214465604312458,0.00734136700188794,-0.003460957663060805,0.018248560836920974,0.7392622684825993
2011-10-05,-1.1552567448702629,0.057470406349737164,0.05799151236259508,0.05562420918796503,0.0570237455743208,-0.1252634199859264,NTES,-0.018000115900084712,0.024016765264690366,0.0052438335727771,0.016990055782196926,0.005348702742861391,-1.7684731323190177
2011-10-06,-1.1425220181671347,0.061490360427973074,0.06165413143095815,0.05720241130438507,0.05741085228963051,0.6352311838298327,NTES,0.6966992227853853,0.002726798458758259,0.0257996661789775,0.011116932175201665,0.02831675130213801,0.8409648708484427
2011-10-07,-1.141814609858449,0.06171368904080911,0.06306856254439311,0.060492818384517616,0.06178813427825065,1.815738102629444,NTES,1.4113985614708553,0.03083378641615685,0.009963321295132744,0.0231777868994452,0.0015731375695477122,1.3044978667585194
2011-10-10,-1.1336549456096405,0.0642894332006846,0.06466165228840372,0.062056132873347054,0.06303878728921192,0.6328867612902063,NTES,-1.4473987932710248,0.008809660405922196,0.01122180134528591,0.011012063005117327,0.01814366666226585,-1.3037459766942734
2011-10-11,-1.1314853134488327,0.06497431376627189,0.06556986146682704,0.06354500212473495,0.06393210884004466,0.0990797830367922,NTES,-0.7326994545855547,0.0062926002873325195,0.006397469457416811,0.0104876671455542,0.004824331887869099,-0.5874491745129228
2011-10-12,-1.131249473584408,0.06504875900371343,0.0665674106097711,0.06411077457010893,0.06507853425889461,0.02550098333159188,NTES,-0.018000115900084712,0.008075476197048815,0.007026784496205901,0.003985328518053097,0.0005243958595631278,-0.07953324254103973
2011-10-13,-1.1287968586253228,0.06582297243433285,0.06720762119309802,0.0641554374528807,0.06655251588269191,-0.3101121202257066,NTES,0.6966992227853853,0.010382797975469909,0.004509674368474554,0.000314607510252874,0.005453596917516518,-0.36871892010967067
2011-10-14,-1.1233728199550241,0.0675351702985568,0.06774361838329084,0.06600163816439712,0.06650785299992014,-0.17485697370879427,NTES,1.4113985614708553,-0.000314607510252874,0.0037755901778846078,0.013004727264143876,0.012060804715102005,0.15093958238977553
2011-10-17,-1.1216748536124923,0.06807116748874958,0.06897937666717291,0.06734161694090193,0.06789250175868532,-0.18892350894655316,NTES,-1.4473987932710248,0.009753532945822489,0.008704741226696141,0.009438875426428036,0.0037755901778844213,-0.013854458234330718
2011-10-18,-1.1256367797152576,0.0668205144777883,0.06759472790840775,0.06412566219769951,0.06759472790840775,-0.21308909512424148,NTES,-0.7326994545855547,-0.002097533429110747,-0.009753532945822397,-0.022653341030740494,-0.008809660405922196,-0.02499994890456013
2011-10-19,-1.1268158816633667,0.06644829539006919,0.0679073893862759,0.06503387137612283,0.06653762825510132,-0.5030761292565016,NTES,-0.018000115900084712,-0.0074462611765431595,0.002202402599195038,0.006397469457416811,-0.002621929288673968,-0.3183651854745271
2011-10-20,-1.1268158816633667,0.06644829539006919,0.06695451732508081,0.06533164522640042,0.06574852719689131,-0.5912624847855283,NTES,0.6966992227853853,-0.005558466087600809,-0.006712076967669685,0.0020975334291108397,0.0,-0.09565439868905012
2011-10-21,-1.1216277245892132,0.06808605511634017,0.06877093568192746,0.06646319011714838,0.06720762119309802,-0.5752122073988548,NTES,1.4113985614708553,0.010277928805385616,0.012794938914833623,0.007970657036106193,0.011536458864680455,0.01938298715724627
2011-10-24,-1.1093646497937877,0.07195712226943729,0.07296955194048334,0.06845827420405928,0.06862205230653297,0.35372013887929915,NTES,-1.4473987932710248,0.009963321295132744,0.029575256356862013,0.014053468974128368,0.02726798458758259,1.0268557330983403
2011-10-25,-1.1108267345401739,0.07149557031668603,0.07188267703199575,0.07021514205054358,0.07179334416696362,-0.3952326924336834,NTES,-0.7326994545855547,0.022338733520487528,-0.007655999516711649,0.012375462234496457,-0.003251194318321387,-0.8248879311126315
2011-10-26,-1.1119586935544303,0.07113823885655751,0.07313333004295704,0.06958981199531865,0.07256755759758304,0.005122541256377089,NTES,-0.018000115900084712,0.005453596917516518,0.00880966040592229,-0.004404855207531841,-0.0025170601185895832,0.4435087124832975
2011-10-27,-1.1034217328184925,0.07383309823613489,0.07591751518807795,0.07340132153856482,0.07591751518807795,3.0382642869469754,NTES,0.6966992227853853,0.023597263579782368,0.019611935061729178,0.026848457898103754,0.018982720041223335,3.349098324888282
2011-10-28,-1.1095532771714922,0.07189756465958633,0.07465197454952609,0.07113823885655751,0.0742350925790352,1.9212371169126354,NTES,1.4113985614708553,-0.01185106637493333,-0.008914529576006488,-0.015941264063070625,-0.013633992293791294,-1.231101260718671
2011-10-31,-1.113892499761387,0.07052780352841176,0.07152534557186721,0.06884538091936901,0.06990248057267542,0.0713073929519862,NTES,-1.4473987932710248,-0.030519128896762306,-0.022024126010234655,-0.016151002403239394,-0.009648663775738104,-2.0399454407867483
2011-11-01,-1.1191750957195545,0.06886026854695959,0.0699322558278566,0.06704384309062435,0.06814561272619113,-0.5802617328688195,NTES,-0.7326994545855547,-0.012375462234496457,-0.01122180134528591,-0.012690119753891001,-0.011746197204849037,-0.7174135567925621
2011-11-02,-1.1164394284093244,0.06972381484261116,0.07118290883881787,0.0682944961015856,0.07048314064563999,-0.2579938037678564,NTES,-0.018000115900084712,0.016465659922633845,0.008809660405922196,0.008809660405922104,0.006082861947163937,0.3573301864081308
2011-11-03,-1.1117228954217264,0.07121268409399906,0.07139134982406331,0.06878582330951805,0.07104890599152537,0.38275491033159637,NTES,0.6966992227853853,0.003985278508911426,0.001468268399463421,0.0034609326584900627,0.010487667145554293,0.7088111957585796
2011-11-04,-1.1113928392424643,0.07131690458662178,0.07195712226943729,0.07000670106529815,0.0707362445136572,-0.08198177310051447,NTES,1.4113985614708553,-0.002202402599195131,0.003985328518053097,0.008599922065753614,0.0007341341997317104,-0.511221979393318
2011-11-07,-1.113750987496388,0.07057246641118352,0.07139134982406331,0.07006625157566049,0.07054269115600234,-0.4509578127986513,NTES,-1.4473987932710248,-0.0013633992293791296,-0.003985328518053097,0.00041947668033707217,-0.0052438585773480284,-0.40553884464525
2011-11-08,-1.1133736910092584,0.07069158163088543,0.07204645513446942,0.07027469256090595,0.07159979080930876,0.45867813257642315,NTES,-0.7326994545855547,0.007446261176543067,0.004614593547700423,0.001468268399463514,0.0008390533789576728,1.0055598848534377
2011-11-09,-1.1284195482276198,0.06594208055454616,0.06906870953220504,0.06552519858405527,0.06850293708683106,1.9423369197692737,NTES,-0.018000115900084712,-0.021814387670066073,-0.020975384300249977,-0.03345566569568915,-0.033455715704830816,1.6390616134845128
2011-11-10,-1.1307306926534266,0.0652125371061871,0.06631429964226529,0.06473609752584526,0.06574852719689131,-0.22210610489203564,NTES,0.6966992227853853,-0.019402196721560686,-0.019402196721560686,-0.005558466087600809,-0.005138939398121973,-2.38704786451675
2011-11-11,-1.1270045785939389,0.06638874487970683,0.06893471378440114,0.06482543039087739,0.06637385725211624,-0.19343201383045022,NTES,1.4113985614708553,0.0044048552075319335,0.018458324181660393,0.0006292650296474191,0.008285264546359068,0.03331485049503303
2011-11-14,-1.1282779803203264,0.06598675053680653,0.06673118161275618,0.0650934289859738,0.06623985440482374,0.11909754472129522,NTES,-1.4473987932710248,-0.0009439225490419642,-0.015521787382733552,0.0018877950889422573,-0.0028316676288425505,0.3465827489761239
2011-11-15,-1.1286553741814709,0.06586763531710463,0.06623985440482374,0.06552519858405527,0.06552519858405527,2.2653262096516604,NTES,-0.7326994545855547,-0.0050340702280376815,-0.0034609326584899695,0.003041405969011133,-0.0008390533789576728,2.3702854120992063
2011-11-16,-1.121769209033065,0.0680413922335684,0.06909848478738621,0.06533164522640042,0.0660314134195783,1.1652510179807731,NTES,-0.018000115900084712,0.003565801828574261,0.020136330921292397,-0.0013633992293791296,0.01531204904256497,-1.2123927585222145
2011-11-17,-1.1129020669227032,0.07084046500627993,0.07290999433063239,0.06869649044448592,0.0708851349885403,2.577314747617338,NTES,0.6966992227853853,0.03418984990456253,0.026848457898103754,0.02370213274986666,0.019716804231813562,1.560048045697351
2011-11-18,-1.1202127549555325,0.06853271944150084,0.07136157456888215,0.06810094274393076,0.07134667984180294,0.6938417473204948,NTES,1.4113985614708553,0.0032511443091797158,-0.010907143825891271,-0.004195066858221679,-0.01625587157332359,-2.0769643919414387
2011-11-21,-1.1274290319254945,0.06625474203241434,0.06757984028081715,0.06464676466081314,0.06755006502563599,0.2175632913856074,NTES,-1.4473987932710248,-0.026743538718877698,-0.026638719557935262,-0.024331397779514076,-0.01604618324229668,-0.5239596830164375
2011-11-22,-1.1315325120249795,0.0649594261386813,0.06623985440482374,0.06396188409522584,0.06577830955156108,-0.3409502936315626,NTES,-0.7326994545855547,-0.012480331404580842,-0.009438925435569616,-0.004824331887869099,-0.00912426791617507,-0.6147158213311626
2011-11-23,-1.1402581001386218,0.06220501624874154,0.06481054276328681,0.06214545863889059,0.06405121696025798,0.008549004968138868,NTES,-0.018000115900084712,-0.012165723894327874,-0.010068140456075363,-0.012794988923975292,-0.019402196721560686,0.387383205893928
2011-11-25,-1.141578742172877,0.06178813427825065,0.06303878728921192,0.060582144150061155,0.06131169469790881,-0.7919811222166263,NTES,1.4113985614708553,-0.019297327551476395,-0.012480331404580748,-0.011012063005117327,-0.002936536798926842,-0.8818095441784458
2011-11-28,-1.1347397199583238,0.06394699646763524,0.06466165228840372,0.06210079575611882,0.062309236741364266,0.32702978996662846,NTES,-1.4473987932710248,0.00702673448706423,0.011431539685454493,0.010697455494864453,0.015207129863339008,1.2366297896415868
2011-11-29,-1.1347397199583238,0.06394699646763524,0.06463187703322254,0.0625325653542003,0.06275590106652494,-0.6379705953827022,NTES,-0.7326994545855547,0.0031463251482370955,-0.00020973834016858265,0.003041405969011133,0.0,-1.0633218208078963
2011-11-30,-1.1246462912342796,0.06713317595565647,0.06722250882068861,0.06534653285399102,0.06664184874772405,-0.31912912999350074,NTES,-0.018000115900084712,0.02737280374852521,0.01824853583235014,0.019821723411039525,0.02244360269057182,0.35354868064501727
2011-12-01,-1.118467590036854,0.06908359715979563,0.06944092861992417,0.0673713992955717,0.0677882812660626,-0.03004379683802012,NTES,0.6966992227853853,0.008075526206190486,0.015626656552817843,0.014263257323438715,0.013738861463875587,0.32070928849166275
2011-12-02,-1.1179487395530046,0.0692473752622693,0.06999181343770755,0.06875604805433687,0.06999181343770755,-0.5065025929682633,NTES,1.4113985614708553,0.015521787382733552,0.003880459347968806,0.009753532945822489,0.001153660889210547,-0.5241587096355487
2011-12-05,-1.1165809545848968,0.06967914486035079,0.07098935548116302,0.06889004380214077,0.06988758584559623,-0.4983872841772486,NTES,-1.4473987932710248,-0.0007341842088733815,0.00702673448706423,0.0009438725399002931,0.003041405969011133,0.010625815916351733
2011-12-06,-1.1148357896662182,0.07023002967813416,0.07095957312649323,0.0692473752622693,0.06936648338248264,-0.460696183347869,NTES,-0.7326994545855547,-0.003670670998658459,-0.00020978834931025377,0.0025170601185896765,0.0038804593479687126,0.043266181450595
2011-12-07,-1.1173355614697296,0.06944092861992417,0.07025980493331535,0.0677882812660626,0.06975359009779233,-0.4028069806386305,NTES,-0.018000115900084712,0.002726798458758166,-0.004929201057953391,-0.010277928805385616,-0.005558466087600716,0.06555716279105382
2011-12-08,-1.1197410752266828,0.06868160281689532,0.0695302614849563,0.06756495265322657,0.06845827420405928,-0.6729565932817434,NTES,0.6966992227853853,-0.009124267916175164,-0.005138939398121973,-0.001573137569547619,-0.0053487277474322265,-0.2964722573722907
2011-12-09,-1.1144113363346626,0.07036402542593807,0.07061713639344389,0.06775850601088142,0.06824983321881384,-0.5218315095735134,NTES,1.4113985614708553,-0.001468268399463421,0.007655999516711649,0.0013633992293790363,0.01185106637493333,0.1684539248715646
2011-12-12,-1.1118644355078726,0.07116802121122728,0.07137646219647274,0.06848804945924047,0.06917293002482776,-0.26123992728426226,NTES,-1.4473987932710248,0.006502338627501196,0.00534872774743232,0.005138939398121973,0.0056633852668267716,0.28926308267208695
2011-12-13,-1.1148830160635124,0.07021514205054358,0.07194222754235809,0.06963448197757902,0.07148068268909545,0.10791645260923047,NTES,-0.7326994545855547,0.016255921582465263,0.00398527850891124,0.008075526206190486,-0.006712126976811449,0.4090771073770531
2011-12-14,-1.1179487395530046,0.0692473752622693,0.06988758584559623,0.06835405371143656,0.06938137101007322,0.18402001504941315,NTES,-0.018000115900084712,-0.014787653183001749,-0.014472995663607203,-0.009019398746090871,-0.006816996146895554,0.085658851321289
2011-12-15,-1.1170998607110405,0.06951537385736573,0.07028958728798512,0.06845827420405928,0.06967914486035079,-0.28179870955483294,NTES,0.6966992227853853,0.002097533429110747,0.0028317176379841283,0.0007341341997317104,0.0018877950889423503,-0.5124161391079856
2011-12-16,-1.114977343662938,0.0701853667953624,0.0706022487658533,0.06865182756171415,0.06945581624751476,0.10485066928818046,NTES,1.4113985614708553,-0.001573137569547619,0.0022024025991952243,0.0013633992293792226,0.0047194627177846215,0.4283826894308433
2011-12-19,-1.1218635088113438,0.06801160987889862,0.07078091449591757,0.06789250175868532,0.07036402542593807,-0.3252606966356008,NTES,-1.4473987932710248,0.006397469457416718,0.0012585300592948382,-0.0053487277474322265,-0.015312049042564876,-0.4730088685239601
2011-12-20,-1.1122888749288546,0.07103401836393478,0.0712871293314406,0.06906870953220504,0.06970892721502056,-0.5000103459354516,NTES,-0.7326994545855547,-0.004614543538558845,0.003565801828574354,0.008285264546359068,0.021289991810502944,-0.19118717586244507
2011-12-21,-1.1272403906372166,0.06631429964226529,0.0710191307363442,0.06567408195944976,0.0710191307363442,0.2750918137041341,NTES,-0.018000115900084712,0.009229137086259361,-0.0018877950889423503,-0.023911921099176912,-0.033245927355520566,0.8570860269964532
2011-12-22,-1.125023587721409,0.06701406783544317,0.06769894840103045,0.06619519152205197,0.0669694049526714,-0.6067717415861343,NTES,0.6966992227853853,-0.028526464637735758,-0.023387525239613783,0.003670721007800223,0.004929201057953391,-0.9715705493976148
2011-12-23,-1.1244104513698547,0.06720762119309802,0.06775850601088142,0.06674606924034678,0.0675202826709662,-0.9984706458991125,NTES,1.4113985614708553,0.003880409338827228,0.0004195266894788364,0.0038804093388271348,0.0013633992293791296,-0.4306161986532661
2011-12-27,-1.1259669193579611,0.06671629398516558,0.0679073893862759,0.06647807774473896,0.06731184168572074,-0.969796554837527,NTES,-0.7326994545855547,-0.001468268399463514,0.0010487417099845843,-0.0018877450798005862,-0.0034609326584899695,0.03331485049503303
2011-12-28,-1.1289383430691746,0.06577830955156108,0.06707362544529412,0.06531675759880982,0.06652274062751073,-0.7198450440742731,NTES,-0.018000115900084712,-0.005558466087600809,-0.005873073597853684,-0.008180395376274777,-0.006607207797585394,0.27752051214452383
2011-12-29,-1.1313437733626865,0.06501898374853225,0.0668354021053789,0.06320255829219701,0.06552519858405527,-0.4581714206128866,NTES,0.6966992227853853,-0.00702673448706423,-0.0016780567487736746,-0.014892522353086133,-0.0053487277474322265,0.29045724238675436
2011-12-30,-1.1257781946062417,0.06677585159501655,0.06692473497041103,0.06470632227066409,0.06470632227066409,-0.2074985490682091,NTES,1.4113985614708553,-0.005768204427769392,0.0006292650296474191,0.010592586324780162,0.012375462234496457,0.2783166186209688
2012-01-03,-1.124457636035428,0.06719273356550744,0.06845827420405928,0.06704384309062435,0.06746073216060383,-0.7573558047082968,NTES,-0.7326994545855547,0.019402196721560686,0.010802324664948652,0.016465609913492173,0.002936536798926842,-0.6051625436138232
2012-01-04,-1.124221740528709,0.06726717880294898,0.06772872365621163,0.06613563391220102,0.06722250882068861,-0.8127202446825529,NTES,-0.018000115900084712,-0.0016780567487736746,-0.005138989407263551,-0.006397469457416811,0.0005243958595631278,-0.05943155401080455
2012-01-05,-1.1236085763560073,0.06746073216060383,0.06763939789066811,0.06655251588269191,0.06729695405813016,-0.9292200108824533,NTES,0.6966992227853853,0.0005243958595631278,-0.0006292150205056548,0.002936536798926842,0.0013633992293791296,-0.12690157788951473
2012-01-06,-1.1284667189826194,0.06592719292695558,0.06789250175868532,0.06582297243433285,0.06717784593791684,-0.877282034619959,NTES,1.4113985614708553,-0.0008390033698160018,0.0017828759097162016,-0.005138939398121973,-0.010802324664948744,0.058989284360382914
2012-01-09,-1.1388431026837937,0.06265168057390222,0.06641852013488801,0.06256234770887008,0.06641852013488801,0.2316298266233663,NTES,-1.4473987932710248,-0.0053487277474322265,-0.010382797975469909,-0.022967998550134948,-0.02307286772021924,1.2254842989713575
2012-01-10,-1.1332776491225112,0.0644085484203865,0.06531675759880982,0.06315789540942524,0.06381299362034275,-0.39433099145690403,NTES,-0.7326994545855547,-0.018353455011576102,-0.00776086868679594,0.004195066858221679,0.012375462234496457,-0.6891517768787662
2012-01-11,-1.1272403906372166,0.06631429964226529,0.06658229823736168,0.0644085484203865,0.0644085484203865,-0.3501476435947127,NTES,-0.018000115900084712,0.004195116867363351,0.008914529576006488,0.008809660405922196,0.013424203944481041,0.05043113973859962
2012-01-12,-1.126863094150087,0.0664334077624786,0.066701406357575,0.06586763531710463,0.066701406357575,-0.729222734232779,NTES,0.6966992227853853,0.0161510024032393,0.0008390033698160018,0.010277878796243946,0.0008390033698160018,-0.4166843353154794
2012-01-13,-1.1257310099406683,0.06679073922260713,0.06698429258026199,0.0658825300441838,0.0658825300441838,-0.5955906494740696,NTES,1.4113985614708553,-0.005768204427769392,0.0019926642590265484,0.00010491917922596243,0.0025170601185896765,0.14914834281777437
2012-01-17,-1.1263914700635318,0.06658229823736168,0.06816050035378171,0.06628452438708411,0.06768406077343989,-0.3515903651575597,NTES,-0.7326994545855547,0.012690069744749424,0.008285264546359068,0.0028316676288425505,-0.001468268399463421,0.2709526337138529
2012-01-18,-1.1247406049231317,0.0671034007004753,0.06783295124832296,0.06653762825510132,0.06653762825510132,-0.7310261361863378,NTES,-0.018000115900084712,-0.008075526206190578,-0.0023072717692794223,0.0017828759097162949,0.003670670998658552,-0.41708238855370183
2012-01-19,-1.121769209033065,0.0680413922335684,0.06833916608384596,0.06686518446004867,0.06689495971522985,-0.6206579366285373,NTES,0.6966992227853853,0.0025170601185896765,0.0035658018285741676,0.002307321778421094,0.0066072578067270646,0.12347390895242448
2012-01-20,-1.1099306153903423,0.07177845653937302,0.07189756465958633,0.0668205144777883,0.06848804945924047,0.631804720118071,NTES,1.4113985614708553,0.01122180134528591,0.025065531979245787,-0.0003146575193945451,0.026324062038540624,1.383909487783904
2012-01-23,-1.108704300955513,0.07216556325468272,0.07349065440359695,0.07085535263387051,0.07174867418470325,-0.20100630203539732,NTES,-1.4473987932710248,0.022967998550134948,0.011221801345286003,0.028421595467651467,0.002726798458758166,-0.9174353089993577
2012-01-24,-1.1082326212266633,0.07231444663007723,0.0723591166123376,0.06999181343770755,0.0723591166123376,-0.813982626050044,NTES,-0.7326994545855547,0.004299986037447643,-0.007970607026964524,-0.006082811938022266,0.0010487417099846776,-0.6748218603027569
2012-01-25,-1.1062988150197068,0.07292488195822298,0.07304399717792488,0.07177845653937302,0.07268666571779635,-0.5791796916966843,NTES,-0.018000115900084712,0.0023072717692794223,0.004824331887869099,0.012585200574665039,0.004299936028306064,0.2608022761391797
2012-01-26,-1.1097891587676376,0.0718231194221448,0.07402665159378974,0.0715402331994578,0.07365443250607064,-0.56096533196574,NTES,0.6966992227853853,0.006816996146895647,0.006921865316979845,-0.0016780567487736746,-0.007760868686796034,0.021771306586581142
2012-01-27,-1.1047895595183208,0.07340132153856482,0.07407131447656153,0.07151045794427663,0.07204645513446942,-0.4001018777082923,NTES,1.4113985614708553,-0.011326670515370294,0.00031460751025296716,-0.00020973834016858265,0.011116932175201618,0.17920136230357153
2012-01-30,-1.1121002058194294,0.07109357597378574,0.07299932719566453,0.07011092155792086,0.0726122204803548,-0.4370716177562483,NTES,-1.4473987932710248,0.003985278508911519,-0.007551130346627265,-0.009858402115906873,-0.01625587157332359,-0.03913083886145813
2012-01-31,-1.111817223021152,0.07118290883881787,0.07191245228717692,0.07000670106529815,0.07191245228717692,-0.7371577028284378,NTES,-0.7326994545855547,-0.004929201057953391,-0.007655999516711742,-0.0007341341997316172,0.0006292650296474191,-0.3295106761447565
2012-02-01,-1.1048367302733206,0.07338643391097423,0.07374376537110276,0.07043847066337962,0.07148068268909545,-0.23923842345084453,NTES,-0.018000115900084712,-0.003041405969011133,0.012899858094059585,0.003041405969011133,0.01552173737359188,0.551182113422478
2012-02-02,-1.101818177538828,0.07433931307165792,0.07500930600965464,0.07290999433063239,0.07319288055331939,-0.19938324027719437,NTES,0.6966992227853853,0.012060804715102005,0.00891452957600658,0.017409532462534138,0.006712126976811356,0.04565450087992987
2012-02-03,-1.100261695640148,0.07483064027959035,0.07547085086291729,0.0747710826697394,0.07497952365498486,-0.5292254575831046,NTES,1.4113985614708553,0.012585200574665039,0.0032511443091796225,0.013109596434228167,0.0034609326584899695,-0.362350068298111
2012-02-06,-1.1074307462128161,0.07256755759758304,0.07404153922138033,0.07206134276206,0.07301421482325512,-0.4403177412726542,NTES,-1.4473987932710248,-0.013843730633959878,-0.010068140456075457,-0.019087539202166236,-0.01594126406307072,0.099789741278187
2012-02-07,-1.106864864079703,0.07274622332764731,0.07422020495144462,0.07224000849212427,0.07228467137489605,-0.5303074987552399,NTES,-0.7326994545855547,-0.005138939398122066,0.0012585300592949313,0.0012585300592948382,0.0012585300592948382,-0.09764466488016252
2012-02-08,-1.1093174373070673,0.07197200989702787,0.07396709398393879,0.07146579506150487,0.07301421482325512,-0.8002767712029969,NTES,-0.018000115900084712,0.005138939398122066,-0.001782925918858059,-0.005453596917516332,-0.005453596917516611,-0.2962732307531795
2012-02-09,-1.111439884802302,0.07130201695903118,0.07283555619267944,0.07113823885655751,0.07244844947736973,-0.6123622876421667,NTES,0.6966992227853853,-0.003985278508911519,-0.00797060702696443,-0.002307321778421094,-0.004719462717784714,0.20905535517025745
2012-02-10,-1.1090344962405108,0.07206134276206,0.07323755053557976,0.0700513639480699,0.07024491730572476,0.5892444340140826,NTES,1.4113985614708553,-0.015521787382733646,0.0028316676288426433,-0.007655999516711742,0.005348727747432134,1.3277839811945344
2012-02-13,-1.110307911877472,0.07165934841915972,0.07288021907545121,0.07052780352841176,0.07288021907545121,-0.008583313590670029,NTES,-1.4473987932710248,0.018563193351744778,-0.0025170601185897693,0.003356063488405678,-0.0028316676288424572,-0.6581036242974128
2012-02-14,-1.1078553803818283,0.07243355475029054,0.07295466431289276,0.071555127926537,0.07265689046261517,-0.124361719009147,NTES,-0.7326994545855547,-0.0015731375695477122,0.0005243958595631278,0.007236522836374484,0.005453546908374847,-0.12610547141306977
2012-02-15,-1.0982335618337657,0.07547085086291729,0.07599196042551949,0.07326732579076094,0.07365443250607064,0.7203517560378095,NTES,-0.018000115900084712,0.00702673448706423,0.021394860980587235,0.012060804715102005,0.021394860980587235,0.9339103019733915
2012-02-16,-1.1077137290110934,0.0724782247325509,0.07366932013366122,0.06938137101007322,0.07164445369208053,1.3809378916264095,NTES,0.6966992227853853,-0.014158388153354422,-0.016360790752549554,-0.02737285375766688,-0.02108020346119269,0.7307041238608161
2012-02-17,-1.111817223021152,0.07118290883881787,0.07246333710496032,0.07063202402103448,0.07224000849212427,0.9409078149580546,NTES,1.4113985614708553,0.004195116867363258,-0.008495002886527651,0.008809660405922104,-0.00912426791617507,-0.4839553325750783
2012-02-21,-1.1096947755259177,0.07185290177681457,0.07206134276206,0.07072135688606661,0.07081068975109875,-0.1699877884341854,NTES,-0.7326994545855547,-0.01006819046521694,-0.0028316676288426433,0.0006292650296474191,0.004719462717784808,-1.2243343556688888
2012-02-22,-1.1096004479264918,0.07188267703199575,0.07246333710496032,0.07122757172158965,0.07122757172158965,-0.8507720259026442,NTES,-0.018000115900084712,0.0029365367989269346,0.0028316676288426433,0.003565801828574354,0.00020973834016858265,-0.749655869088583
2012-02-23,-1.1072422301197002,0.0726271081079454,0.07307377243310607,0.07146579506150487,0.07151045794427663,-0.7252552499349496,NTES,0.6966992227853853,0.0019926642590264556,0.004299936028306064,0.0016780567487736746,0.005243808568206264,0.1401921449577686
2012-02-24,-1.1015351251876828,0.07442864593669006,0.07444353356428064,0.0726271081079454,0.07267177809020577,-0.55176798200259,NTES,1.4113985614708553,0.008180395376274777,0.009648663775738104,0.008180345367133014,0.012690119753891001,0.1931332256413583
2012-02-27,-1.0959695325206642,0.07618551378317436,0.076929944859124,0.07426486783421637,0.07442864593669006,0.32522638801306963,NTES,-1.4473987932710248,0.012375462234496457,0.01751440163261843,0.011536458864680455,0.012375462234496457,0.9695360667943035
2012-02-28,-1.085876270723503,0.07937169327119557,0.08033946005946986,0.07667684099110678,0.07667684099110678,0.4925820893033292,NTES,-0.7326994545855547,0.015836394892986425,0.024016790269261203,0.016990055782196974,0.02244360269057173,0.18636632059157615
2012-02-29,-1.0900738697638102,0.07804660212228136,0.07889525369085373,0.07645351237827075,0.07852304170262321,-0.5791796916966843,NTES,-0.018000115900084712,0.013004727264143876,-0.010173059635301325,-0.0015731375695477122,-0.00933400625634356,-1.18114557932175
2012-03-01,-1.0896493468793866,0.07818059787008527,0.07895481130070468,0.07675128622854832,0.07768927066215282,-0.40785650610859525,NTES,0.6966992227853853,-0.005873123606995448,0.0004195266894788364,0.0020975334291108397,0.0009438725399002931,0.19074490621202342
2012-03-02,-1.0896022178561078,0.07819548549767585,0.07926747277857285,0.07618551378317436,0.07885059080808197,0.3789677662291228,NTES,1.4113985614708553,0.008180395376274963,0.002202402599195131,-0.003985328518053097,0.00010486917008429133,0.8700227572386837
2012-03-05,-1.0940829527110016,0.07678106148372951,0.07910370177558777,0.07667684099110678,0.079073919420918,-0.8408533151580706,NTES,-1.4473987932710248,0.001573137569547619,-0.0011536108800688756,0.0034609326584899695,-0.009963271285990978,-1.3445464336120776
2012-03-06,-1.1041291689483255,0.07360976252381027,0.07624506429353671,0.07338643391097423,0.07624506429353671,-0.41957861880672764,NTES,-0.7326994545855547,-0.019926592581123816,-0.02013638093043407,-0.0231777868994452,-0.022338783529629293,0.46659580030020126
2012-03-07,-1.097478829753771,0.07570907420283249,0.07608129329055163,0.07410109683123128,0.07444353356428064,-0.04717611539682902,NTES,-0.018000115900084712,-0.01269006974474933,-0.0011536108800688756,0.005034120237179259,0.014787653183001749,0.4126595865210554
2012-03-08,-1.0911115429103615,0.07771904591733401,0.07837415122774012,0.07605151093588185,0.07658750812607465,-0.35429546808789797,NTES,0.6966992227853853,0.015102260693254715,0.0161510024032393,0.013738811454734007,0.014158338144212844,-0.3372727142900948
2012-03-09,-1.081253926229595,0.0808307872674023,0.08129233922015354,0.07704906007882592,0.07704906007882592,0.05183065185355082,NTES,1.4113985614708553,0.00325119431832148,0.02055585761077114,0.007026784496205994,0.021919256840150364,0.44987756429485715
2012-03-12,-1.083329161238109,0.08017568905648478,0.08156033781524995,0.07913347703076895,0.07968436184855233,-0.3250803564402449,NTES,-1.4473987932710248,0.0185631933517445,0.0018877950889423503,0.014682734003775786,-0.004614543538558845,-0.4142960158861445
2012-03-13,-1.0779051503889574,0.08188788692070871,0.08200699504092201,0.080145906701815,0.08023523956684714,-0.24032046462297985,NTES,-0.7326994545855547,0.003880409338827228,0.0031462751390954244,0.007131603657148522,0.012060804715101911,0.0952121290386285
2012-03-14,-1.0797917858409143,0.08129233922015354,0.08187299929311811,0.07998213569882992,0.08187299929311811,-0.4114633100157129,NTES,-0.018000115900084712,0.011536458864680455,-0.0009438725399002931,-0.0011536108800688756,-0.004195066858221773,-0.18720664348022029
2012-03-15,-1.0825746239061445,0.0804139052969114,0.08206655265077298,0.07952058374607865,0.08111367349008929,-0.661414820778967,NTES,0.6966992227853853,-0.0053487277474322265,0.0013633992293791296,-0.00325119431832148,-0.006187731117248135,-0.2741812760318319
2012-03-16,-1.078235220478793,0.08178366642808599,0.08206655265077298,0.08010124381904324,0.08075634202996075,-0.4565483588546837,NTES,1.4113985614708553,-0.0025170601185896765,0.0,0.004090197688137481,0.009648663775738198,0.22776385736671395
2012-03-19,-1.0696983571168701,0.08447851870817479,0.0845976339278767,0.08148589257780839,0.08188788692070871,0.3513757163396727,NTES,-1.4473987932710248,0.007970657036106193,0.017829059152012976,0.009753532945822397,0.01898267003208185,0.8933088716746987
2012-03-20,-1.0717735921253844,0.08382342049725727,0.08415096960271604,0.0820367773955918,0.08354053427457028,0.27310807155521943,NTES,-0.7326994545855547,0.011641328034764746,-0.0031463251482370023,0.003880459347968899,-0.004614543538558845,-0.08470793463793196
2012-03-21,-1.063236673121167,0.08651827277734607,0.08720315334293335,0.08517829400084125,0.08529740212105458,0.5856376301069649,NTES,-0.018000115900084712,0.012375462234496457,0.021499730150671435,0.022128995180318852,0.01898267003208185,0.3465827489761239
2012-03-22,-1.0620103725969114,0.08690537949265577,0.08823047774105859,0.08526762686587339,0.08659271801478761,0.2826661019090812,NTES,0.6966992227853853,0.00912426791617507,0.007236522836374484,0.0006292650296474191,0.002726798458758166,-0.3326951020505363
2012-03-23,-1.0556901869556339,0.08890047067905528,0.08933224027713678,0.08687560423747459,0.08781358867107912,-0.14167437776331177,NTES,1.4113985614708553,0.008599872056612036,0.00776086868679594,0.011326670515370202,0.014053518983270131,-0.46664001671240046
2012-03-26,-1.0546996706535086,0.08921313215692346,0.0895555688899728,0.08800714202873397,0.08951090600720105,0.16346123277884247,NTES,-1.4473987932710248,0.011955985554159198,0.0015731375695477122,0.00797060702696471,0.0022024025991952243,0.33842265759256307
2012-03-27,-1.0570579580131678,0.08846869398148521,0.09003200847031466,0.08711382047790123,0.08742648905525799,0.39014885834118757,NTES,-0.7326994545855547,-0.01468273400377588,0.003356063488405678,-0.006292600287332613,-0.005243858577347936,0.25184607827917393
2012-03-28,-1.0571994563675933,0.08842403109871345,0.08912379929189133,0.08733715619022586,0.08869202259432124,-0.182972282499809,NTES,-0.018000115900084712,0.008914479566864723,-0.006397469457416811,0.0015731875786893833,-0.000314607510252874,-0.630836977479173
2012-03-29,-1.0621517874878954,0.086860716609884,0.08745626431043917,0.08491029540574487,0.08677138374485188,0.9152995072175192,NTES,0.6966992227853853,-0.01352907311456524,-0.011746197204849037,-0.017094924952281265,-0.011012063005117421,1.2137417284437941
2012-03-30,-1.0632838021444462,0.08650338514975547,0.08927268266728582,0.08589294982160973,0.08812625724843588,-0.275486802717377,NTES,1.4113985614708553,0.009543794605653999,0.012794938914833623,0.006921865316979939,-0.0025170601185895832,-1.312503147935168
2012-04-02,-1.0547468274979346,0.08919824452933287,0.08936201553231796,0.08586317456642856,0.08677138374485188,-0.05691448594604671,NTES,-1.4473987932710248,-0.009543794605653999,0.0006292650296474191,-0.00020973834016858265,0.018982720041223523,0.24288988041916815
2012-04-03,-1.0588030116472578,0.08791781626319042,0.08983845511265981,0.0875455971754713,0.08933224027713678,-0.04897951735038785,NTES,-0.7326994545855547,0.018038797492181558,0.0033560634884057714,0.01185106637493333,-0.009019398746090779,0.010426789297240493
2012-04-04,-1.069037994368022,0.08468696679290882,0.08756048480306189,0.08421052721256699,0.08756048480306189,0.026943704894438945,NTES,-0.018000115900084712,-0.012480331404580748,-0.016046133233155103,-0.023492394409698074,-0.022758260209966366,0.08545982470217776
2012-04-05,-1.064415844622144,0.08614605368962695,0.08628005653691945,0.08418074485789721,0.08421052721256699,-0.7265176313024407,NTES,0.6966992227853853,-0.023597263579782368,-0.009019398746090779,-0.0002097883493101606,0.010277878796244038,-0.8298635965904124
2012-04-09,-1.0649345977319782,0.08598228268664186,0.08693516184732554,0.08508896113580912,0.08550584310630002,-0.9322857942035033,NTES,-1.4473987932710248,0.00912426791617507,0.004614593547700423,0.006397519466558295,-0.0011536108800689689,-0.22541975434957826
2012-04-10,-1.0751695804527421,0.08275143321636026,0.08738181907299762,0.08239410175623174,0.08604183319700423,-0.29694728596472714,NTES,-0.7326994545855547,0.0037755401687429367,0.0031462751390955172,-0.018982720041223335,-0.022758260209966366,0.7028403971852425
2012-04-11,-1.0658778459050888,0.08568450883636429,0.08613116606203637,0.08401697385491212,0.08407652436527448,-0.4725986362413573,NTES,-0.018000115900084712,-0.01384373063395997,-0.008809660405922104,0.01143158969459607,0.020660726780855523,-0.19218230895800126
2012-04-12,-1.0688494226326117,0.08474651730327118,0.08693516184732554,0.08456785157320691,0.08531228974864516,-0.057996527118182005,NTES,0.6966992227853853,0.008704791235837905,0.005663385266826585,0.0038804093388271348,-0.0066072578067270646,0.45923181539308544
2012-04-13,-1.0685663981026137,0.08483585016830332,0.08550584310630002,0.08382342049725727,0.08446363108058419,-0.5095683762893134,NTES,1.4113985614708553,-0.005977992777079646,-0.01006819046521694,-0.005243808568206264,0.0006292650296474191,-0.4966930361981976
2012-04-16,-1.0734244433552107,0.08330231093465505,0.08543139786885848,0.08316831518685115,0.08486562542348448,-0.6368885542105668,NTES,-1.4473987932710248,0.0028316676288424572,-0.0005243958595631278,-0.004614593547700516,-0.010802324664948744,-0.1388431750361891
2012-04-17,-1.0645100748475547,0.08611627843444578,0.08657783038719702,0.08340653852676637,0.08461252155546728,-0.3115548417885537,NTES,-0.7326994545855547,-0.0017828759097162016,0.008075526206190486,0.0016780567487735814,0.019821723411039615,0.3607136389330219
2012-04-18,-1.0557845562867803,0.08887068832438552,0.08918334980225369,0.08520806925602242,0.086354501774361,0.05435541458853318,NTES,-0.018000115900084712,0.012270593064412258,0.01835340500243443,0.01269006974474933,0.019402196721560593,0.40549462823305077
2012-04-19,-1.0604067616749524,0.0874115943281788,0.09007667845257503,0.08687560423747459,0.08787314628093007,0.06084766162134497,NTES,0.6966992227853853,0.010697405485722782,0.006292650296474284,0.011746197204849037,-0.010277928805385616,0.008834576344350578
2012-04-20,-1.0612084558513433,0.0871584904601616,0.0886324720839589,0.08689049186506519,0.08689049186506519,-0.6648412844907287,NTES,1.4113985614708553,-0.006921865316980032,-0.010173059635301419,0.00010486917008438449,-0.0017828759097162949,-0.7992134972472815
2012-04-23,-1.0606426015393773,0.08733715619022586,0.08848358160907581,0.08602694556941365,0.08628005653691945,-0.03599502328476426,NTES,-1.4473987932710248,-0.004299936028305971,-0.0010487917191262556,-0.006082861947163844,0.0012585300592948382,0.6956754388972379
2012-04-24,-1.0630952582301831,0.08656294275960644,0.08751581482080152,0.08629494416451004,0.08751581482080152,-0.38242853856341574,NTES,-0.7326994545855547,0.008704741226696233,-0.006816996146895647,0.0018877950889422573,-0.005453596917516518,-0.38066051725634503
2012-04-25,-1.056067525174484,0.08878135545935337,0.08906424168204037,0.08666716325222916,0.08726271095278432,-0.20299004418431205,NTES,-0.018000115900084712,-0.0017828759097162949,0.010907193835033037,0.0026219292886738746,0.015626606543676078,0.19970110407202918
2012-04-26,-1.0523414945784377,0.08995756323287311,0.09149110246652137,0.08885580069679491,0.0891684621746631,-0.2011866422307532,NTES,0.6966992227853853,0.013424203944481041,0.017094924952281265,0.015416868203507496,0.008285264546359162,0.003659884247458352
2012-04-27,-1.0543223324346582,0.08933224027713678,0.08991290035010134,0.08891535830664588,0.08891535830664588,-0.2471733920465034,NTES,1.4113985614708553,-0.001782875909716388,-0.011116932175201618,0.0004195266894788364,-0.004404805198390262,-0.0490821698170201
2012-04-30,-1.0528130352015517,0.08980867985747863,0.08995756323287311,0.08797736677355279,0.08921313215692346,-0.24536999009294458,NTES,-1.4473987932710248,0.002097533429110933,0.000314607510252874,-0.006607257806726878,0.0033560634884057714,0.003659884247458352
2012-05-01,-1.054511043275804,0.08927268266728582,0.08995756323287311,0.08901957879926861,0.08995756323287311,-0.1436581199122265,NTES,-0.7326994545855547,0.005243808568206264,0.0,0.007341392006458682,-0.0037755901778846078,0.11392063123508499
2012-05-02,-1.0535677116392521,0.0895704565175634,0.0898533427402504,0.08785825865333947,0.0888855759519761,-0.527061375238834,NTES,-0.018000115900084712,-0.0075511303466273575,-0.0007341341997316172,-0.008180395376274777,0.0020975334291108397,-0.42146097417414913
2012-05-03,-1.0547468274979346,0.08919824452933287,0.08963001412741435,0.0888855759519761,0.08934712790472736,-0.22823767153413568,NTES,0.6966992227853853,0.003251194318321387,-0.0015731375695478052,0.0072364728272328125,-0.0026218792795322968,0.3314567259236697
2012-05-04,-1.0553599499389152,0.08900469117167802,0.08933224027713678,0.08873669257658161,0.0890344664268592,0.43018438171019363,NTES,1.4113985614708553,-0.002202402599195131,-0.0020975334291108397,-0.0010487417099846776,-0.0013633992293791296,0.7283158044314811
2012-05-07,-1.0539450498581024,0.08945134839735008,0.09080622190093408,0.08787314628093007,0.08893024593423646,-0.21651555883600326,NTES,-1.4473987932710248,-0.0007341341997318036,0.010382797975469909,-0.00608286194716375,0.0031462751390954244,-0.7120398380765587
2012-05-08,-1.0656892741696786,0.08574405934672664,0.0904935604230659,0.08453807631802573,0.08909402403671014,0.49799229516400567,NTES,-0.7326994545855547,0.00115366088921064,-0.002202402599195131,-0.023492394409698168,-0.026114323698372043,0.7902130829750766
2012-05-09,-1.0688965238347437,0.0847316296756806,0.08589294982160973,0.08316831518685115,0.08449341343525399,-0.16349554140137362,NTES,-0.018000115900084712,-0.03240692398570447,-0.032406923985704564,-0.009648663775738198,-0.007131603657148522,-0.7283600208436803
2012-05-10,-1.0730942619807866,0.08340653852676637,0.08559517597133215,0.08307898232181903,0.08505917878113933,0.1585920475042336,NTES,0.6966992227853853,0.00398527850891124,-0.0020975334291108397,-0.0006292650296474191,-0.009334006256343745,0.3571311597890196
2012-05-11,-1.067245672604917,0.08525273213879421,0.08614605368962695,0.08304920706663785,0.0835107590193891,-0.5326519212948664,NTES,1.4113985614708553,-0.010907143825891271,0.003880409338827228,-0.00020973834016858265,0.013004677255002298,-0.7611994129970349
2012-05-14,-1.071962275145383,0.08376386288740631,0.0860865031792646,0.08362986713960241,0.08561006359892274,-0.753929340996535,NTES,-1.4473987932710248,0.014787603173860171,-0.0004194766803371653,0.0040901976881373885,-0.0104876671455542,-0.24253604359314485
2012-05-15,-1.0695097019180186,0.08453807631802573,0.08535695263141693,0.08389786573469882,0.08465718443823905,-0.30001306928577715,NTES,-0.7326994545855547,-0.006712126976811356,-0.0051389894072637375,0.0018877950889422573,0.005453596917516518,0.5026196183593357
2012-05-16,-1.065217594440829,0.08589294982160973,0.08703938233994826,0.08502940352595817,0.08613116606203637,-0.2161548784452915,NTES,-0.018000115900084712,0.01038279797547,0.011851116384074907,0.007970607026964524,0.009543794605653907,0.0942169959430723
2012-05-17,-1.052105459965983,0.09003200847031466,0.09390307562341177,0.08766470529568461,0.09230997877991255,3.0658563368364256,NTES,0.6966992227853853,0.043523856160905997,0.04834818804877537,0.018563193351744684,0.029155729667383175,3.6237550592617924
2012-05-18,-1.0597935557705302,0.08760514768583366,0.09178887631679895,0.08751581482080152,0.09110399575121166,0.5198134588020675,NTES,1.4113985614708553,-0.008495002886527558,-0.01489252235308604,-0.0010487917191262556,-0.017094924952281265,-2.8081881905561326
2012-05-21,-1.0610670131392121,0.08720315334293335,0.08831981060609073,0.08468696679290882,0.08800714202873397,0.9731887099267577,NTES,-1.4473987932710248,-0.02181438767006598,-0.02443626694959846,-0.019926542571982144,-0.0028316676288425505,0.5020225385020018
2012-05-22,-1.0569164874798895,0.08851336396374558,0.0894215731421689,0.08730737383555608,0.08769448055086579,0.8510983976708248,NTES,-0.7326994545855547,-0.0022024025991952243,0.00776086868679594,0.018458274172518722,0.009229187095401032,-0.13307140308196316
2012-05-23,-1.055737371621207,0.0888855759519761,0.08951090600720105,0.08791781626319042,0.08836447348886249,0.4790565746516379,NTES,-0.018000115900084712,0.004719462717784808,0.0006292650296474191,0.004299986037447643,0.0026218792795322968,-0.408922297170141
2012-05-24,-1.0641327922709987,0.08623538655465908,0.09082110952852467,0.08572917171913605,0.08961512649982377,-0.3680013229349451,NTES,0.6966992227853853,0.008809660405922196,0.009229137086259361,-0.015416918212649261,-0.018668062521828975,-0.9331584119091456
2012-05-25,-1.067245672604917,0.08525273213879421,0.08654805513201584,0.08504429115354875,0.0859525003319721,-1.0228165722721567,NTES,1.4113985614708553,-0.025799716188119076,-0.030099602207283468,-0.004824331887869192,-0.006921865316979939,-0.7209960359365645
2012-05-29,-1.0510679259251674,0.09035955757577341,0.09073177666349254,0.08558028834374157,0.08669693850741034,0.1995292718500191,NTES,-0.7326994545855547,0.005243858577347842,0.02947033717763605,0.0037755901778846078,0.03597272581427882,1.350672042392327
2012-05-30,-1.0476248642168249,0.0914464395837496,0.09201220492963498,0.08897490881700824,0.08897490881700824,-0.1638562217920854,NTES,-0.018000115900084712,0.01604613323315501,0.009019398746090779,0.02391187109003524,0.00765604952585332,-0.3993690194528015
2012-05-31,-1.0431913140275042,0.09284597597010535,0.09339685368840016,0.09027023181022988,0.09111888337880225,0.6801358924734476,NTES,0.6966992227853853,0.015102260693254715,0.009753532945822582,0.009124317925316741,0.009858402115906781,0.9331141954969466
2012-06-01,-1.054133565951218,0.08939179788698773,0.09350108128051147,0.0886175844563683,0.09101466288617953,0.745779723582989,NTES,1.4113985614708553,-0.0007341341997317104,0.0007341842088732884,-0.011641328034764746,-0.024331397779514076,0.07411530741283712
2012-06-04,-1.058048446494146,0.08815603250361706,0.09064244379846038,0.08742648905525799,0.08913868691948192,-0.41885725802530416,NTES,-1.4473987932710248,-0.013214465604312458,-0.020136380930434163,-0.008390133716443359,-0.008704791235837811,-1.2836442881640382
2012-06-05,-1.058048446494146,0.08815603250361706,0.08839424874404367,0.08544628549644906,0.08778381341589793,-0.692252994184823,NTES,-0.7326994545855547,-0.009543794605653907,-0.015836394892986334,-0.01394864981318584,0.0,-0.30005473651629305
2012-06-06,-1.0397952700578519,0.09391796325100236,0.09487084241168606,0.08848358160907581,0.08848358160907581,0.3737379005638022,NTES,-0.018000115900084712,0.004929201057953391,0.045621439599158695,0.021394860980587235,0.04058731936197925,1.1781159636228824
2012-06-07,-1.0372955678072087,0.09470706430921237,0.09758058231936544,0.09411151660865721,0.09598749257535483,-0.28071666838269765,NTES,0.6966992227853853,0.052857912426391505,0.019087539202166142,0.03964344682207905,0.005558466087600809,-0.720597982698342
2012-06-08,-1.0419650135032483,0.09323308268541507,0.09445395334170656,0.09233976113458234,0.09445395334170656,-0.4522201941661425,NTES,1.4113985614708553,-0.010802324664948744,-0.022024126010234655,-0.012480331404580748,-0.010382797975469909,-0.18760469671844276
2012-06-11,-1.0458324868114257,0.09201220492963498,0.09528772438217695,0.09181865157198013,0.09384351801356082,-0.6294946062009756,NTES,-1.4473987932710248,-0.004299936028305971,0.005873123606995354,-0.003670721007800223,-0.008599922065753614,-0.19397354853000243
2012-06-12,-1.0507849292163165,0.09044889044080553,0.0929204212075469,0.08964490175500495,0.0929204212075469,-0.2592561851353476,NTES,-0.7326994545855547,-0.006502338627501102,-0.016675398262802427,-0.015311999033423299,-0.011012063005117421,0.4102712670917205
2012-06-13,-1.0578126622720154,0.08823047774105859,0.09114866573347202,0.08796247914596221,0.09015111659052796,0.15408354262033655,NTES,-0.018000115900084712,-0.01950711590078665,-0.012480331404580748,-0.011851066374933236,-0.015626606543676078,0.4578386290593067
2012-06-14,-1.0566334629498915,0.08860269682877771,0.08976400987521826,0.08762004241291285,0.08872180494899101,-0.11606607002277637,NTES,0.6966992227853853,-0.010068140456075457,-0.009753582954964066,-0.002412140939363807,0.002621929288673968,-0.2964722573722907
2012-06-15,-1.0531432165759758,0.0897044593648559,0.08982356748506921,0.08824536536864919,0.08824536536864919,-0.08811333974261448,NTES,1.4113985614708553,-0.003356063488405585,0.0004195266894788364,0.004404805198390262,0.00776086868679594,0.03251874401858807
2012-06-18,-1.0492756319832097,0.09092533002114739,0.09177398868920836,0.08946623602494068,0.08986823036784099,-0.41651283548567763,NTES,-1.4473987932710248,0.011431539685454586,0.013738861463875493,0.008599872056611942,0.008599872056611942,-0.3607578553452211
2012-06-19,-1.0363522918129509,0.09500483815948996,0.09528772438217695,0.09128266148127592,0.09189309680942166,-0.29893102811364186,NTES,-0.7326994545855547,0.014263257323438621,0.024750924468992914,0.012794988923975292,0.02873625298704601,0.13143497371687407
2012-06-20,-1.0405972146245672,0.09366485228349657,0.09540683250239027,0.09169954345176683,0.09531749963735814,-0.27945428701520647,NTES,-0.018000115900084712,0.024121659439345588,0.0008390033698160949,0.0029365367989269346,-0.009438925435569522,0.023164492920359818
2012-06-21,-1.048426641856657,0.09119332861624378,0.0948112848018351,0.0909104423935568,0.09412640423624781,-0.3827892189541275,NTES,0.6966992227853853,-0.008390133716443452,-0.004195066858221773,-0.005558466087600903,-0.01740953246253423,-0.11237263469439425
2012-06-22,-1.0556901869556339,0.08890047067905528,0.09202709965671417,0.08834958586127191,0.09202709965671417,-0.4670080901853249,NTES,1.4113985614708553,-0.014787603173860171,-0.019611935061729268,-0.018038797492181558,-0.016151002403239394,-0.09127581306860286
2012-06-25,-1.0708303161311266,0.08412119434753484,0.0897044593648559,0.08212610316113533,0.08784337102574888,0.5439790449797559,NTES,-1.4473987932710248,-0.029470387186777722,-0.016360790752549554,-0.04383851368030073,-0.03366545404499931,1.1174128447939544
2012-06-26,-1.055737371621207,0.0888855759519761,0.08958535124464258,0.08428496535051994,0.08476140493086178,1.0583092821347346,NTES,-0.7326994545855547,-0.02170951849998178,-0.0008390033698160018,0.0152071298633391,0.033560534865773435,0.5692935357616008
2012-06-27,-1.0583784887628345,0.08805181201099432,0.09143154485667042,0.08687560423747459,0.08992778797769194,-0.3422126749990538,NTES,-0.018000115900084712,0.03639225250375775,0.013004677255002204,0.018248585841491624,-0.005873073597853684,-1.5439711059615395
2012-06-28,-1.0633781436544454,0.0864736098945743,0.08751581482080152,0.08438919294263127,0.0866076056423782,-0.4233657629092012,NTES,0.6966992227853853,-0.023387525239613877,-0.027582592097835465,-0.017514401632618245,-0.011116932175201618,-0.08789236054371179
2012-06-29,-1.0597464823895457,0.08762004241291285,0.08893024593423646,0.08625028128173828,0.08815603250361706,-0.34599981910152733,NTES,1.4113985614708553,0.010907193835033129,0.00996332129513265,0.013109596434228167,0.008075526206190486,0.08705203765506768
2012-07-02,-1.0589917781306981,0.08785825865333947,0.08887068832438552,0.08696493710250672,0.08790292153611125,-0.2001046010586179,NTES,-1.4473987932710248,-0.001782925918857966,-0.0004195266894787433,0.005034070228037495,0.0016780067396320035,0.16268215291733865
2012-07-03,-1.0605954446949513,0.08735204381781644,0.08770936817845638,0.08549095547870943,0.08709893285031063,-0.4926163979258603,NTES,-0.7326994545855547,-0.005663335257685194,-0.008180395376274777,-0.010382797975469815,-0.003565801828574261,-0.3211515581420844
2012-07-05,-1.0478134915945292,0.09138688197389865,0.09216109540451807,0.08726271095278432,0.08793270389078102,0.23199050701407806,NTES,0.6966992227853853,0.005873123606995354,0.03135818227571998,0.012480331404580748,0.028421595467651467,0.801358573645306
2012-07-06,-1.0540393357258073,0.0894215731421689,0.0906275561708698,0.0891684621746631,0.0899724579599523,-0.5052402116007721,NTES,1.4113985614708553,0.0143681264935231,-0.010802324664948838,0.013424203944481041,-0.013843730633959878,-0.8119512008704008
2012-07-09,-1.0605010475426575,0.08738181907299762,0.08979379222988802,0.08695004947491614,0.08867713496673064,-0.6087554837350491,NTES,-1.4473987932710248,-0.009124317925316927,-0.00587307359785359,-0.015626606543676265,-0.014368126493523006,-0.11257166131350549
2012-07-10,-1.0641798934731306,0.0862204989270685,0.08787314628093007,0.08450830106284456,0.08763493004050343,0.11981890550271876,NTES,-0.7326994545855547,-0.007341341997317011,-0.01352912312370691,-0.017199794122365462,-0.008180395376274683,0.8057371592657533
2012-07-11,-1.0664439227862321,0.08550584310630002,0.08706915759512944,0.08462740918305788,0.08638427702954217,-0.5463577761419135,NTES,-0.018000115900084712,-0.008809660405922196,-0.0056633352576852865,0.0008390033698160018,-0.005034070228037774,-0.7335347129405726
2012-07-12,-1.066632633627378,0.08544628549644906,0.08636938940195157,0.08346608903712874,0.0845976339278767,-0.8029818741333352,NTES,0.6966992227853853,-0.012585200574665039,-0.004929201057953297,-0.008180395376274777,-0.0004195266894788364,-0.2815452609389478
2012-07-13,-1.0673872822439312,0.08520806925602242,0.08654805513201584,0.08367453002237418,0.08651827277734607,-0.42607086583953946,NTES,1.4113985614708553,0.013529073114565332,0.0012585300592948382,0.001468268399463421,-0.0016780067396320966,0.4176352519988364
2012-07-16,-1.0696511446301498,0.08449341343525399,0.08630983179210062,0.08435941058796148,0.08558028834374157,-0.8496899847305089,NTES,-1.4473987932710248,-0.006607207797585394,-0.0016780567487736746,0.004824331887869192,-0.005034070228037495,-0.4658439102359555
2012-07-17,-1.0823859408861456,0.08047346290676236,0.086071615551674,0.07862726219524593,0.08446363108058419,1.6483824013391843,NTES,-0.7326994545855547,-0.007865787866021903,-0.0016780067396320035,-0.04037753101266918,-0.028316726297567266,2.7585863459852344
2012-07-18,-1.0764902503081444,0.08233455124586937,0.08428496535051994,0.079073919420918,0.07911858940317837,0.3634585094285169,NTES,-0.018000115900084712,-0.037650732553910826,-0.012585250583806617,0.0031462751390954244,0.013109596434228167,-1.4163950431112349
2012-07-19,-1.0758298875592962,0.08254299223111483,0.08394252861747058,0.08240898938382234,0.08251320987644505,-0.8136219456593323,NTES,0.6966992227853853,0.02391187109003524,-0.002412140939363807,0.023492394409698168,0.001468268399463514,-1.2973771248827137
2012-07-20,-1.0783767744755128,0.08173899644582562,0.08243877173849211,0.08114344874527045,0.08236432650105056,-0.7386004243912849,NTES,1.4113985614708553,-0.0010487417099844913,-0.010592536315638397,-0.008914529576006674,-0.005663385266826865,0.08446469160662157
2012-07-23,-1.0830933491948314,0.08025012719443772,0.08078612438463052,0.07891014841793294,0.08078612438463052,-0.08306381427264976,NTES,-1.4473987932710248,-0.011116932175201712,-0.01164132803476484,-0.01573147571376028,-0.0104876671455542,0.7251313785257013
2012-07-24,-1.0854988768623584,0.07949080849089747,0.08157522544284054,0.07891014841793294,0.08105411588023832,-0.7676351958435821,NTES,-0.7326994545855547,0.0018877450798005862,0.005558466087600809,0.0,-0.005348677738290649,-0.753835428089919
2012-07-25,-1.0889419385707009,0.0784039264829213,0.08033946005946986,0.07743616679413562,0.0794759137638183,-0.39721643458259814,NTES,-0.018000115900084712,-0.011116932175201712,-0.008704791235837905,-0.01038279797547,-0.007656049525853227,0.41047029371083177
2012-07-26,-1.0869609337875974,0.07902925653814623,0.08038413004173023,0.07889525369085373,0.0798779081067186,-0.8706094473917914,NTES,0.6966992227853853,0.0028316676288426433,0.0003146575193945451,0.010277878796243946,0.0044048552075319335,-0.5207752571106575
2012-07-27,-1.0852629535344922,0.07956524662885044,0.08010124381904324,0.0768108367389107,0.08008635619145264,-0.3133582437421125,NTES,1.4113985614708553,0.001468318408605092,-0.0019926642590265484,-0.014682734003775786,0.0037755401687428435,0.6166618711100759
2012-07-30,-1.0867250939231727,0.07910370177558777,0.08057768339938509,0.07721283108181098,0.08035434768706044,-0.05583244477391141,NTES,-1.4473987932710248,0.0018877450798005862,0.0033560634884057714,0.0028316676288424572,-0.0032511443091797158,0.28587963014719586
2012-07-31,-1.0882344746197208,0.07862726219524593,0.08039901766932081,0.07771904591733401,0.0789250360455235,-0.6242647405356551,NTES,-0.7326994545855547,-0.010068140456075363,-0.0012585300592949313,0.003565801828574261,-0.003356063488405678,-0.6256622853822807
2012-08-01,-1.0868666479198925,0.0790590317933274,0.07972902473132411,0.07780837878236614,0.07852304170262321,-0.8653795817264708,NTES,-0.018000115900084712,-0.0028316676288425505,-0.004719462717784808,0.0006292650296474191,0.003041405969011133,-0.2644289716953812
2012-08-02,-1.0922434741034708,0.07736172155669407,0.0808307872674023,0.07724261343648076,0.07925258515098227,-0.5045188508193487,NTES,0.6966992227853853,0.005138939398121973,0.00776086868679594,-0.003985278508911426,-0.01195593554501762,0.39992188289793607
2012-08-03,-1.0865365221877625,0.07916325228595013,0.07962480423870137,0.07551552084517765,0.07725750106407135,-0.43689127756089247,NTES,1.4113985614708553,-0.01405346897412846,-0.008495002886527743,-0.012165723894327874,0.01269006974474933,0.07630460022306075
2012-08-06,-1.0771504461301098,0.08212610316113533,0.08282587845380181,0.080428792924502,0.08057768339938509,-0.21777794020349445,NTES,-1.4473987932710248,0.023387525239613877,0.022548521869797875,0.034609326584899784,0.02087046512102411,0.24348696027650188
2012-08-07,-1.071396253906534,0.08394252861747058,0.08499962827077698,0.08199210741333143,0.08214099788821452,-0.19505507558865318,NTES,-0.7326994545855547,0.011012063005117234,0.015311999033423205,0.011012063005117234,0.012794988923975292,0.026746972064362128
2012-08-08,-1.0789428235355087,0.08156033781524995,0.08349586429230992,0.08086056962207207,0.08287054133657358,-0.8055066368683176,NTES,-0.018000115900084712,0.005138939398121973,-0.010592586324780068,-0.007970607026964524,-0.016780267432886718,-0.6720354876351996
2012-08-09,-1.0817727349817234,0.08066701626441723,0.0828407660813924,0.08017568905648478,0.08191766217588989,-0.3521313857436274,NTES,0.6966992227853853,-0.006712126976811356,-0.004614543538558845,-0.004824331887869099,-0.006292600287332427,0.5020225385020018
2012-08-10,-1.0779523072333836,0.08187299929311811,0.08193254980348047,0.08010124381904324,0.08097967774228539,-0.812539904487197,NTES,1.4113985614708553,-0.006607207797585394,-0.006397519466558482,-0.0005243958595631278,0.008495002886527558,-0.5064453405346483
2012-08-13,-1.0759242290692954,0.08251320987644505,0.0830938699494096,0.08145611732262721,0.08239410175623174,0.12072060647949817,NTES,-1.4473987932710248,0.009963271285991166,0.008180395376274683,0.009543794605653813,0.004509674368474554,1.0316323719570102
2012-08-14,-1.0730471329575075,0.08342142615435696,0.0840467491100933,0.08264721272373754,0.08278120847154144,0.17879014938409254,NTES,-0.7326994545855547,0.002726798458758166,0.006712126976811449,0.008390133716443452,0.006397519466558482,0.06575618941016506
2012-08-15,-1.0629066030313317,0.08662249326996879,0.08665227562463856,0.08357030952975146,0.08392764098988,2.0633451908530716,NTES,-0.018000115900084712,0.008075526206190486,0.018353455011576102,0.006502338627501102,0.022548471860656113,2.081497787768798
2012-08-16,-1.103563231172918,0.07378842825387452,0.0800267985816017,0.07357998726862909,0.07891014841793294,8.849546742094953,NTES,0.6966992227853853,-0.03534346078463131,-0.04667018130914328,-0.07037231405900994,-0.09040377581021813,7.491041295212286
2012-08-17,-1.109977758324195,0.07176356891178244,0.07352043675826674,0.0707362445136572,0.07341621626564401,1.937467734494665,NTES,1.4113985614708553,-0.038699524273037175,-0.0458311279301856,-0.020031461751208107,-0.01426320731429695,-7.6266226392392396
2012-08-20,-1.1069592334108493,0.07271644097297753,0.07344599152082519,0.0708702473609497,0.07183800704973536,0.6166561437081768,NTES,-1.4473987932710248,-0.011116982184343384,-0.0005243958595631278,0.0009439225490419642,0.006712076967669685,-1.4560013403143717
2012-08-21,-1.1085627747799405,0.07221022613745451,0.07340132153856482,0.07164445369208053,0.07301421482325512,-0.36006635433928624,NTES,-0.7326994545855547,0.008285264546359255,-0.0003146575193945451,0.005453546908374847,-0.003565801828574261,-1.0762585510501268
2012-08-22,-1.1072422301197002,0.0726271081079454,0.07295466431289276,0.07085535263387051,0.07113823885655751,-0.6931546951616023,NTES,-0.018000115900084712,-0.013214465604312458,-0.0031462751390954244,-0.005558466087600809,0.002936536798926842,-0.3659325474421133
2012-08-23,-1.097761882104916,0.07561974133780036,0.07576863181268345,0.07285044382027003,0.07334177102820247,0.7037604580650683,NTES,0.6966992227853853,0.015521787382733458,0.01982172341103943,0.014053518983270131,0.021080253470334268,1.5433298096920067
2012-08-24,-1.0929037812100248,0.07715328057144863,0.07740638443946585,0.07459242403916373,0.07460731166675433,0.1374922446475953,NTES,1.4113985614708553,0.008914529576006488,0.011536408855538877,0.012270593064412165,0.010802324664948838,-0.6232739659529459
2012-08-27,-1.0955451209208293,0.07631950953097826,0.07739149681187525,0.07523263462249066,0.07614084380091399,-0.3101121202257066,NTES,-1.4473987932710248,0.010802274655807074,-0.00010486917008429133,0.004509674368474554,-0.005873123606995354,-0.49231445057775036
2012-08-28,-1.0950262565264064,0.07648328763345193,0.07710861058918826,0.0759621851703383,0.07664705863643702,-0.5764745887663459,NTES,-0.7326994545855547,0.003565801828574354,-0.0019926642590265484,0.005138989407263551,0.001153660889210547,-0.29229269837095473
2012-08-29,-1.0950262565264064,0.07648328763345193,0.07675128622854832,0.07600684805311009,0.07640884239601038,-0.7230911675906789,NTES,-0.018000115900084712,-0.0016780067396320966,-0.0025170101094480054,0.00031460751025296716,0.0,-0.16013902328109172
2012-08-30,-1.0976676240583583,0.07564951659298154,0.07707883533400708,0.07533685511511339,0.07628973427579708,-0.38837976501015986,NTES,0.6966992227853853,-0.0008390033698160018,0.0023072717692794223,-0.004719462717784808,-0.005873123606995448,0.37106302312680634
2012-08-31,-1.0917246375301952,0.07752549255967914,0.0775701625419395,0.0755601837279494,0.07609618091814221,-0.25492802044680635,NTES,1.4113985614708553,-0.0013633992293791296,0.0034609326584898762,0.001573137569547619,0.013214465604312458,0.14894931619866314
2012-09-04,-1.0975260700616385,0.0756941865752419,0.07832948834496835,0.07526240987767184,0.07664705863643702,0.5023204598525468,NTES,-0.7326994545855547,0.003880409338827228,0.00534872774743232,-0.002097533429110747,-0.012899808084917913,0.8373823917044404
2012-09-05,-1.1047895595183208,0.07340132153856482,0.07667684099110678,0.07244844947736973,0.07648328763345193,0.8547052015779425,NTES,-0.018000115900084712,-0.0011536108800689689,-0.011641328034764746,-0.019821673401897853,-0.01615105241238088,0.3905676317997078
2012-09-06,-1.1029501365530845,0.07398198161152938,0.0749050855170319,0.07349065440359695,0.07426486783421637,-0.08378517505407329,NTES,0.6966992227853853,-0.015626656552817843,-0.012480331404580748,0.007341341997317104,0.0040901976881373885,-1.034064907798544
2012-09-07,-1.100969131769981,0.07460731166675433,0.07526240987767184,0.0739522063563482,0.07459242403916373,0.10286692713926573,NTES,1.4113985614708553,0.002307321778421094,0.0025170101094480054,0.0032511943183212936,0.0044048552075319335,0.20766216883647876
2012-09-10,-1.106251685996428,0.07293977668530216,0.07468174980470726,0.07253778234240187,0.07444353356428064,-0.6487910071040551,NTES,-1.4473987932710248,-0.0010487917191262556,-0.0040901976881373885,-0.009963271285990978,-0.011746197204849037,-0.8278733303993
2012-09-11,-1.1073836311001106,0.07258244522517363,0.07319288055331939,0.07149557031668603,0.07279088621041907,-0.12580444057199405,NTES,-0.7326994545855547,-0.011641328034764746,-0.010487667145554106,-0.007341392006458775,-0.0025170601185896765,0.5788468134789403
2012-09-12,-1.1041291689483255,0.07360976252381027,0.07401176396619916,0.07276111095523789,0.07276111095523789,0.6660693572356887,NTES,-0.018000115900084712,-0.00020973834016858265,0.005768254436910877,0.008914529576006488,0.0072364728272328125,0.8755955025737984
2012-09-13,-1.0979505651249148,0.0755601837279494,0.07627484664820648,0.07319288055331939,0.07319288055331939,0.20115233360822204,NTES,0.6966992227853853,0.003041405969011226,0.01594126406307081,0.003041405969011226,0.013738861463875493,-0.5114210060124293
2012-09-14,-1.0936113008032993,0.076929944859124,0.0774659420493168,0.07483064027959035,0.07483064027959035,0.9708442873871312,NTES,1.4113985614708553,0.011536458864680361,0.008390133716443359,0.011536458864680361,0.009648663775738291,0.8511152284231159
2012-09-17,-1.100544692348999,0.07474130741455823,0.07658750812607465,0.07350554203118755,0.0763790671408292,2.075969004527983,NTES,-1.4473987932710248,0.010907193835033037,-0.006187731117248229,-0.009334056265485323,-0.01541686820350759,1.2213047399700214
2012-09-18,-1.1004974242199843,0.07475619504214881,0.0759770727979289,0.07448819644705242,0.07523263462249066,-0.5919838455669519,NTES,-0.7326994545855547,-0.008075526206190486,-0.004299936028305971,0.006921865316979939,0.00010486917008429133,-2.9427301850753302
2012-09-19,-1.0923850002790434,0.0773170515744337,0.07980346996876565,0.07600684805311009,0.07600684805311009,1.4940111941145482,NTES,-0.018000115900084712,0.005453596917516518,0.026953327068188045,0.010697455494864453,0.018038797492181558,2.3038105213160525
2012-09-20,-1.0969600488227895,0.07587285230530617,0.07669172861869737,0.07544107560773611,0.07590262756048735,-0.5158802831267693,NTES,0.6966992227853853,-0.0007341341997318036,-0.021919256840150364,-0.003985328518053097,-0.010173009626159748,-2.2164820519384176
2012-09-21,-1.0990824406757298,0.07520285936730949,0.07801681976761159,0.07509863887468676,0.07628973427579708,0.2004309728267985,NTES,1.4113985614708553,0.002726798458758352,0.009334006256343653,-0.002412140939363621,-0.004719462717784714,0.792203349166189
2012-09-24,-1.094177322042148,0.07675128622854832,0.076929944859124,0.07451797880172219,0.07453286642931278,0.3865420544340699,NTES,-1.4473987932710248,-0.012375462234496457,-0.007655999516711649,-0.004090197688137481,0.010907193835033037,0.20706508897914505
2012-09-25,-1.0896493468793866,0.07818059787008527,0.07963969186629198,0.07594729044325912,0.07594729044325912,0.5560618380686,NTES,-0.7326994545855547,0.009963271285991072,0.019087589211307814,0.010068140456075363,0.010068140456075363,0.18875464002091102
2012-09-26,-1.0879514779108699,0.07871659506027807,0.07891014841793294,0.07675128622854832,0.07754038728675834,0.0765372586173068,NTES,-0.018000115900084712,0.01122185135442758,-0.00513893939812188,0.0056633852668267716,0.0037755901778846078,-0.5275421621604397
2012-09-27,-1.0780466487433829,0.08184322403793694,0.08234943887345997,0.07891014841793294,0.07896969892829528,1.0803107859681522,NTES,0.6966992227853853,0.010068140456075363,0.02422652860942969,0.0152071298633391,0.02202412601023456,1.1094517800295047
2012-09-28,-1.0725283242053791,0.08358519715734204,0.08543139786885848,0.08105411588023832,0.08105411588023832,1.7717350949626083,NTES,1.4113985614708553,0.01468273400377588,0.02170946849084011,0.015102210684112952,0.012270543055270495,0.764737675728838
2012-10-01,-1.074226220995043,0.08304920706663785,0.08343631378194756,0.08224521838083725,0.08310875757700019,-0.021567807656293615,NTES,-1.4473987932710248,0.014472995663607203,-0.01405346897412846,0.00839018372558503,-0.0037755401687428435,-1.9774510823858191
2012-10-02,-1.0779051503889574,0.08188788692070871,0.08394252861747058,0.08086056962207207,0.08386808338002903,-0.41110262962500116,NTES,-0.7326994545855547,0.00534872774743232,0.003565801828574261,-0.009753532945822489,-0.008180395376274777,-0.42822787922393124
2012-10-03,-1.0818199196472968,0.08065212153733803,0.08360008478493264,0.08059257102697569,0.08360008478493264,-0.01561658120954947,NTES,-0.018000115900084712,-0.0018877950889422573,-0.002412190948505385,-0.001887795088942164,-0.008704791235837905,0.43813499376729403
2012-10-04,-1.0830933491948314,0.08025012719443772,0.08185811166552753,0.07999702332642052,0.0816198883256123,0.018828396103424207,NTES,0.6966992227853853,-0.013948599804044169,-0.012270543055270495,-0.004195066858221773,-0.0028316676288425505,0.03968370230659269
2012-10-05,-1.0834707708771232,0.08013101907422442,0.08141144734036684,0.07996724097175073,0.08109878586249869,-0.07278442313736443,NTES,1.4113985614708553,-0.003670670998658552,-0.0031463251482371887,-0.00020978834931025377,-0.0008390033698160018,-0.09943590445216367
2012-10-08,-1.086913721300877,0.07904414416573682,0.080428792924502,0.07850814697554404,0.07975879998650529,-0.2224667852827474,NTES,-1.4473987932710248,-0.009438925435569616,-0.0069218653169797525,-0.010277928805385524,-0.007655999516711649,-0.16352247580598278
2012-10-09,-1.0919605330369142,0.0774510544217262,0.0790590317933274,0.07722771870940158,0.07852304170262321,-0.07476816528627914,NTES,-0.7326994545855547,-0.008704741226696233,-0.009648663775738291,-0.009019398746090871,-0.01122180134528591,0.16467241910845104
2012-10-10,-1.0922907144113383,0.07734683392910348,0.07877614557064043,0.07631950953097826,0.07736172155669407,-0.587295000487699,NTES,-0.018000115900084712,-0.008180395376274777,-0.0019926642590264556,-0.006397469457416811,-0.0007341341997317104,-0.5639640334577966
2012-10-11,-1.0900267129193841,0.07806148974987195,0.07886547843567256,0.07710861058918826,0.07855281695780439,-0.37828071407023045,NTES,0.6966992227853853,0.008390133716443359,0.0006292650296473259,0.005558466087600809,0.0050340702280376815,0.23234146960627244
2012-10-12,-1.0886117293751296,0.07850814697554404,0.07925258515098227,0.07749571730449797,0.07798704451243041,-0.784767514402391,NTES,1.4113985614708553,-0.003985328518053097,0.002726798458758259,0.002726798458758259,0.0031462751390955172,-0.4469363814203878
2012-10-15,-1.0875741118708726,0.07883570318049138,0.07922280989580109,0.07755527491434892,0.07844859646518167,-0.9954048625780625,NTES,-1.4473987932710248,0.003251194318321387,-0.00020973834016858265,0.0004195266894787433,0.0023073217784210006,-0.23079347306558173
2012-10-16,-1.088706098706276,0.07847837172036284,0.07952058374607865,0.07727238869166193,0.0781359349873135,-0.4462689677193984,NTES,-0.7326994545855547,-0.002202402599195131,0.002097533429110747,-0.0019926642590264556,-0.0025170601185896765,0.6077056732500701
2012-10-17,-1.0879514779108699,0.07871659506027807,0.07934191801601438,0.07780837878236614,0.07780837878236614,-0.7485191351358584,NTES,-0.018000115900084712,-0.002307321778421094,-0.0012585300592948382,0.0037755401687428435,0.0016780567487737676,-0.33189899557409136
2012-10-18,-1.0891777227928314,0.07832948834496835,0.07980346996876565,0.07789771164739828,0.07911858940317837,-0.6296749463963315,NTES,0.6966992227853853,0.009229187095401032,0.00325119431832148,0.0006292650296474191,-0.002726798458758352,0.13282816005065273
2012-10-19,-1.0872910316985802,0.0789250360455235,0.07910370177558777,0.07777860352718496,0.07785304876462651,-0.35231172593898324,NTES,1.4113985614708553,-0.008914529576006488,-0.004929201057953391,-0.0008390033698160018,0.004195066858221679,0.3077725582494322
2012-10-22,-1.0841781513646618,0.07990769046138838,0.08010124381904324,0.07898458655588587,0.0797439123589147,-0.7187630029021378,NTES,-1.4473987932710248,0.01331933477439675,0.00702673448706423,0.008495002886527651,0.006921865316979939,-0.4027524719776926
2012-10-23,-1.0841781513646618,0.07990769046138838,0.08038413004173023,0.07883570318049138,0.079073919420918,-0.8504113455119324,NTES,-0.7326994545855547,-0.004719462717784808,0.0019926642590265484,-0.0010487417099845843,0.0,-0.14361981389485884
2012-10-24,-1.0821029441772947,0.0805627886723059,0.08139655971277626,0.07999702332642052,0.08139655971277626,-0.6657429854675081,NTES,-0.018000115900084712,0.01636079075254946,0.007131603657148428,0.008180395376274777,0.004614543538558938,0.20547287602625514
2012-10-25,-1.0825273557771298,0.080428792924502,0.08102434062505715,0.0800267985816017,0.08102434062505715,-0.6738582942585228,NTES,0.6966992227853853,-0.0026219292886738746,-0.0026219292886738746,0.00020973834016858265,-0.0009438725399002931,-0.007286579803659817
2012-10-26,-1.0825273557771298,0.080428792924502,0.08090523250484384,0.07952058374607865,0.08025012719443772,-0.7537490008011791,NTES,1.4113985614708553,-0.005453596917516518,-0.0008390033698160018,-0.003565801828574354,0.0,-0.08649917420993311
2012-10-31,-1.0826217251082761,0.08039901766932081,0.0812030063551214,0.07953547137366924,0.07966946712147316,-0.6976632000454994,NTES,-0.018000115900084712,-0.0040901976881373885,0.002097533429110747,0.00010486917008429133,-0.0002097383401686758,0.06356689659994143
2012-11-01,-1.0734244433552107,0.08330231093465505,0.08336186854450602,0.08026501482202832,0.08188788692070871,-0.3955933728243952,NTES,0.6966992227853853,0.015626656552817843,0.0152071298633391,0.005138939398122066,0.02045093843154527,0.335039205067672
2012-11-02,-1.0813011108951682,0.0808158996398117,0.0833767561720966,0.08077123675703995,0.08325764805188328,-0.4735003372181367,NTES,1.4113985614708553,0.009648663775738104,0.00010486917008429133,0.003565851837716025,-0.01751440163261843,-0.08430988139970948
2012-11-05,-1.0802634377486169,0.08114344874527045,0.08157522544284054,0.08039901766932081,0.0809498953876156,-0.38964214637765104,NTES,-1.4473987932710248,-0.01625592158246517,-0.01269006974474933,-0.0026219292886740606,0.0023072717692793295,0.0942169959430723
2012-11-06,-1.0730942619807866,0.08340653852676637,0.0835107590193891,0.08141144734036684,0.08153055546058018,-0.23581195973908275,NTES,-0.7326994545855547,0.0040901976881373885,0.013633992293791294,0.007131603657148428,0.015941314072212387,0.17143932415823318
2012-11-07,-1.0771504461301098,0.08212610316113533,0.08470185442049942,0.08200699504092201,0.08339164379968719,-0.17611935507628546,NTES,-0.018000115900084712,0.013109596434228167,0.008390133716443359,0.004195066858221773,-0.009019448755232357,0.06754742898216622
2012-11-08,-1.0791786355787865,0.08148589257780839,0.08328742330706447,0.08105411588023832,0.0827067632340999,-0.20154732262146496,NTES,0.6966992227853853,-0.004824331887869099,-0.009963321295132744,-0.006712126976811356,-0.004509674368474647,-0.026393135238338805
2012-11-09,-1.083329161238109,0.08017568905648478,0.081500780205399,0.07952058374607865,0.081500780205399,-0.45690903924539544,NTES,1.4113985614708553,-0.008495002886527651,-0.012585200574665039,-0.010802274655807166,-0.009229137086259269,-0.2801520746051691
2012-11-12,-1.0883760007952934,0.07858259221298558,0.08035434768706044,0.07824015547993622,0.08020546431166596,-0.5813437740409548,NTES,-1.4473987932710248,-0.00912426791617507,-0.008075526206190486,-0.009019398746090685,-0.011221851354427487,-0.13565874913040926
2012-11-13,-1.0905455494926597,0.07789771164739828,0.07911858940317837,0.07751060493208856,0.07783816113703591,-0.4008232384897158,NTES,-0.7326994545855547,-0.016675398262802427,-0.008704741226696233,-0.0051389894072637375,-0.004824331887869192,0.20089526378669662
2012-11-14,-1.1000729847990023,0.07489019788944132,0.07885059080808197,0.07475619504214881,0.07794238162965864,0.2934865136304342,NTES,-0.018000115900084712,0.0007341341997317104,-0.001887795088942164,-0.019402196721560593,-0.02118507263127698,0.7679221016346178
2012-11-15,-1.1141754686490908,0.07043847066337962,0.0743690883268391,0.06923248763467872,0.07267177809020577,3.221489925428553,NTES,0.6966992227853853,-0.03712638670348937,-0.03156792061588865,-0.03890926261320567,-0.03135818227571998,3.2330658059464294
2012-11-16,-1.1294099810663036,0.06562941907667799,0.07043847066337962,0.06488498090123976,0.07043847066337962,2.781459848760198,NTES,1.4113985614708553,-0.015731525722902134,-0.027687461267919756,-0.03062404807598827,-0.033875192385167986,-0.4839553325750783
2012-11-19,-1.1248349881648518,0.06707362544529412,0.06811583037152134,0.06658229823736168,0.06784783887591354,1.9454027030903238,NTES,-1.4473987932710248,-0.01824853583235014,-0.016360790752549648,0.011955985554159292,0.010173059635301325,-0.92101778814336
2012-11-20,-1.1270517076172177,0.06637385725211624,0.06763939789066811,0.06595696818213675,0.06707362544529412,-0.06070163004852025,NTES,-0.7326994545855547,-0.005453596917516518,-0.0033560134792638206,-0.0044048552075319335,-0.004929201057953391,-2.2123024929370816
2012-11-21,-1.1295515072418763,0.06558475619390623,0.06711828832806589,0.06507853425889461,0.06568897668652895,-0.21074467258461502,NTES,-0.018000115900084712,-0.009753532945822489,-0.0036707210078003164,-0.006187731117248229,-0.005558466087600809,-0.16392052904420526
2012-11-23,-1.1337964022323452,0.06424477031791283,0.06579319717915168,0.06393210884004466,0.06551031095646469,-0.1649382629642207,NTES,1.4113985614708553,-0.0012585300592948382,-0.009334006256343653,-0.008075476197048815,-0.009438925435569616,0.052222379310600774
2012-11-26,-1.1295515072418763,0.06558475619390623,0.06586763531710463,0.06402144170507679,0.06458720705096217,0.1344264613265453,NTES,-1.4473987932710248,-0.006502388636642774,0.0005243458504214566,0.0006292650296474191,0.009438925435569616,0.3320538057810034
2012-11-27,-1.1290326567580269,0.06574852719689131,0.06618030389446139,0.06473609752584526,0.0653763081091722,0.1897909013008014,NTES,-0.7326994545855547,0.005558466087600809,0.0022024526083368025,0.0050340702280376815,0.0011536108800688756,0.06277079012349647
2012-11-28,-1.130447654212855,0.06530186997121924,0.06597186290921594,0.06411077457010893,0.0652274247337777,-0.047897476178252546,NTES,-0.018000115900084712,-0.0010487417099845843,-0.001468268399463421,-0.004404805198390262,-0.0031462751390954244,-0.2606474659322676
2012-11-29,-1.130164629682857,0.06539120283625137,0.06598675053680653,0.06461698940563194,0.06527208761654947,-0.2783722458430712,NTES,0.6966992227853853,0.000314607510252874,0.00010486917008429133,0.003565801828574261,0.0006292650296474191,-0.25268640116781804
2012-11-30,-1.130447654212855,0.06530186997121924,0.06595696818213675,0.06433410318294495,0.06548052860179492,-0.5499645800490311,NTES,1.4113985614708553,0.001468268399463421,-0.00020978834931025377,-0.0019926642590265484,-0.0006292650296474191,-0.29806447032518063
2012-12-03,-1.131107961319409,0.0650934289859738,0.06558475619390623,0.06478076040861704,0.06527208761654947,-0.38423194051697457,NTES,-1.4473987932710248,-0.001468268399463421,-0.0026218792795322968,0.0031462751390954244,-0.001468268399463421,0.18457508101957498
2012-12-04,-1.141908895726154,0.06168391378562793,0.06540609046384196,0.06141591519053153,0.0652125371061871,2.434845993286191,NTES,-0.7326994545855547,-0.0004194766803371653,-0.0012585300592948382,-0.02370213274986666,-0.024016790269261203,3.1128537280032407
2012-12-05,-1.143701175757538,0.06111814134025395,0.06254746008127948,0.06099903322004064,0.06254746008127948,0.5966383820236737,NTES,-0.018000115900084712,-0.01877293169191327,-0.020136330921292397,-0.002936536798926842,-0.003985328518053097,-2.027008710544518
2012-12-06,-1.1481818827912846,0.0597037173263076,0.06166902615803734,0.05858706006315024,0.061043696102812406,2.79101787911406,NTES,0.6966992227853853,-0.010592586324780162,-0.006187731117248229,-0.016990055782196974,-0.009963271285991072,2.423425519401907
2012-12-07,-1.1533701233288793,0.05806595760003662,0.06043326077466666,0.05799151236259508,0.05973349258148878,2.9345686746173425,NTES,1.4113985614708553,-0.009229137086259361,-0.008704791235837905,-0.004195066858221679,-0.011536458864680455,0.16009480686889255
2012-12-10,-1.1620957392636688,0.05531154416035257,0.05821484452517541,0.055088215547516535,0.05821484452517541,6.006663902504812,NTES,-1.4473987932710248,-0.010697430490293617,-0.01562663154824701,-0.020450963436116108,-0.019402221726131524,3.39208807461631
2012-12-11,-1.1580867258693452,0.05657708479890443,0.05772351731724298,0.05562420918796503,0.055668875620481104,3.5221170310868097,NTES,-0.7326994545855547,-0.017933928322097267,-0.0034609326584899695,0.0037755651733136324,0.008914529576006488,-2.7403201134392
2012-12-12,-1.1562001182385355,0.057172632499459586,0.05772351731724298,0.05642819787376564,0.05644308550135623,1.8660530171337353,NTES,-0.018000115900084712,0.0054535719129456825,0.0,0.005663335257685147,0.004195066858221679,-1.8259918252421659
2012-12-13,-1.1568132267689426,0.05697907914180472,0.057797959004940225,0.056055982335790816,0.05712796606694352,1.8839066964739677,NTES,0.6966992227853853,0.004824331887869099,0.0005243708549922922,-0.002621904284103132,-0.001363399229379176,0.021373253348358663
2012-12-14,-1.1545492530981356,0.0576937385123175,0.05806595760003662,0.056547309543723244,0.05687485864918201,1.8992356130792176,NTES,1.4113985614708553,-0.0017829009142871304,0.0018877950889422573,0.0034609326584899226,0.005034095232608564,0.01858688068080131
2012-12-17,-1.1524740180896214,0.05834884027297931,0.05842328551042085,0.05627931094862685,0.0576937385123175,0.9097089611614868,NTES,-1.4473987932710248,0.005768229432340228,0.0025170351140187943,-0.0018877950889422106,0.0046145685431296804,-1.0903894410070247
2012-12-18,-1.151106191389793,0.058780613420805095,0.05945060635880179,0.05806595760003662,0.05846795194293692,0.892396302407322,NTES,-0.7326994545855547,0.005453596917516518,0.007236497831803695,0.012585225579235875,0.0030414309735819684,-0.017436937378333028
2012-12-19,-1.139456280767069,0.062458127216247356,0.06321744591978759,0.058661505300591776,0.05886994628583722,3.2862320555613147,NTES,-0.018000115900084712,0.0028316676288425036,0.02653380037870921,0.004195066858221679,0.02590458535820346,2.643548960138938
2012-12-20,-1.1402581001386218,0.06220501624874154,0.06242834486157758,0.06111814134025395,0.06210079575611882,0.4550713286693055,NTES,0.6966992227853853,0.02275826020996641,-0.005558466087600809,0.017304663292449847,-0.001782925918857966,-3.122849275371002
2012-12-21,-1.1391261411243654,0.06256234770887008,0.06260701059164185,0.06047792365743843,0.061073478457482185,0.5858179703023207,NTES,1.4113985614708553,-0.0072364728272328125,0.0012585300592948382,-0.004509724377616225,0.0025170601185896765,0.14596391691199453
2012-12-24,-1.1412957037323053,0.06187746714328279,0.06327700352963855,0.06131169469790881,0.06235390672362463,-0.40821718649930705,NTES,-1.4473987932710248,0.009019398746090779,0.004719462717784808,0.005873123606995354,-0.004824331887869099,-1.0953651064848058
2012-12-26,-1.139361925346496,0.06248790247142853,0.06272611871185516,0.06180302190584124,0.06184768478861301,-0.08378517505407329,NTES,-0.018000115900084712,-0.003565851837715932,-0.003880459347968806,0.0034609326584899695,0.004299936028305971,0.3597185058374657
2012-12-27,-1.1402581001386218,0.06220501624874154,0.06296434205177039,0.06166902615803734,0.06251767772660971,-0.25853482435392405,NTES,0.6966992227853853,0.004719462717784808,0.0016780567487736746,-0.0009438725399002931,-0.0019926642590265484,-0.19118717586244507
2012-12-28,-1.137616774338391,0.06303878728921192,0.06390232648537489,0.06208590812852823,0.06233901199654544,-0.3517707053529156,NTES,1.4113985614708553,-0.0012585300592948382,0.006607207797585394,0.002936536798926842,0.005873123606995354,-0.10122714402416483
2012-12-31,-1.136720669099133,0.06332166641241031,0.06376833073757099,0.0626814558290834,0.06297922967936097,0.04930588911856845,NTES,-1.4473987932710248,0.004509724377616225,-0.0009438725399002931,0.004195066858221679,0.0019926142498848773,0.44430481895974244
2013-01-02,-1.1369093521191316,0.06326211590204796,0.0660463010471689,0.06302389256213274,0.06481054276328681,0.24930316576824282,NTES,-0.018000115900084712,0.012899858094059585,0.01604613323315501,0.002412140939363714,-0.0004194766803371653,0.22239013865071047
2013-01-03,-1.1354943963960242,0.06370877312772003,0.06452765654059982,0.06308345017198369,0.06394699646763524,-0.10614735927820279,NTES,0.6966992227853853,-0.006082861947163937,-0.010697405485722782,0.0004195266894788364,0.0031462751390954244,-0.390611848211907
2013-01-04,-1.1326172029102213,0.06461698940563194,0.06484031801846799,0.06341099927744245,0.06372366785479922,-0.5155196027360575,NTES,1.4113985614708553,-0.0015731375695477122,0.002202402599195131,0.0023072717692794223,0.006397519466558482,-0.4501208073261676
2013-01-07,-1.1344095524944733,0.06405121696025798,0.06461698940563194,0.06402144170507679,0.06402144170507679,-0.19559609617472082,NTES,-1.4473987932710248,0.0020975334291108397,-0.0015731375695477122,0.004299986037447643,-0.003985328518053097,0.35474284035968473
2013-01-08,-1.136862181364132,0.06327700352963855,0.06461698940563194,0.06312811305475546,0.0644085484203865,-0.4322024324816395,NTES,-0.7326994545855547,0.002726798458758259,0.0,-0.006292650296474191,-0.005453596917516518,-0.2594533062176002
2013-01-09,-1.1372865929639668,0.06314300778183464,0.06409587984302974,0.06275590106652494,0.0636194402626879,-0.00010732440894352166,NTES,-0.018000115900084712,-0.005558516096742481,-0.003670721007800223,-0.0026218792795322968,-0.0009438725399002931,0.4785373974468756
2013-01-10,-1.1286553741814709,0.06586763531710463,0.06618030389446139,0.06344078163211223,0.0637385554823898,0.8895108592816279,NTES,0.6966992227853853,0.0008390533789576728,0.01468278401291755,0.004824331887869099,0.019192408372250433,0.9834679301320902
2013-01-11,-1.122140774363881,0.06638874487970683,0.06644829539006919,0.06378321836516157,0.06393210884004466,0.3888864769736964,NTES,1.4113985614708553,0.0013633992293791296,0.0018877450798005862,0.002412140939363714,0.003670721007800223,-0.5508282765964547
2013-01-14,-1.1238779128816057,0.06585274768951403,0.06690984734282045,0.06540609046384196,0.06545075334661374,0.16905177883487485,NTES,-1.4473987932710248,0.010697405485722782,0.003251194318321387,0.011431589694596164,-0.0037755901778845145,-0.24094383064025493
2013-01-15,-1.1267734265928095,0.0649594261386813,0.06606118867475948,0.06445321130315827,0.06562941907667799,-0.7791769683463586,NTES,-0.7326994545855547,0.0012585300592948382,-0.005977992777079646,-0.006712126976811356,-0.0062926002873325195,-1.0448123452305509
2013-01-16,-1.126097678749585,0.06516786712392675,0.06600163816439712,0.06491476325590953,0.06512320424115497,-0.6466269247597846,NTES,-0.018000115900084712,-0.003565801828574261,-0.0004194766803371653,0.003251194318321387,0.001468268399463421,0.14795418310310693
2013-01-17,-1.1249878375473161,0.06551031095646469,0.06613563391220102,0.0646914275435849,0.0652274247337777,-0.011468756716364159,NTES,0.6966992227853853,0.0007341341997317104,0.0009438725399002931,-0.0015731875786893833,0.002412190948505385,0.7026413705661313
2013-01-18,-1.1234436943273989,0.06598675053680653,0.06625474203241434,0.06525719998895887,0.06595696818213675,-0.5932462269344431,NTES,1.4113985614708553,0.005138939398121973,0.0008390033698160018,0.003985328518053097,0.003356063488405678,-0.6403902551965125
2013-01-22,-1.1239745496362452,0.06582297243433285,0.06640363250729742,0.06484031801846799,0.06612074628461043,-0.28179870955483294,NTES,-0.7326994545855547,0.001153660889210547,0.0010487917191262556,-0.002936536798926842,-0.001153660889210547,0.34538858926145644
2013-01-23,-1.1207413150197385,0.0668205144777883,0.06713317595565647,0.06534653285399102,0.06595696818213675,0.004942201061021206,NTES,-0.018000115900084712,-0.001153660889210547,0.005138939398121973,0.003565801828574261,0.00702673448706423,0.3181219424432167
2013-01-24,-1.1191487769143469,0.06731184168572074,0.06813072509860053,0.06595696818213675,0.06677585159501655,0.31043849199388723,NTES,0.6966992227853853,0.005768254436911063,0.007026784496205901,0.004299936028305971,0.0034609326584899695,0.3388207108307856
2013-01-25,-1.111090061697987,0.0697982600800527,0.07017047206828321,0.06869649044448592,0.0697982600800527,0.522157881341694,NTES,1.4113985614708553,0.021289991810502944,0.01436807648438124,0.019297327551476395,0.0175144516417601,0.23532686889294105
2013-01-28,-1.1088220400502689,0.07049802827323058,0.07072135688606661,0.06874116042674629,0.06908359715979563,0.13641020347546,NTES,-1.4473987932710248,-0.005034120237179353,0.003880459347968899,0.0003146575193945451,0.004929201057953391,-0.4240483202225952
2013-01-29,-1.110607476079453,0.06994714345544718,0.07161467843689935,0.06939625863766381,0.0706022487658533,-0.08937572111010567,NTES,-0.7326994545855547,0.010697455494864453,0.0062926002873325195,0.004614543538558938,-0.003880459347968806,-0.24751170907092584
2013-01-30,-1.108484152218083,0.0706022487658533,0.0708851349885403,0.06967914486035079,0.07021514205054358,-0.2727816997870388,NTES,-0.018000115900084712,-0.002726798458758352,-0.005138939398121973,0.0019926642590264556,0.004614593547700516,-0.20074045357978457
2013-01-31,-1.1133097997448191,0.0691133795144654,0.07064691164862506,0.06850293708683106,0.07042358303578904,-0.10145851419894984,NTES,0.6966992227853853,0.001468268399463514,-0.0016780567487736746,-0.008285264546359068,-0.0104876671455542,0.19074490621202342
2013-02-01,-1.1098836393833729,0.07017047206828321,0.07070646925847603,0.06874116042674629,0.06997691871062835,-0.4107419492342894,NTES,1.4113985614708553,-0.0031463251482371887,0.0004195266894788364,0.0016780567487736746,0.007446211167401302,-0.3396610337194297
2013-02-04,-1.1138888830122569,0.06893471378440114,0.07039380778060786,0.06760961553599834,0.07039380778060786,-0.16656132472242363,NTES,-1.4473987932710248,0.002936586808068606,-0.002202402599195131,-0.007970657036106102,-0.008704741226696141,0.2711516603329642
2013-02-05,-1.1167842019754308,0.0680413922335684,0.0685922699518632,0.06741606217834348,0.0685922699518632,-0.20641650789607383,NTES,-0.7326994545855547,-0.012690119753891001,-0.012690119753891001,-0.0013633992293791296,-0.0062926002873325195,-0.04231526476723796
2013-02-06,-1.117122075897043,0.06793717174094568,0.06820516323655347,0.06746073216060383,0.06784783887591354,0.5630951056874794,NTES,-0.018000115900084712,-0.005243808568206264,-0.002726798458758352,0.00031465751939445196,-0.0007341341997317104,0.8509162018040047
2013-02-07,-1.1020661196022647,0.07258244522517363,0.07387776111890665,0.07121268409399906,0.07341621626564401,3.8959622560595557,NTES,0.6966992227853853,0.03922392013260021,0.03995805433233192,0.02642893120862501,0.03272153149595744,3.6798805658511617
2013-02-08,-1.0864309965766072,0.07740638443946585,0.07807637737746255,0.07311843531587785,0.07405642684897093,3.117974653294276,NTES,1.4113985614708553,0.004509674368474554,0.029575256356862107,0.013424203944481041,0.033980061555252274,-0.8569312167895409
2013-02-11,-1.0901949473962245,0.07624506429353671,0.07713839294385803,0.07570907420283249,0.0763939547684198,-0.14383846010758236,NTES,-1.4473987932710248,0.016465659922633845,-0.006607207797585394,0.018248585841491624,-0.008180395376274777,-3.598124841808642
2013-02-12,-1.091787457680469,0.07575373708560426,0.07624506429353671,0.07554529610035883,0.07608129329055163,-0.4536629157289896,NTES,-0.7326994545855547,-0.002202402599195131,-0.006292650296474191,-0.0011536608892104537,-0.0034609326584900627,-0.3402581135767634
2013-02-13,-1.0901467055270595,0.07625995902061589,0.07663217100884642,0.0758281823230458,0.0758281823230458,-0.855821551372609,NTES,-0.018000115900084712,-0.001782925918858059,0.002726798458758259,0.0019926642590264556,0.003565851837716025,-0.442159742561718
2013-02-14,-1.091015393025797,0.07599196042551949,0.07625995902061589,0.0756941865752419,0.0756941865752419,-0.565654177044993,NTES,0.6966992227853853,-0.0009438725399002931,-0.0026218792795322968,-0.0009438725399002931,-0.0018877950889422573,0.3219034482063302
2013-02-15,-1.089229859622598,0.07654283814381428,0.0766619533635162,0.0757239618304231,0.07621528903835553,-0.49874796456796033,NTES,1.4113985614708553,0.0036706709986586454,0.0028316676288425505,0.0002097383401686758,0.0038804093388271348,0.07550849374661579
2013-02-19,-1.0804953826524402,0.07923769752339167,0.08075634202996075,0.07655773287089347,0.07691505723153343,0.8851826945930867,NTES,-0.7326994545855547,0.004929201057953483,0.02884107214798863,0.005873123606995354,0.018982720041223523,1.5289998931159976
2013-02-20,-1.0819914926617957,0.07877614557064043,0.07993746571656955,0.07874637031545924,0.07910370177558777,0.5120588304017646,NTES,-0.018000115900084712,0.015416918212649167,-0.005768204427769392,0.01541686820350759,-0.0032511943183212936,-0.41011645688480847
2013-02-21,-1.0877339443612726,0.07700439009656554,0.07819548549767585,0.07611106854573281,0.07819548549767585,0.03235391075511544,NTES,0.6966992227853853,-0.006397519466558482,-0.012270593064412165,-0.018563193351744684,-0.012480331404580842,-0.527741188779551
2013-02-22,-1.0869134987316997,0.07725750106407135,0.07773394064441318,0.07645351237827075,0.07773394064441318,-0.5001906861308074,NTES,1.4113985614708553,-0.0032511443091798086,-0.0032511443091798086,0.002412190948505385,0.001782925918857966,-0.5860559881791442
2013-02-25,-1.0876373493383535,0.07703416535174672,0.07914836465835955,0.0769448395862032,0.07873148268786867,-0.08306381427264976,NTES,-1.4473987932710248,0.007026734487064416,0.009963271285991166,0.0034609326584900627,-0.0015731875786893833,0.46201818806064276
2013-02-26,-1.0881199627780347,0.07688528197635223,0.07764460777938105,0.07615573142850457,0.07703416535174672,-0.42300508251848945,NTES,-0.7326994545855547,-0.011955985554159384,-0.010592536315638584,-0.0055585160967425735,-0.0010487417099845843,-0.3734955589683404
2013-02-27,-1.0870100659334716,0.07722771870940158,0.07792749400206805,0.07657262049848405,0.07728727631925253,-0.507043613554331,NTES,-0.018000115900084712,0.001782925918857966,0.0019926642590266416,0.002936586808068513,0.002412140939363714,-0.09107678644949162
2013-02-28,-1.0898571708486273,0.07634928478615943,0.0775701625419395,0.07591751518807795,0.07754038728675834,-0.27981496740591827,NTES,0.6966992227853853,0.001782925918857966,-0.0025170601185897693,-0.004614593547700516,-0.006187731117248229,0.25244315813650764
2013-03-01,-1.0928973545250322,0.07541130035255493,0.07774882827200377,0.07523263462249066,0.07588773993289676,0.48753256383336446,NTES,1.4113985614708553,-0.01164132803476484,0.0012585300592948382,-0.004824331887869099,-0.006607207797585394,0.8485278823746698
2013-03-04,-1.0863344571959828,0.07743616679413562,0.07743616679413562,0.07371399011592158,0.07541130035255493,0.1631005523881307,NTES,-1.4473987932710248,-0.003356063488405585,-0.002202402599195038,-0.010697405485722782,0.014263257323438715,-0.3563792697247738
2013-03-05,-1.0808815958172324,0.07911858940317837,0.08059257102697569,0.07682572436650129,0.07759993779712068,1.0474888704133816,NTES,-0.7326994545855547,0.015416868203507496,0.02223386435040333,0.021919206831008786,0.01185106637493333,0.9776961581778643
2013-03-06,-1.081605390781592,0.07889525369085373,0.07966946712147316,0.07774882827200377,0.07834437597255894,-0.4556466578779043,NTES,-0.018000115900084712,0.0052438585773480284,-0.0065023886366428665,0.006502388636642587,-0.0015731875786893833,-1.6572172522358346
2013-03-07,-1.0775035521297889,0.0801607943294056,0.0808307872674023,0.07819548549767585,0.07934191801601438,0.32089822332452844,NTES,0.6966992227853853,0.007026734487064137,0.008180395376274777,0.0031462751390955172,0.008914529576006488,0.8586782399493431
2013-03-08,-1.0756216184517011,0.08074145440237016,0.08132211447533472,0.08004168620919228,0.08039901766932081,-0.3997411973175805,NTES,1.4113985614708553,0.0074462611765431595,0.0034609326584898762,0.013004727264143876,0.0040901976881373885,-0.7936407519121669
2013-03-11,-1.0734501222740338,0.08141144734036684,0.08196233215815026,0.07950569611848807,0.08077123675703995,-0.3203915113609919,NTES,-1.4473987932710248,0.0026219292886740606,0.004509724377616318,-0.0037755401687429367,0.004719462717784714,0.08924133046529131
2013-03-12,-1.0771175337130265,0.0802799095491075,0.0813370021029253,0.08019057668407537,0.0813370021029253,-0.085768917202988,NTES,-0.7326994545855547,0.00398527850891124,-0.004404855207532026,0.004824331887869192,-0.00797060702696443,0.26060324952006847
2013-03-13,-1.0795786202114201,0.07952058374607865,0.08022035193925654,0.07919302754113132,0.07975879998650529,-0.9418438245573652,NTES,-0.018000115900084712,-0.011116932175201525,-0.00786573785688014,-0.007026784496205901,-0.00534872774743232,-0.9431097428647076
2013-03-14,-1.081557148912427,0.07891014841793294,0.08020546431166596,0.07779349115477556,0.08020546431166596,-0.4399570608819425,NTES,0.6966992227853853,0.0031463251482370955,-0.00010486917008429133,-0.009858402115906781,-0.004299936028305785,0.5555606990429253
2013-03-15,-1.0880234512185574,0.07691505723153343,0.07847837172036284,0.07422020495144462,0.0782699307351174,0.7281063844381125,NTES,1.4113985614708553,-0.013633992293791294,-0.012165723894327874,-0.025170401149330078,-0.014053518983270131,1.2907650300398439
2013-03-18,-1.085031565053612,0.07783816113703591,0.07831460071737777,0.07553040847276823,0.07631950953097826,-0.7658317938900232,NTES,-1.4473987932710248,-0.013738861463875587,-0.0011536108800688756,0.009229137086259361,0.00650238863664268,-1.6470668946611615
2013-03-19,-1.0813159395666012,0.07898458655588587,0.08019057668407537,0.07803171449469078,0.07850814697554404,-0.5295861379738164,NTES,-0.7326994545855547,0.015416868203507683,0.013214465604312458,0.01761932081184439,0.008075476197048815,0.26239448909206964
2013-03-20,-1.0744151822265133,0.08111367349008929,0.08126256396497238,0.07896969892829528,0.07955035900125984,-0.6282322248334844,NTES,-0.018000115900084712,0.007341392006458589,0.0075511303466273575,0.006607207797585394,0.014997391523170424,-0.10719794259750202
2013-03-21,-1.0745599078340085,0.08106901060731751,0.08138167208518567,0.0801607943294056,0.08080101201222112,-0.8583463141075913,NTES,0.6966992227853853,0.00880966040592229,0.0008390033698159086,0.008390133716443359,-0.000314607510252874,-0.2522883479295956
2013-03-22,-1.0718575563474952,0.08190277454829929,0.08248343462126388,0.08013101907422442,0.08106901060731751,-0.6038862984604402,NTES,1.4113985614708553,0.0018877950889422573,0.007760868686796127,-0.00020973834016858265,0.005873073597853684,0.2824961776223048
2013-03-25,-1.0719058816801017,0.08188788692070871,0.08261743036906777,0.08141144734036684,0.08211121553354474,-0.8379678720323765,NTES,-1.4473987932710248,0.007341341997317104,0.0009438725399002,0.009019398746090685,-0.00010486917008429133,-0.25666693355004283
2013-03-26,-1.0720988491567622,0.08182832931085775,0.08243877173849211,0.0809498953876156,0.0823196565187902,-0.9566317205765476,NTES,-0.7326994545855547,0.001468268399463514,-0.001258480050153074,-0.0032511943183212936,-0.0004195266894788364,-0.1292898973188496
2013-03-27,-1.0713267566809432,0.08206655265077298,0.08208144027836356,0.0804139052969114,0.08124766923789317,-0.7436499498612497,NTES,-0.018000115900084712,-0.007551130346627544,-0.0025170601185897693,-0.0037755401687428435,0.0016780567487736746,0.23672005522671974
2013-03-28,-1.073015778524665,0.08154545018765935,0.08209632790595416,0.08096479011469479,0.08169433356305385,-0.5335536222716458,NTES,0.6966992227853853,0.0031463251482371887,0.00010486917008429133,0.003880459347968806,-0.0036706709986586454,0.23353562932093988
2013-04-01,-1.0715198354421922,0.08200699504092201,0.08333209328932482,0.08090523250484384,0.08148589257780839,-0.46628672940390137,NTES,-1.4473987932710248,-0.001468268399463514,0.008704791235837811,-0.0004195266894788364,0.0032511443091798086,0.07590654698483827
2013-04-02,-1.0685279492772468,0.08293009894642453,0.08330231093465505,0.08179855405567657,0.08294498657401513,-0.3221949133145508,NTES,-0.7326994545855547,0.01027792880538571,-0.0002097883493101606,0.0062926002873325195,0.006502388636642774,0.16069188672622625
2013-04-03,-1.0751389771908728,0.08089034487725325,0.08328742330706447,0.08047346290676236,0.08275143321636026,0.010532747117053582,NTES,-0.018000115900084712,-0.0013633992293791296,-0.00010486917008429133,-0.009334006256343653,-0.014368126493523006,0.3688737303165827
2013-04-04,-1.07113381702543,0.08212610316113533,0.08230476889119961,0.07993746571656955,0.08127745159256294,-0.706139189227226,NTES,0.6966992227853853,-0.01038279797547,-0.006921865316979845,-0.0037755901778845145,0.008704741226696233,-0.7892621662917196
2013-04-05,-1.0731604763110132,0.081500780205399,0.08249832224885446,0.08066701626441723,0.08142633496795745,-0.8826922404806355,NTES,1.4113985614708553,0.0010487417099846776,0.0013633992293791296,0.0051389894072637375,-0.004404805198390262,-0.19317744205355747
2013-04-08,-1.0730640203938302,0.08153055546058018,0.0820367773955918,0.08086056962207207,0.08118811872753083,-0.8224586152317706,NTES,-1.4473987932710248,-0.0016780067396320035,-0.0032511443091798086,0.0013633992293790363,0.00020973834016858265,0.06814450883949993
2013-04-09,-1.0731121787995537,0.08151566783298958,0.08211121553354474,0.08045856817968318,0.08211121553354474,-0.7499618566987055,NTES,-0.7326994545855547,0.006502338627501102,0.0005243458504214566,-0.0028317176379841283,-0.00010486917008429133,0.08167831893906422
2013-04-10,-1.0725331650849839,0.08169433356305385,0.08251320987644505,0.08136678445759508,0.08200699504092201,-0.7496011763079938,NTES,-0.018000115900084712,-0.0007341341997317104,0.0028316676288425505,0.006397519466558295,0.0012585300592948382,0.002067671294568436
2013-04-11,-1.079916341116723,0.07941636325345593,0.08185811166552753,0.0788208155529008,0.08169433356305385,0.21053002376672797,NTES,0.6966992227853853,-0.002202402599195131,-0.004614543538558845,-0.01793392832209708,-0.016046133233155103,1.0612873382045849
2013-04-12,-1.0800129083184946,0.07938658089878615,0.07978858234117507,0.07849325934795344,0.07962480423870137,-0.11300028670172636,NTES,1.4113985614708553,-0.014577864833691681,-0.014577864833691587,-0.0023073217784211866,-0.00020978834931025377,-0.3553841366292176
2013-04-15,-1.0875890518268942,0.07704906007882592,0.07901436891055565,0.07697461484138436,0.07847837172036284,-0.4450065863519072,NTES,-1.4473987932710248,-0.008075526206190392,-0.005453596917516518,-0.010697405485722782,-0.01646560991349199,-0.3647383877274459
2013-04-16,-1.0852729135051733,0.07776371589959437,0.07849325934795344,0.0766619533635162,0.07816571024249468,-0.6579883570672052,NTES,-0.7326994545855547,-0.002202402599195131,-0.003670721007800223,-0.002202402599195131,0.005034070228037495,-0.23338081911402783
2013-04-17,-1.0861414897193225,0.07749571730449797,0.07834437597255894,0.07734683392910348,0.07740638443946585,-0.5019940880843663,NTES,-0.018000115900084712,-0.0053487277474322265,-0.0010487417099845843,0.004824331887869099,-0.001887795088942164,0.17382764358756805
2013-04-18,-1.086624019695562,0.07734683392910348,0.07771904591733401,0.07642373002360098,0.07742127206705642,-0.800096431007641,NTES,0.6966992227853853,0.00010486917008419818,-0.0044048552075319335,-0.006502388636642774,-0.0010487417099845843,-0.32732138333453287
2013-04-19,-1.085031565053612,0.07783816113703591,0.07913347703076895,0.07748082967690738,0.07783816113703591,-0.8505916857072884,NTES,1.4113985614708553,0.002936586808068606,0.009963321295132744,0.007446261176542973,0.0034609326584899695,-0.054057835294801085
2013-04-22,-1.0845973047676845,0.07797215688483981,0.07835926360014953,0.07657262049848405,0.07798704451243041,-0.8843153022388385,NTES,-1.4473987932710248,0.0010487417099845843,-0.005453596917516518,-0.006397469457416718,0.0009438725399002931,-0.03554835971745582
2013-04-23,-1.0791925183312163,0.07963969186629198,0.0800267985816017,0.07706394770641649,0.07761482542471128,-0.5164213037128369,NTES,-0.7326994545855547,-0.0026219292886740606,0.011746197204849037,0.0034609326584899695,0.011746197204849037,0.4076839210432744
2013-04-24,-1.0740291359886038,0.08123278161030258,0.0813370021029253,0.07923769752339167,0.07941636325345593,-0.19776017851899141,NTES,-0.018000115900084712,0.012690119753891001,0.009229137086259269,0.015311999033423299,0.011221801345285817,0.353349654025906
2013-04-25,-1.0717129420245886,0.08194744453055966,0.08212610316113533,0.08084567489499288,0.08156033781524995,-0.8013588123751322,NTES,0.6966992227853853,0.015102260693254809,0.005558466087600903,0.011326670515370202,0.005034120237179446,-0.6644724761089724
2013-04-26,-1.0723884672986357,0.08173899644582562,0.08218566077098628,0.08057768339938509,0.0813370021029253,-1.0339976643842215,NTES,1.4113985614708553,-0.0015731875786894763,0.0004195266894788364,-0.001887745079800493,-0.001468318408605092,-0.2550747205971529
2013-04-29,-1.0679970383261064,0.0830938699494096,0.08409141199286509,0.08234943887345997,0.08276632084395086,-0.6725959128910317,NTES,-1.4473987932710248,0.010068190465217128,0.013424203944481135,0.012480331404580654,0.009543794605653813,0.40051896275526977
2013-04-30,-1.0651981474589685,0.08395741624506117,0.08395741624506117,0.08197721978574084,0.08325764805188328,-0.9310234128360122,NTES,-0.7326994545855547,0.0034609326584898762,-0.0009438725399003862,-0.002621929288673968,0.0060828619471640305,-0.2835355271300602
2013-05-01,-1.0680453080164185,0.08307898232181903,0.08379363814258749,0.08295987420160571,0.08368941764996476,-0.9110056511515092,NTES,-0.018000115900084712,0.003041405969011226,-0.001153660889210547,0.006921865316979939,-0.006187731117248229,0.023761572777693536
2013-05-02,-1.0628335725200522,0.08468696679290882,0.08526762686587339,0.08333209328932482,0.0833767561720966,-0.8855776836063296,NTES,0.6966992227853853,-0.002202402599195131,0.010382847984611487,0.0026219292886738746,0.011326720524511872,0.02973237135103072
2013-05-03,-1.0606621041635322,0.08535695263141693,0.08550584310630002,0.08415096960271604,0.08501451589836757,-0.9598778440929535,NTES,1.4113985614708553,0.011536458864680361,0.0016780067396320966,0.005768204427769578,0.0047194127086431364,-0.08032934901748469
2013-05-06,-1.0572841995818245,0.08639916465713275,0.08692026712024635,0.08516339927376207,0.08555050598907178,-0.9306627324453004,NTES,-1.4473987932710248,0.0037755401687429367,0.009963271285990978,0.007131603657148428,0.007341392006458775,0.03391193035236675
2013-05-07,-1.057042823309116,0.0864736098945743,0.08693516184732554,0.08598228268664186,0.08693516184732554,-1.1452675649188013,NTES,-0.7326994545855547,0.009753582954964066,0.00010491917922596243,0.005768254436911063,0.0005243958595631278,-0.235172058686029
2013-05-08,-1.0548230852622837,0.0871584904601616,0.08773915053312616,0.08575895407380583,0.08675649611726129,-0.8716914885639266,NTES,-0.018000115900084712,-0.001258530059294745,0.005663335257685194,-0.0015731375695477122,0.004824331887869099,0.3035929992480962
2013-05-09,-1.0546782483702,0.08720315334293335,0.08909402403671014,0.08523784451120361,0.08599717031423246,-0.3580826121903715,NTES,0.6966992227853853,-0.0053487277474322265,0.009543794605653907,-0.003670721007800223,0.000314607510252874,0.5684974292851559
2013-05-10,-1.0575736786179624,0.08630983179210062,0.08830492297850014,0.08598228268664186,0.08703938233994826,-0.8199338524967882,NTES,1.4113985614708553,0.007341392006458682,-0.005558466087600809,0.005243858577347936,-0.0062926002873325195,-0.5080375534875382
2013-05-13,-1.0566568048923537,0.08659271801478761,0.08759026005824307,0.08577384170139642,0.08577384170139642,-0.21669589903135916,NTES,-1.4473987932710248,-0.008914529576006395,-0.005034120237179353,-0.001468268399463421,0.0019926642590265484,0.6674136589834418
2013-05-14,-1.0487426622671798,0.0890344664268592,0.08925779503969523,0.08663738089755937,0.08708404522272005,-0.7165989205578671,NTES,-0.7326994545855547,0.009229137086259361,0.011746197204849037,0.006082811938022266,0.017199794122365556,-0.5500321701200098
2013-05-15,-1.0457508595656757,0.08995756323287311,0.09146132721134019,0.08866224733914008,0.08882602544161373,0.16670735629524835,NTES,-0.018000115900084712,0.012270593064412073,0.015521787382733552,0.014263257323438715,0.006502338627501102,0.9765019984631969
2013-05-16,-1.0570911486417227,0.08645872226698371,0.09082110952852467,0.08319809044203232,0.09082110952852467,0.39105055931796695,NTES,0.6966992227853853,0.014053468974128553,-0.004509724377616225,-0.03848978593286859,-0.024646005289766952,0.2492587322307278
2013-05-17,-1.050576437539544,0.08846869398148521,0.08896002118941765,0.08702448761286909,0.08732226146314667,-0.8114578633150616,NTES,1.4113985614708553,-0.024646055298908624,-0.013109596434228167,0.02695332706818814,0.014158338144212752,-1.3254398781773986
2013-05-20,-1.0337351008578761,0.09366485228349657,0.09434973284908382,0.0904935604230659,0.09201220492963498,-0.3176864084306537,NTES,-1.4473987932710248,0.033036189015351984,0.03796539007330528,0.02443631695874004,0.03660199084392633,0.5466045011829196
2013-05-21,-1.0357618436069007,0.09303952932776022,0.09356063179087384,0.09195265441927263,0.09324797031300566,-0.8408533151580706,NTES,-0.7326994545855547,0.008704791235837905,-0.005558466087600623,0.010277928805385616,-0.004404805198390356,-0.5757066039853597
2013-05-22,-1.0430968055906218,0.09077644664575288,0.09470706430921237,0.09068711378072075,0.09311397456520176,-0.5918035053715961,NTES,-0.018000115900084712,-0.0009438725399002931,0.008075526206190392,-0.00891452957600658,-0.01594126406307081,0.2765253790489676
2013-05-23,-1.0403943984618143,0.09161021058673469,0.0917442134340272,0.08802203675581316,0.08891535830664588,-0.6942367363337376,NTES,0.6966992227853853,-0.029575256356862107,-0.020870465121024015,-0.018772931691913082,0.005873073597853869,-0.11137750159883805
2013-05-24,-1.0378368004039433,0.09239931164494468,0.09244398162720505,0.09128266148127592,0.09180376394438955,-1.0029791507830095,NTES,1.4113985614708553,0.020346069261461167,0.004929201057953204,0.022967998550134854,0.005558466087600623,-0.339063953862096
2013-05-28,-1.029488425313989,0.09497506290430878,0.09510905865211268,0.0938584056411514,0.093873293268742,-0.5324715810995105,NTES,-0.7326994545855547,0.014577864833691495,0.01877293169191336,0.01814366666226585,0.018143716671407614,0.5209300673175696
2013-05-29,-1.0339763102037016,0.09359040704605502,0.09463261907177083,0.09308419221053198,0.09463261907177083,-0.508486335117178,NTES,-0.018000115900084712,0.0053487277474322265,-0.003356063488405678,-0.005453596917516518,-0.009753582954964066,0.028140158398140803
2013-05-30,-1.0288611975514013,0.09516861626196363,0.09552594062260358,0.0931884127031547,0.09418596184609876,-0.6082144631489814,NTES,0.6966992227853853,-0.0031462751390954244,0.006292600287332613,0.0007341341997317104,0.011116982184343196,-0.10839210231216946
2013-05-31,-1.028812927861089,0.09518350388955422,0.09689570175377815,0.09518350388955422,0.09548127773983181,0.02658302450372718,NTES,1.4113985614708553,0.009124267916175164,0.009648663775738104,0.014053518983270131,0.00010486917008429133,0.7022433173279088
2013-06-03,-1.0313704146343712,0.09439440283134419,0.09530261200976753,0.09295019646272808,0.09510905865211268,-0.6448235228062257,NTES,-1.4473987932710248,-0.0026219292886740606,-0.01122180134528591,-0.015731525722902134,-0.005558466087600903,-0.7393064848947984
2013-06-04,-1.0315151958841609,0.09434973284908382,0.09579393921769996,0.093873293268742,0.09406684662639685,-0.30614463592787716,NTES,-0.7326994545855547,-0.007341392006458775,0.0034609326584899695,0.006502338627501102,-0.0003146575193945451,0.37544160874725363
2013-06-05,-1.036244317940846,0.09289063885287713,0.09528772438217695,0.09281620071492418,0.09411151660865721,-0.17936547859269134,NTES,-0.018000115900084712,0.0003146575193945451,-0.003565801828574261,-0.007446211167401395,-0.010277928805385524,0.14158533129154727
2013-06-06,-1.0333490546199666,0.09378396040370986,0.09396262613377412,0.09156554770396291,0.09232487350699174,-0.880347817941009,NTES,0.6966992227853853,-0.012585200574665039,-0.009334056265485323,-0.008809660405922196,0.0062926002873325195,-0.7719468504290418
2013-06-07,-1.0293436718853466,0.09501972578708054,0.09504950104226172,0.09393285087859295,0.094662394326952,-0.8116382035104176,NTES,1.4113985614708553,0.016465609913492173,0.007655999516711649,0.016675398262802427,0.008704791235837905,0.07749875993772819
2013-06-10,-1.0287646303496296,0.0951983915171448,0.09580882684529056,0.09485594768460687,0.09531749963735814,-0.3622304366835568,NTES,-1.4473987932710248,0.004614593547700609,0.0053487277474322265,0.006502338627501102,0.0012585300592948382,0.4976439528815546
2013-06-11,-1.0345070820491062,0.09342663604306993,0.09472195193680297,0.09324797031300566,0.09375418514852868,-0.6704318305467611,NTES,-0.7326994545855547,-0.011012063005117421,-0.007655999516711649,-0.011326670515370202,-0.012480331404580748,-0.3384668740047623
2013-06-12,-1.0432414755558228,0.09073177666349254,0.09490061766686723,0.0898533427402504,0.09443906571411596,-0.25186223712575634,NTES,-0.018000115900084712,0.004824331887869006,0.0012585300592948382,-0.02391192109917682,-0.018982720041223523,0.4636104010135327
2013-06-13,-1.0415043509486717,0.09126777385368533,0.09184843392664992,0.08907912930963097,0.0902404494555601,-0.18315262269516489,NTES,0.6966992227853853,-0.02957525635686192,-0.021499730150671435,-0.005453596917516611,0.0037755901778845145,0.07749875993772819
2013-06-14,-1.0429520243408321,0.09082110952852467,0.09161021058673469,0.09006178372549584,0.09140176960148923,-0.8323773259763442,NTES,1.4113985614708553,0.008180395376274777,-0.0016780567487736746,0.006921865316979939,-0.0031463251482370955,-0.714826210744116
2013-06-17,-1.0377404001290544,0.09242909399961446,0.09303952932776022,0.09183354629905932,0.09184843392664992,-0.2749457821313094,NTES,-1.4473987932710248,0.0031463251482371887,0.01006819046521694,0.012480381413722512,0.011326720524511872,0.6168608977291871
2013-06-18,-1.0360513504641857,0.09295019646272808,0.09330752792285661,0.09254820211982777,0.09296508409031867,-0.5319305605134429,NTES,-0.7326994545855547,0.00786573785688014,0.0018877950889422573,0.005034070228037495,0.003670670998658552,-0.2819433141771703
2013-06-19,-1.0424211412108388,0.09098488763099834,0.09379885513078906,0.09085089188319442,0.09296508409031867,-0.7728650615089027,NTES,-0.018000115900084712,0.0,0.0034609326584900627,-0.01195593554501762,-0.013843730633959878,-0.26422994507626996
2013-06-20,-1.0504318510377846,0.08851336396374558,0.09089555476596621,0.0878284833981583,0.0897044593648559,-0.6244450807310109,NTES,0.6966992227853853,-0.022967998550134948,-0.020450988440687035,-0.02128999181050285,-0.017409532462534138,0.165468525584896
2013-06-21,-1.0563189727024622,0.08669693850741034,0.08918334980225369,0.08638427702954217,0.0891684621746631,-0.3988394963408011,NTES,1.4113985614708553,-0.0037755901778845145,-0.012060854724243583,-0.010173059635301325,-0.012794988923975292,0.25065191856450647
2013-06-24,-1.0661633186960364,0.08365964239478359,0.08513362401858088,0.0816198883256123,0.08498474064318641,-0.08847402013332625,NTES,-1.4473987932710248,-0.02947033717763605,-0.02852646463773585,-0.03356058487491511,-0.021394860980587235,0.344194429546789
2013-06-25,-1.0623510981861068,0.08483585016830332,0.08535695263141693,0.08422541484015758,0.08461252155546728,-0.4278742677930983,NTES,-0.7326994545855547,-0.002621929288673968,0.0015731375695478052,0.018353455011576196,0.008285264546359068,-0.3728984791110067
2013-06-26,-1.053037607501379,0.08770936817845638,0.08775403816071675,0.08561006359892274,0.08602694556941365,-0.09731068970576452,NTES,-0.018000115900084712,0.009963271285991166,0.01688518661211268,0.009753532945822397,0.02024120009137669,0.36648541088724784
2013-06-27,-1.0427590568641718,0.09088066713837561,0.09143154485667042,0.08854313921892676,0.08893024593423646,-0.23094277446447392,NTES,0.6966992227853853,0.020450988440686758,0.02590453534906179,0.020660726780855523,0.0223387835296292,-0.1458091067050825
2013-06-28,-1.032480394942376,0.09405195899880626,0.09460284381658965,0.08994267560528253,0.09094021764873798,0.05814255869100673,NTES,1.4113985614708553,0.014158338144212844,0.0223387835296292,0.009858402115906873,0.022338733520487528,0.32070928849166275
2013-07-01,-1.0313220893017647,0.09440929045893479,0.09536216961961849,0.09311397456520176,0.0946772890540312,-0.18351330308587666,NTES,-1.4473987932710248,0.026324112047682296,0.0053487277474322265,0.022338783529629105,0.0025170601185895832,-0.2650260515527149
2013-07-02,-1.0291989462778512,0.0950643957693409,0.09631504168081358,0.09390307562341177,0.09408173425398744,-0.4673687705760367,NTES,-0.7326994545855547,-0.004195116867363351,0.006712076967669685,0.005558466087600809,0.004614593547700609,-0.3115982804247449
2013-07-03,-1.0297780156347154,0.09488573003927664,0.09585349682755093,0.09442417808652537,0.09531749963735814,-0.6624968619511022,NTES,-0.018000115900084712,0.008704791235837998,-0.0032511443091797158,0.003670670998658459,-0.0012585300592948382,-0.21367718382201512
2013-07-05,-1.0259657394824917,0.09606193781279637,0.09625549117045121,0.094945280549639,0.09552594062260358,-0.7910794212398469,NTES,1.4113985614708553,0.001468268399463421,0.0028316676288424572,0.0036706709986586454,0.008285264546359068,-0.14023636136996778
2013-07-08,-1.0262070601129059,0.09598749257535483,0.09698503461881028,0.09571949398025842,0.09644904452810608,-0.5097487164846692,NTES,-1.4473987932710248,0.00650238863664268,0.005138939398122066,0.005453596917516518,-0.0005243958595631278,0.31215114386987947
2013-07-09,-1.0261588460648878,0.09600238020294541,0.09750613708192389,0.09527283675458635,0.09661281553109116,-0.8291312024599382,NTES,-0.7326994545855547,0.0011536108800688756,0.003670670998658552,-0.0031462751390954244,0.00010486917008429133,-0.3508065243896591
2013-07-10,-1.0243249595079351,0.09656815264831939,0.0968212565163366,0.09577905159010938,0.09624060354286063,-0.8168680691757382,NTES,-0.018000115900084712,-0.0026218792795323896,-0.004824331887869099,0.003565801828574261,0.003985328518053097,0.01520342815591024
2013-07-11,-1.0241319920312746,0.09662770315868174,0.09743169894397097,0.09609171306797754,0.09743169894397097,-0.2866678948294418,NTES,0.6966992227853853,0.008390133716443546,0.0042999860374477354,0.002202402599195038,0.0004194766803371653,0.5868078782433899
2013-07-12,-1.025820958232702,0.09610660069556813,0.09647881978328726,0.09586838445514151,0.09619593356060027,-0.5155196027360575,NTES,1.4113985614708553,-0.008704791235837998,-0.006712126976811449,-0.001573137569547619,-0.003670670998658552,-0.25089516159581693
2013-07-15,-1.0243732013771,0.0965532650207288,0.09704459222866124,0.09616615830541908,0.09671703602371388,-0.47963190386023674,NTES,-1.4473987932710248,0.003670670998658552,0.003985328518053097,0.002097533429110747,0.0031463251482370955,0.041275915259482605
2013-07-16,-1.0236011923647226,0.09679148126115543,0.09784858091446184,0.09659792790350057,0.09677659363356483,-0.37503459055382454,NTES,-0.7326994545855547,0.0004195266894788364,0.005663335257685101,0.003041405969011226,0.0016780067396320035,0.11710505714086482
2013-07-17,-1.0209953246165395,0.09759546994695603,0.09822080000218095,0.09609171306797754,0.09677659363356483,-0.5068632733589751,NTES,-0.018000115900084712,0.0,0.0026219292886738746,-0.003565801828574354,0.005663335257685101,-0.1438188405139701
2013-07-18,-1.017472610963895,0.09868234485544362,0.09994788549399547,0.09774436042183912,0.09786346854205243,-0.3205718515563478,NTES,0.6966992227853853,0.007655999516711649,0.012165673885186202,0.01164132803476484,0.007655999516711649,0.20726411559825628
2013-07-19,-1.0150115522866485,0.09944167065847245,0.0999181102388143,0.09845901624260758,0.09878657244755494,-0.28053632818734175,NTES,1.4113985614708553,0.006502388636642774,-0.00020973834016848952,0.0050340702280376815,0.0053487277474322265,0.04585352749904111
2013-07-22,-1.0158802119642392,0.09917367206337607,0.10030521695412402,0.09887589821309847,0.09929278728307799,-0.5375211065694753,NTES,-1.4473987932710248,0.003565801828574354,0.002726798458758259,0.002936536798926842,-0.001887795088942164,-0.2819433141771703
2013-07-23,-1.017472610963895,0.09868234485544362,0.10116876324977557,0.09851857385245855,0.10070721129702431,-0.6891872108637729,NTES,-0.7326994545855547,0.009963271285990978,0.006082861947163937,-0.0025170101094480054,-0.0034609326584900627,-0.16571176861620643
2013-07-24,-1.0145289388469674,0.09959056113335554,0.10011166359646916,0.0980272466445261,0.09868234485544362,-0.5889180622459019,NTES,-0.018000115900084712,-0.014263257323438715,-0.007446261176543067,-0.0034609326584900627,0.006397519466558482,0.11232841828219507
2013-07-25,-1.0136121207636533,0.09987344735604253,0.10238963390606706,0.09889079294017766,0.10063276605958277,-0.7362560018516584,NTES,0.6966992227853853,0.013738861463875587,0.01604613323315501,0.0060828619471640305,0.0019926642590265484,-0.16093512975753668
2013-07-26,-1.0201268875081262,0.09786346854205243,0.10021588408909188,0.09714881272128396,0.09973944450875004,0.2594022167081723,NTES,1.4113985614708553,-0.0062926002873325195,-0.015311999033423299,-0.012270593064412165,-0.014158388153354422,1.100495582169499
2013-07-29,-1.0288611975514013,0.09516861626196363,0.0973870289617106,0.0945432862067387,0.0973870289617106,-0.605689700413999,NTES,-1.4473987932710248,-0.016570529092718042,-0.019926592581123722,-0.018353455011576102,-0.01898267003208185,-0.9530610738202696
2013-07-30,-1.0308879124792787,0.0945432862067387,0.09577905159010938,0.0945283985791481,0.09555572297727336,-0.5459970957512017,NTES,-0.7326994545855547,-0.012899808084917913,-0.011326670515370294,-0.00010486917008429133,-0.0044048552075319335,0.06754742898216622
2013-07-31,-1.029874527194193,0.09485594768460687,0.09565994346989608,0.09382863038597022,0.09527283675458635,-0.028601075275173055,NTES,-0.018000115900084712,-0.0019926642590266416,-0.0008390033698159086,-0.004929201057953391,0.002202402599195131,0.5726769882864919
2013-08-01,-1.0281372078390116,0.09539194487479968,0.09610660069556813,0.09473683956439355,0.09600238020294541,-0.03365060074513778,NTES,0.6966992227853853,0.005138939398121973,0.003146275139095331,0.006397469457416811,0.0037755901778846078,-0.003903127278768747
2013-08-02,-1.0292471881470164,0.09504950104226172,0.09530261200976753,0.09314374982038294,0.09530261200976753,-0.5523090025886577,NTES,1.4113985614708553,-0.004929201057953391,-0.005663335257685101,-0.01122180134528591,-0.002412190948505478,-0.5707309385075787
2013-08-05,-1.030164089693772,0.09476661481957473,0.09543660775757144,0.09446884096929715,0.09513883390729386,-0.7577164850990085,NTES,-1.4473987932710248,-0.001153660889210547,0.0009438725399003862,0.009334006256343653,-0.0019926642590265484,-0.22502170111135578
2013-08-06,-1.035423955774715,0.09314374982038294,0.09518350388955422,0.0921164254222577,0.09458795618899907,-0.2859465340480183,NTES,-0.7326994545855547,-0.0038804093388271348,-0.001782875909716388,-0.016570529092718136,-0.011431539685454493,0.5223232536513484
2013-08-07,-1.0432898008884295,0.09071688903590193,0.09287575122528653,0.09056800566050745,0.09265242261245049,-0.6641199237093052,NTES,-0.018000115900084712,-0.013633992293791388,-0.016255921582465263,-0.010907143825891365,-0.01709492495228136,-0.41568920221992317
2013-08-08,-1.0449306086841332,0.09021067420037893,0.09105933286843988,0.08991290035010134,0.09071688903590193,-0.4145290933367629,NTES,0.6966992227853853,-0.013633992293791294,-0.012794938914833623,-0.004614593547700516,-0.0035658018285741676,0.2771224589063013
2013-08-09,-1.0458473711251532,0.08992778797769194,0.09098488763099834,0.08973423462003709,0.09022556182796951,-0.7133527970414613,NTES,1.4113985614708553,-0.0034609326584898762,-0.0005243958595631278,-0.001258530059294745,-0.0019926642590264556,-0.3281174898109778
2013-08-12,-1.0449306086841332,0.09021067420037893,0.09085089188319442,0.08945134839735008,0.09003200847031466,-0.46141754412929253,NTES,-1.4473987932710248,-0.0013633992293791296,-0.0009438725399003862,-0.0019926642590266416,0.0019926642590264556,0.27970980495474745
2013-08-13,-1.0434828240073841,0.09065733852553957,0.09275664310507323,0.08980867985747863,0.09082110952852467,0.07473385666374797,NTES,-0.7326994545855547,0.005558466087600809,0.013424203944481135,0.0025170601185897693,0.0031463251482370023,0.5933757566740608
2013-08-14,-1.0407804168785766,0.09149110246652137,0.09245886925479563,0.09083599715611526,0.0911635533610626,0.34506380950221677,NTES,-0.018000115900084712,0.002412190948505385,-0.002097533429110933,0.00723647282723272,0.005873073597853776,0.30001052010409385
2013-08-15,-1.0325284977058053,0.09403707137121567,0.0952132791447354,0.09232487350699174,0.09417106711901956,1.7544224362084435,NTES,0.6966992227853853,0.021185072631276888,0.01940219672156078,0.010487717154695871,0.017933928322097267,1.5570626464106823
2013-08-16,-1.0305500246470929,0.09464750669936142,0.09469217668162179,0.09353085653569267,0.09442417808652537,0.049125548923212574,NTES,1.4113985614708553,0.001782925918857966,-0.003670670998658552,0.008495002886527743,0.004299936028305971,-1.8803260922595344
2013-08-19,-1.0138051160614607,0.09981388974619157,0.10344673355937348,0.09530261200976753,0.09600238020294541,2.261358725353831,NTES,-1.4473987932710248,0.011116932175201712,0.06166752282317203,0.012480331404580654,0.03639225250375756,2.4431291546939202
2013-08-20,-0.9792535882725041,0.11047420494531066,0.11120374839366971,0.10155586996508528,0.10200252719075735,4.070892245554762,NTES,-0.7326994545855547,0.04226532610161134,0.0546407883361078,0.04404825202046931,0.07509177677679484,1.9987027142185223
2013-08-21,-0.9876984192796414,0.10786867843076539,0.11092086217098271,0.1067818035222778,0.10967021625951005,1.0132242332957637,NTES,-0.018000115900084712,0.05401157331560205,-0.0019926642590266416,0.036811729184094824,-0.018353455011576102,-3.372826708974719
2013-08-22,-0.9801703785346713,0.11019131872262367,0.11031042684283698,0.10822600989089393,0.1085237837411715,-0.36205009648820097,NTES,0.6966992227853853,-0.008075526206190486,-0.004299936028305785,0.010173059635301325,0.016360790752549554,-1.5161073792859658
2013-08-23,-0.9733662718597963,0.1122906233021573,0.1137794996530338,0.11042953496305029,0.11182907844889464,0.38077116818268164,NTES,1.4113985614708553,0.023282656069529492,0.024436316958739945,0.01552173737359188,0.014787603173860171,0.8214602621755412
2013-08-26,-0.9699882559934999,0.11333283532787312,0.11535770176945381,0.11168018797401155,0.11388372014565652,0.40295301221145524,NTES,-1.4473987932710248,0.014472995663607297,0.011116932175201618,0.008809660405922196,0.007341392006458775,0.02614989220702841
2013-08-27,-0.9833070181282592,0.10922355193434938,0.11284150811994068,0.1086875618436452,0.11176952083904369,0.4592191531624908,NTES,-0.7326994545855547,-0.014892522353086133,-0.017724189981928776,-0.021080203461192597,-0.028945991327214593,0.06376592321905267
2013-08-28,-0.976985469250771,0.11117397313848852,0.11214173992676282,0.10880666996385849,0.10901511094910393,-0.2727816997870388,NTES,-0.018000115900084712,-0.019402196721560686,-0.004929201057953204,0.0008390033698159086,0.013738861463875493,-0.8061794289161749
2013-08-29,-0.9762616464652644,0.11139730175132456,0.11237995616718943,0.11059331306552396,0.1109506445256525,-0.7627660105689732,NTES,0.6966992227853853,0.013633992293791294,0.0016780067396319103,0.012585200574665039,0.0015731375695478052,-0.5390857060688916
2013-08-30,-0.9959503384524125,0.10532270952607108,0.11069753355814668,0.10496538516543116,0.1102806515876558,0.5863589908883884,NTES,1.4113985614708553,-0.004719462717784714,-0.01185106637493333,-0.039643396812937284,-0.04278972196117447,1.4905877556275282
2013-09-03,-0.9826315206753591,0.10943199291959482,0.10978932437972336,0.10575448622364116,0.1069009116424911,0.2976343381236195,NTES,-0.7326994545855547,-0.023807051929092715,-0.006397469457416811,0.005558466087600716,0.028945991327214593,-0.3169719991407484
2013-09-04,-0.9854304671847912,0.10856844662394327,0.10943199291959482,0.10682647350453818,0.10898533569392276,-0.17377493253665896,NTES,-0.018000115900084712,0.01468278401291755,-0.0025170601185896765,0.007551130346627451,-0.006082861947163937,-0.5185859643004339
2013-09-05,-0.9888565579933698,0.10751135407012544,0.10943199291959482,0.10700513213511383,0.10858334135102247,-0.07368612411414384,NTES,0.6966992227853853,-0.0028316676288424572,0.0,0.001258480050153074,-0.007446211167401489,0.11212939166308383
2013-09-06,-0.9828244881520195,0.10937244240923245,0.10964043390484027,0.10703491448978361,0.10748157171545568,-0.21904032157098563,NTES,1.4113985614708553,-0.0077609186959377045,0.001468268399463421,0.00020978834931025377,0.013109596434228167,-0.15874583694731303
2013-09-09,-0.9906902498022926,0.10694558162475147,0.11077197879558823,0.10681157877745898,0.10955110103980814,0.56525918803175,NTES,-1.4473987932710248,0.014577864833691587,0.007970657036106193,-0.0015731875786893833,-0.01709492495228117,0.8672363845711264
2013-09-10,-0.9836447946758563,0.10911933144172664,0.10913421906931725,0.10752624169771603,0.10822600989089393,-0.3005540898718448,NTES,-0.7326994545855547,-0.009334006256343653,-0.011536458864680455,0.005034120237179259,0.015311999033423205,-0.9538571802967145
2013-09-11,-0.9800739782597825,0.11022109397780486,0.11130796888629244,0.1087917823362679,0.10905977383187569,0.08248848506405095,NTES,-0.018000115900084712,0.00587307359785359,0.015311999033423299,0.00891452957600658,0.007760868686796127,0.4244021570486185
2013-09-12,-0.9765512367859908,0.11130796888629244,0.11434526499891917,0.11042953496305029,0.11057842543793338,-0.2170565794220709,NTES,0.6966992227853853,0.010697455494864547,0.021394860980587235,0.011536408855538784,0.007655999516711556,-0.3289135962874228
2013-09-13,-0.9884221586017066,0.10764534981792935,0.11154619222620765,0.10697535687993265,0.11117397313848852,-0.34906560242257734,NTES,1.4113985614708553,0.004195066858221587,-0.019716804231813562,-0.024331397779514076,-0.0257996661789775,-0.14401786713308132
2013-09-16,-0.975875628048502,0.11151640987153788,0.11278195051008973,0.10898533569392276,0.10937244240923245,0.3621961280610257,NTES,-1.4473987932710248,-0.01269006974474933,0.008704741226696141,0.014158388153354422,0.027267934578440917,0.7866306038310743
2013-09-17,-0.97935001636854,0.11044442969012949,0.11360083392296953,0.10980421200731395,0.11184396607648524,-0.6518567904251051,NTES,-0.7326994545855547,0.01740953246253423,0.005768254436911156,0.005768204427769392,-0.007551080337485593,-1.1174570612061534
2013-09-18,-0.9804116713439383,0.11011687348518212,0.11130796888629244,0.1086875618436452,0.11063798304778433,-0.23310685680874452,NTES,-0.018000115900084712,-0.008495002886527651,-0.016151052412380972,-0.00786573785688014,-0.0023073217784211866,0.46380942763264393
2013-09-19,-0.9744279268351944,0.11196307419669854,0.11385393779098674,0.1104146473354597,0.1104146473354597,-0.3175060682352978,NTES,0.6966992227853853,-0.00157318757868929,0.017933928322097267,0.012165673885186202,0.013004727264143876,-0.0914748396877141
2013-09-20,-0.9797361182487438,0.11032531447042758,0.11193329894151736,0.10932777242697209,0.11160574273657001,-0.31930947018885664,NTES,1.4113985614708553,0.008390133716443267,-0.013529073114565332,-0.007655999516711836,-0.011536458864680361,-0.00032064813476643736
2013-09-23,-0.9861542343280036,0.10834511801110724,0.11193329894151736,0.10742202120509331,0.11032531447042758,0.09204651541791276,NTES,-1.4473987932710248,-0.009019398746090685,0.0,-0.013424203944481041,-0.013948599804044169,0.4556493362490831
2013-09-24,-0.98986999892075,0.10719868549276867,0.10902999857669453,0.10581403673400351,0.10901511094910393,0.050568270486059635,NTES,-0.7326994545855547,-0.009229137086259455,-0.02045098844068694,-0.01132672052451178,-0.008075526206190672,-0.044106504339239114
2013-09-25,-0.9897251063863718,0.10724335547502906,0.11039975970786912,0.10706468974496479,0.10830045512833547,-0.2558297214235858,NTES,-0.018000115900084712,-0.0050340702280376815,0.009648663775738291,0.008809660405922196,0.0003146575193946382,-0.33647660781364985
2013-09-26,-0.9887117211012859,0.10755601695289722,0.10853867136876211,0.10716891023758751,0.10716891023758751,-0.5651131564589253,NTES,0.6966992227853853,-0.007970657036106193,-0.013109596434228167,0.0007341341997317104,0.002202402599195131,-0.3396610337194297
2013-09-27,-0.9913659698243699,0.10673714063950604,0.10749645934304626,0.10618625582172264,0.10719868549276867,-0.6422987600712433,NTES,1.4113985614708553,0.00020973834016848952,-0.0073413920064588686,-0.006921865316979939,-0.005768204427769299,-0.08351377492326452
2013-09-30,-0.9869746243152819,0.10809201414309003,0.1094617752742646,0.10575448622364116,0.10719868549276867,0.7194500550610301,NTES,-1.4473987932710248,0.0,0.013843780643101456,-0.003041405969011133,0.009543794605653813,1.5045196189653152
2013-10-01,-0.987408828958915,0.10795801129579752,0.108672667116566,0.10646914204440963,0.10859822897861306,-0.2170565794220709,NTES,-0.7326994545855547,0.009858452125048638,-0.005558516096742387,0.0050340702280376815,-0.0009439225490419642,-1.0318756149883204
2013-10-02,-0.9874571264703744,0.10794312366820694,0.10846422613132056,0.10681157877745898,0.10710935262773655,-0.2608792468935505,NTES,-0.018000115900084712,-0.010487717154695963,-0.0014682683994633277,0.002412140939363714,-0.00010486917008429133,-0.046693850387685226
2013-10-03,-0.987408828958915,0.10795801129579752,0.10850889611358093,0.10669247065724567,0.10816645228104296,0.566882249789953,NTES,0.6966992227853853,0.007446261176543067,0.0003146575193945451,-0.0008390033698159086,0.00010486917008429133,0.915201799776935
2013-10-04,-0.9870228383632998,0.10807711941601084,0.10900022332151335,0.10766023744551995,0.10809201414309003,-0.014714880232770055,NTES,1.4113985614708553,-0.0005243458504214566,0.0034609326584898762,0.006816996146895554,0.0008390033698160018,-0.6401912285774013
2013-10-07,-0.9944542562642041,0.10578426147882233,0.11025087633247461,0.10457827845012144,0.10804734416082966,1.8976125513210147,NTES,-1.4473987932710248,-0.0003146575193945451,0.008809660405922196,-0.02170946849084011,-0.0161510024032393,2.112147887111929
2013-10-08,-1.0170382672145262,0.09881634770273612,0.1060969229566905,0.09862279434508127,0.10570981624138079,1.1618245542690115,NTES,-0.7326994545855547,-0.016465659922633845,-0.029260648846609137,-0.04195071859135847,-0.04908232224850699,-0.8103589879175109
2013-10-09,-1.0040091232216404,0.10283629823122774,0.10392317313971532,0.09909923392542311,0.09915878443578548,1.6608258748187401,NTES,-0.018000115900084712,-0.046145785449580055,-0.015311999033423299,0.003356063488405678,0.028316726297567266,0.5523762731371454
2013-10-10,-1.0022236176395884,0.10338717594952253,0.10395294839489651,0.1024789667710992,0.10395294839489651,-0.11732845139026755,NTES,0.6966992227853853,0.0337703232150836,0.00020973834016858265,0.02380700191995095,0.0038804093388270415,-1.960732846380475
2013-10-11,-1.0015963064135591,0.10358072930717736,0.1047867194353669,0.1026129696183917,0.1031489597090959,-0.388199424814804,NTES,1.4113985614708553,-0.005663335257685101,0.005873123606995448,0.0009439225490419642,0.0013633992293790363,-0.2972683638487357
2013-10-14,-1.00164449264043,0.10356584167958678,0.10405716888751923,0.10213653003804984,0.10253852438095015,-0.25709210279107697,NTES,-1.4473987932710248,-0.004299936028305971,-0.0051389894072637375,-0.003356063488405678,-0.00010486917008429133,0.146361970150217
2013-10-15,-1.0024648826277083,0.10331273781156958,0.10495049043835196,0.10258318726372193,0.10268740775634465,0.04371534306253608,NTES,-0.7326994545855547,0.0010487417099845843,0.0062926002873325195,0.0031462751390954244,-0.0017828759097162016,0.3336460187338933
2013-10-16,-0.999231731474643,0.10431027985502503,0.1049058275555802,0.10308940209924494,0.10359562403425657,-0.6704318305467611,NTES,-0.018000115900084712,0.006397519466558482,-0.00031460751025278084,0.003565801828574261,0.00702673448706423,-0.7864757936241622
2013-10-17,-1.0007758607839865,0.10383384027468319,0.10419117173481172,0.10346162118696407,0.10383384027468319,-0.2224667852827474,NTES,0.6966992227853853,0.0016780067396320035,-0.005034070228037774,0.002621929288673968,-0.003356063488405678,0.4960517399286647
2013-10-18,-0.9980735371186203,0.10466761131515356,0.10557582049357687,0.10304473921647318,0.10319362969135626,-0.42589052564418356,NTES,1.4113985614708553,-0.004509674368474554,0.009753532945822397,-0.0029365367989267485,0.005873123606995354,-0.22283240830113216
2013-10-21,-0.9927652900627767,0.10630536394193595,0.10688602401490052,0.105158938523086,0.10578426147882233,-0.4010035786850717,NTES,-1.4473987932710248,0.01824853583235014,0.009229137086259455,0.01489252235308604,0.011536408855538784,0.029135291493697
2013-10-22,-0.9859129136975895,0.10841956324854879,0.11138241412373398,0.10722846784743846,0.10751135407012544,0.8438847898565895,NTES,-0.7326994545855547,0.012165723894327782,0.03167278978597285,0.014577864833691587,0.014892522353086227,1.375550369781232
2013-10-23,-0.9953229437629418,0.10551626288372593,0.10905977383187569,0.10509938091323505,0.10871733709882636,-0.18080820015553842,NTES,-0.018000115900084712,0.008495002886527743,-0.016360790752549648,-0.014997391523170424,-0.02045098844068713,-1.1291996317337165
2013-10-24,-0.9902078032894943,0.10709446500014597,0.10780912792040304,0.10496538516543116,0.10632025156952654,-0.36619792098138626,NTES,0.6966992227853853,-0.01688518661211268,-0.008809610396780432,-0.0009438725399002,0.011116932175201712,-0.2029297463900082
2013-10-25,-0.9857682437323885,0.10846422613132056,0.10925332718953054,0.10719868549276867,0.1087917823362679,0.029829148020133076,NTES,1.4113985614708553,0.01740958247167581,0.010173009626159562,0.01573147571376028,0.009648663775738291,0.43873207362462774
2013-10-28,-1.021912198342148,0.09731258372426906,0.1071837978651781,0.09685103887100638,0.10675202826709662,2.288950775243281,NTES,-1.4473987932710248,-0.014368126493523006,-0.014577864833691495,-0.07288932416845785,-0.07855270943528471,2.4948760756628423
2013-10-29,-1.0049259134838076,0.10255341200854075,0.10417628410722113,0.09813146713714882,0.09826546288495273,0.3874437554108493,NTES,-0.7326994545855547,-0.05977977774337145,-0.02118507263127698,0.009019398746090685,0.036916648363320696,-2.096867053852563
2013-10-30,-1.0154458960360175,0.09930767491066855,0.10436983746487599,0.09828035051254332,0.10344673355937348,0.36760633392170217,NTES,-0.018000115900084712,0.03649712167384195,0.0013633992293791296,0.0010487417099846776,-0.022863129380050657,-0.02022331004589038
2013-10-31,-1.0115371639666106,0.10051365793936946,0.10188341907054403,0.09603215545812657,0.09967989399838768,0.1759047062583984,NTES,0.6966992227853853,-0.02653380037870921,-0.017514451641760194,-0.015836394892986518,0.008495002886527651,-0.20989567805890158
2013-11-01,-1.013515637025323,0.0999032226112237,0.10249385439868978,0.09923322967322702,0.10128787136998889,-0.5977547318183402,NTES,1.4113985614708553,0.011326670515370202,0.004299936028306064,0.022548521869797968,-0.004299936028306064,-0.8521545779308711
2013-11-04,-1.014866771036859,0.09948634064073282,0.10096032226453013,0.09862279434508127,0.10049877031177887,-0.6053290200232873,NTES,-1.4473987932710248,-0.005558466087600809,-0.010802274655807074,-0.004299936028306064,-0.0029365367989267485,-0.006689499946326099
2013-11-05,-1.0164591422153677,0.09899501343280039,0.10049877031177887,0.09711903036661419,0.09976922686341981,-0.6734976138678112,NTES,-0.7326994545855547,-0.005138939398121973,-0.003251194318321387,-0.010592586324780068,-0.0034609326584899695,-0.07356244396770255
2013-11-06,-1.0227326439717206,0.09705947985625182,0.09956077877868577,0.09659792790350057,0.09878657244755494,-0.1840543236719443,NTES,-0.018000115900084712,-0.006921865316979939,-0.0066072578067270646,-0.0036706709986586454,-0.013633992293791294,0.5418278623242498
2013-11-07,-1.0280890216121408,0.09540683250239027,0.09869723958252281,0.0936201894007248,0.09793791377949397,0.20421811692927205,NTES,0.6966992227853853,-0.005977992777079646,-0.006082811938022266,-0.020975334291108306,-0.011641328034764652,0.43017392900284446
2013-11-08,-1.0157354028933023,0.09921834204563643,0.09942678303088187,0.09469217668162179,0.09938212014811011,-0.07963735056088798,NTES,1.4113985614708553,0.010173059635301419,0.005138939398121973,0.007551130346627265,0.02684845789810366,-0.3115982804247449
2013-11-11,-1.0146738035601985,0.09954589115109518,0.1011389879945944,0.09828035051254332,0.09924811730081762,-0.4821566665952191,NTES,-1.4473987932710248,-0.0009439225490419642,0.012060854724243677,0.02527527031941437,0.0023072717692794223,-0.4425577957999405
2013-11-12,-1.013515637025323,0.0999032226112237,0.10014143885165033,0.09835479574998486,0.09945655828606305,-0.43382549423984246,NTES,-0.7326994545855547,0.0014682683994633277,-0.007026784496205994,0.0005243958595631278,0.0025170601185895832,0.055008751978158126
2013-11-13,-1.0023682876047895,0.10334251306675075,0.10451872084027047,0.09908434629783253,0.0997543321363406,0.8761656848252926,NTES,-0.018000115900084712,0.002097533429110747,0.03083378641615685,0.005138989407263644,0.02422652860942988,1.4473989792803894
2013-11-14,-1.0171349735220336,0.09878657244755494,0.1011389879945944,0.09379885513078906,0.09382863038597022,1.9951765970085475,NTES,0.6966992227853853,-0.04174093024204812,-0.023807001919950856,-0.037231255873573565,-0.03209226646631002,1.2366297896415868
2013-11-15,-1.0090759940047755,0.10127298374239829,0.10128787136998889,0.09804213427211668,0.09878657244755494,0.05760153810493908,NTES,1.4113985614708553,0.03492398410429424,0.0010487417099844913,0.0298898638671147,0.01751440163261843,-2.136672377674811
2013-11-18,-1.0115854058357758,0.10049877031177887,0.10506960565805387,0.10024565934427306,0.10215141766564044,0.171937221960569,NTES,-1.4473987932710248,0.02370213274986666,0.026638719557935172,0.015521737373591974,-0.005453596917516518,0.12785249457287176
2013-11-19,-1.016941811297343,0.0988461229579173,0.10143676184487196,0.09836968337757546,0.10118365087736618,-0.4372519579516042,NTES,-0.7326994545855547,-0.006816996146895554,-0.025589927838808917,-0.013214465604312458,-0.011641328034764746,-0.6706423013014209
2013-11-20,-1.018100033474513,0.09848879149778876,0.1001861088339107,0.0977741356770203,0.1001861088339107,-0.05312734184357316,NTES,-0.018000115900084712,-0.0070267344870643235,-0.008809660405922196,-0.004195066858221679,-0.0025170601185896765,0.42559631676328596
2013-11-21,-1.0122126614195108,0.10030521695412402,0.10039454981915615,0.0981761300199206,0.09967989399838768,-0.13464111014443234,NTES,0.6966992227853853,-0.003565801828574261,0.001468268399463421,0.0028316676288425505,0.012794988923975292,-0.08829041378193427
2013-11-22,-1.0173760159409762,0.0987121272101134,0.100870989399498,0.09804213427211668,0.100870989399498,-0.260157886112127,NTES,1.4113985614708553,0.008390133716443359,0.003356063488405678,-0.0009438725399003862,-0.01122180134528591,-0.1368529088450767
2013-11-25,-1.0126951635746033,0.10015633357872951,0.10075188127928468,0.09778902330461088,0.09924811730081762,-0.01778066355382007,NTES,-1.4473987932710248,-0.01143158969459607,-0.0008390033698160018,-0.0017829259188578727,0.010173059635301232,0.26916139414185175
2013-11-26,-1.0121162333234748,0.1003349922093052,0.10168986571288918,0.0983101328672131,0.09982877737378217,0.08898073209686275,NTES,-0.7326994545855547,0.004090197688137296,0.006607207797585394,0.003670721007800223,0.0012584800501532602,0.11949337657019969
2013-11-27,-0.9969636680952042,0.10501004804820291,0.10565026573101842,0.09987344735604253,0.10081143178964704,0.2588611961221046,NTES,-0.018000115900084712,0.006921865316979939,0.027897249617229915,0.011012063005117327,0.03293131984526769,0.1891526932591335
2013-11-29,-0.9907868448252114,0.1069158063695703,0.10801756890564848,0.10570981624138079,0.10573959859605056,-0.02896175566588482,NTES,1.4113985614708553,0.034714245764125566,0.01667539826280252,0.0411116652124008,0.013424253953622713,-0.3159768660451922
2013-12-02,-0.9889531530162886,0.10748157171545568,0.10815156465345238,0.10594803958129602,0.10603737244632815,-0.25528870083751815,NTES,-1.4473987932710248,0.002097533429110933,0.0009438725399002931,0.0016780567487736746,0.003985278508911426,-0.24810878892825955
2013-12-03,-1.002850956686765,0.10319362969135626,0.10745179646027449,0.10241941626073683,0.10670735828483625,0.03181289016904779,NTES,-0.7326994545855547,0.0047194127086431364,-0.004929201057953483,-0.024855793639077205,-0.03020447137736776,0.3185199956814391
2013-12-04,-1.0014997670329346,0.10361051166184714,0.10413161412496076,0.10231519576811411,0.10262785724598228,-0.6275108640520609,NTES,-0.018000115900084712,-0.02873620297790434,-0.02338752523961369,-0.0007341341997317104,0.0029365367989267485,-0.7259717014143454
2013-12-05,-1.0002933308077468,0.10398273074956628,0.10460805370530261,0.1028958487415901,0.10316384733668649,-0.44843305006366896,NTES,0.6966992227853853,0.0037755401687428435,0.003356063488405678,0.004090147678995811,0.0026219292886740606,0.1993030508338067
2013-12-06,-0.9960950084176136,0.10527804664329932,0.10862800423379423,0.1034020706766017,0.1042060593624023,0.6337884622669857,NTES,1.4113985614708553,0.007341392006458775,0.028316726297567266,0.0035658518377158386,0.00912426791617507,1.196028359342894
2013-12-09,-0.9933927125733946,0.1061118105842811,0.10676691589468722,0.10496538516543116,0.10576937385123175,-0.48377972835342203,NTES,-1.4473987932710248,0.011012063005117327,-0.013109596434228167,0.011012063005117421,0.005873073597853684,-1.2316983405760047
2013-12-10,-0.9871675917919424,0.10803245653323906,0.10816645228104296,0.10431027985502503,0.105158938523086,-0.36962438469314807,NTES,-0.7326994545855547,-0.004299936028305971,0.009858402115906688,-0.004614593547700609,0.013529123123707004,0.1276534679537605
2013-12-11,-1.0006794605090978,0.10386361552986437,0.11099530740842427,0.1035360664244056,0.1083897879933676,1.1699398630600262,NTES,-0.018000115900084712,0.022758260209966366,0.019926592581123816,-0.005453596917516611,-0.029365518016693428,1.700759865408997
2013-12-12,-0.99638459873834,0.10518871377826718,0.10636492155178691,0.103804065019502,0.10399761837715686,-0.417594876657813,NTES,0.6966992227853853,-0.03093865558624114,-0.032616662325873146,0.0018877950889422573,0.009334056265485323,-1.750361709979895
2013-12-13,-0.9974944399406089,0.10484626994572924,0.10614159293895087,0.10438472509246657,0.10570981624138079,-0.729222734232779,NTES,1.4113985614708553,0.012060804715101911,-0.0015731375695477122,0.004090197688137481,-0.002412190948505385,-0.3422483797678758
2013-12-16,-0.9951781625131522,0.10556093286598629,0.10627558868675477,0.10514404379600682,0.10570981624138079,-0.6610541403882552,NTES,-1.4473987932710248,0.0,0.0009438725399002931,0.005348677738290556,0.005034120237179259,0.07690168008039447
2013-12-17,-0.991607095706754,0.10666269540206448,0.10745179646027449,0.10551626288372593,0.10670735828483625,-0.48720619206518384,NTES,-0.7326994545855547,0.00702673448706423,0.008285264546358976,0.0026219292886738746,0.007760868686796034,0.19353127887958077
2013-12-18,-0.9868298152443451,0.10813667702586179,0.10940221766441363,0.10633514629660573,0.10633514629660573,0.6435268328162034,NTES,-0.018000115900084712,-0.0026218792795322968,0.013738861463875587,0.005768254436911156,0.010382797975469909,1.2495665198838173
2013-12-19,-0.9846100215552186,0.10882155759144908,0.11010198585759153,0.10645425441681904,0.10749645934304626,-0.057094826141402585,NTES,0.6966992227853853,0.008180345367133105,0.004929201057953483,0.0008390033698160018,0.004824331887869099,-0.7715487971908193
2013-12-20,-0.9777575895477371,0.11093575689806191,0.11166530034642097,0.10818133990863356,0.1086875618436452,0.13081965741942764,NTES,1.4113985614708553,0.008390183725585124,0.011012063005117327,0.012165673885186202,0.014892522353086133,0.20905535517025745
2013-12-23,-0.9728837418835566,0.1124395137770404,0.1133626105830543,0.10989354487234608,0.11203751943414009,-0.5092076958986016,NTES,-1.4473987932710248,0.023597263579782275,0.01195593554501762,0.012060854724243583,0.01059253631563849,-0.7046758531694428
2013-12-24,-0.9716772500160745,0.11281173286475951,0.11479192932407983,0.1110846402734564,0.11299039859482377,-0.5337339624670017,NTES,-0.7326994545855547,0.006712126976811263,0.01006819046521694,0.008390133716443359,0.002621929288673968,-0.025398002142782608
2013-12-26,-0.9696988047785092,0.11342216819290526,0.11433037737132859,0.11290106572979165,0.11302017385000494,-0.5014530674982987,NTES,0.6966992227853853,0.00020973834016858265,-0.0032511943183212936,0.012794988923975292,0.004299936028305971,0.03729538287725782
2013-12-27,-0.9586963200712068,0.11681679576566052,0.11890121271760358,0.11282662049235011,0.11462815122160616,-0.08504755642156447,NTES,1.4113985614708553,0.011326670515370294,0.03219718564553598,-0.0005243958595631278,0.02391192109917682,0.4612220815841978
2013-12-30,-0.9596131937968153,0.11653390954297355,0.11836521552741078,0.11483659220685159,0.11695079151346444,-0.5900001034180372,NTES,-1.4473987932710248,0.016360790752549554,-0.0037755901778846078,0.014158338144212659,-0.0019926642590264556,-0.5556049154551245
2013-12-31,-0.9580207947971595,0.11702523675090598,0.11800789116677085,0.11610213284540347,0.1174123434662157,-0.7140741578228847,NTES,-0.7326994545855547,0.003251194318321387,-0.002517010109447912,0.00891452957600658,0.0034609326584899695,-0.13526069589218678
2014-01-02,-0.9594201150355663,0.11659346005333589,0.11812699928698416,0.11467282120386653,0.11687634627602289,-0.21813862059420622,NTES,0.6966992227853853,-0.0037755901778845145,0.0008390033698160018,-0.010068140456075363,-0.0030414559781528974,0.5489928206122544
2014-01-03,-0.9599026728329532,0.1164445766779414,0.11718900775389106,0.11550658514484831,0.11718900775389106,-0.16349554140137362,NTES,1.4113985614708553,0.002202402599195131,-0.0066072578067270646,0.005873073597853684,-0.0010487417099844913,0.061974683647051505
2014-01-06,-0.9607713603316909,0.11617657808284501,0.11681679576566052,0.11424104450629645,0.11625102332028656,1.1109686191786523,NTES,-1.4473987932710248,-0.006607207797585394,-0.0026218792795323896,-0.008914529576006488,-0.0018877950889422573,1.4081907353154752
2014-01-07,-0.9527608174316281,0.11864810175009777,0.11998808762609117,0.11553636749951808,0.11613191520007325,-0.12111559549274109,NTES,-0.7326994545855547,-0.0008390033698159086,0.02233873352048762,0.009124317925316741,0.017409532462534138,-1.3580802437116417
2014-01-08,-0.9396833202849887,0.12268293990617997,0.12356137382942212,0.11907987844766785,0.1198094218960269,-0.0794570103655321,NTES,-0.018000115900084712,0.025904535349061696,0.025170401149330078,0.024960662809161496,0.028421595467651467,0.04764476707104227
2014-01-09,-0.9523747711937187,0.11876721696979967,0.1255862473704914,0.1185885512397354,0.1237251590313844,0.25777915494996934,NTES,0.6966992227853853,0.027582642106977136,0.014263307332580384,-0.0034609326584900627,-0.027582542088693887,0.3738493957943637
2014-01-10,-0.9427233648556579,0.12174495547257547,0.12202784169526246,0.11799300353918027,0.11910965370284902,-0.42174270115099827,NTES,1.4113985614708553,-0.032511843164930526,-0.02506558198838746,-0.004195066858221494,0.020975334291108493,-0.7482626827548042
2014-01-13,-0.9590341522610983,0.1167125752730378,0.12281693565398387,0.11614680282766383,0.12177473072775664,-0.44662964811011013,NTES,-1.4473987932710248,0.01877293169191327,0.0055584160784591385,-0.01300472726414397,-0.035448329954715786,-0.025796055381005087
2014-01-14,-0.9536293380034829,0.11838011025448997,0.12039008906848007,0.115670363247322,0.11689123390361349,-0.4747627185856279,NTES,-0.7326994545855547,-0.03439958824473111,-0.017094824933997922,-0.003356063488405678,0.01174619720484913,-0.029378534525007396
2014-01-15,-0.9544979698599264,0.11811211165939357,0.11998808762609117,0.1164445766779414,0.11949676041815874,-0.5333732820762899,NTES,-0.018000115900084712,0.018353455011576102,-0.0028317176379842215,0.005453596917516518,-0.0018877950889422573,-0.06301403315480686
2014-01-16,-0.9516509205870649,0.11899054558263572,0.11928831943291329,0.11705501200608716,0.11803766642195203,-0.7606019282247026,NTES,0.6966992227853853,-0.010277928805385616,-0.004929201057953391,0.004299936028305971,0.006187731117248229,-0.24910392202381576
2014-01-17,-0.9539189561453565,0.11829077738945784,0.12018163388425744,0.11705501200608716,0.119675426148223,-0.22931971270627097,NTES,1.4113985614708553,0.011536458864680455,0.006292550278190849,0.0,-0.004929201057953391,0.5880020379580574
2014-01-21,-0.9477421328753637,0.12019652861133662,0.12098563676903523,0.11838011025448997,0.11945209043589837,-0.7301244352095584,NTES,-0.7326994545855547,-0.0015731875786893833,0.005663435275968443,0.009334056265485323,0.013424203944481041,-0.551027303215566
2014-01-22,-0.9452811298404117,0.12095584731487687,0.12198317171300209,0.1191394289580302,0.12101541202421641,-0.0772929280212615,NTES,-0.018000115900084712,0.011012113014258999,0.007026684477922559,0.005348677738290556,0.005348677738290556,0.7221459792390327
2014-01-23,-0.9615433971652154,0.1159383618424184,0.11879699222498086,0.11437504735358896,0.1168614586484323,0.5903264751862178,NTES,0.6966992227853853,-0.029260648846609137,-0.02244360269057182,-0.033560534865773435,-0.03534341077548964,0.7384661620061543
2014-01-24,-0.977998882357004,0.11086131166062037,0.1159383618424184,0.10794312366820694,0.11500037030932529,1.2409939000302441,NTES,1.4113985614708553,-0.013109596434228167,-0.020136330921292304,-0.04530678207976415,-0.03576298747411033,0.7197576598096979
2014-01-27,-0.9783848451314721,0.11074220354040705,0.11136752649614338,0.10769001270070112,0.11084642403302977,-0.287930276196933,NTES,-1.4473987932710248,-0.029260598837467466,-0.03219718564553607,-0.001782925918857966,-0.0008390033698160018,-1.685678058768742
2014-01-28,-0.9693127585405998,0.11354127631311857,0.11544703463448595,0.11153130459861707,0.11168018797401155,-0.33734348972444494,NTES,-0.7326994545855547,0.005873073597853684,0.02873625298704601,0.027058246247414007,0.019716804231813562,-0.05286367558013365
2014-01-29,-0.9740901502875973,0.11206729468932128,0.11404749114864161,0.1106826459305561,0.11273728762731797,-0.15267512968002064,NTES,-0.018000115900084712,0.007446261176543067,-0.009858452125048359,-0.005977992777079646,-0.010382797975469815,0.20547287602625514
2014-01-30,-0.970663920373283,0.11312439434262767,0.11480681695167043,0.11215662755435342,0.11345194344808644,-0.8549198503958295,NTES,0.6966992227853853,0.0050340702280376815,0.005348727747432134,0.01038279797547,0.00744626117654288,-0.7733400367628205
2014-01-31,-0.9755378515009049,0.1116206374636492,0.11290106572979165,0.11011687348518212,0.1110548650182752,-0.8202945328875,NTES,1.4113985614708553,-0.016885136602971102,-0.013424203944481041,-0.0143681264935231,-0.010592536315638397,0.03988272892570393
2014-02-03,-0.9884221586017066,0.10764534981792935,0.11313928197021828,0.10702002686219302,0.11235018091200827,-0.5355373644205605,NTES,-1.4473987932710248,0.009124267916175256,0.0016780067396320035,-0.0218143376609244,-0.0280021187873143,0.315932649632993
2014-02-04,-0.9906420913965689,0.10696046925234207,0.11010198585759153,0.10603737244632815,0.10792823604061634,-0.4881078930419632,NTES,-0.7326994545855547,-0.031148393926409817,-0.021394860980587235,-0.006921865316979939,-0.004824331887869099,0.05401361888260193
2014-02-05,-0.9918484441583153,0.10658825016462295,0.10815156465345238,0.1026129696183917,0.10696046925234207,-0.05096325949930256,NTES,-0.018000115900084712,-0.006816996146895647,-0.013738861463875587,-0.024121659439345494,-0.0026219292886738746,0.4841101427819903
2014-02-06,-0.9921861928847653,0.10648402967200023,0.10792823604061634,0.10465271658807439,0.10623092580398301,-0.5319305605134429,NTES,0.6966992227853853,-0.005138939398121973,-0.0015731375695477122,0.014368076484381428,-0.0007341341997317104,-0.5291343751133296
2014-02-07,-0.9858646996495715,0.10843445087613938,0.10972976676987241,0.10390828551212473,0.10792823604061634,0.31530767726849607,NTES,1.4113985614708553,0.01195593554501762,0.01269006974474933,-0.005243808568206357,0.013738861463875587,0.936696674640949
2014-02-10,-0.9879879539580735,0.10777934556573325,0.11077197879558823,0.10654358728185118,0.1086875618436452,0.5784240222927295,NTES,-1.4473987932710248,0.00534872774743232,0.007341392006458775,0.018563193351744684,-0.004614593547700609,0.29204945533964427
2014-02-11,-0.9913659698243699,0.10673714063950604,0.10969999151469123,0.10658825016462295,0.1071837978651781,-0.12309933764165581,NTES,-0.7326994545855547,-0.010592586324780256,-0.0075511303466273575,0.00031460751025296716,-0.007341341997317011,-0.7725439302863755
2014-02-12,-0.9920414672772699,0.10652869965426058,0.10843445087613938,0.10603737244632815,0.10719868549276867,1.014125934272543,NTES,-0.018000115900084712,0.00010486917008419818,-0.008914529576006395,-0.003880409338827228,-0.001468268399463514,1.256731478171822
2014-02-13,-0.9879397955523499,0.10779423319332385,0.11156107985379825,0.10572470386897138,0.10833023038351665,1.88643145920895,NTES,0.6966992227853853,0.007970657036106287,0.02202412601023456,-0.0022024526083368025,0.008914479566864817,0.9643613746974112
2014-02-14,-0.9835483665798205,0.10914910669690782,0.10926822191660973,0.10660313779221355,0.10660313779221355,-0.016518282186328885,NTES,1.4113985614708553,-0.012165723894327782,-0.016151002403239394,0.006187731117248321,0.009543794605653813,-2.098459266805453
2014-02-18,-0.9821972047471373,0.10956599576688733,0.11098041978083366,0.10855355899635269,0.11011687348518212,0.01612329317308596,NTES,-0.7326994545855547,0.02475092446899282,0.012060804715101911,0.013738861463875587,0.002936586808068606,0.037693436115480296
2014-02-19,-0.9849959565085394,0.10870244947123577,0.11117397313848852,0.10819623463571275,0.10958088339447791,0.017566014735933024,NTES,-0.018000115900084712,-0.0037755401687428435,0.0013633992293791296,-0.0025170101094480982,-0.006082861947163937,0.003261831009235873
2014-02-20,-0.9938269172170276,0.1059778148364772,0.10876199998159812,0.10544181764628438,0.10795801129579752,-0.1146233484599293,NTES,0.6966992227853853,-0.011431589694596164,-0.01699005578219688,-0.01940224673070245,-0.019192458381392104,-0.14421689375219257
2014-02-21,-0.994936814061591,0.10563537100393926,0.1082855604012563,0.1048909399279896,0.10585870671626388,0.6651676562589093,NTES,1.4113985614708553,-0.014787603173860171,-0.003356063488405585,-0.0038804093388270415,-0.002412190948505385,0.8622607190933453
2014-02-24,-1.0025682660105326,0.10122831376013793,0.10419117173481172,0.10122831376013793,0.10383384027468319,0.03686241563901252,NTES,-1.4473987932710248,-0.014263257323438715,-0.028841072147988724,-0.02579971618811917,-0.031043524756325432,-0.6917391229272123
2014-02-25,-1.0095596368269015,0.09911412155301372,0.10164520283011742,0.09895034345054002,0.10055832792162983,1.0191754597425078,NTES,-0.7326994545855547,-0.02307286772021924,-0.017933928322097267,-0.01604613323315501,-0.014892472343944368,1.0857676123552673
2014-02-26,-1.003651426732681,0.10090076465467919,0.10297029397903165,0.09915878443578548,0.09935233779344033,1.1106079387879406,NTES,-0.018000115900084712,-0.008495052895669321,0.009334006256343745,0.001468268399463514,0.012585200574665039,0.10257611394574435
2014-02-27,-0.999072622334069,0.10228541341344434,0.10579914910641293,0.10125809611480771,0.10125809611480771,0.2282033629116045,NTES,0.6966992227853853,0.013424253953622713,0.019926592581123722,0.014787653183001749,0.009753532945822397,-0.9721676292549486
2014-02-28,-0.9967586262406789,0.10298518160662222,0.10417628410722113,0.10163031520252683,0.10349140354163384,0.033255611731894855,NTES,1.4113985614708553,0.015731525722902134,-0.011431539685454493,0.002621929288673968,0.004929201057953391,-0.2134781572029039
2014-03-03,-1.003405265222662,0.10097520989212073,0.102732077738605,0.0991290091806043,0.10143676184487196,0.44695601987829076,NTES,-1.4473987932710248,-0.014472995663607297,-0.010173059635301325,-0.017619320811844297,-0.014158338144212659,0.45823668229752923
2014-03-04,-0.9984817568108115,0.10246407914350861,0.10335740069434135,0.10127298374239829,0.10268740775634465,0.233613568772281,NTES,-0.7326994545855547,0.008809610396780524,0.004404805198390262,0.015102260693254623,0.010487667145554106,-0.2337788723522503
2014-03-05,-0.9907027136762175,0.10481649469054807,0.10520360140585777,0.10213653003804984,0.10243430388832743,-0.43923570010051893,NTES,-0.018000115900084712,-0.0017828759097162949,0.013004727264143876,0.006082861947163937,0.01657052909271823,-0.7408986978476884
2014-03-06,-0.9801171566801655,0.10801756890564848,0.10952132578462696,0.1050249356757935,0.10579914910641293,0.2303674452558751,NTES,0.6966992227853853,0.02370213274986666,0.030414259726678015,0.02034606926146098,0.02254852186979769,0.740655454816378
2014-03-07,-0.9848437470124597,0.10658825016462295,0.10955110103980814,0.10637980917937749,0.10889600282889063,0.4952871922336674,NTES,1.4113985614708553,0.021814387670066073,0.00020973834016858265,0.009543794605653907,-0.01006819046521694,0.2940397215307567
2014-03-10,-0.9926720892198106,0.1042209469899929,0.10570981624138079,0.10288096111399951,0.10570981624138079,-0.10650803966891456,NTES,-1.4473987932710248,-0.02244365269971349,-0.027058196238272336,-0.02464605529890853,-0.01667539826280252,-0.6624822099178601
2014-03-11,-1.0009927544471995,0.10170475334047976,0.10539715476351261,0.10163031520252683,0.10512915616841623,-0.3209325319470596,NTES,-0.7326994545855547,-0.0040901976881373885,-0.0022024025991952243,-0.008809610396780618,-0.017724189981928776,-0.23497303206691775
2014-03-12,-1.004488398123663,0.10064766078666196,0.10140697949020219,0.09853346148004913,0.10066254841425255,-0.38260887875877164,NTES,-0.018000115900084712,-0.0314630014366626,-0.028106987957398497,-0.021814387670066073,-0.007446211167401302,-0.06639748567969793
2014-03-13,-1.0117751738805134,0.098444128615017,0.101660090457708,0.09753591943659368,0.10094543463693954,0.2815840607369459,NTES,0.6966992227853853,0.0019926642590265484,0.001782925918857966,-0.00702673448706423,-0.015521787382733552,0.7346846562430408
2014-03-14,-1.0167970856898478,0.09692548410844792,0.09835479574998486,0.0965532650207288,0.09774436042183912,-0.1400513160051088,NTES,1.4113985614708553,-0.02254852186979778,-0.023282656069529492,-0.006921865316979939,-0.010697405485722782,-0.4636546174257319
2014-03-17,-1.0186189256900828,0.09637459929066453,0.09863768197267185,0.09513883390729386,0.098444128615017,0.5933922585072678,NTES,-1.4473987932710248,0.004929201057953391,0.0019926642590265484,-0.009963321295132744,-0.003880459347968899,0.8111108779817567
2014-03-18,-1.0127107434170095,0.09816124239233,0.09872701483770399,0.09594282259309446,0.09656815264831939,-0.16439724237815304,NTES,-0.7326994545855547,-0.013214465604312458,0.0006292650296474191,0.005663335257685101,0.012585200574665039,-0.8346402354490822
2014-03-19,-1.0223607586977126,0.09524305439991658,0.0977592480494297,0.09449862332396691,0.09734236607893883,0.591588856553709,NTES,-0.018000115900084712,0.005453596917516611,-0.006816996146895647,-0.010173009626159748,-0.02055585761077114,0.8359892053706618
2014-03-20,-1.025413294963454,0.09431995759390265,0.09568971872507724,0.09367973991108713,0.09498995053189936,0.1587723876995895,NTES,0.6966992227853853,-0.01657052909271823,-0.014577864833691587,-0.00576825443691097,-0.006502338627501196,-0.4759942678106287
2014-03-21,-1.0198497332401777,0.09600238020294541,0.09692548410844792,0.093873293268742,0.0964192621734363,0.017205334345221257,NTES,1.4113985614708553,0.010068140456075363,0.008704791235837905,0.0013633992293791296,0.011851066374933421,-0.15456627794597702
2014-03-24,-1.0178310586238277,0.09661281553109116,0.09732747845134825,0.09498995053189936,0.09704459222866124,0.9385633924184281,NTES,-1.4473987932710248,0.0044048552075319335,0.0028316676288426433,0.007865787866021903,0.004299936028305971,1.0184966150956682
2014-03-25,-1.018520355365716,0.09640437454584572,0.09822080000218095,0.09576416396251879,0.09784858091446184,0.045699085211450795,NTES,-0.7326994545855547,0.005663335257685101,0.006292600287332333,0.005453596917516518,-0.001468268399463421,-0.9837111731634004
2014-03-26,-1.0108397712709003,0.09872701483770399,0.09895034345054002,0.09625549117045121,0.09705947985625182,0.68572643852948,NTES,-0.018000115900084712,-0.005558466087600809,0.005138939398122066,0.0034609326584898762,0.016360790752549554,0.7080150892821347
2014-03-27,-1.0172895756367686,0.09677659363356483,0.1000521059866182,0.09448373569637633,0.09863768197267185,1.4431552590241892,NTES,0.6966992227853853,0.011116932175201618,0.00776086868679594,-0.012480331404580748,-0.013738861463875587,0.8375814183235517
2014-03-28,-1.0018790527320858,0.10143676184487196,0.10152608761041551,0.09679148126115543,0.09737214133412,0.7757161960120657,NTES,1.4113985614708553,-0.008914529576006395,0.010382797975469909,0.016255871573323685,0.0328264506751834,-0.7349278992743512
2014-03-31,-1.0059655619318069,0.1002009964615013,0.10416138938014195,0.10000744310384642,0.10253852438095015,-0.12814886311162055,NTES,-1.4473987932710248,0.03639225250375756,0.018563193351744684,0.02265339103988198,-0.008704791235837905,-0.995851796929186
2014-04-01,-0.9935583875046968,0.10395294839489651,0.10431027985502503,0.10090076465467919,0.10090076465467919,-0.324900016244889,NTES,-0.7326994545855547,-0.011536458864680361,0.0010487917191262556,0.006292600287332706,0.026428931208624915,-0.21546842339401628
2014-04-02,-1.011233663072307,0.09860790671749067,0.10643936678922845,0.09826546288495273,0.1042209469899929,0.4058384553371494,NTES,-0.018000115900084712,0.02338752523961369,0.014997391523170424,-0.018563193351744778,-0.037650732553910826,0.8081254786950881
2014-04-03,-1.0146801189606025,0.09756569469177485,0.10030521695412402,0.09610660069556813,0.09900990106039098,0.4067401563139288,NTES,0.6966992227853853,-0.03670686001401054,-0.04320924865065331,-0.015207129863339008,-0.007341392006458775,0.0026647511519021544
2014-04-04,-1.0199974635315656,0.09595771732017365,0.09829524523962249,0.09496016817722959,0.09829524523962249,-0.1701681286295413,NTES,1.4113985614708553,-0.005034070228037774,-0.014158338144212844,-0.008075526206190486,-0.011326670515370202,-0.635016536480509
2014-04-07,-1.0187665446968823,0.09632992930840417,0.09691058938136873,0.09420084947368935,0.09530261200976753,-0.06845625844882322,NTES,-1.4473987932710248,-0.021080253470334268,-0.009753582954964066,-0.005348677738290556,0.0026218792795322968,0.11392063123508499
2014-04-08,-1.006457745846109,0.1000521059866182,0.10017122120632012,0.09634482403548335,0.09686592649859697,-0.33121192308234493,NTES,-0.7326994545855547,0.011012063005117327,0.02296804855927662,0.015102260693254623,0.026219192868456333,-0.28831216598872994
2014-04-09,-1.002962213454234,0.10110920563992463,0.10198763956316677,0.09988833498363311,0.10094543463693954,-0.07873564958410856,NTES,-0.018000115900084712,0.02873625298704601,0.012794938914833623,0.024960662809161496,0.0074462611765431595,0.28030688481208116
2014-04-10,-1.0011405403808817,0.101660090457708,0.10268740775634465,0.10051365793936946,0.10160053284785706,0.06156902240276851,NTES,0.6966992227853853,0.004614543538558845,0.004929201057953391,0.004404805198390356,0.0038804593479687126,0.15651232772489024
2014-04-11,-1.001435917500216,0.10157075759267588,0.10416138938014195,0.10106454275715286,0.10125809611480771,0.34921163399540206,NTES,1.4113985614708553,-0.002412140939363714,0.010382797975469909,0.003880459347968899,-0.0006292650296474191,0.31911707553877283
2014-04-14,-0.9968569739958685,0.10295540635144106,0.10392317313971532,0.10104965512956227,0.10170475334047976,-0.29568490459723595,NTES,-1.4473987932710248,0.003146275139095331,-0.0016780067396320035,-0.00010486917008429133,0.009753532945822582,-0.7100495718854463
2014-04-15,-0.994986140955495,0.10352117879681502,0.10390828551212473,0.10212164241045926,0.10243430388832743,0.04642044599287432,NTES,-0.7326994545855547,0.0051389894072637375,-0.00010486917008429133,0.007551130346627265,0.003985328518053004,0.37922311451036717
2014-04-16,-0.99380440990898,0.10387851025694354,0.10495049043835196,0.10238963390606706,0.1042209469899929,-0.7871119369420174,NTES,-0.018000115900084712,0.012585200574665039,0.007341341997317104,0.0018877450798005862,0.0025170601185895832,-0.9182314154758027
2014-04-17,-0.9868132060194942,0.10599270246406778,0.10615648056654146,0.10258318726372193,0.10417628410722113,-0.5799010524781077,NTES,0.6966992227853853,-0.000314607510252874,0.008495052895669321,0.0013633992293791296,0.014892472343944555,0.23035120341516005
2014-04-21,-0.9727812765985883,0.11023598160539544,0.11181419082130406,0.10615648056654146,0.10687113638730993,0.047682827360365505,NTES,-1.4473987932710248,0.01898267003208185,0.03985318516224763,0.02517045115847175,0.02988986386711498,0.6942822525634592
2014-04-22,-0.9722887866516675,0.11038487208027851,0.11138241412373398,0.10956599576688733,0.11136752649614338,0.18221661309585432,NTES,-0.7326994545855547,0.03167278978597285,-0.003041455978152804,0.024016790269261203,0.0010487917191261624,0.15014347591333058
2014-04-23,-0.9744551915594054,0.10972976676987241,0.11056353781034278,0.10818133990863356,0.11056353781034278,-0.374313229772401,NTES,-0.018000115900084712,-0.005663335257685101,-0.005768204427769392,-0.00975358295496416,-0.004614593547700516,-0.6125265285209389
2014-04-24,-0.9759814875134232,0.10926822191660973,0.11054865018275221,0.10818133990863356,0.11054865018275221,-0.23382821759016806,NTES,0.6966992227853853,-0.00010486917008419818,-0.00010486917008419818,0.0,-0.0032511443091798086,0.15671135434400146
2014-04-25,-0.9871578265692913,0.10588848197144506,0.11039975970786912,0.10483138231813866,0.10824089751848451,0.27923963819731945,NTES,1.4113985614708553,-0.016255921582465357,-0.0010487917191262556,-0.023597263579782275,-0.023807051929092528,0.5679003494278222
2014-04-28,-1.002617453798701,0.10121342613254734,0.10693069399716089,0.09973944450875004,0.10532270952607108,0.9955508941508872,NTES,-1.4473987932710248,-0.020555857610771232,-0.02443626694959846,-0.035867856644194625,-0.03293131984526769,0.792203349166189
2014-04-29,-0.9953308171475864,0.1034169583041923,0.10352117879681502,0.10027544169894284,0.10121342613254734,-0.11318062689708223,NTES,-0.7326994545855547,-0.028945991327214593,-0.024016790269261203,0.0037755901778845145,0.015521787382733552,-1.221946036239554
2014-04-30,-1.0020759986327892,0.10137720423502102,0.10319362969135626,0.10051365793936946,0.10308940209924494,-0.5797207122827519,NTES,-0.018000115900084712,0.013214465604312458,-0.0023072717692794223,0.0016780067396320035,-0.014368126493523006,-0.5132122455844305
2014-05-01,-0.9926228179682008,0.1042358346175835,0.10576937385123175,0.10131764662517007,0.10198763956316677,-0.7178613019253584,NTES,0.6966992227853853,-0.00776086868679594,0.01814366666226585,0.005663335257685101,0.020136330921292397,-0.15078477218286346
2014-05-02,-0.9934106293921617,0.10399761837715686,0.10581403673400351,0.10322340494653744,0.1035360664244056,-0.4010035786850717,NTES,1.4113985614708553,0.010907193835032943,0.000314607510252874,0.013424253953622713,-0.0016780067396320035,0.35135938783479365
2014-05-05,-0.9919335212263123,0.10444427560282894,0.10483138231813866,0.10277674062137679,0.10297029397903165,-0.9838630900752859,NTES,-1.4473987932710248,-0.003985328518052911,-0.006921865316979845,-0.0031463251482370023,0.0031462751390954244,-0.6415844149111799
2014-05-06,-0.995724653306699,0.10329785018397898,0.10498027279302173,0.103014963961292,0.10434005511020622,-0.9106449707607974,NTES,-0.7326994545855547,0.009648663775738104,0.0010487917191261624,0.0016780567487736746,-0.008075476197048815,0.08247442541550917
2014-05-07,-1.0070979382632705,0.09985855262896333,0.1046378289604838,0.09921834204563643,0.10356584167958678,-0.5642114554821459,NTES,-0.018000115900084712,-0.005453596917516611,-0.002412190948505292,-0.026743588728019557,-0.02422657861857155,0.3839997533690369
2014-05-08,-1.0043407512957165,0.10069232366943373,0.1026129696183917,0.0997543321363406,0.09999255547625584,-0.5247169526992075,NTES,0.6966992227853853,-0.025170401149330078,-0.014263207314297135,0.00377554016874275,0.005873123606995448,0.045256447641707394
2014-05-09,-1.006703907356128,0.09997766784866524,0.10103476040248309,0.09665748551335153,0.10027544169894284,-0.1842346638673002,NTES,1.4113985614708553,0.0019926642590266416,-0.011116982184343196,-0.021814337660924308,-0.005034070228037774,0.377431874938366
2014-05-12,-0.9854345290722757,0.10640958443455867,0.10769001270070112,0.09997766784866524,0.10100498514730191,0.3704917770473963,NTES,-1.4473987932710248,0.005138939398122066,0.04687991964931176,0.02338752523961369,0.04530673207062257,0.6138754984425184
2014-05-13,-0.9856315027941264,0.10635003392419631,0.10682647350453818,0.10442938797523835,0.10608203532909992,-0.327965799565939,NTES,-0.7326994545855547,0.03576298747411015,-0.0060828119380221726,0.0313581322665784,-0.0004194766803371653,-0.7691604777614844
2014-05-14,-0.9875516627284039,0.10576937385123175,0.10702002686219302,0.1042209469899929,0.10570981624138079,0.2667961647177635,NTES,-0.018000115900084712,-0.002621929288673968,0.0013633992293790363,-0.001468268399463421,-0.0040901976881373885,0.6580594078852137
2014-05-15,-0.9865177454367183,0.10608203532909992,0.10827067277366569,0.10288096111399951,0.10392317313971532,0.6153937623406855,NTES,0.6966992227853853,-0.012585200574665039,0.008809610396780524,-0.009438925435569522,0.002202402599195131,0.3863880727983718
2014-05-16,-0.9893732801594618,0.10521848903344835,0.10684136113212875,0.10384872790227379,0.10643936678922845,-0.40352834142005406,NTES,1.4113985614708553,0.017724189981928682,-0.010068140456075363,0.006816996146895554,-0.006082861947163937,-1.1228307799221569
2014-05-19,-0.9892256055103681,0.10526315901570872,0.10642447206214928,0.10462294133289321,0.10486116467280844,0.378607085838411,NTES,-1.4473987932710248,-0.011116932175201525,-0.0029365868080684196,0.005453596917516611,0.0003146575193945451,0.8648480651417915
2014-05-20,-0.987699420840939,0.10572470386897138,0.10675202826709662,0.10526315901570872,0.10526315901570872,0.4410047934315466,NTES,-0.7326994545855547,0.0028316676288424572,0.0023073217784210006,0.004509724377616132,0.0032511443091797158,0.07053282826883481
2014-05-21,-0.9844498830321999,0.10670735828483625,0.10764534981792935,0.10590336959903565,0.10666269540206448,-0.42174270115099827,NTES,-0.018000115900084712,0.009858402115906781,0.0062926002873325195,0.004509674368474554,0.006921865316979939,-0.9504737277718235
2014-05-22,-0.9855822037213694,0.10636492155178691,0.10725824310261962,0.10587359434385447,0.10721358021984788,-0.9079398678304592,NTES,0.6966992227853853,0.003880459347968806,-0.002726798458758352,-0.00020973834016858265,-0.002412140939363714,-0.5349061470675556
2014-05-23,-0.9858790831826502,0.10576937385123175,0.10630536394193595,0.10438472509246657,0.10630536394193595,-0.7059588490318701,NTES,1.4113985614708553,-0.006397519466558482,-0.006712126976811263,-0.0104876671455542,-0.004195066858221679,0.22457943146093412
2014-05-27,-0.9852854633658243,0.10594803958129602,0.10684136113212875,0.10460805370530261,0.10684136113212875,-0.6826949638309612,NTES,-0.7326994545855547,0.0037755901778845145,0.0037755901778845145,0.0015731375695477122,0.0012585300592948382,0.027344051921695846
2014-05-28,-0.9858296171830102,0.10578426147882233,0.10666269540206448,0.10523337666103895,0.10666269540206448,-0.701450344147973,NTES,-0.018000115900084712,-0.0012585300592948382,-0.0012585300592948382,0.004404805198390262,-0.001153660889210547,-0.019029150331222943
2014-05-29,-0.9837518782712522,0.10640958443455867,0.10654358728185118,0.10541204239110322,0.10654358728185118,-0.7517652586522644,NTES,0.6966992227853853,-0.0008390033698160018,-0.0008390033698160018,0.0012585300592948382,0.004404805198390262,-0.053858808675689845
2014-05-30,-0.9852854633658243,0.10594803958129602,0.10693069399716089,0.1050398233033841,0.10672225301191546,-0.7979323486633705,NTES,1.4113985614708553,0.0012585300592949313,0.002726798458758259,-0.002621929288673968,-0.0032511443091797158,-0.04928119643613134
2014-06-02,-0.9900345610061662,0.10451872084027047,0.10630536394193595,0.10329785018397898,0.1059778148364772,-0.9068578266583238,NTES,-1.4473987932710248,-0.0052438585773480284,-0.0044048552075319335,-0.012270543055270495,-0.010068190465217034,-0.11854245988684267
2014-06-03,-0.9928048795551768,0.10368495689928868,0.10432516748261562,0.10292563109625988,0.10407205651510981,-1.002257790001586,NTES,-0.7326994545855547,-0.013424253953622713,-0.013948599804044169,-0.0026219292886738746,-0.005873073597853776,-0.1036154634534997
2014-06-04,-0.9858790831826502,0.10576937385123175,0.10672225301191546,0.10307451447165436,0.10307451447165436,-0.6846787059798759,NTES,-0.018000115900084712,-0.00702673448706423,0.016885186612112774,0.0010487417099844913,0.014682734003775972,0.3521554943112386
2014-06-05,-0.98592854918229,0.10575448622364116,0.10629047631434536,0.10469738657033476,0.10548648762854475,-0.903611703141918,NTES,0.6966992227853853,0.01699005578219688,-0.0030414559781528974,0.011431589694596256,-0.00010486917008429133,-0.23994869754469875
2014-06-06,-0.9868190484603965,0.10548648762854475,0.1060969229566905,0.10428050459984385,0.10570981624138079,-0.3687226837163686,NTES,1.4113985614708553,0.0015731375695478052,-0.0013633992293791296,-0.0029365367989269346,-0.0018877950889423503,0.5919825703402821
2014-06-09,-0.9839991804483045,0.10633514629660573,0.1071837978651781,0.10553115051131652,0.10573959859605056,-0.8229996358178382,NTES,-1.4473987932710248,0.0002097883493101606,0.007655999516711649,0.008809610396780432,0.005977992777079739,-0.4996784354848662
2014-06-10,-0.9792006724506171,0.10777934556573325,0.10792823604061634,0.10667758302965509,0.10667758302965509,-0.11209858572494694,NTES,-0.7326994545855547,0.00660720779758558,0.005243858577347936,0.008075526206190672,0.010173009626159654,0.7862325505928518
2014-06-11,-0.9785080371710702,0.1079877865509787,0.10846422613132056,0.1070498021173742,0.10769001270070112,0.3557038810282139,NTES,-0.018000115900084712,0.007131603657148428,0.0037755401687429367,0.0026219292886738746,0.001468268399463421,0.517944668030901
2014-06-12,-0.9621333167694698,0.11291595335738222,0.11342216819290526,0.10806223178842024,0.1085237837411715,2.3361999064265224,NTES,0.6966992227853853,0.005873123606995354,0.03492398410429415,0.007131603657148522,0.034714245764125566,2.1873799491359773
2014-06-13,-0.9642110556812278,0.1122906233021573,0.11313928197021828,0.11045931731772007,0.11281173286475951,2.029801914516877,NTES,1.4113985614708553,0.03020452138650943,-0.0019926642590265484,0.016885186612112774,-0.004404855207531841,-0.33647660781364985
2014-06-16,-0.96569517477616,0.11184396607648524,0.1122906233021573,0.10968510388710064,0.11117397313848852,-0.6572669962857817,NTES,-1.4473987932710248,-0.011536458864680549,-0.005977992777079646,-0.005453596917516611,-0.0031462751390954244,-2.9638270067011216
2014-06-17,-0.9628259520490167,0.11270751237213679,0.11488126218911196,0.11193329894151736,0.11197796182428914,-0.2065968480914297,NTES,-0.7326994545855547,0.005663335257685194,0.018248585841491718,0.015836394892986425,0.006082861947163937,0.4990371392153333
2014-06-18,-0.9599566736795792,0.11357105156829975,0.1138986077732471,0.11176952083904369,0.11239484379478003,-0.514798241954634,NTES,-0.018000115900084712,0.002936536798926842,-0.006921865316979845,-0.001153660889210547,0.006082811938022266,-0.3384668740047623
2014-06-19,-0.9562463898528221,0.11468770883145712,0.11473237171422887,0.11240973852185923,0.1133626105830543,-0.8697077464150119,NTES,0.6966992227853853,0.006816996146895647,0.00587307359785359,0.004509724377616318,0.007865787866021903,-0.39001476835457327
2014-06-20,-0.9554548225739953,0.11492592507188375,0.11508970317435742,0.11357105156829975,0.11508970317435742,-0.527061375238834,NTES,1.4113985614708553,0.012165723894327874,0.0025170601185897693,0.008180345367133014,0.0016780067396320035,0.37982019436770087
2014-06-23,-0.9578295522316227,0.11421126925111529,0.11492592507188375,0.11316905722539945,0.11492592507188375,-0.772504381118191,NTES,-1.4473987932710248,-0.001153660889210547,-0.001153660889210547,-0.0028316676288425505,-0.005034070228037589,-0.26920561055405096
2014-06-24,-0.9533275898414503,0.11556614275469927,0.11638501906809046,0.11330306007269195,0.11360083392296953,-0.5211101487920898,NTES,-0.7326994545855547,-0.009334006256343653,0.010277928805385616,0.0009439225490419642,0.009543794605653813,0.27911272509741375
2014-06-25,-0.9559495660338356,0.11477704169648924,0.11553636749951808,0.11404749114864161,0.11446438021862108,-0.4430228442029925,NTES,-0.018000115900084712,0.006082861947163937,-0.0059779427679379745,0.005243808568206357,-0.005558466087600903,0.08784814413151264
2014-06-26,-0.9500131452964008,0.11656368479815471,0.11721879010856083,0.11468770883145712,0.11501525793691587,-0.5546534251282841,NTES,0.6966992227853853,0.0038804093388271348,0.01185106637493333,0.004509724377616132,0.012585200574665039,-0.12152785917351126
2014-06-27,-0.9529813556651182,0.115670363247322,0.11724856536374201,0.11459837596642498,0.11595324947000898,-0.8112775231197058,NTES,1.4113985614708553,0.006607257806727158,0.00020973834016858265,-0.0006292650296474191,-0.006292600287332427,-0.2815452609389478
2014-06-30,-0.9496668276566274,0.11666790529077745,0.11714434487111929,0.11525348127683109,0.11568525087491258,-0.7209270852464084,NTES,-1.4473987932710248,-0.0018877950889423503,-0.0007341341997317104,0.004614593547700516,0.00702673448706423,0.10138195423107692
2014-07-01,-0.9469954689280435,0.11747189397657805,0.11776966782685563,0.11672746290062838,0.11687634627602289,-0.9708785960096624,NTES,-0.7326994545855547,0.008390133716443359,0.004404805198390356,0.010382797975469815,0.005663335257685101,-0.2741812760318319
2014-07-02,-0.9474901567455896,0.11732301060118355,0.11861832649491658,0.11657857242574532,0.11762078445146114,-0.6835966648077405,NTES,-0.018000115900084712,0.005243858577347936,0.0059779927770794595,-0.0010487917191261624,-0.0010487417099845843,0.3187190223005504
2014-07-03,-0.9446209061972991,0.11818655689683512,0.11866298937768836,0.11657857242574532,0.11826099503478807,-1.139496678667413,NTES,0.6966992227853853,0.004509674368474554,0.00031460751025296716,0.0,0.006082861947163937,-0.5014696750568673
2014-07-07,-0.9517446222106797,0.11604258233504113,0.11864810175009777,0.1151194784295386,0.11864810175009777,-1.0235379330535803,NTES,-1.4473987932710248,0.002726798458758259,-0.00010486917008429133,-0.010277928805385616,-0.015102260693254623,0.1296437341448729
2014-07-08,-0.9626281436927515,0.11276706288249914,0.11592346711533921,0.10956599576688733,0.11526836890442169,-0.5155196027360575,NTES,-0.7326994545855547,-0.02380700191995095,-0.01919245838139201,-0.03911900095337425,-0.023072917729361004,0.5623276040927074
2014-07-09,-0.9610944751347379,0.1132286148352504,0.11373482967077343,0.11151640987153788,0.11215662755435342,-0.7984733692494381,NTES,-0.018000115900084712,-0.02191925684015027,-0.015416868203507683,0.013738811454733916,0.003251194318321387,-0.31060314732918876
2014-07-10,-0.9607481574949643,0.11333283532787312,0.1138986077732471,0.11020620635021426,0.11123353074833947,-0.8902665286855826,NTES,0.6966992227853853,-0.006502338627501289,0.001153660889210547,-0.009229137086259269,0.0007341341997317104,-0.09963493107127491
2014-07-11,-0.9596103560398056,0.11367527916041108,0.11504504029158565,0.1124395137770404,0.1133774982106449,-0.8468045416048148,NTES,1.4113985614708553,0.015102210684113137,0.008075526206190392,0.01573152572290204,0.002412190948505385,0.04963503326215466
2014-07-14,-0.9514477427493989,0.11613191520007325,0.11762078445146114,0.11483659220685159,0.1149557074265535,-0.7624053301782615,NTES,-1.4473987932710248,0.011116982184343196,0.018143666662265943,0.016885136602970918,0.01730466329244994,0.09481407580040602
2014-07-15,-0.9494194420161336,0.11674235052821898,0.11702523675090598,0.11433037737132859,0.11617657808284501,-0.8743965914942649,NTES,-0.7326994545855547,0.008599872056612036,-0.004195066858221679,-0.0035658018285741676,0.004299936028305785,-0.12192591241173374
2014-07-16,-0.9332427247188285,0.12161095972477157,0.1223702784283118,0.11736767348395533,0.11762078445146114,0.23379390896763688,NTES,-0.018000115900084712,0.010173059635301325,0.037650732553910826,0.021394860980587235,0.034294719074646915,1.2246881924949125
2014-07-17,-0.9378433965391034,0.1202263038665178,0.1226382841228968,0.11995831237091,0.12147696397696767,-0.19289099324438258,NTES,0.6966992227853853,0.027163115417498298,0.0018878450980839283,0.01824858584149181,-0.00975358295496416,-0.4692273627608466
2014-07-18,-0.9317091952665506,0.12207251167752282,0.12308494134856887,0.12058363532664633,0.12161095972477157,-0.7416662077123349,NTES,1.4113985614708553,0.0009438725399002931,0.0031462751390954244,0.004404805198390262,0.013004777273285547,-0.6039683838991556
2014-07-21,-0.9270093132355244,0.12348692859198057,0.12432070673193955,0.12178962545483583,0.1223702784283118,-0.6725959128910317,NTES,-1.4473987932710248,0.005348677738290556,0.008704791235837905,0.008495052895669321,0.0099632212768494,0.07789681317595067
2014-07-22,-0.9172638714200829,0.1264200113114732,0.1268368932819641,0.12421648623931683,0.12484180919505317,-0.47530373917169555,NTES,-0.7326994545855547,0.01740958247167581,0.01772413997278701,0.017094924952281265,0.020660776789997195,0.2194047393640419
2014-07-23,-0.9211720192453995,0.12524379643846487,0.1272388805253758,0.1238591547791883,0.1272388805253758,-0.8071296986265205,NTES,-0.018000115900084712,0.01688508659382934,0.0028316176197008794,-0.0025170601185896765,-0.00828531455550074,-0.3645393611083346
2014-07-24,-0.9186489750522939,0.12600312934098232,0.1265540070592771,0.12271271516136115,0.12470781344724927,-0.8913485698577179,NTES,0.6966992227853853,-0.017828959133729633,-0.004824281878727428,-0.008075576215332156,0.005348777756573898,-0.09127581306860286
2014-07-25,-0.9235959645123424,0.12451425299010581,0.12717933001501344,0.12424626149449801,0.1265540070592771,-0.6835966648077405,NTES,1.4113985614708553,0.013004677255002204,0.004404805198390262,0.010802374674090415,-0.010487717154695871,0.23094828327249378
2014-07-28,-0.9124156748535784,0.12787909820819132,0.12874265160333145,0.12350182331905976,0.1254969074059707,-0.05186496047608198,NTES,-1.4473987932710248,-0.007446261176543067,0.011012113014258999,-0.005243858577347936,0.02370213274986666,0.6988598648030178
2014-07-29,-0.9167196897817499,0.12658378231445827,0.12915953357382234,0.12627112083659012,0.12820665441313867,-0.3730508484049098,NTES,-0.7326994545855547,0.019087589211307814,0.002936536798926842,0.019507065891644977,-0.00912426791617507,-0.3527967905807715
2014-07-30,-0.9129104183134187,0.12773022193228542,0.1286830868939919,0.12516935120102332,0.12662845229671865,-0.7771932261974439,NTES,-0.018000115900084712,-0.011116932175201618,-0.0033561134975473492,-0.007760918695937612,0.008075576215332156,-0.44434903537194165
2014-07-31,-0.9215677194213714,0.12512469541774016,0.12740266572733808,0.12408247629253573,0.12610734983360503,-0.6938760559430259,NTES,0.6966992227853853,-0.003670670998658552,-0.009019348736949108,-0.007655999516711649,-0.018353455011576102,0.09361991608573858
2014-08-01,-0.9306208598110317,0.12240005368349298,0.1250651307084006,0.12025607912169899,0.1250651307084006,-0.6437414816340904,NTES,1.4113985614708553,-0.007341442015600446,-0.016465709931775516,-0.026953327068188045,-0.019192508390533776,0.05699901816927052
2014-08-04,-0.9246843834313028,0.12418669678515845,0.12449937246200382,0.12187895122037937,0.12329338233381432,-0.6338227708895168,NTES,-1.4473987932710248,-0.012480281395439077,-0.003985228499769755,0.011431589694596164,0.012585200574665039,0.012616082107464127
2014-08-05,-0.927949334155565,0.12320404236929358,0.12488646497833633,0.12274250461551953,0.12421648623931683,-0.8487882837537295,NTES,-0.7326994545855547,0.006502388636642774,0.0027266984404749166,0.006082911956305608,-0.006921865316979939,-0.23557011192425148
2014-08-06,-0.9287902561494431,0.12295094560076497,0.1233082628619163,0.12134295403018656,0.12232560844605143,-0.7710616595553439,NTES,-0.018000115900084712,-0.013319434792680091,-0.011116932175201618,-0.009858502134190122,-0.0017828259005746238,0.08745009089329016
2014-08-07,-0.9269599585204731,0.12350182331905976,0.12500558019803826,0.12184917596519819,0.12260849466873842,-0.7645694125225321,NTES,0.6966992227853853,0.0019926642590265484,0.011955985554159292,0.003565851837715932,0.0038804093388271348,0.008834576344350578
2014-08-08,-0.9272073163398197,0.12342737808161822,0.1249311349605967,0.12220650742532672,0.12381448479692793,-0.6599720992161199,NTES,1.4113985614708553,0.008495052895669321,-0.0005243958595631278,0.0025170601185896765,-0.0005243958595631278,0.11710505714086482
2014-08-11,-0.9243380657915292,0.12429091727778117,0.12515447067292135,0.12350182331905976,0.12451425299010581,-0.8242620171853294,NTES,-1.4473987932710248,0.004929201057953391,0.0015731875786893833,0.00912426791617507,0.006082811938022266,-0.1796436319539932
2014-08-12,-0.9284440776154054,0.1230551660933877,0.12478224448571361,0.12150673923214884,0.12293605087368578,-0.5833275161898696,NTES,-0.7326994545855547,-0.011116932175201618,-0.002621979297815639,-0.01405346897412846,-0.008704691217554562,0.26756918118896184
2014-08-13,-0.9214687874220916,0.12515447067292135,0.1265540070592771,0.12268293990617997,0.12446958300784544,-0.2074985490682091,NTES,-0.018000115900084712,0.010802274655807074,0.01248038141372242,0.008285214537217396,0.014787603173860171,0.4164410922841689
2014-08-14,-0.9147902932266172,0.12716444948691144,0.12784932295301013,0.12161095972477157,0.1265540070592771,-0.10542599849677926,NTES,0.6966992227853853,0.01468278401291755,0.00912426791617507,-0.007551080337485687,0.014158388153354422,0.11431868447330747
2014-08-15,-0.9071224512171979,0.12947219505169053,0.13015706851778922,0.12656890178635627,0.12714955475983225,-0.34690152007830677,NTES,1.4113985614708553,0.004195066858221679,0.01625587157332359,0.03492398410429424,0.01625587157332359,-0.26482702493360366
2014-08-18,-0.8965357535541125,0.13265837453971174,0.1335070332077727,0.12981463178473987,0.13052929470499694,-0.22931971270627097,NTES,-1.4473987932710248,0.02380705192909262,0.023597313588924036,0.022863079370908986,0.02244360269057182,0.13143497371687407
2014-08-19,-0.8991081246411222,0.13188416110909232,0.13332836747770846,0.13109506715037092,0.1319437258184319,-0.7880136379187969,NTES,-0.7326994545855547,0.009963321295132744,-0.0012585300592948382,0.00901944875523245,-0.005453596917516518,-0.6149148479502738
2014-08-20,-0.9014828264776025,0.13116951238781246,0.13303060072691947,0.13109506715037092,0.13188416110909232,-1.0145209232857861,NTES,-0.018000115900084712,-0.00041957669862050754,-0.0020974834199691686,0.0,-0.005034020218896011,-0.2483078155473708
2014-08-21,-0.9009881108389094,0.13131838866371837,0.1328668155249572,0.1307526162183444,0.13161616961348452,-0.817048409371094,NTES,0.6966992227853853,-0.0018877450798005862,-0.001153710898352218,-0.0024122409576470562,0.0010486917008429133,0.21960376598315312
2014-08-22,-0.9033131797488668,0.1306186204705405,0.13225638729630004,0.1299039717492606,0.13131838866371837,-1.089001423967766,NTES,1.4113985614708553,-0.002097583438252511,-0.0042998860191643,-0.005977892758796304,-0.004929201057953391,-0.29846252356340314
2014-08-25,-0.8943588322527504,0.13331348694960646,0.13346236322551236,0.13108017242329173,0.13148217386568062,-0.6913512932080436,NTES,-1.4473987932710248,0.001153710898352218,0.00849495287738598,0.008285214537217396,0.018982770050365194,0.4405233131966289
2014-08-26,-0.8914897486313429,0.13417702614576943,0.13557656253212522,0.13265837453971174,0.133685698937837,-0.534816003639137,NTES,-0.7326994545855547,0.01552173737359188,0.014892522353086319,0.011116932175201618,0.006082811938022266,0.17442472344490179
2014-08-27,-0.8925327356170006,0.13331348694960646,0.1351447858345551,0.13198838160171505,0.13349213848069355,-0.6446431826108698,NTES,-0.018000115900084712,-0.0013634492385208006,-0.0030414559781529902,-0.004719462717784808,-0.006082811938022266,-0.11953759298239887
2014-08-28,-0.8987423043771938,0.13145239861049945,0.13384946994082206,0.1307079604350612,0.13240526357220594,-0.9438275667062799,NTES,0.6966992227853853,-0.007655999516711649,-0.00912426791617507,-0.009019348736949108,-0.013109596434228167,-0.3285155430492003
2014-08-29,-0.8999841291015616,0.13108017242329173,0.1324648282815455,0.13081218092768393,0.13175016536128842,-0.9117270119329327,NTES,1.4113985614708553,-0.004614543538558845,-0.009753482936680819,0.0007341341997317104,-0.002621979297815639,0.03709635625814658
2014-09-02,-0.9006794073900881,0.13087173143804628,0.13188416110909232,0.1302910784645703,0.13060373994243848,-0.7943255447562528,NTES,-0.7326994545855547,-0.008075476197048815,-0.00409024769727906,-0.003670670998658552,-0.001468268399463421,0.13123594709776282
2014-09-03,-0.8988912031567622,0.13140772862823907,0.13237548831702475,0.1306186204705405,0.13169061485092606,-0.5252579732852751,NTES,-0.018000115900084712,0.007655999516711649,0.0034609326584899695,0.0023072217601377513,0.0037755901778845145,0.2986173337703152
2014-09-04,-0.891340766388333,0.1336708042107578,0.1350405653419324,0.1321968225869605,0.1321968225869605,-0.8114578633150616,NTES,0.6966992227853853,0.0035657518194325897,0.018772931691913453,0.011116932175201618,0.015941214053929047,-0.31418562647319104
2014-09-05,-0.8918870624338497,0.1335070332077727,0.13386436466790125,0.1328668155249572,0.133685698937837,-0.7840461536209674,NTES,1.4113985614708553,0.010487717154695871,-0.008285214537217584,0.004719462717784808,-0.0011536108800688756,0.03192166416125435
2014-09-08,-0.895563070607313,0.13240526357220594,0.13448968762363758,0.13200327632879424,0.1332688169673461,-0.8336397073438353,NTES,-1.4473987932710248,-0.002936536798926842,0.004404805198390262,-0.006082811938022266,-0.007760918695937612,-0.05306270219924489
2014-09-09,-0.8993880610237862,0.13125883815335598,0.133700579465939,0.1308419561828651,0.1319288310913527,-0.7876529575280851,NTES,-0.7326994545855547,-0.009438925435569616,-0.005558516096742481,-0.008180395376274777,-0.008075476197048815,0.05242140592971201
2014-09-10,-0.9006297744635653,0.13088662616512547,0.1319139363642735,0.12972530601919632,0.13052929470499694,-0.9317447736174357,NTES,-0.018000115900084712,-0.009858402115906781,-0.012585200574665039,-0.007865737856880231,-0.0026218792795322968,-0.15735265061353437
2014-09-11,-0.897053282533472,0.13195860634653386,0.13212237734951895,0.12981463178473987,0.12999329751480415,-1.10721578369871,NTES,0.6966992227853853,-0.0037755901778845145,0.001468268399463421,0.000629215020505748,0.007551080337485687,-0.19198328233889003
2014-09-12,-0.8985930439227123,0.13149705439378262,0.13210749682141695,0.13115461766073327,0.1319139363642735,-1.0267840565699862,NTES,1.4113985614708553,0.013529073114565332,-0.00010481916094262023,0.009438925435569616,-0.003251194318321387,0.09043549017995875
2014-09-15,-0.9070378192875553,0.1289659731166789,0.1319437258184319,0.12793866291753087,0.1319437258184319,-0.9261542275614033,NTES,-1.4473987932710248,0.00020983835845192486,-0.0011536108800688756,-0.022653341030740404,-0.017829059152012976,0.11272647152041755
2014-09-16,-0.8994874103402732,0.13122906289817482,0.1317948353435488,0.1273877710002589,0.12805776393825558,-0.8947750335694797,NTES,-0.7326994545855547,-0.02737290376680855,-0.0010487917191262556,-0.003880509357110477,0.015941314072212387,0.03630024978170162
2014-09-17,-0.8993384002761162,0.13127373288043517,0.13239038304410394,0.1304250742123742,0.13239038304410394,-0.8875614257552443,NTES,-0.018000115900084712,0.030519178905903978,0.004195066858221679,0.021394910989728906,0.0003146575193945451,0.009630682820795535
2014-09-18,-0.8929800718420905,0.13317947700282537,0.13332836747770846,0.13145239861049945,0.1320926020943378,-0.9806169665588801,NTES,0.6966992227853853,-0.002097583438252511,0.006607207797585394,0.007236522836374484,0.01342415393533937,-0.10102811740505359
2014-09-19,-0.8960101286209313,0.13227126782440204,0.13411747563540707,0.13035062897493266,0.13310503176538382,-0.625707462098502,NTES,1.4113985614708553,0.007131603657148522,0.005558516096742481,-0.007760918695937612,-0.006397469457416811,0.39335400446726515
2014-09-22,-0.9051004380631894,0.12954664028913207,0.1324797088096475,0.1286979816210711,0.1313779533730579,-0.8143433064407558,NTES,-1.4473987932710248,-0.012165623876044532,-0.011536508873822127,-0.011641328034764746,-0.019192408372250433,-0.2065122255340105
2014-09-23,-0.9036102539581776,0.12999329751480415,0.13173527063420926,0.12880220211369384,0.1290850883363808,-1.044096715324151,NTES,-0.7326994545855547,-0.016151052412380972,-0.005243858577347936,0.0007341341997317104,0.0031462751390954244,-0.2518902946913731
2014-09-24,-0.8985930439227123,0.13149705439378262,0.1321670473317793,0.12999329751480415,0.13090150669322748,-0.8789050963781619,NTES,-0.018000115900084712,0.012794938914833623,0.003041455978152804,0.008390133716443359,0.01059253631563849,0.18397800116224128
2014-09-25,-0.9152340683448713,0.12650933707701673,0.13099084665774818,0.12595845935872194,0.13063351519761965,-0.755372062559382,NTES,0.6966992227853853,-0.0018877450798005862,-0.008285214537217396,-0.028421595467651467,-0.03513372244446282,0.13800285214754496
2014-09-26,-0.9116078322036666,0.12759621198550433,0.12927863459454708,0.1267028975341602,0.1270900042494699,-0.8415746759394942,NTES,1.4113985614708553,-0.024960662809161496,-0.012060904733385254,0.005243858577347936,0.007655999516711649,-0.09346510587882649
2014-09-29,-0.9151346633860898,0.12653911233219792,0.12912975831864118,0.12487158445023434,0.12618179507104657,-0.7018110245386847,NTES,-1.4473987932710248,-0.006397469457416811,-0.0010486917008429133,-0.012899858094059585,-0.007446261176543067,0.1559152478675565
2014-09-30,-0.9118064751943464,0.12753666147514198,0.12773022193228542,0.12554157738823105,0.12729844523471534,-0.7046964676643789,NTES,-0.7326994545855547,0.007865737856880231,-0.009858402115906781,0.004719462717784808,0.007026784496205901,-0.001514807849433874
2014-10-01,-0.9252682102043303,0.12350182331905976,0.12817687915795747,0.12175985019965466,0.12813220917569712,-0.710647694111123,NTES,-0.018000115900084712,0.005873073597853684,0.0031462751390954244,-0.0266386695487935,-0.028421595467651467,-0.004898260374324944
2014-10-02,-0.9279505861071871,0.12269783463325916,0.12499069966993626,0.12122385300946185,0.1233082628619163,-0.8415746759394942,NTES,0.6966992227853853,-0.03398011156439395,-0.02244360269057182,-0.0037755901778845145,-0.005663335257685101,-0.14282370741841388
2014-10-03,-0.923181930200396,0.1241271462747961,0.12555645791633305,0.1235762685565013,0.12387403530729028,-0.8890041473180914,NTES,1.4113985614708553,0.003985328518053097,0.003985228499769755,0.016570529092718136,0.010068140456075363,-0.050674382769910015
2014-10-06,-0.9191581576875072,0.1253331364029856,0.126970889029768,0.12394848054473183,0.12516935120102332,-0.8143433064407558,NTES,-1.4473987932710248,0.00912426791617507,0.009963321295132744,0.0026218792795322968,0.008495052895669321,0.08406663836839909
2014-10-07,-0.9216916904530897,0.12457380350046816,0.12691133851940564,0.12432070673193955,0.12460359295462654,-0.6769240775795728,NTES,-0.7326994545855547,-0.003985228499769755,-0.0004194766803371653,0.002621979297815639,-0.005348777756573898,0.1533279018191104
2014-10-08,-0.9150850861018613,0.1265540070592771,0.12790887346337249,0.1230551660933877,0.12516935120102332,0.09601399971574218,NTES,-0.018000115900084712,0.003985228499769755,0.007026684477922559,-0.008914529576006488,0.01394864981318584,0.8546977075671183
2014-10-09,-0.9150850861018613,0.1265540070592771,0.12935307983198863,0.12640511658439402,0.12692621904750762,-0.14546152186578531,NTES,0.6966992227853853,0.012375462234496457,0.010173059635301325,0.023597213570640697,0.0,-0.26482702493360366
2014-10-10,-0.9229335151774575,0.12420159151223764,0.12892131733339574,0.12320404236929358,0.1272091052701946,0.3187341409802578,NTES,1.4113985614708553,0.0019926642590265484,-0.003041355959869462,-0.02254852186979778,-0.016570529092718136,0.5139641356486763
2014-10-13,-0.9249703013606048,0.1235911490846033,0.12665822755189982,0.12283183038106306,0.12388893003436947,0.10196522616248632,NTES,-1.4473987932710248,-0.02338747523047211,-0.015941314072212387,-0.0026218792795322968,-0.004299986037447643,-0.23756037811536387
2014-10-14,-0.9108129542083285,0.12783444242490813,0.1302761837374911,0.12365071379394285,0.12490135970541552,-0.3337366858173273,NTES,-0.7326994545855547,0.007131603657148522,0.025485058668724622,0.005768254436911063,0.02988996388539823,-0.47917869371640853
2014-10-15,-0.8952650226578518,0.13249460353672668,0.13319437172990456,0.12487158445023434,0.12673267278934136,0.6839230365759211,NTES,-0.018000115900084712,0.012899858094059585,0.020555857610771232,0.008599872056611942,0.03282640066604173,1.1247768297010703
2014-10-16,-0.8996860811521002,0.13116951238781246,0.1322265978421417,0.12792376819045168,0.12929352932162627,0.11440869964204226,NTES,0.6966992227853853,0.018038797492181558,-0.006817046156037319,0.021499730150671525,-0.009334006256343653,-0.6268564450969482
2014-10-17,-0.8998847519639273,0.13110994767847292,0.13383458941272008,0.13039529895719304,0.13268814979489293,-0.7885546585048645,NTES,1.4113985614708553,0.02391187109003524,0.011326770533653543,0.01740958247167581,-0.00041957669862050754,-0.9948566638336298
2014-10-20,-0.8892544307421044,0.13429614136547133,0.13484701908376612,0.13110994767847292,0.13148217386568062,-0.48900959401874267,NTES,-1.4473987932710248,-0.00849495287738598,0.007131603657148522,0.005034020218896011,0.02244370270885516,0.33225283240011466
2014-10-21,-0.8792202888826454,0.1373036551234283,0.14139804378987283,0.1363656706898238,0.1363656706898238,-0.2964062653786595,NTES,-0.7326994545855547,0.03439958824473111,0.04614573544043829,0.03702156754254675,0.02118507263127698,0.21423004726714967
2014-10-22,-0.8804621970704546,0.13693142893622057,0.14026649889912493,0.13663366218543158,0.13711009466628485,-0.7167792607532231,NTES,-0.018000115900084712,0.0052437585590645935,-0.007970657036105822,0.0018877450798004,-0.002621979297815639,-0.46226143109195317
2014-10-23,-0.879816412602715,0.13712498939336404,0.13955185017784502,0.13690165368103943,0.1385096452516178,-0.5333732820762899,NTES,0.6966992227853853,0.009858502134190122,-0.0050340202188961965,0.0018877450798009587,0.0013634492385208006,0.20407968969247645
2014-10-24,-0.8766372066539814,0.13807786855404772,0.13912007348027497,0.13518945581681546,0.136112559722318,-0.8038835751101145,NTES,1.4113985614708553,-0.016885186612112496,-0.0030414559781526177,-0.012060804715102099,0.006712126976811356,-0.2968703106105132
2014-10-27,-0.8804621970704546,0.13693142893622057,0.13789920282398346,0.1351299053064531,0.13669321269579396,-0.5010923871075869,NTES,-1.4473987932710248,0.004090147678995531,-0.008599872056612128,-0.0004194766803371653,-0.008075576215332156,0.33583531154411694
2014-10-28,-0.8765875180851643,0.13809274908214972,0.13877763674722557,0.13633588123566542,0.13693142893622057,-0.6917119735987552,NTES,-0.7326994545855547,0.0016780067396320035,0.006187731117248042,0.00849495287738598,0.008180395376274777,-0.20870151834423414
2014-10-29,-0.8802633871528919,0.13699099364556014,0.14007295264095865,0.13672298795097515,0.1394774049404035,-0.5943282681065785,NTES,-0.018000115900084712,0.017933978331239123,0.009124267916175256,0.002726798458758445,-0.0077608186776542696,0.10914399237641524
2014-10-30,-0.8703285389676256,0.1399687321483359,0.14130871802432932,0.13719943463080558,0.13731853565153027,-0.5250776330899193,NTES,0.6966992227853853,-0.01520717987248105,0.008704791235837905,0.0033561134975471627,0.0209753342911084,0.0780958397950619
2014-10-31,-0.8668015965006137,0.14102583180164233,0.14261892864514153,0.14081739081639688,0.14139804378987283,-0.6480696463226315,NTES,1.4113985614708553,0.02873625298704601,0.009229187095400847,0.025485058668724622,0.007446261176543067,-0.13406653617751935
2014-11-03,-0.8712225993525679,0.1397007406527281,0.14232114769537535,0.13925406922807884,0.14217225722049226,-0.5896394230273254,NTES,-1.4473987932710248,0.005453596917516518,-0.002097583438252511,-0.011012113014258999,-0.009334006256343653,0.06615424264838754
2014-11-04,-0.8700304631970173,0.14005805791387946,0.14153203953767676,0.13804809329886655,0.13868829678270486,0.08320984584547449,NTES,-0.7326994545855547,-0.024541186128824145,-0.005558516096742294,-0.00849495287738598,0.002516960100306334,0.7442379339603803
2014-11-05,-0.8736071498751407,0.13898607773247104,0.14218715194757148,0.1381076438092289,0.14154693426475595,-0.8235406564039058,NTES,-0.018000115900084712,0.02013638093043407,0.004614643556842188,0.0004194766803371653,-0.007551080337485687,-0.9990362228349658
2014-11-06,-0.8763391030622258,0.13816719431959126,0.1401027278961398,0.13669321269579396,0.1394476296852223,-0.7887349987002205,NTES,0.6966992227853853,-0.014787603173860171,-0.01468278401291755,-0.009963321295132744,-0.005768254436911063,0.04008175554481517
2014-11-07,-0.8813065410654326,0.13667833216769193,0.13900097245955026,0.1366485569125108,0.13775031234910037,-0.7393217851727084,NTES,1.4113985614708553,-0.011955985554159292,-0.007760818677654083,-0.0003145575011112029,-0.010487617136412714,0.05620291169282556
2014-11-10,-0.8749482682737011,0.13858407629008218,0.13910519295217297,0.13754187136385493,0.13792897807916463,-0.3427536955851215,NTES,-1.4473987932710248,0.0012585300592948382,0.0007341341997315241,0.006292550278190849,0.013424153935339743,0.4393291534819615
2014-11-11,-0.8711231665726393,0.1397305159079093,0.1415916042470163,0.1390456282428334,0.1398794063827924,-0.4899112949955221,NTES,-0.7326994545855547,0.013738911473017257,0.01751440163261843,0.01059253631563849,0.00807557621533197,-0.16073610313842543
2014-11-12,-0.8657585260515144,0.14133849327951054,0.14325913212897984,0.14029628835328328,0.1405493851218119,-0.420660659978863,NTES,-0.018000115900084712,0.004719362699501465,0.01174614719570718,0.008809710415063867,0.011326670515370387,0.0780958397950619
2014-11-13,-0.8505085868082046,0.1459093286257855,0.1476661964722698,0.1400134021305963,0.140981161819382,0.41341274354209645,NTES,0.6966992227853853,0.0030414559781529902,0.03104357476546729,-0.0019926642590265484,0.032197185645535795,0.9221677314458284
2014-11-14,-0.8373946439587935,0.14983994628924496,0.15080770597803067,0.14584976391644597,0.14799373847823996,-0.18044751976482665,NTES,1.4113985614708553,0.04939692975875968,0.022128945171177274,0.04111161520325931,0.02768746126791957,-0.6537250386769655
2014-11-17,-0.835010149078515,0.15055460920950203,0.1515819194086501,0.14864885088813468,0.14988461627150532,-0.6621361815603904,NTES,-1.4473987932710248,0.013319434792679906,0.005453596917516518,0.019716904250096718,0.005034120237179539,-0.5299304815897746
2014-11-18,-0.8311356648412548,0.151715915156454,0.1518648056313371,0.14855951092361394,0.15040571873461897,-0.6677267276164228,NTES,-0.7326994545855547,0.003670670998658738,0.001992664259026735,-0.0006293150387890902,0.008180295357991434,-0.004500207136102465
2014-11-19,-0.8397790275544833,0.1491252833689879,0.15198392085103898,0.14838084519354966,0.15059926499278523,-0.7907187408491352,NTES,-0.018000115900084712,0.0013633492202374583,0.0008390533789574866,-0.0012585300592948382,-0.018248535832350327,-0.13406653617751935
2014-11-20,-0.8271616365394774,0.1529070247565415,0.15387478444532718,0.14921462333350866,0.15018238302229436,-0.27224067920097117,NTES,0.6966992227853853,-0.0029365367989266553,0.01331933477439675,0.005873173616137026,0.026638769567077027,0.5738711480011593
2014-11-21,-0.8145941010201716,0.1566738572180387,0.15826695406153793,0.1543958869084408,0.15545298656174722,-0.13247702780016174,NTES,1.4113985614708553,0.03712638670348937,0.03093865558624133,0.03649707166470028,0.026533750369567538,0.1559152478675565
2014-11-24,-0.8156370601846822,0.15636119574017054,0.15902627276507814,0.15414277594093498,0.15633142048498935,-0.21308909512424148,NTES,-1.4473987932710248,0.006187731117248042,0.005348677738290369,-0.001782925918857966,-0.002202402599195131,-0.08729528068637807
2014-11-25,-0.8197105769086824,0.15514032508387904,0.1570609639333484,0.15394922968276872,0.15558698230955112,-0.7669138350621586,NTES,-0.7326994545855547,-0.005243858577347749,-0.013843730633960064,-0.0013633492202374583,-0.008599872056611942,-0.6095411292342704
2014-11-26,-0.8098408580289039,0.15755229114128086,0.15768628688908476,0.1542618911606369,0.1547978883508297,-0.8440994386744766,NTES,-0.018000115900084712,-0.005558416078459324,0.0044048051983904485,0.002202402599195131,0.016990005773055487,-0.08351377492326452
2014-11-28,-0.8105885235375215,0.15732896962793338,0.160008927180943,0.156271869974627,0.15936872369710467,-0.8740359111035532,NTES,1.4113985614708553,0.032197185645535795,0.016360790752549367,0.014158388153354422,-0.0015730875604064137,-0.03136880071611979
2014-12-01,-0.814725861973093,0.15609320424456272,0.1577458515984243,0.15447033214588235,0.15618253001010626,-0.6877444893009259,NTES,-1.4473987932710248,-0.022443702708854974,-0.01594121405392886,-0.012690119753891001,-0.008704791235837719,0.20726411559825628
2014-12-02,-0.8157228606025052,0.15579542329479656,0.1573438501560354,0.1544852268729615,0.15688229820328414,-0.9393190618223828,NTES,-0.7326994545855547,0.004929201057953391,-0.0028317176379842215,0.00010491917922596243,-0.002097583438252511,-0.27597251560383307
2014-12-03,-0.8228009499345532,0.15368122398818373,0.1562420947194458,0.1534579024748363,0.15588476325931727,-0.9014476207976474,NTES,-0.018000115900084712,-0.007026684477922559,-0.0077608186776542696,-0.007236522836374484,-0.014892522353086133,0.04346520806970624
2014-12-04,-0.8292311960339721,0.15176058513871435,0.15512543035679985,0.15106081694553647,0.15512543035679985,-0.5887377220505461,NTES,0.6966992227853853,-0.005348777756573898,-0.007865837875163574,-0.01688518661211268,-0.013529073114565332,0.34678177559523515
2014-12-05,-0.8321721694996257,0.15088215121547222,0.15246035333189223,0.15030149824199623,0.15176058513871435,-0.6960401382872965,NTES,1.4113985614708553,-0.02370213274986666,-0.01877293169191327,-0.005348677738290556,-0.006187731117248229,-0.11675122031484152
2014-12-08,-0.845780271564787,0.14681753780420884,0.1518052551209747,0.1445991180049733,0.15170103462835197,-0.48125496561843967,NTES,-1.4473987932710248,-0.0004194766803373516,-0.004614543538559031,-0.04016784268164199,-0.02863133380782005,0.23871032141783213
2014-12-09,-0.839350192392251,0.1487381766536782,0.14963150530399955,0.14178515050518256,0.1429018006688513,-0.27314238017775055,NTES,-0.7326994545855547,-0.061982230351708245,-0.015311999033423111,-0.01982172341103971,0.013529073114565332,0.23134633651071626
2014-12-10,-0.8559987563452885,0.1437653540639915,0.15132880844114427,0.1435122430964857,0.14915505862416908,-0.6933350353569583,NTES,-0.018000115900084712,0.0440482520204695,0.011955885535875949,0.012165723894327874,-0.03502880326523686,-0.46206240447284197
2014-12-11,-0.8349635208358849,0.15004838727449044,0.15080770597803067,0.1429464706511117,0.14520956043260763,-0.5218315095735134,NTES,0.6966992227853853,-0.027792280428862375,-0.003670670998658552,-0.003985328518053097,0.04425799036063789,0.19094393283113464
2014-12-12,-0.8415929663489267,0.14806818371568153,0.1518648056313371,0.14626666008591407,0.14812774842502108,-0.743108929275182,NTES,1.4113985614708553,0.02055585761077142,0.007446261176543253,0.023387575248755642,-0.013948649813185653,-0.24253604359314485
2014-12-15,-0.8400978022585743,0.14851485514033078,0.14989949679960735,0.14708552929981664,0.1483361894102665,-0.8235406564039058,NTES,-1.4473987932710248,0.0014682683994632344,-0.013843730633960064,0.005768154418627535,0.00314637515737858,-0.08709625406726683
2014-12-16,-0.84418495134468,0.14729397028506208,0.1488423971463009,0.14555199716565698,0.1488423971463009,-0.5813437740409548,NTES,-0.7326994545855547,0.0035657518194324033,-0.007446261176543253,-0.010802274655807074,-0.008599972074895285,0.2689623675227405
2014-12-17,-0.8501167537716872,0.14552222191047579,0.14882751661819893,0.14489689895473945,0.1481872989353834,-0.8918895904437856,NTES,-0.018000115900084712,-0.004614543538558659,-0.00010481916094243394,-0.004614543538558845,-0.012480281395439077,-0.34105422005320835
2014-12-18,-0.8272872211977307,0.15234125231116752,0.1533090119999532,0.1471153045549978,0.1471153045549978,-0.5367997457880517,NTES,0.6966992227853853,-0.007551180355769029,0.03156787060674689,0.0156265565345345,0.04803358053852241,0.3935530310863764
2014-12-19,-0.8291812848959778,0.15177547986579354,0.15368122398818373,0.1512990331859631,0.15347278300293832,-0.6563652953090022,NTES,1.4113985614708553,0.044782386220201205,0.0026218792795322968,0.029470387186777722,-0.003985328518053097,-0.1302850304144058
2014-12-22,-0.8255924681976953,0.15284746004720193,0.15524454557650175,0.15219236183628443,0.15338345723739472,-0.7645694125225321,NTES,-1.4473987932710248,-0.0006292150205061206,0.011012113014258812,0.006292650296474191,0.0075510803374855,-0.11774635341039771
2014-12-23,-0.836807951607609,0.14949750955619565,0.15335368198221355,0.14826174417282495,0.1527730148097604,-0.9183995991611004,NTES,-0.7326994545855547,-0.004299986037447456,-0.013319334774396563,-0.027687461267919756,-0.02359721357064051,-0.1681000880455413
2014-12-24,-0.8323216247021372,0.15083748123321183,0.1540087801931311,0.14848506568617237,0.1492890685709502,-1.2186660244286458,NTES,-0.018000115900084712,-0.02454108611054099,0.004614543538559031,0.0015730875604058547,0.009438825417286273,-0.32970970276386774
2014-12-26,-0.8308762048228961,0.15126925793078191,0.15336856251031558,0.14866373141623662,0.15095659645291376,-0.9119073521282886,NTES,1.4113985614708553,0.011746147195707367,-0.004509724377616225,0.0012585300592948382,0.003041455978152804,0.34021389716456424
2014-12-29,-0.8416429331292153,0.1480533031875795,0.1530559010324474,0.14788951798561725,0.15176058513871435,-0.9225474236542857,NTES,-1.4473987932710248,0.005663335257685101,-0.0022024025991953175,-0.005453596917516145,-0.022653341030740404,-0.010072952471217169
2014-12-30,-0.8438862078665399,0.14738331024958282,0.14911040284088592,0.1464304310888991,0.1473981907776848,-0.877282034619959,NTES,-0.7326994545855547,-0.03072891724607256,-0.027792280428862375,-0.010277878796244132,-0.004719462717784808,0.051625299453267055
2014-12-31,-0.843138319788745,0.14760663176293023,0.14899128762118402,0.14628154061401605,0.14811285369794186,-1.0498676015755393,NTES,-0.018000115900084712,0.005034120237179353,-0.0008390533789576728,-0.0010487917191260691,0.0015730875604060412,-0.1887988564331102
2015-01-02,-0.8447832729353748,0.1471153045549978,0.1499739420370489,0.14419713076156157,0.14861907563295348,-0.7683565566250056,NTES,1.4113985614708553,0.003565851837715932,0.006921865316979939,-0.014682683994634394,-0.0034609326584899695,0.3123501704889907
2015-01-05,-0.8418422438274269,0.14799373847823996,0.15036104875235862,0.14654954630860104,0.14732375973922046,-0.9789939048006772,NTES,-1.4473987932710248,-0.00912426791617507,0.002726798458758445,0.016570529092718136,0.006187731117248229,-0.23079347306558173
2015-01-06,-0.8333685901118381,0.15052481975534365,0.15257946855159416,0.14683243253128803,0.1485892861787951,-0.6008205151393902,NTES,-0.7326994545855547,0.008914429557723145,0.01562665655281766,0.0019926642590265484,0.01782905915201279,0.41902843833261505
2015-01-07,-0.8257919458227897,0.1527879095368396,0.15852006502904373,0.15143302893376703,0.1518350303761559,-0.18928418933726493,NTES,-0.018000115900084712,0.02286317938919233,0.04184584942127418,0.03240682396742141,0.015941314072212574,0.45584836286819436
2015-01-08,-0.8232494268266763,0.15354722824037986,0.15631652575791016,0.15280279006494157,0.1531898967802513,-0.6019025563115254,NTES,0.6966992227853853,0.009543744596512235,-0.015521837391875223,0.009648663775738012,0.0053486777382907415,-0.4537032864701699
2015-01-09,-0.8210065972277062,0.15421722117837652,0.15598898375194,0.1522072423643864,0.1534579024748363,-0.8138022858546882,NTES,1.4113985614708553,0.0018878450980839283,-0.0023072217601377513,-0.004195066858221866,0.0047194627177846215,-0.2321866593993604
2015-01-12,-0.8188629778394875,0.15485743886119205,0.15616764948200426,0.15281768479202076,0.15572097805735502,-0.5158802831267693,NTES,-1.4473987932710248,0.015941214053929047,0.0012585300592948382,0.004299986037447828,0.004509724377616225,0.3304615928281135
2015-01-13,-0.8145762398436986,0.1561378742268231,0.1585498402842249,0.15429166641581807,0.15545298656174722,-0.6579883570672052,NTES,-0.7326994545855547,-0.0018877450798004,0.016780267432886718,0.010382797975469909,0.00901944875523245,-0.15516335780331073
2015-01-14,-0.814626150981693,0.1561229794997439,0.15926448900550477,0.15380033920788563,0.15444055689070116,-0.5600636309889606,NTES,-0.018000115900084712,-0.007131603657148708,0.005034020218896011,-0.0034609326584899695,-0.00010491917922596243,0.10974107223374896
2015-01-15,-0.8054542421148321,0.15886250176209307,0.1606491448637585,0.15582519854997773,0.15723962966341265,-0.3335563456219714,NTES,0.6966992227853853,0.019716804231813375,0.009753582954963974,0.014263207314297043,0.019297327551476395,0.2516470516600627
2015-01-16,-0.7954852017397135,0.16184024026486885,0.16499664449770893,0.15838605508226264,0.15866894130494963,-0.008943993981381794,NTES,1.4113985614708553,0.010068140456075549,0.03062399806684697,0.018038797492181558,0.0209753342911084,0.3599175324565769
2015-01-20,-0.7836716193082821,0.16536887068491662,0.16885281692372683,0.16230179221762012,0.16334399714384734,-0.3725098278188422,NTES,-0.7326994545855547,0.03293131984526769,0.027163065408356443,0.027582642106977136,0.024855843648218877,-0.39956804607191276
2015-01-21,-0.7770917510794688,0.16733417951664636,0.16789995196202034,0.16452021201685565,0.16577085792832832,-0.8195731721060764,NTES,-0.018000115900084712,0.017094924952281265,-0.006712026958528014,0.015626656552817843,0.013843730633959878,-0.4917173707204166
2015-01-22,-0.7796837360752221,0.16655996608602694,0.16953770458880274,0.16377577384141742,0.16953770458880274,-0.38423194051697457,NTES,0.6966992227853853,0.02653385038785088,0.011536408855538784,-0.005243858577347936,-0.005453596917516518,0.48211987659087796
2015-01-23,-0.7745494546525327,0.16809349822018657,0.17060968477021113,0.16661951659638932,0.16661951659638932,-0.7054178284458024,NTES,1.4113985614708553,-0.02055585761077105,0.007551080337485687,0.020031461751208294,0.010802274655806887,-0.3527967905807715
2015-01-26,-0.7837214748039822,0.16535397595783746,0.16938881411391965,0.16344821763647005,0.16821261343988853,0.0979977418646569,NTES,-1.4473987932710248,0.011221851354427395,-0.008599872056611942,-0.022338783529629386,-0.019297327551476024,0.8883332061969177
2015-01-27,-0.7882075791402768,0.164013990081844,0.16538375121301863,0.16243578796542402,0.1642075505389875,-0.5802617328688195,NTES,-0.7326994545855547,-0.028211857127482882,-0.028211857127482882,-0.007131603657148522,-0.009438925435569987,-0.7468694964210256
2015-01-28,-0.7959834784852424,0.16169134978998576,0.16653019083084578,0.1606938148460189,0.16490731873216538,-0.6965811588733641,NTES,-0.018000115900084712,0.004929201057953391,0.008075576215332156,-0.012270543055270495,-0.016360790752549554,-0.1267025512704035
2015-01-29,-0.7931423272955774,0.16254000845804673,0.16446064730751614,0.15977071094051642,0.1614829088047403,-0.7079425911807847,NTES,0.6966992227853853,-0.024121709448487166,-0.014577964851974743,-0.006502388636642587,0.005977992777079832,-0.010869058947662127
2015-01-30,-0.7927435946145659,0.16265912367774865,0.1636566586217155,0.15968138517497285,0.16134891305693644,-0.7611429488107703,NTES,1.4113985614708553,-0.0009438725399001067,-0.0056633352576852865,-0.0006292150205059343,0.0008390533789576728,-0.057043234581469676
2015-02-02,-0.7745994214328212,0.1680786034931074,0.16861460068330025,0.16075336535638127,0.1630909003753187,-0.7187630029021378,NTES,-1.4473987932710248,0.012270643073553463,0.034923984104294425,0.007551080337485687,0.038175078404332284,0.048440873547487225
2015-02-03,-0.7650289468118315,0.17093724097515853,0.17102658093967923,0.16526465019229392,0.167289509534386,-0.6734976138678112,NTES,-0.7326994545855547,0.02957520634772053,0.01699010579133846,0.03177770896519881,0.020136380930434256,0.051625299453267055
2015-02-04,-0.7564553595356653,0.17349809750744336,0.17638651024467564,0.17069902473473186,0.1710563561948604,-0.4608765235432249,NTES,-0.018000115900084712,0.02653385038785088,0.03775560172399512,0.038279997583558246,0.018038797492181183,0.23632200198849726
2015-02-05,-0.7596953546909305,0.1725303378186577,0.17317054130249604,0.17011835756227872,0.17311099079213368,-0.7010896637572612,NTES,0.6966992227853853,0.014472945654465625,-0.022653441049023743,-0.0040902476972788735,-0.00681694613775379,-0.263433838599825
2015-02-06,-0.780830412476323,0.1662175151540004,0.17323010601183558,0.1660686388780945,0.17323010601183558,-0.5788190113059725,NTES,1.4113985614708553,0.0008390533789576728,0.00041957669862050754,-0.02852641462859427,-0.044467828719089816,0.1366096658137663
2015-02-09,-0.8042581553563857,0.1592198332222216,0.16393954484440248,0.157284299645673,0.16393954484440248,0.20890696200852502,NTES,-1.4473987932710248,-0.06544316301019822,-0.06544316301019822,-0.06187731117248247,-0.049292010579533904,0.8710178903342399
2015-02-10,-0.7648296361136199,0.17099679148552083,0.17305144028177133,0.1627782246984734,0.16440109679715376,1.0262087273613874,NTES,-0.7326994545855547,0.003251194318321387,0.06418463295090338,0.038699474263895785,0.08295746462453311,0.9036582558684831
2015-02-11,-0.7587482671995127,0.1728132240413447,0.17372143321976802,0.1692845936212969,0.16965681980850464,-0.17702105605306487,NTES,-0.018000115900084712,0.03702156754254675,0.004719462717784808,0.04583117793932709,0.012795038933117151,-1.3262359846538434
2015-02-12,-0.7716586705363451,0.16895703741634954,0.17486785863861798,0.16654507135894772,0.17412342046317975,-0.49045231558158975,NTES,0.6966992227853853,0.03146295142752111,0.008075476197048815,-0.019297327551476583,-0.027163165426640157,-0.3442386459589882
2015-02-13,-0.7741009777604095,0.16822749396799047,0.17026724803716176,0.16663441132346846,0.1691357031464138,-0.7602412478339908,NTES,1.4113985614708553,-0.035133722444463195,-0.03240692398570475,0.0006293150387890902,-0.005138939398121973,-0.29607420413406826
2015-02-17,-0.7640319481824193,0.17123502192492468,0.17141367345601174,0.16642597033822304,0.1682423886950697,-0.9227277638496416,NTES,-0.7326994545855547,-0.006292550278190662,0.008075476197049,-0.0014682683994632344,0.02118517264956051,-0.1776533657628808
2015-02-18,-0.7641317704584081,0.1712052324707663,0.17163700916833635,0.16925481836611578,0.17139879292790974,-1.1142490513175896,NTES,-0.018000115900084712,0.022233864350403237,0.001573187578689197,0.01992654257198233,-0.00020983835845192486,-0.20969665143979033
2015-02-19,-0.786014271183241,0.16466910249173874,0.17206878586590646,0.16441599152423295,0.17171145440577792,-0.7732257418996145,NTES,0.6966992227853853,0.002202402599195131,0.0030414559781529902,-0.034084930725336755,-0.046040816261212515,0.3780289547956997
2015-02-20,-0.7886063118212885,0.16389488906111932,0.16524975546521475,0.16143825302145715,0.16524975546521475,-0.9477950510041093,NTES,1.4113985614708553,-0.045516520419932545,-0.04803358053852222,-0.0209753342911084,-0.005453596917516518,-0.19098814924333382
2015-02-23,-0.7788016387835561,0.16623240988107957,0.16675351234419322,0.1628377894078129,0.1646095377823992,-0.6067717415861343,NTES,-1.4473987932710248,-0.004509724377616411,0.01059253631563849,0.009858402115906781,0.01646560991349199,0.3780289547956997
2015-02-24,-0.78930662573745,0.1631057809034207,0.16563686218052442,0.15933893424294632,0.16556241694308288,-0.4973052430051133,NTES,-0.7326994545855547,0.006712126976811356,-0.007865737856880418,-0.02464610530805029,-0.022024126010234468,0.12247877585686828
2015-02-25,-0.8271748237632284,0.1518350303761559,0.1635226628739116,0.15138837315048384,0.163284446633485,-0.346540839687595,NTES,-0.018000115900084712,-0.01604613323315501,-0.014892522353086133,-0.05600413755634526,-0.07939171280510071,0.16805587163334212
2015-02-26,-0.8133681899919759,0.15594431376967965,0.1593538289700255,0.1518648056313371,0.1518648056313371,-0.12616512096270582,NTES,0.6966992227853853,-0.08044050452422678,-0.02936546800755176,0.003356013479264193,0.02894599132721478,0.24488014661028054
2015-02-27,-0.8368791181020291,0.14894661763892364,0.157850072091047,0.14715997453725818,0.1567929724377406,-0.08883470052403802,NTES,1.4113985614708553,0.03471424576412547,-0.01059253631563849,-0.03314105818543646,-0.04929211059781743,0.04286812821237252
2015-03-02,-0.8515860441951864,0.1445693427497921,0.15150747417120858,0.14383979930143304,0.15067371023022677,0.4942051510615321,NTES,-1.4473987932710248,-0.04310437948056901,-0.04467756705925821,-0.02338747523047211,-0.03083373640701518,0.645122677642983
2015-03-03,-0.8556879384892836,0.1433484720935006,0.14689198304165038,0.1418744904697033,0.1432293568737987,0.24515534127505753,NTES,-0.7326994545855547,-0.05243838573691267,-0.03251174314664737,-0.013843730633959878,-0.008599872056611942,-0.27318614293627574
2015-03-04,-0.8518862343729784,0.14448001698424853,0.14565621765827969,0.14166604948445785,0.14166604948445785,-0.1083114416224734,NTES,-0.018000115900084712,-0.011012012995975656,-0.008704791235837905,-0.001468268399463421,0.007970657036106008,-0.38842255540168336
2015-03-05,-0.8315767969505292,0.15052481975534365,0.15095659645291376,0.14526911094297,0.14568599291346088,-0.46448332745034254,NTES,0.6966992227853853,0.028316676288425505,0.03733612504365795,0.02538013948949866,0.042579883602722544,-0.39140795468835193
2015-03-06,-0.8332772811068785,0.15001861201930924,0.1530112452491642,0.14888706712856128,0.15135859789530265,-0.6574473364811375,NTES,1.4113985614708553,0.039958104341473594,0.014473045672748968,0.025485058668724622,-0.0035657518194324033,-0.21128886439268024
2015-03-09,-0.837029185369778,0.14890196185564047,0.1513139279130423,0.14872329612557622,0.14991439152668654,-0.3757559513352481,NTES,-1.4473987932710248,-0.010173059635301325,-0.011955985554159292,-0.0011536108800688756,-0.007865737856880231,0.312549197108102
2015-03-10,-0.8396304069863864,0.14812774842502108,0.14970595054144106,0.14613265013913293,0.1485892861787951,-0.6989255814129907,NTES,-0.7326994545855547,-0.009334106274626995,-0.011326670515370387,-0.018248635850633483,-0.005453596917516332,-0.35498608339099513
2015-03-11,-0.8497353258442053,0.14512022046808687,0.1477555222378133,0.14491177948284145,0.1477555222378133,-0.820114192692144,NTES,-0.018000115900084712,-0.005873073597853869,-0.013738911473017257,-0.008599872056611942,-0.021185172649560696,-0.13207626998640695
2015-03-12,-0.8629416349021679,0.14118960280462742,0.14641553636181992,0.14022184311584174,0.14641553636181992,-0.4280546079884542,NTES,0.6966992227853853,-0.009438925435569429,-0.009438925435569429,-0.03303613900621031,-0.02768746126791957,0.4343534880041805
2015-03-13,-0.858439227373641,0.14252958868062082,0.14458423747687132,0.14020694838876255,0.1403558388636456,-0.36421417883247154,NTES,1.4113985614708553,-0.042684802781948694,-0.012899758075776056,-0.00010491917922596243,0.009438925435569616,0.07212504122172472
2015-03-16,-0.8405809443000514,0.14784486220233403,0.14848506568617237,0.1437206840817311,0.14442045227490904,-0.30199681143469187,NTES,-1.4473987932710248,0.02863133380782042,0.027477622909467456,0.024750924468992727,0.03744104422288373,0.07033380164972357
2015-03-17,-0.8394804510032261,0.14817240420830421,0.14979527630698458,0.1459093286257855,0.1479639632230588,-0.7427482488844702,NTES,-0.7326994545855547,0.024960662809161496,0.009229187095401032,0.015416918212649447,0.0023072217601379378,-0.48475143905152324
2015-03-18,-0.8365790392088256,0.14903595760344437,0.15204347136140137,0.14756197597964707,0.1484701851580704,-0.3533937671111186,NTES,-0.018000115900084712,0.0035658518377157454,0.0158363948929868,0.011641328034764746,0.006082911956305608,0.4313680887175119
2015-03-19,-0.8461836225562263,0.1461773201213933,0.15018238302229436,0.14467356324241482,0.14978039577888264,-0.5072239537496869,NTES,0.6966992227853853,0.009229187095401032,-0.013109596434228167,-0.02034611927060265,-0.02013638093043407,-0.1681000880455413
2015-03-20,-0.8337276498370081,0.14988461627150532,0.15164148411798964,0.1459242091538875,0.14634110532335556,-0.471516595069222,NTES,1.4113985614708553,-0.024226528609429972,0.010277978814527102,0.008809610396780711,0.026114373707513527,0.041076888640371366
2015-03-23,-0.8177200294721052,0.1546489978759466,0.15555720705436993,0.1511799321652384,0.15149259364310655,-0.6300356267870433,NTES,-1.4473987932710248,0.036287333324531885,0.027582542088693793,0.03702156754254656,0.03356053486577362,-0.17327478014243353
2015-03-24,-0.823822987596404,0.15283257951909995,0.155423211306566,0.1519243703406766,0.153562122967459,-0.6989255814129907,NTES,-0.7326994545855547,0.014577864833691402,-0.0009438725399004794,0.005243858577347749,-0.012794938914833623,-0.0743585504441475
2015-03-25,-0.8373293199052758,0.14881262189111974,0.1547978883508297,0.14803840846050031,0.1530410205043454,-0.69369571574767,NTES,-0.018000115900084712,-0.0036706709986583656,-0.004404805198390076,-0.027372903766808367,-0.028316776306708844,0.007441390010571901
2015-03-26,-0.8297757671683653,0.15106081694553647,0.15243057807671107,0.14704087351653347,0.1490061823482632,-0.7165989205578671,NTES,0.6966992227853853,-0.028421595467651467,-0.016675448271944098,-0.007026684477922559,0.015836394892986425,-0.023606762570781453
2015-03-27,-0.817920119162437,0.15458944736558425,0.15592941904260044,0.15106081694553647,0.1519243703406766,-0.43635025697482477,NTES,1.4113985614708553,0.02055585761077105,0.024646005289766765,0.028316676288425505,0.024855843648218877,0.31095698415521206
2015-03-30,-0.8119672283058871,0.15636119574017054,0.1572098544082315,0.1526836890442169,0.15484254413411286,-0.7187630029021378,NTES,-1.4473987932710248,0.020555757592488077,0.00901944875523245,0.01143158969459635,0.012480281395439077,-0.310006067471855
2015-03-31,-0.8105668230427414,0.15677807771066143,0.15981538092277675,0.153577003495561,0.1546192226207654,0.1735602837187719,NTES,-0.7326994545855547,-0.0015730875604060412,0.01835345501157629,0.006292550278190662,0.002936536798926842,0.9864533294187587
2015-04-01,-0.8017624315297852,0.15939849895228586,0.16111069681650977,0.15592941904260044,0.15592941904260044,-0.7191236832928495,NTES,-0.018000115900084712,0.009229087077117504,0.009124267916174884,0.016570529092717952,0.018458374190802065,-0.9835121465442892
2015-04-02,-0.7795020083420119,0.16602396889583415,0.1663961808840647,0.1596069399375313,0.16061936960857737,0.5318962518909117,NTES,0.6966992227853853,0.03303623902449384,0.03723120586443236,0.025904635367345316,0.046670131300001604,1.382317274831014
2015-04-06,-0.7817031062202509,0.16536887068491662,0.16675351234419322,0.16248045794768437,0.1652795307203959,-0.4478920294776013,NTES,-1.4473987932710248,0.03282640066604173,0.0025170601185896765,0.02024120009137669,-0.004614543538558845,-1.0796420035750178
2015-04-07,-0.7770509096354467,0.16675351234419322,0.17336410175963948,0.16362688336653433,0.16526465019229392,0.1129659780791952,NTES,-0.7326994545855547,-0.00010481916094262023,0.0465653121390588,0.008075476197048815,0.009753482936681004,0.6206424034923006
2015-04-08,-0.7518388296615126,0.1742574304099608,0.18015335690515002,0.1691803731286742,0.1691803731286742,1.022060902868202,NTES,-0.018000115900084712,0.027582542088693793,0.047823842198353825,0.03911905096251592,0.052857962435532806,1.0049628049961041
2015-04-09,-0.7362814667421507,0.17888781626659817,0.17969180495239878,0.17355764801780574,0.1779349371059145,0.007286623600647686,NTES,0.6966992227853853,0.0616675728323137,-0.003251194318321387,0.03083373640701518,0.03261666232587333,-1.1182531676825982
2015-04-10,-0.7430346607177337,0.1768778374526081,0.18283331445815965,0.1762971702801549,0.1777711519039522,0.2446143206889899,NTES,1.4113985614708553,-0.001153710898352218,0.022128945171177274,0.019297327551476395,-0.014158388153354236,0.26358864880673705
2015-04-13,-0.7479370807000413,0.17541873635691277,0.17766693141132953,0.1739447547331155,0.17643118022693602,-0.7135331372368171,NTES,-1.4473987932710248,-0.009438825417286273,-0.03639225250375747,-0.016570529092717952,-0.010277978814527475,-1.0557588092816692
2015-04-14,-0.7545401517655812,0.17345342752518303,0.1756569667963166,0.1690166021256891,0.17507629962386342,-0.10488497791071162,NTES,-0.7326994545855547,-0.009543844614795578,-0.014158288135071266,-0.0347141457458425,-0.013843730633959878,0.673384457556779
2015-04-15,-0.7583419671664751,0.17232189683341229,0.17568674205149776,0.17096701623033966,0.1741680904454401,-0.6038862984604402,NTES,-0.018000115900084712,-0.006397469457416811,0.00020973834016858265,0.013738811454733916,-0.007970557017822667,-0.5490370370244536
2015-04-16,-0.7558409016796213,0.1730663208098733,0.17474875761789327,0.17031191801942214,0.17270900354872198,0.080865423305848,NTES,0.6966992227853853,-0.010277878796243946,-0.006607207797585394,-0.004614543538559031,0.005243758559064407,0.7573736908217221
2015-04-17,-0.7736492179729222,0.16776594201523926,0.17305144028177133,0.16468398301984072,0.17063947422436954,-0.030224137033376,NTES,1.4113985614708553,-0.014577864833691402,-0.011955985554159292,-0.03964344682207905,-0.03733612504365795,-0.12093077931617754
2015-04-20,-0.7674462150034574,0.1696121498262443,0.17017792227161824,0.16675351234419322,0.169731250846969,-0.858887334693659,NTES,-1.4473987932710248,-0.00639756947570034,-0.020241200091376876,0.01457786483369196,0.013004777273285733,-0.9128576967597992
2015-04-21,-0.7608931107182062,0.17156256393089483,0.17367676323750764,0.17059480424210915,0.17114568196040394,-0.8311149446088529,NTES,-0.7326994545855547,0.009963321295132744,0.024646005289766952,0.02705824624741382,0.013738811454733728,0.03231971739947683
2015-04-22,-0.7638445449351898,0.17068413000765267,0.17355764801780574,0.1674086247540879,0.17302166502659014,-0.16836472667598248,NTES,-0.018000115900084712,0.013214515613454129,-0.0008390533789574866,-0.02244360269057182,-0.006187731117248229,0.7330924432901509
2015-04-23,-0.7423844248664495,0.17707138371077433,0.1771160536930347,0.1692994883483761,0.17031191801942214,-0.001910726362502353,NTES,0.6966992227853853,-0.019087589211307997,0.02506558198838746,0.01331933477439675,0.0449921245603696,0.18537118749601994
2015-04-24,-0.7260768368929317,0.18192510527973635,0.18488796325441012,0.17503162964160304,0.1772500494408386,-0.2899140183458477,NTES,1.4113985614708553,0.04887253389919692,0.05474570751533376,0.040377481003527414,0.03418984990456272,-0.31617589266430346
2015-04-27,-0.7207241038227888,0.18351820212323552,0.1851857300051991,0.1819400000068155,0.18310132015274463,-0.41561113450889825,NTES,-1.4473987932710248,0.04121663440076843,0.002097483419969355,0.048662895577311495,0.011221851354427395,-0.13705193546418795
2015-04-28,-0.7183728273922122,0.1842179703164134,0.1848432932721497,0.18060001413082213,0.18461995755982513,-0.7286817136467113,NTES,-0.7326994545855547,0.010697355476581112,-0.0024121409393640866,-0.009438925435569429,0.004929201057953391,-0.3438405927207657
2015-04-29,-0.7120199797241759,0.1861088339107016,0.1902478925594065,0.18238665723248756,0.1842179703164134,-0.22625392938522096,NTES,-0.018000115900084712,-0.0028316176197008794,0.038070259243389665,0.012585200574664853,0.01331933477439675,0.5561577789002591
2015-04-30,-0.6960625487087388,0.19085833498704088,0.19093278022448246,0.18603438867326005,0.187463700314797,-0.09406456618935863,NTES,0.6966992227853853,0.022863079370908986,0.004824381897011142,0.025694797008893207,0.033455715704830816,0.14755612986488445
2015-05-01,-0.7050666404159666,0.18817836323505407,0.19151343319795838,0.18649594062601133,0.1910965512274675,-0.23256583622267687,NTES,1.4113985614708553,0.025589977847950585,0.004090147678995531,0.003251194318321387,-0.018877850871139232,-0.15118282542108594
2015-05-04,-0.6971130752252753,0.1905456735091727,0.19472940214013798,0.18817836323505407,0.18954812436622867,-0.30866939866285953,NTES,-1.4473987932710248,-0.01090719383503285,0.02265344104902356,0.01185106637493333,0.016675448271944098,-0.08231961520859708
2015-05-05,-0.7105192514043926,0.18655549113637368,0.1911263264826487,0.18628749964076588,0.19062011874661425,-0.28522517326659474,NTES,-0.7326994545855547,0.0075511803557688426,-0.02538023950778163,-0.01331933477439675,-0.028107037966540262,0.027543078540807085
2015-05-06,-0.7205240697747513,0.18357775263359788,0.187448819786695,0.18165711378412852,0.18700216256102295,-0.2148924970778003,NTES,-0.018000115900084712,-0.025485058668724622,-0.025904535349061977,-0.032616662325873146,-0.0209753342911084,0.07928999950972934
2015-05-07,-0.6995141515092578,0.18983101058891563,0.1907838897495993,0.18460507703172313,0.18539417099044453,0.5079110059085792,NTES,0.6966992227853853,-0.011326770533653543,0.02349239440969789,0.020765595950939818,0.04404825202046931,0.7993683074541936
2015-05-08,-0.6908599941909334,0.19240676184827973,0.19413384024060565,0.18837192369219752,0.19355318726712967,-0.32363763487739783,NTES,1.4113985614708553,0.05747250597409202,0.02359721357064088,0.02653385038785088,0.01814371667140752,-0.916042122665579
2015-05-11,-0.692560756558754,0.1919005399132681,0.19347874202968812,0.18914613712281692,0.19206431091625317,-0.3458194789061715,NTES,-1.4473987932710248,-0.010487717154695871,-0.004614543538558845,0.005453596917516332,-0.003565851837715932,-0.022810656094336492
2015-05-12,-0.6982634240178007,0.19020322257714617,0.19353829254005048,0.18996500633671953,0.19240676184827973,-0.33445804659875084,NTES,-0.7326994545855547,0.0024122409576470562,0.0004194766803371653,0.005768154418627907,-0.011955985554159292,0.014208295060354042
2015-05-13,-0.6870082120097508,0.19355318726712967,0.1958162770486256,0.18969701484111173,0.18992033635445918,0.6015075672982826,NTES,-0.018000115900084712,-0.017514501650901772,0.01604623325143835,-0.0018877450798005862,0.023597313588924036,1.0346177712436788
2015-05-14,-0.6328327598642205,0.20967765936335647,0.21429315049291464,0.2025757427399778,0.20343928193614072,4.147897508971725,NTES,0.6966992227853853,0.09522810769808714,0.13015199178409803,0.09071838332047111,0.11358156270966324,3.9155280828788697
2015-05-15,-0.6313818870401373,0.21010943606092655,0.21226829115082255,0.2072210233236943,0.20972232934561688,0.23884343443760161,NTES,1.4113985614708553,0.04425809037892142,-0.014263207314297043,0.03272158150509892,0.003041455978152804,-4.31243137779888
2015-05-18,-0.6303813273038894,0.21040720281171554,0.2120896254207583,0.20769745580454757,0.20958831939883577,-0.2799953076012741,NTES,-1.4473987932710248,-0.0009439725581838216,-0.0012585300592948382,0.003356013479264193,0.0020974834199691686,-0.5709299651266899
2015-05-19,-0.6353839034159517,0.20891832646083905,0.21350405653419324,0.20853121974552935,0.21290850883363807,-0.2888319771737124,NTES,-0.7326994545855547,0.023387575248755454,0.009963321295132744,0.005873073597853497,-0.010487717154695871,-0.008082686280104775
2015-05-20,-0.616324581419722,0.21459093144268082,0.21605001833939894,0.20999032084122465,0.2111665215152558,0.9784185755920783,NTES,-0.018000115900084712,-0.01227064307355365,0.017933878312955596,0.010277978814527288,0.039958104341473594,1.4002296705510255
2015-05-21,-0.5896119956951821,0.22254149253514333,0.223777257918514,0.2152758049087795,0.21672001127739565,0.6869888198969711,NTES,0.6966992227853853,0.03911905096251573,0.054431049995939215,0.03723120586443199,0.05600413755634526,-0.319957398427417
2015-05-22,-0.6040565127283823,0.21767289043807933,0.2232561554554004,0.21737512368729037,0.2232561554554004,0.4429885355804613,NTES,1.4113985614708553,0.04604091627949586,-0.003670670998658552,0.014787703192143512,-0.03429466906550515,-0.26761339760116104
2015-05-26,-0.6131345530447455,0.21497803815799052,0.2223777215321582,0.21456115618749966,0.22172262332124076,0.4503824835900525,NTES,-0.7326994545855547,-0.010802274655806887,-0.006187731117248414,-0.019821723411039525,-0.018982670032082035,0.009829709439906775
2015-05-27,-0.6157425630212596,0.21420382472737112,0.21676468125965598,0.21143452720984077,0.21664556603995413,0.41828192881670534,NTES,-0.018000115900084712,-0.035763037483251915,-0.03953852764285309,-0.022024126010234655,-0.005453596917516332,-0.033757120145454664
2015-05-28,-0.6263252266180077,0.21106230102263307,0.21514180916097564,0.20792079151687218,0.2117025187054486,0.02658302450372718,NTES,0.6966992227853853,-0.034819064925068276,-0.011431589694595791,-0.024750924468992914,-0.02212904518946043,-0.4306161986532661
2015-05-29,-0.6280807410034276,0.21054119855951942,0.21365294700907633,0.2093501031584091,0.2112856367349577,-0.4459082873286866,NTES,1.4113985614708553,-0.002936536798926842,-0.010487617136412714,0.010068140456075177,-0.0036706709986589247,-0.5197801240151014
2015-06-01,-0.6142379397408748,0.21465048195304318,0.21749422470801508,0.21067519430732334,0.21393583323176332,0.27473113331342236,NTES,-1.4473987932710248,0.018668112530970463,0.027058146229130664,0.009334006256343839,0.02894599132721478,0.7969799880248587
2015-06-02,-0.6129341295006481,0.2150375886683529,0.2161393583039197,0.21305739930852116,0.21310205509180435,0.2967326371468401,NTES,-0.7326994545855547,-0.005873173616136839,-0.00954374459651205,0.01678036745117006,0.002726798458758259,0.02595086558791717
2015-06-03,-0.6143882852200953,0.21460581197078282,0.2179706713878455,0.21417404947218993,0.21780688618588323,-0.07927667017017621,NTES,-0.018000115900084712,0.033141058185436084,0.012899858094059398,0.007865737856880231,-0.003041455978152804,-0.4133008827905883
2015-06-04,-0.619203291158045,0.21317650032924587,0.21497803815799052,0.21246185160796602,0.2133998360415705,0.04750248716500962,NTES,0.6966992227853853,-0.03104347474718376,-0.02108025347033455,-0.012060804715101911,-0.010068140456075363,0.14158533129154727
2015-06-05,-0.6071160599232065,0.21676468125965598,0.21880443532882726,0.21231296113308293,0.21231296113308293,1.2148445717036411,NTES,1.4113985614708553,-0.007655999516711649,0.026953327068188045,-0.0010487917191262556,0.025275320328555857,1.2899689235633989
2015-06-08,-0.6147394437394735,0.2145015914781601,0.2233603759480231,0.21278939361393617,0.2173155589779508,0.25561507260569877,NTES,-1.4473987932710248,0.03523854160540544,0.03209226646631021,0.003356013479264007,-0.015941314072212203,-1.0569529689963366
2015-06-09,-0.6140374049121885,0.21471003246340556,0.21600536255611577,0.20976698512890002,0.2139507137598653,-0.5741301662267195,NTES,-0.7326994545855547,-0.02370213274986666,-0.05180907069812358,-0.021289991810502944,0.0014682683994636072,-0.9140518564744666
2015-06-10,-0.599542642887228,0.21901287631407274,0.2195637540323675,0.21439737098553738,0.21520137387031515,-0.28197904975018884,NTES,-0.018000115900084712,0.008809710415063681,0.025065481970103932,0.032616662325873146,0.03030944056573521,0.32409274101655383
2015-06-11,-0.5923707406469767,0.22114195614878757,0.22434303036388797,0.2181344423908306,0.22011464594963953,0.8301789350095423,NTES,0.6966992227853853,0.03460932658489988,0.033665454044999585,0.026324112047682296,0.014997341514028753,1.2290667781153597
2015-06-12,-0.5849477803748073,0.22334549541992113,0.22532568477975284,0.21782178091296245,0.22035286219006614,0.9389240728091399,NTES,1.4113985614708553,0.0016780067396320035,0.006921865316979939,-0.002202402599194945,0.015521837391875223,0.12168266938042333
2015-06-15,-0.5940758987560477,0.22063574841275313,0.22385170315595554,0.21777711093070207,0.219757314489511,0.3564252418096374,NTES,-1.4473987932710248,-0.004195066858221679,-0.010382797975469909,-0.0003146575193947314,-0.019087589211307814,-0.6411863616729574
2015-06-16,-0.5857000641938526,0.2231221597075965,0.2254447999994548,0.218625769598763,0.218625769598763,-0.2428452273579622,NTES,-0.7326994545855547,-0.00797065703610638,0.011221851354427768,0.0059779927770794595,0.01751440163261843,-0.6596958372503027
2015-06-17,-0.5786283737256499,0.22522146428713014,0.23059628831920573,0.2248343575718204,0.22629345866751577,0.31657005863598725,NTES,-0.018000115900084712,0.054011573315602426,0.03628733332453151,0.04373359450107495,0.014787603173860171,0.6190501905394107
2015-06-18,-0.5812866286939242,0.22443237032840874,0.22609989821037224,0.2225861625174037,0.22481947704371844,-0.2605185665028388,NTES,0.6966992227853853,-0.010382797975470094,-0.031672789785973036,-0.01583639489298624,-0.005558416078458952,-0.6352155630996202
2015-06-19,-0.5881075393416803,0.22240749678733945,0.22356881693326852,0.21910220207961628,0.22273505299228677,-0.2547476802514505,NTES,1.4113985614708553,-0.01468278401291755,-0.017829059152012976,-0.024541186128824517,-0.014263307332580384,0.00803846986790562
2015-06-22,-0.6106269217671633,0.21572247633342878,0.22510236326640543,0.21530559436293792,0.22467058656883535,0.4579567717949996,NTES,-1.4473987932710248,0.013633992293791294,0.010802374674090603,-0.026743488709735933,-0.047089607980338954,0.7882228167839642
2015-06-23,-0.5830418648678726,0.2239112536663179,0.22520658375902813,0.21590114206349306,0.21871509536430656,0.40493675436036997,NTES,-0.7326994545855547,-0.04195076860050014,0.0007341341997317104,0.004195066858221494,0.05768214429597726,-0.05684420796235844
2015-06-24,-0.5941260324632195,0.22062085368567394,0.2239112536663179,0.21954887350426555,0.22294349397753224,-0.43346481384913066,NTES,-0.018000115900084712,0.029785044706172454,-0.009124367934458413,0.025694797008893207,-0.02317773689030353,-0.9236051341918061
2015-06-25,-0.5999439351137779,0.21889376109437084,0.22257128198930173,0.21749422470801508,0.22181194908678425,-0.6049683396325756,NTES,0.6966992227853853,-0.00797065703610638,-0.009438825417286087,-0.014473045672748968,-0.012165723894327874,-0.18760469671844276
2015-06-26,-0.6126832383956129,0.21511203390579445,0.21856621908840065,0.20903744168054095,0.2181195476637514,0.745960063778345,NTES,1.4113985614708553,-0.02600945452828775,-0.028211857127483256,-0.05956998939406138,-0.0266386695487935,1.4925780218186406
2015-06-29,-0.6320931068459833,0.2093501031584091,0.21390604377760494,0.2089778911701786,0.21290850883363807,-0.0697186398163144,NTES,-1.4473987932710248,-0.03670681000486886,-0.03282650068432488,-0.00041947668033697903,-0.040587319361979526,-0.89852778018379
2015-06-30,-0.6107269666123293,0.21569270107824762,0.2165711208025126,0.212476732136068,0.21328072082186864,0.6000648457354355,NTES,-0.7326994545855547,0.002621879279532483,0.018772931691913453,0.024646005289766952,0.044677567059258586,0.7408544814354893
2015-07-01,-0.6144384745695611,0.21459093144268082,0.21774733567552088,0.21268517312131344,0.2135487265164536,0.042452961695044894,NTES,-0.018000115900084712,0.001887845098083742,0.008285314555500554,0.001468268399463421,-0.007760918695937612,-0.6137206882356064
2015-07-02,-0.6104262756538884,0.21578202684379116,0.21674978653257684,0.21158341768472388,0.21377204802980104,-0.20515412652858264,NTES,0.6966992227853853,0.0015730875604060412,-0.007026784496205715,-0.007760818677654083,0.008390133716443546,-0.27159392998338583
2015-07-06,-0.6652953646402633,0.19949378374457927,0.2105858685417798,0.19504206361800616,0.2095585441436546,2.3104112584906313,NTES,-1.4473987932710248,-0.029680125526946117,-0.0434189369816804,-0.11651809950859027,-0.1147351735897323,2.7778919280390246
2015-07-07,-0.6864105581265877,0.19322563106218232,0.19645648053246395,0.1728281045694467,0.19429762544256793,4.983233293860175,NTES,-0.7326994545855547,-0.10749865075335782,-0.09952809373553459,-0.15647620385006367,-0.04415317119969527,2.9514431399040255
2015-07-08,-0.6735206867963551,0.19705202823301904,0.2002679971751987,0.18162733852894736,0.18240155195956675,1.358395367206924,NTES,-0.018000115900084712,-0.08379651800349097,0.026848507907245238,0.06198223035170843,0.026953327068187857,-3.998765426079567
2015-07-09,-0.6303375924605633,0.20987120562152276,0.21430804521999383,0.20498770879737957,0.20498770879737957,2.335478545645099,NTES,0.6966992227853853,0.15909798311131262,0.0988987786967457,0.16455158002882897,0.09029890664013393,1.0799958404010412
2015-07-10,-0.6354031000074881,0.20836744874254426,0.2143527152022542,0.2034988466454803,0.21171741343252776,0.6664300376264005,NTES,1.4113985614708553,0.04740436551801666,0.0003146575193945451,-0.010487617136412528,-0.01059253631563849,-1.8403217418181752
2015-07-13,-0.629936411518602,0.20999032084122465,0.21289361410655885,0.2073550190714982,0.21189607916259204,0.1162121015956011,NTES,-1.4473987932710248,0.0012585300592948382,-0.010277978814527475,0.027163065408356443,0.011431589694596164,-0.6055605968520456
2015-07-14,-0.6090218085032582,0.21619890881428203,0.2222437257843543,0.20786124100650985,0.20787612153461185,0.7497472078808185,NTES,-0.7326994545855547,-0.02831677630670866,0.06586263969053538,0.0035658518377163044,0.043733594501074766,0.7008501309941301
2015-07-15,-0.62572351084736,0.21124096675269735,0.2182684381386345,0.2095585441436546,0.21270006784839263,0.3535397986839433,NTES,-0.018000115900084712,0.03398011156439376,-0.028002118787314113,0.011955885535875949,-0.03492398410429405,-0.4355918641310471
2015-07-16,-0.5811861943526981,0.2244621455835899,0.2247152565510957,0.21290850883363807,0.2150524833954321,0.4786958942609262,NTES,0.6966992227853853,0.016570529092718136,0.04541170125899011,0.023597313588923852,0.09313062427811779,0.13979409171954613
2015-07-17,-0.5802834537698439,0.22473013707919773,0.23006029112901294,0.22261593777258487,0.2277972155464942,0.5813094654184237,NTES,1.4113985614708553,0.08977451078057062,0.03765068254476916,0.06837959979084171,0.0018877450798007725,0.11491576433064118
2015-07-20,-0.5841453072062962,0.22358371166034777,0.2241941398890049,0.21889376109437084,0.22386659788303473,-0.3272444387845155,NTES,-1.4473987932710248,-0.027687461267919756,-0.041321453561710866,-0.026219192868456333,-0.008075476197048815,-1.0010264890260783
2015-07-21,-0.579731704779485,0.22489390808218276,0.22705277737105597,0.22056130317531156,0.22333060069284194,-0.25979720572141524,NTES,-0.7326994545855547,-0.0037755901778845145,0.02013638093043388,0.011746247213990523,0.009229087077117504,0.07610557360394951
2015-07-22,-0.5841453072062962,0.22358371166034777,0.2247450318062769,0.21887888056626884,0.21901287631407274,-0.20821990984963265,NTES,-0.018000115900084712,-0.030414259726678015,-0.01625587157332359,-0.011851066374933142,-0.009229087077117504,0.058591231122160435
2015-07-23,-0.5820889349355525,0.2241941398890049,0.22909253144022726,0.2235092664229062,0.2261296734655535,-0.06719387708133204,NTES,0.6966992227853853,0.05013106395849176,0.030623998066846597,0.032616662325873146,0.0042998860191643,0.1573084342013352
2015-07-24,-0.5917685797379747,0.22132062187885182,0.22480458231663927,0.21931064306486173,0.2241941398890049,-0.10199953478501748,NTES,1.4113985614708553,-0.013633992293791294,-0.030204521386509246,-0.029575306366003685,-0.020241200091376876,-0.036742519432123255
2015-07-27,-0.6422742556470041,0.20632769467337297,0.21365294700907633,0.20294795472820829,0.21095808053001033,1.4335972286703274,NTES,-1.4473987932710248,-0.09323544343906078,-0.07855265942614323,-0.11525956944929525,-0.10561090567355705,1.6963812797885496
2015-07-28,-0.6328954130876114,0.2091118869179825,0.21205985016557713,0.20625324943593143,0.20839722399772542,0.5986221241725884,NTES,-0.7326994545855547,-0.018038797492181742,-0.011221851354427395,0.023282656069529492,0.01961198507087094,-0.9198236284286926
2015-07-29,-0.6277796605489264,0.21063053852404018,0.2138316127391406,0.20924588266578642,0.21127074200787851,-0.12580444057199405,NTES,-0.018000115900084712,0.020241200091376876,0.012480381413722232,0.02108025347033455,0.010697455494864453,-0.7978203109135029
2015-07-30,-0.6299865452257736,0.20997542611414546,0.21439737098553738,0.2071019081039924,0.2099307703308623,-0.5420296114533723,NTES,0.6966992227853853,-0.009438825417286273,0.003985228499769755,-0.015102260693254902,-0.004614643556842188,-0.4576838188523947
2015-07-31,-0.6420235314688519,0.20640213991081452,0.21334028553120812,0.20361794766620503,0.20997542611414546,-0.022649848828428912,NTES,1.4113985614708553,0.0003145575011112029,-0.007446161158259911,-0.024541186128824145,-0.025170401149330078,0.5748662810967156
2015-08-03,-0.640970389764483,0.2067148013886827,0.2093501031584091,0.20142931732112782,0.2071019081039924,-0.0313061782055113,NTES,-1.4473987932710248,-0.02024120009137669,-0.028107037966540262,-0.015416818194366105,0.002202402599195131,-0.007883659660993535
2015-08-04,-0.617999692689867,0.2135338317893744,0.21643712505470866,0.2086056649829709,0.20909699219090333,-0.20515412652858264,NTES,-0.7326994545855547,0.01405346897412846,0.04992132561832318,0.05055054063882874,0.04803358053852241,-0.19019204276688886
2015-08-05,-0.6073165947518928,0.21670513074929362,0.2196084240146279,0.21374227277461988,0.2142335999825523,-0.25059985575826516,NTES,-0.018000115900084712,0.03618251416358908,0.0223387835296292,0.036182514163589266,0.02233878352962901,-0.04848508995968638
2015-08-06,-0.6049093421732422,0.21741977947057353,0.2206655236679343,0.2156629116240892,0.21741977947057353,-0.6630378825371699,NTES,0.6966992227853853,0.02244360269057182,0.00744626117654288,0.013529073114564959,0.0050340202188961965,-0.45350425985105863
2015-08-07,-0.5960821929619141,0.220040200712198,0.22316682968985685,0.2166157907847729,0.21901287631407274,-0.3232769544866861,NTES,1.4113985614708553,0.01122185135442758,0.01761932081184458,0.006712126976811356,0.018458374190802065,0.37663576846192104
2015-08-10,-0.5889100125101914,0.2221692805469128,0.22328593071058153,0.21800044664302673,0.2224223915144186,-0.0174199831631083,NTES,-1.4473987932710248,0.024016790269261016,0.0008389533606741443,0.009753582954964533,0.014997341514028753,0.339218764069008
2015-08-11,-0.6272781565503279,0.21077941479994608,0.22024864169744343,0.2086056649829709,0.2182386628834533,0.477433512893435,NTES,-0.7326994545855547,-0.029470387186777535,-0.02139481097144538,-0.06617729720993011,-0.08023076618405839,0.547798660897587
2015-08-12,-0.629133771423208,0.21022853708165126,0.21101764523934988,0.19912155755737154,0.20547903600531203,1.0642605085814787,NTES,-0.018000115900084712,-0.08987942995979639,-0.0650235863115777,-0.06680651223043567,-0.0038804093388271348,0.6493022366443191
2015-08-13,-0.6657467905739847,0.19935978799677537,0.20640213991081452,0.19474428266823998,0.20583636746544057,1.7385524990171257,NTES,0.6966992227853853,0.0025170601185896765,-0.032511843164930526,-0.03083373640701518,-0.07655999516711649,0.7458301469132702
2015-08-14,-0.7051680763184902,0.18765726077194045,0.20043176817818378,0.18707659359948728,0.19665004098960737,0.8042099468782952,NTES,1.4113985614708553,-0.06470892879218335,-0.042055587761442574,-0.05401157331560205,-0.08243316878325352,-1.0294872955589855
2015-08-17,-0.7153998596073315,0.18461995755982513,0.18649594062601133,0.18058511940374292,0.1842477455715946,0.8078167507854128,NTES,-1.4473987932710248,-0.0873623698412069,-0.09816464449701416,-0.045726258760101314,-0.021394910989728906,0.005650150438570746
2015-08-18,-0.7229729427895442,0.1823717625054084,0.18461995755982513,0.1734832169793414,0.17942379925781382,1.2965386801998562,NTES,-0.7326994545855547,-0.03398011156439376,-0.013214515613454129,-0.05002614477926561,-0.015836394892986425,0.5410317558478048
2015-08-19,-0.7250292594179936,0.18176133427675123,0.18459018230464394,0.1779349371059145,0.18064468411308246,-0.22066338332918858,NTES,-0.018000115900084712,0.008599972074895098,-0.00020973834016858265,0.031358132266578305,-0.0042998860191643,-1.6727413285265116
2015-08-20,-0.7368156884098025,0.17826247911188461,0.18162733852894736,0.1763120650072341,0.17946846924007417,0.3906898789272552,NTES,0.6966992227853853,-0.008285314555500554,-0.02087041511188225,-0.011431589694596164,-0.02464610530805048,0.6763698568434476
2015-08-21,-0.7646012801377796,0.17001413706965599,0.18022778794361438,0.16993969183221444,0.17489763389379911,0.826031110516357,NTES,1.4113985614708553,-0.03219718564553635,-0.009858502134190308,-0.04488730539942698,-0.05810172099459758,0.48211987659087796
2015-08-24,-0.7999602889017352,0.15951759997301057,0.1607831406115624,0.1530559010324474,0.15484254413411286,1.6916640482245962,NTES,-1.4473987932710248,-0.1412690239775828,-0.13696903794013554,-0.11893024044795379,-0.0739381158875842,0.9569973897902954
2015-08-25,-0.7729770034153862,0.16752772577481262,0.1744212014129459,0.16682795758163474,0.16910592789123266,1.142708493561288,NTES,-0.7326994545855547,0.10047196627543507,0.096067161077045,0.0970110336169451,0.056423714254965764,-0.604167410518267
2015-08-26,-0.7762499944511762,0.16590485367613222,0.17178589964321947,0.15947294418972743,0.17178589964321947,0.6902349434133771,NTES,-0.018000115900084712,0.018877850871139232,-0.018563193351744684,-0.05180907069812339,-0.011431589694596164,-0.4976881692937538
2015-08-27,-0.7287685328800851,0.1799449159199046,0.18164221905704936,0.17046080849430528,0.17046080849430528,0.6693154807520947,NTES,0.6966992227853853,-0.009334006256343466,0.06942839150996816,0.07739904854607417,0.09889887871502923,-0.021417469760557816
2015-08-28,-0.7436221877033327,0.17555274630369386,0.17860493004391118,0.17299188977140897,0.17717560420339706,0.32702978996662846,NTES,1.4113985614708553,0.04729934632050717,-0.02139481097144575,0.01782905915201279,-0.03093865558624133,-0.37608290501678654
2015-08-31,-0.7775088457176021,0.16553264168790174,0.17421276042770045,0.1643266515597122,0.1729472197891486,-0.21038399219390325,NTES,-1.4473987932710248,-0.029784944687888924,-0.03093865558624114,-0.061038357811807956,-0.07058210240832,-0.5914297068951476
2015-09-01,-0.7822920242632077,0.16411821057446677,0.16666418657864968,0.158415844536421,0.15984515617795794,0.6098032162846532,NTES,-0.7326994545855547,-0.09229157089916029,-0.05317251993664438,-0.041636011062822255,-0.00996332129513293,0.906842681774263
2015-09-02,-0.7859172310219676,0.16304623039305835,0.165711307417966,0.15877316179757234,0.16450531728977644,0.009991726530985933,NTES,-0.018000115900084712,0.03282640066604154,-0.00671212697681117,0.002516960100306334,-0.007551080337485687,-0.6602929171076364
2015-09-03,-0.7872771286948571,0.16264422895066943,0.16661951659638932,0.16169134978998576,0.16377577384141742,-0.29135673990869476,NTES,0.6966992227853853,-0.005138939398121787,0.006397469457416811,0.02055585761077105,-0.0028317176379844076,-0.33090386247853515
2015-09-04,-0.795182062520323,0.1603067081307092,0.16481797876764467,0.15883272650691188,0.16120002258205332,-0.011108076325652392,NTES,1.4113985614708553,-0.01814371667140752,-0.012690119753891001,-0.02013628091215054,-0.016465609913491802,0.31095698415521206
2015-09-08,-0.771516893970448,0.1673044042614652,0.17138389820083055,0.1637906685684966,0.16591974840321141,0.5327979528676912,NTES,-0.7326994545855547,0.033245977364662234,0.04625065461966425,0.03492398410429424,0.04929211059781706,0.6019339012958441
2015-09-09,-0.762252340683564,0.17004391232483718,0.17988535121056506,0.16952280986172355,0.17099679148552083,0.6747256866127711,NTES,-0.018000115900084712,0.035762937464968385,0.05988464691345592,0.040377481003527414,0.01929722753319324,0.15830356729689138
2015-09-10,-0.7365225648033876,0.1776520508832275,0.18680860210387948,0.1686443759384814,0.17004391232483718,1.800048505633482,NTES,0.6966992227853853,-0.006712126976810983,0.04876771473825393,-0.006187731117248229,0.0535920966352647,1.2435957213104802
2015-09-11,-0.7459383538462009,0.17486785863861798,0.1768778374526081,0.17178589964321947,0.17616317453235103,-0.2675518341217182,NTES,1.4113985614708553,0.04310437948056901,-0.06995278736953091,0.022129045189460617,-0.01961198507087094,-2.2801705700540142
2015-09-14,-0.7592815985904557,0.1709223462480793,0.17486785863861798,0.1702374727819806,0.17397454418727384,-0.35122968476684796,NTES,-1.4473987932710248,-0.015416818194366105,-0.01415838815335461,-0.010907193835033222,-0.027792380447145718,-0.09067873321126914
2015-09-15,-0.7589289377291311,0.17102658093967923,0.17562717734215824,0.17057990951503,0.17096701623033966,-0.17611935507628546,NTES,-0.7326994545855547,-0.021185172649560324,0.0053486777382907415,0.0024121409393640866,0.0007342342180150526,0.19492446521335943
2015-09-16,-0.7388892541494875,0.17695228269004962,0.1790218120144021,0.1722027816137104,0.17381075898531154,0.2617466392477988,NTES,-0.018000115900084712,0.02003146175120792,0.023911971108318397,0.011431589694596164,0.04174093024204822,0.4849062492584353
2015-09-17,-0.7513764421958125,0.17325988126701677,0.17864958582719437,0.171875225408763,0.17864958582719437,-0.07801428880268503,NTES,0.6966992227853853,0.034084930725336755,-0.002621979297815639,-0.00230732177842128,-0.02600945452828775,-0.37329653234922916
2015-09-18,-0.7581738717953704,0.17124990245302665,0.17528474060910887,0.17053525373174677,0.17270900354872198,-0.3687226837163686,NTES,1.4113985614708553,-0.04184574940299084,-0.02370213274986666,-0.009438825417286459,-0.014158388153354422,-0.31916129195097204
2015-09-21,-0.7578716784949832,0.1713392424175474,0.1753443053184484,0.1712201271978455,0.17345342752518303,-0.3970360943872423,NTES,-1.4473987932710248,0.0052437585590645935,0.00041957669862050754,0.004824281878727614,0.0006293150387890902,-0.029577561144118636
2015-09-22,-0.764971245752634,0.16923992363903656,0.17180078017132144,0.16731928478956717,0.16819771871280934,0.03055050880155661,NTES,-0.7326994545855547,-0.037021467524263406,-0.02496076282744484,-0.027477722927751174,-0.014787703192143512,0.4735617319690947
2015-09-23,-0.7608424205880916,0.17046080849430528,0.17086279573771695,0.16690240281907628,0.16886771165080602,0.009090025554206517,NTES,-0.018000115900084712,0.004719462717784808,-0.006607207797585394,-0.002936536798926842,0.008599972074895471,-0.022014549617891534
2015-09-24,-0.7688482895354324,0.16809349822018657,0.17031191801942214,0.1647435335302031,0.1681232734753678,-0.30001306928577715,NTES,0.6966992227853853,-0.005243858577347936,-0.003880409338827321,-0.015207179872480677,-0.016675448271944473,-0.33946200710031843
2015-09-25,-0.7677404514557584,0.16842105442513397,0.17010347703417672,0.1669172975461555,0.1690761526360515,-0.5505056006350988,NTES,1.4113985614708553,0.006712126976811543,-0.0014682683994632344,0.015312099051706827,0.00230732177842128,-0.27477835588916566
2015-09-28,-0.7615472415300919,0.1702523675090598,0.17101168621260004,0.16687262756389512,0.1682423886950697,-0.3337366858173273,NTES,-1.4473987932710248,-0.005873073597853869,0.006397469457416811,-0.0003146575193947314,0.012899858094059585,0.24089961422805575
2015-09-29,-0.7401984060499679,0.17656517597473992,0.17797960708817484,0.16752772577481262,0.16856993070103984,0.027304385285150713,NTES,-0.7326994545855547,0.0023072217601377513,0.04908237225764848,0.004614543538558845,0.04446772870080647,0.4001209095170473
2015-09-30,-0.7324946747607199,0.1788431462843378,0.18469440279726665,0.17800938234335603,0.17848581482420928,0.03794445681114782,NTES,-0.018000115900084712,0.06984796820858848,0.04729934632050754,0.07383329672664157,0.01604613323315501,0.013412188583909085
2015-10-01,-0.7461397789515962,0.17480830812825562,0.1808829003535091,0.17272388407682396,0.17987047068246304,-0.39180622872192167,NTES,0.6966992227853853,0.00975358295496416,-0.026848407888962082,-0.03723130588271533,-0.028421595467651467,-0.4726108152857376
2015-10-02,-0.7195038683086125,0.18268443818225374,0.18645127064375094,0.17333432650445835,0.1744212014129459,0.19339770520791907,NTES,1.4113985614708553,-0.03838491676278421,0.039223870123458536,0.004299986037447828,0.055479841715065474,0.647510997072318
2015-10-05,-0.6869264734794123,0.192317421883759,0.19504206361800616,0.18018313216033122,0.183160870663107,0.9275626405017192,NTES,-1.4473987932710248,0.06156265365308755,0.06051396195224482,0.0482433188786908,0.06785520393127858,0.8119069844582018
2015-10-06,-0.7026863743500554,0.18765726077194045,0.19277897383651024,0.18591528765253534,0.19076899502252018,-0.29424218303438887,NTES,-0.7326994545855547,0.05359199661698192,-0.015941314072212387,0.04037758102181076,-0.03282640066604173,-1.3467357264223012
2015-10-07,-0.6915588614074428,0.19094766075258443,0.19399984449280175,0.18682349683095867,0.19129009748563372,-0.20479344613787087,NTES,-0.018000115900084712,0.0036706709986581796,0.008599872056611942,0.006397469457416811,0.023177736890303717,0.10038682113552072
2015-10-08,-0.6791723302715211,0.19461028692043605,0.19775179642619695,0.18852079996810342,0.1905903292924559,-0.18441500406265607,NTES,0.6966992227853853,-0.004929201057953018,0.026428931208624915,0.011955885535875949,0.025799716188118795,0.024159626015916015
2015-10-09,-0.6869767741134668,0.192302541355657,0.19718603817980018,0.19172187418320383,0.1961438190545957,-0.44825270986831306,NTES,1.4113985614708553,0.03911905096251555,-0.003985228499769755,0.02254852186979778,-0.016255871573323404,-0.28950632570339735
2015-10-12,-0.6752951752041342,0.19575671233928604,0.19950866427268124,0.19425295546030755,0.19425295546030755,-0.25204257732111224,NTES,-1.4473987932710248,-0.013319334774396563,0.01636069073426621,0.017829059152012976,0.024331347770372404,0.21821057964937446
2015-10-13,-0.6710155037797225,0.1970222529778379,0.19871957031395984,0.19346386150158615,0.19380629823463552,-0.5459970957512017,NTES,-0.7326994545855547,-0.003146275139095238,-0.0055584160784591385,-0.0055584160784591385,0.008914529576006488,-0.3227437710949743
2015-10-14,-0.6864231332851014,0.19246631235864206,0.19950866427268124,0.19178142469356618,0.1983622388538313,0.09655502030180983,NTES,-0.018000115900084712,0.03209226646630983,0.0055584160784591385,-0.01185116639321667,-0.03209226646631021,0.7108014619496921
2015-10-15,-0.6656782949096914,0.19860045509425792,0.19935978799677537,0.19466983743079846,0.19535472509587434,0.2496638461589546,NTES,0.6966992227853853,-0.02118507263127698,-0.0010486917008429133,0.020346119270602838,0.04320919864151182,0.17064321768178822
2015-10-16,-0.6335539396407475,0.20809945724693646,0.2096627646362773,0.19706692296009826,0.20008933144513438,1.2411742402256,NTES,1.4113985614708553,0.033350796525604666,0.07257466664906358,0.016885186612112496,0.06691143140966163,1.0959179699299404
2015-10-19,-0.641559752945794,0.20573214697281783,0.20806968199175527,0.20315640991243092,0.20546415547721,0.6923990257576477,NTES,-1.4473987932710248,0.03786052090322127,-0.011221751336144425,0.04289464114040043,-0.016675448271944098,-0.6039683838991556
2015-10-20,-0.6364240804657469,0.2072507985788755,0.2075783547838228,0.20363284239328416,0.2055981512250139,-0.36186975629284507,NTES,-0.7326994545855547,0.0009438725399001067,-0.0034609326584901555,0.0033560134792638206,0.010697455494864453,-1.1618399972679598
2015-10-21,-0.6466454030032582,0.20422839009383933,0.2069530176291093,0.20069975967379156,0.2069530176291093,-0.0933432054079351,NTES,-0.018000115900084712,0.009543744596512421,-0.0044049052166734185,-0.02066077678999701,-0.021289991810502944,0.2980202539129815
2015-10-22,-0.6364240804657469,0.2072507985788755,0.20945432365103184,0.2042730600760997,0.20605970317776517,-0.12129593568809698,NTES,0.6966992227853853,-0.006292550278190849,0.01761932081184439,0.02517050116761342,0.021289991810502944,-0.029179507905896157
2015-10-23,-0.6243397426302124,0.21082408478220643,0.21393583323176332,0.20888855120565789,0.21347428127901205,0.14326313089898357,NTES,1.4113985614708553,0.052228647396744085,0.03156797062503023,0.03251174314664718,0.025170401149330078,0.2936416682925342
2015-10-26,-0.6280152500230269,0.20973720987371886,0.2131169498188835,0.20774212578680792,0.2113600819723992,-0.15718363456391773,NTES,-1.4473987932710248,-0.014892522353086319,-0.005768254436911249,-0.008075476197048815,-0.007655999516711463,-0.32990872938297894
2015-10-27,-0.619707354702182,0.212193845913381,0.21415915474511074,0.2099307703308623,0.21052631803141744,-0.1790047982019796,NTES,-0.7326994545855547,-0.005873073597853497,0.007341341997317291,0.015416918212649261,0.01730466329244966,-0.022412602856114013
2015-10-28,-0.6171394071775695,0.21295317881589845,0.21322117031150623,0.20926077739286555,0.21317650032924587,-0.40028221790364815,NTES,-0.018000115900084712,0.018668012512687307,-0.00660720779758558,-0.0047194627177849936,0.005348777756573898,-0.24253604359314485
2015-10-29,-0.6281663744943679,0.20969253989145847,0.2131169498188835,0.20769745580454757,0.21198540492813556,-0.5358980448112722,NTES,0.6966992227853853,-0.008390133716443359,-0.0007341341997317104,-0.011012113014258626,-0.02296809856841829,-0.1479983995153061
2015-10-30,-0.6095867447173681,0.215186479143236,0.2188193158569293,0.21104742049453107,0.2114196324827616,-0.008583313590670029,NTES,1.4113985614708553,-0.003985328518052911,0.04016774266335902,0.023597313588923852,0.03869957428217875,0.58362345233761
2015-11-02,-0.6102413206676084,0.21499291868609252,0.21805999715338906,0.21350405653419324,0.21551403534818334,0.1299179564426482,NTES,-1.4473987932710248,0.028841172166271786,-0.005348677738290556,0.017304663292449847,-0.0013634492385208006,0.15452206153377784
2015-11-03,-0.6193046714182743,0.21231296113308293,0.21588624733641387,0.21173229396062976,0.2135785017716348,-0.14582220225649709,NTES,-0.7326994545855547,-0.013633992293791294,-0.015311999033423299,-0.01248038141372242,-0.01887775085285589,-0.3026420825647392
2015-11-04,-0.5992142420662218,0.2182535576105325,0.22020397171518302,0.2147398219175639,0.2147398219175639,0.03145220977833602,NTES,-0.018000115900084712,0.008180395376274777,0.030414259726677828,0.021185172649560324,0.04184584942127418,0.1973127846426943
2015-11-05,-0.6078745756792142,0.21569270107824762,0.22182684381386344,0.21347428127901205,0.21868532010912542,0.38077116818268164,NTES,0.6966992227853853,0.027792280428862563,0.01143158969459635,-0.008914529576006488,-0.018038797492181558,0.38718417927481674
2015-11-06,-0.5980562146370819,0.21859599434358185,0.2198913102373149,0.2142187052554731,0.21588624733641387,-0.12309933764165581,NTES,1.4113985614708553,-0.019716804231813746,-0.013633992293791294,0.0052437585590645935,0.02045093843154527,-0.5544107557404571
2015-11-09,-0.5894964266499042,0.22112707562068556,0.22401547415894066,0.21740489894247153,0.21886398583918967,0.2530903098707164,NTES,-1.4473987932710248,0.020975334291108587,0.0290508104881574,0.02244370270885516,0.017829059152012976,0.41683914552239143
2015-11-10,-0.5965959382652607,0.21902777104115195,0.2208144141428174,0.21490359292054897,0.2193404325190201,0.47454806976774083,NTES,-0.7326994545855547,0.0033561134975471627,-0.022548421851514625,-0.01761932081184458,-0.014787603173859984,0.24607430632494798
2015-11-11,-0.5816919828079588,0.22343482118546465,0.22556390102017948,0.21968286925206948,0.2212312961133083,0.8381139036052012,NTES,-0.018000115900084712,0.01331933477439675,0.03345561568654747,0.03366545404499977,0.031043474747183577,0.40290728218460464
2015-11-12,-0.565227094068432,0.22830342328252864,0.23723665298983315,0.22752920985190922,0.23524156890292228,4.057366730903071,NTES,0.6966992227853853,0.0986890403565771,0.08222343044308475,0.05527000335661336,0.03429466906550515,3.554493795811081
2015-11-13,-0.5915608114110282,0.2205166331930512,0.23220426569080693,0.22032308693488498,0.22802053705984165,2.071640839839442,NTES,1.4113985614708553,-0.050865298176506625,-0.035448379963857184,-0.05076027897899732,-0.054850526676276566,-2.189812484977512
2015-11-16,-0.6030410964995543,0.21712201271978454,0.2198913102373149,0.20963298938109612,0.21627335405172357,1.113132701522923,NTES,-1.4473987932710248,-0.08274772628436472,-0.08673305480241782,-0.075301565126105,-0.023911871090035054,-1.0561568625198916
2015-11-17,-0.5785702831703925,0.22435792509096716,0.22556390102017948,0.21859599434358185,0.21859599434358185,0.7980783802361952,NTES,-0.7326994545855547,0.016360790752549554,0.03995800432319025,0.06313584123177712,0.050970117337449244,-0.34602988553098935
2015-11-18,-0.5605444055063469,0.22968807914078238,0.2303878473339603,0.22333060069284194,0.22547457525463593,0.8599350672432631,NTES,-0.018000115900084712,0.04845305721885957,0.03398011156439413,0.03335079652560485,0.03754586338382635,0.06993574841150109
2015-11-19,-0.5356205526169288,0.23705798725976893,0.23941040280680836,0.23226383040014648,0.23284448337362246,0.6698565013381623,NTES,0.6966992227853853,0.05191398987734954,0.0635553179121141,0.06292610289160853,0.05191398987734973,-0.2081044384869004
2015-11-20,-0.5131637677725419,0.24369835193039643,0.24532120983009958,0.23725154771691237,0.23821930740569805,0.9825664000852636,NTES,1.4113985614708553,0.03786052090322108,0.041636011062822255,0.03513372244446282,0.04677505047922794,0.34678177559523515
2015-11-23,-0.5071720385945651,0.24547010030498267,0.2506513638799148,0.2444725653610158,0.24566366076212612,0.6725616042685005,NTES,-1.4473987932710248,0.05243838573691267,0.03754586338382654,0.05086519815822328,0.012480281395438704,-0.34045714019587464
2015-11-24,-0.5037870952626273,0.24563387130796774,0.2463932042104852,0.24200103459427444,0.2443236748861327,0.4117896817838935,NTES,-0.7326994545855547,-0.009438925435569616,-0.029994683028057505,-0.01740958247167581,0.0011536108800688756,-0.28612287317850627
2015-11-25,-0.4813037690438559,0.25225936964947043,0.2536589060358262,0.24901362545210964,0.25307822466439583,0.9827467402806195,NTES,-0.018000115900084712,0.06166747281403036,0.05117995569590117,0.04939702977704321,0.04667033133656829,0.63178789416253
2015-11-27,-0.5086876234069285,0.24418966493935162,0.24990693990345378,0.23606043811682487,0.24980271941083104,1.2031224590055087,NTES,1.4113985614708553,-0.023072817711077567,-0.026429031226908258,-0.09124287919831739,-0.05684339097186961,0.24488014661028054
2015-11-30,-0.49529897455051836,0.24813519152886748,0.24815007205696948,0.24011018519896346,0.24567854129022812,11.594324515411493,NTES,-1.4473987932710248,-0.029050910506440555,-0.012375462234496457,0.02852661466516077,0.02779248046542906,11.469583411245962
2015-12-01,-0.5065151813102582,0.24482989682114434,0.24615500216903577,0.24011018519896346,0.24491923678566507,2.032867697837927,NTES,-0.7326994545855547,-0.005348577720007214,-0.014053368955845118,0.0,-0.023282656069529492,-10.550522700602459
2015-12-02,-0.4737764238275644,0.25447776105075165,0.25608576682030715,0.2439365823698002,0.2463783236823832,1.6851718011917844,NTES,-0.018000115900084712,0.010277878796243946,0.0699527873695311,0.026953327068188045,0.06796002309222159,-0.3820537035901237
2015-12-03,-0.47700974190751266,0.2535248960890451,0.26219013430074184,0.25222958019531205,0.25543065441041246,2.07831342706761,NTES,0.6966992227853853,0.06376505625228288,0.04299946030134305,0.05841627849570897,-0.006712026958528386,0.4355476477188479
2015-12-04,-0.4322464064133712,0.26671628546577925,0.26786271088462926,0.2531080141185542,0.2532569045934373,1.6175442279333283,NTES,1.4113985614708553,-0.015311999033423299,0.03995790430490728,0.006187731117248229,0.09292078591966604,-0.5068433937728708
2015-12-07,-0.43830891258970817,0.264929656563091,0.2664185045160131,0.2599568055754499,0.26513809754833645,1.0321599538081314,NTES,-1.4473987932710248,0.08369169884254836,-0.010173059635301698,0.048243218860407645,-0.012585100556381698,-0.6443707875787372
2015-12-08,-0.4253246162860349,0.26875605373392775,0.2699173596808797,0.2555050854488768,0.2578723957229955,0.8518197584522483,NTES,-0.7326994545855547,-0.05117995569590117,0.02464610530805029,-0.031358132266578305,0.026953327068188045,-0.19735700105489348
2015-12-09,-0.44558442078196114,0.2627856678023198,0.27046825159815174,0.26221989535694584,0.2677584903920065,0.9971739559090902,NTES,-0.018000115900084712,0.06963812985013655,0.0038805093571108494,0.0472994463387907,-0.042055687779726104,0.16208507306000494
2015-12-10,-0.4421991992385519,0.2637832027462867,0.2679073808668896,0.25985258508282716,0.2634407802122145,0.5023204598525468,NTES,0.6966992227853853,-0.030414159708394672,-0.018038897510465272,-0.016675448271944098,0.007026684477922931,-0.5444594247848951
2015-12-11,-0.46564207682266623,0.2568748607790286,0.2626516862534931,0.2522891307056744,0.260641707439503,1.532964676311419,NTES,1.4113985614708553,-0.019716804231813562,-0.03702136750598006,-0.053277339097587,-0.048662695540745184,1.1391067462770794
2015-12-14,-0.44012780354834496,0.264393645173921,0.26457232510296247,0.25610064734840915,0.2572917427495195,0.4577764315996437,NTES,-1.4473987932710248,-0.023597313588924036,0.013529073114565332,0.026848507907245425,0.05296268157819246,-1.1849270850848634
2015-12-15,-0.4245161893920328,0.26899425577537717,0.2738479773443392,0.26498920707345336,0.26501896812965736,0.9383830522230723,NTES,-0.7326994545855547,0.05443094997765587,0.06533814381268892,0.062611445372214,0.032406923985704564,0.532075557987799
2015-12-16,-0.405974285090574,0.2744584197719735,0.27536664314937404,0.269232486214781,0.272939782364893,-0.034912982112628964,NTES,-0.018000115900084712,0.05579459925274336,0.010697555513147796,0.029889863867114886,0.03848983594201017,-1.0724770452870132
2015-12-17,-0.4159777680458692,0.2715104565243789,0.27670660062741304,0.2696344876571699,0.27544107418783836,-0.011649096911720041,NTES,0.6966992227853853,0.017619220793561048,0.00943872539900293,0.0028317176379842215,-0.020765595950939818,0.027344051921695846
2015-12-18,-0.41875693371967476,0.2706915731114991,0.2724335604298814,0.2641107731502112,0.27104890457162767,0.43288948464053184,NTES,1.4113985614708553,-0.03093865558624114,-0.030099502189000128,-0.038909312622347335,-0.005768254436911063,0.49227023416555116
2015-12-21,-0.42790107708167624,0.2679967208314103,0.2757984056479669,0.26542096957204625,0.27174868696378274,-0.12887022389304406,NTES,-1.4473987932710248,0.004929301076236733,0.02370213274986666,0.00922908707711769,-0.01898267003208185,-0.6182983004751649
2015-12-22,-0.42072689350735815,0.2701109201380232,0.2702598106129062,0.2646616366695288,0.2694855971822868,0.41233070236996117,NTES,-0.7326994545855547,-0.015941314072212387,-0.039014131783289954,-0.005348777756573898,0.014892522353086506,0.5989485020091755
2015-12-23,-0.4171903249234309,0.2711531250642504,0.2732375349167048,0.26956002822075115,0.2732375349167048,-0.4010035786850717,NTES,-0.018000115900084712,0.026428831190341576,0.020975234272825057,0.034504507423957075,0.007341341997316731,-0.8959404341353439
2015-12-24,-0.4084502002604005,0.2737288763236145,0.2769299505387149,0.27023002115874784,0.2706915731114991,-0.7483387949405026,NTES,0.6966992227853853,-0.017933878312955596,0.026009554546571095,0.004719462717784808,0.01814371667140752,-0.38165565035190124
2015-12-28,-0.4191605629225857,0.2705724720907744,0.2739521978369619,0.26482543607046827,0.27127222608497503,-0.5211101487920898,NTES,-1.4473987932710248,0.004090147678995345,-0.020975434309391743,-0.03807015922510632,-0.022233864350403237,0.25244315813650764
2015-12-29,-0.4040039358068306,0.2750390727454495,0.2775999434767116,0.27154024597853726,0.27154024597853726,-0.6293142660056197,NTES,-0.7326994545855547,0.0018879451163676432,0.025694897027176547,0.0472994463387907,0.031462951427520924,-0.11774635341039771
2015-12-30,-0.42461740272537907,0.2689644947191732,0.27508374272770986,0.26823495127081415,0.2739968678192223,-0.1232796778370117,NTES,-0.018000115900084712,0.017304563274166504,-0.017724239991070354,-0.023282656069529492,-0.042789621942891126,0.5601383112824838
2015-12-31,-0.4216364780924122,0.2698429286424153,0.2716146770170017,0.2670140664155454,0.2680413908136707,-0.4704345538970867,NTES,0.6966992227853853,-0.0419506685822168,-0.024436266949597996,-0.008599972074895285,0.006187731117248229,-0.38145662373279
2016-01-04,-0.4677134168705788,0.25626441835139424,0.25825951663728236,0.24575300072664685,0.2563090883336546,0.6602984709843005,NTES,-1.4473987932710248,-0.0826429071234221,-0.0940743967997353,-0.14976397685496898,-0.09564768439670765,1.2495665198838173
2016-01-05,-0.4589226577197282,0.25885505013886034,0.2605523674749822,0.25534131444589175,0.257634193681546,-0.03888046641045839,NTES,-0.7326994545855547,0.009334106274626995,0.01615095239409763,0.06754054641188405,0.01824853583235014,-0.7699565842379293
2016-01-06,-0.45988248729654246,0.25857217811515054,0.26162436185536786,0.25383755756691323,0.25608576682030715,0.3697704162659728,NTES,-0.018000115900084712,-0.010907193835033037,0.007551180355769029,-0.01059253631563849,-0.0019925642407432062,0.4526639369624145
2016-01-07,-0.5018165234097066,0.24621455267939812,0.24937095691223818,0.24235836605440297,0.2461103321867754,1.0166506970075255,NTES,0.6966992227853853,-0.07026744488892564,-0.08631357812208065,-0.08085998120456414,-0.08704771232181237,0.7155781008083618
2016-01-08,-0.5114663439423799,0.24337080992442622,0.2531080141185542,0.24252213705738807,0.2488051844668642,0.383295930917664,NTES,1.4113985614708553,0.01898267003208185,0.026324012029398953,0.0011536108800688756,-0.020031461751208107,-0.6973118682623269
2016-01-11,-0.5350606242093064,0.2364177695769534,0.2434005709806302,0.23113228550939854,0.23821930740569805,0.8249490693442217,NTES,-1.4473987932710248,-0.07456743092637329,-0.06837969980912506,-0.08023066616577504,-0.04897755309670604,0.4890858082597713
2016-01-12,-0.5246024324249255,0.2394997427713291,0.24028883673005053,0.23594133709610016,0.23868085935844932,0.03866581759257135,NTES,-0.7326994545855547,0.003251194318321387,-0.021919206831008693,0.033875192385167986,0.02170956850912345,-0.866086441268658
2016-01-13,-0.5400117311991336,0.2349586826802353,0.24119706010745104,0.23428868974223857,0.24119706010745104,-0.1606100982756795,NTES,-0.018000115900084712,0.017724239991070354,0.006397569475700153,-0.011641328034764746,-0.0319874473053674,-0.21825479606157364
2016-01-14,-0.5111632047229894,0.24346012149099255,0.2447405568566236,0.23163849324543298,0.2337526925520458,0.2282033629116045,NTES,0.6966992227853853,-0.05243848575519582,0.024960562790878153,-0.018668112530970463,0.05988454689517239,0.43077100886017816
2016-01-15,-0.5542596083642493,0.23076005932219082,0.23967839430241616,0.22702300211587478,0.23530111941328466,0.4476773806597143,NTES,1.4113985614708553,0.010907193835033037,-0.03565811830402595,-0.03251174314664737,-0.08945985326117607,0.24388501351472436
2016-01-19,-0.5206109324427356,0.24067595764433744,0.24548500923103905,0.23568822612859433,0.23568822612859433,1.1389213494588142,NTES,-0.7326994545855547,0.0027267984587580727,0.040902076899657226,0.06103825779352461,0.06984806822687183,0.7645386491097267
2016-01-20,-0.5273306297571452,0.2386957398865513,0.2403186261842089,0.23004541060091094,0.23355914629387953,0.4819420177773321,NTES,-0.018000115900084712,-0.014997341514028753,-0.03639225250375766,-0.03974826598302167,-0.013948749831469182,-0.7233843553658993
2016-01-21,-0.5331912100474379,0.23696866149422538,0.24037817669457126,0.23378246780722697,0.23905307134667983,0.6631839141099946,NTES,0.6966992227853853,0.03869947426389541,0.0004194766803371653,0.026324012029398953,-0.012165623876044532,0.20169137026314157
2016-01-22,-0.5617873430766008,0.22854165372193247,0.24267102753227116,0.22504279855706585,0.2415246021134212,1.6543336277859284,NTES,1.4113985614708553,0.01740958247167581,0.01615095239409763,-0.06156265365308774,-0.05936025105389261,1.095519916691718
2016-01-25,-0.5366268991517845,0.23595621762420213,0.23954441275358948,0.2279461060213773,0.22928607769839351,0.14668959461074535,NTES,-1.4473987932710248,-0.08620875896113803,-0.022024025991951312,0.020451038449828613,0.052228547378460555,-1.6621929177136157
2016-01-26,-0.5673448954320917,0.22690388689617288,0.23221916041788612,0.22407503886828017,0.23190649894001794,0.8628205103689572,NTES,-0.7326994545855547,0.018458374190802065,-0.05159943237623834,-0.02726798458758259,-0.06376505625228268,0.7920043225470778
2016-01-27,-0.559058923175204,0.22934564240773306,0.23151939222470824,0.2249981427737827,0.22739521410410532,0.4550713286693055,NTES,-0.018000115900084712,-0.03177770896519881,-0.004929201057953391,0.006502388636642774,0.017199844131507228,-0.44832956775416644
2016-01-28,-0.560524207353513,0.22891386571016298,0.23324648481601135,0.2263232339226969,0.23125138653012325,0.5118784902064086,NTES,0.6966992227853853,0.027163065408356626,0.012165723894327874,0.009334006256343653,-0.003041455978152804,0.06436300307638639
2016-01-29,-0.5484492174234222,0.23247227138539192,0.23458645649302756,0.2295987391762617,0.23163849324543298,0.7832904842170128,NTES,1.4113985614708553,0.002726798458758445,0.009438825417286273,0.023072817711077755,0.02506558198838746,0.3012046798187613
2016-02-01,-0.546579858903848,0.2330231491036867,0.23431846499741976,0.22858630950521563,0.23204049468782187,0.12126162706556581,NTES,-1.4473987932710248,0.002831717637984035,-0.0018877450798005862,-0.007131603657148708,0.0038804093388271348,-0.728957100701014
2016-02-02,-0.5555732116482742,0.23037295260688107,0.23352937103869834,0.22946474342845777,0.23077495404927,0.29060107050474004,NTES,-0.7326994545855547,-0.008914529576006488,-0.0055584160784591385,0.006187731117248229,-0.018668112530970834,0.18855561340179977
2016-02-03,-0.5818953553936547,0.22261593777258487,0.23150449749762902,0.21761333992771698,0.23068562828372646,0.8236866879767306,NTES,-0.018000115900084712,-0.000629215020505748,-0.014263307332580572,-0.08348186048409643,-0.05464078833610762,0.5899923041491697
2016-02-04,-0.57598425190013,0.22435792509096716,0.22746965934154684,0.22124617664141025,0.22254149253514333,-0.06809557805811146,NTES,0.6966992227853853,-0.0573676868131494,-0.028421595467651467,0.025589877829667058,0.012270643073553836,-0.982517013448733
2016-02-05,-0.6326711189992555,0.2076527858222872,0.22541502474427358,0.20677435189904506,0.22541502474427358,0.7564197951089862,NTES,1.4113985614708553,0.02024130010966003,-0.01447294565446544,-0.10194023467489831,-0.1176718104069423,0.9116193206329327
2016-02-08,-0.6647027185635879,0.19821334837894825,0.20546415547721,0.19370207774201276,0.20354350242876348,0.915660187608231,NTES,-1.4473987932710248,-0.15406406291069977,-0.14053488977785128,-0.09208173254070837,-0.06649185471104094,0.17741012273157036
2016-02-09,-0.648181798033693,0.2030819646749894,0.2069530176291093,0.19295763956657452,0.1960693738171542,0.7208927766238772,NTES,-0.7326994545855547,-0.052648124077081436,0.010487617136412528,-0.005243858577347936,0.034294769083788305,-0.21327913058379264
2016-02-10,-0.6391379220860349,0.205747041699897,0.20902254695346179,0.20473461202885096,0.2053599349845873,-0.2365333205205063,NTES,-0.018000115900084712,0.06544316301019822,0.014577864833691587,0.08295756464281664,0.01877293169191327,-1.0549627028052242
2016-02-11,-0.6459082538882649,0.2037519576129861,0.2078016762971703,0.1972753639453437,0.1995682289820208,-0.2460913508743681,NTES,0.6966992227853853,-0.04079705770214792,-0.008599872056611757,-0.05254330491613863,-0.01405346897412846,-0.008878792756549733
2016-02-12,-0.6379255321353562,0.20610437316002553,0.21631802403398395,0.20440705582390362,0.2091118869179825,0.858492345680416,NTES,1.4113985614708553,0.06722598891077283,0.05998956609268151,0.05023598313771754,0.016570529092718136,1.2207076601126876
2016-02-16,-0.5762367009894058,0.2242834798535256,0.2277972155464942,0.2135338317893744,0.2135338317893744,1.8840870366693234,NTES,-0.7326994545855547,0.031148393926409723,0.08085998120456414,0.064289452111846,0.12805450836412868,1.1335340009419648
2016-02-17,-0.5493585794392992,0.23220426569080693,0.23329114059929454,0.22041241270042852,0.22630833919561774,0.6653479964542652,NTES,-0.018000115900084712,0.08998424912073939,0.03869947426389541,0.04845305721885976,0.05579439921617686,-1.3433522738974102
2016-02-18,-0.56800164143181,0.22671034063800663,0.23472046643980865,0.22406014414120096,0.2337526925520458,0.00981138633563005,NTES,0.6966992227853853,0.05243838573691267,0.010068240474358706,0.025694797008892833,-0.03869947426389541,-0.7217921424130094
2016-02-19,-0.5595644890612873,0.22919675193284997,0.2311769554916589,0.22420903461608405,0.22490880280926198,0.08393120662689801,NTES,1.4113985614708553,-0.062296787852819446,-0.024960662809161496,0.0010487917191262556,0.01751440163261843,0.08346955851106537
2016-02-22,-0.5285431866347067,0.2383384084264228,0.24200103459427444,0.23077495404927,0.2336186968042419,0.34740823204184323,NTES,-1.4473987932710248,0.06135291531291916,0.07624533764772194,0.04625065461966463,0.06439427127278861,0.2924475085778668
2016-02-23,-0.5422348634259186,0.23430358446931776,0.2391126218570422,0.23047717309950383,0.2387106488126077,0.08898073209686275,NTES,-0.7326994545855547,0.03586795666247769,-0.02034611927060265,-0.002097583438252511,-0.028421495449368124,-0.2835355271300602
2016-02-24,-0.529452604292878,0.23807041693081496,0.23885951088953639,0.22630833919561774,0.23196604945038032,0.17157654156985722,NTES,-0.018000115900084712,-0.047509284697242624,-0.001782925918857966,-0.029365468007551573,0.026533750369567538,0.09282380960929362
2016-02-25,-0.649040414277161,0.20282885370748358,0.21870021483620455,0.1965309257699055,0.21870021483620455,5.274843389750638,NTES,0.6966992227853853,-0.09344518177922936,-0.14200305815903155,-0.20975354294765067,-0.2482432788713775,5.6337248856662
2016-02-26,-0.6533349421941529,0.20156331306893172,0.21231296113308293,0.20147397310441098,0.2050919292900023,1.6032973525002134,NTES,1.4113985614708553,-0.09585742273687604,-0.04499212456036942,0.03481906492506809,-0.008914529576006488,-4.050313320429378
2016-02-29,-0.6572254514121738,0.20041688765008178,0.2034839519184011,0.19971710525792669,0.20122087633588237,1.0150276352493226,NTES,-1.4473987932710248,-0.02726788456929925,-0.06219196869187683,-0.012375462234496457,-0.008075476197048629,-0.6475552134845171
2016-03-01,-0.6362079101523601,0.20661058089605996,0.20865033496523125,0.20101243535063693,0.20262041272223813,1.0611947252604286,NTES,-0.7326994545855547,0.009858402115906781,0.03639225250375766,0.009124367934458413,0.043628675321848616,0.05262043254882325
2016-03-02,-0.650606689219639,0.20236730175473233,0.21095808053001033,0.1974242544202268,0.20945432365103184,1.3037522880140915,NTES,-0.018000115900084712,0.048138399699465026,0.01625587157332359,-0.02527532032855604,-0.029889863867114886,0.269360420760963
2016-03-03,-0.6296901943662888,0.20853121974552935,0.21025831233683243,0.2007890996383123,0.20087842540385584,0.49150004813119386,NTES,0.6966992227853853,-0.06040904277301886,-0.004929201057953576,0.02370213274986666,0.04341893698168022,-0.8947462744206764
2016-03-04,-0.6212527637842946,0.21101764523934988,0.21572247633342878,0.20888855120565789,0.2103029823190928,1.0620964262372081,NTES,1.4113985614708553,0.0663870355500985,0.03848983594201036,0.057052929275471516,0.017514501650901772,0.6313898409243075
2016-03-07,-0.621808797231315,0.2108538600373876,0.21323605083960823,0.20789101626169101,0.2108836352925688,0.43162710327304066,NTES,-1.4473987932710248,0.004090147678995717,-0.017514501650901772,-0.007026684477922559,-0.001153710898352218,-0.6941274423565471
2016-03-08,-0.6417147723777363,0.20498770879737957,0.21286383885137772,0.2043326105864621,0.20945432365103184,0.7715683715188804,NTES,-0.7326994545855547,-0.010068140456075363,-0.0026218792795322968,-0.02506558198838727,-0.04132145356171105,0.3768347950810323
2016-03-09,-0.6243044097733268,0.20914166217316368,0.20933522263030713,0.20291817947302712,0.2074890148193021,0.40728117689999643,NTES,-0.018000115900084712,-0.013843730633960064,-0.024855743629935534,-0.00996332129513293,0.029260648846609137,-0.4003641525483577
2016-03-10,-0.6297355984784442,0.20754856532966448,0.2114196324827616,0.20439216109682443,0.20863544023815206,0.6025896084704179,NTES,0.6966992227853853,0.008075476197049,0.014682683994634394,0.010382797975469909,-0.01122185135442758,0.21721544655381825
2016-03-11,-0.6057773619644484,0.21457603671560163,0.2155884663866477,0.2099009808767039,0.2114196324827616,0.8601154074386189,NTES,1.4113985614708553,0.019611985070871127,0.029365468007551573,0.038804393443121185,0.04950184893798583,0.28587963014719586
2016-03-14,-0.5932905634141835,0.2182386628834533,0.22301793921497376,0.21319139505632506,0.21319139505632506,0.7046621590418477,NTES,-1.4473987932710248,0.012480381413722232,0.05233356657597005,0.02317783690858706,0.02579971618811917,-0.16989132761754244
2016-03-15,-0.5948134930093957,0.21779200565778126,0.21981686499987335,0.21485892293828862,0.21572247633342878,3.2360974812523793,NTES,-0.7326994545855547,0.017829059152012976,-0.02254852186979778,0.011746147195707367,-0.0031462751390954244,2.795406270520814
2016-03-16,-0.5721241790170957,0.22444725085651074,0.22449192083877106,0.21520137387031515,0.21725600846758844,0.4217083925284671,NTES,-0.018000115900084712,0.010802274655807074,0.03293131984526769,0.0024122409576468697,0.04687986964017037,-3.104339799793657
2016-03-17,-0.5662361114334147,0.22617434344781384,0.2314449469872667,0.2247152565510957,0.22481947704371844,1.1199856289464465,NTES,0.6966992227853853,0.053277439115870344,0.048977453078422696,0.06701625057060444,0.012165723894327874,0.7723006872550651
2016-03-18,-0.5868949268218242,0.22011464594963953,0.22523635901420933,0.2166306855118521,0.22523635901420933,2.1259232386415627,NTES,1.4113985614708553,0.002936536798926842,-0.043733594501074766,-0.056948110114528896,-0.042684802781948694,1.1118400994588395
2016-03-21,-0.5825806458903529,0.2213801865881914,0.22331570596576275,0.21886398583918967,0.2198764155102357,0.05706051751887143,NTES,-1.4473987932710248,-0.037755701742278464,-0.013529173132848675,0.01573147571376065,0.008914529576006488,-2.281563756387793
2016-03-22,-0.5785705613818639,0.22255638726222252,0.22473013707919773,0.22041241270042852,0.22105263038324402,0.15228014066677772,NTES,-0.7326994545855547,0.00828531455550074,0.00996332129513293,0.010907193835033037,0.008285214537217396,0.10675567294708037
2016-03-23,-0.5974527739553108,0.21701779222716183,0.22239261625923742,0.21460581197078282,0.22132062187885182,0.41341274354209645,NTES,-0.018000115900084712,0.0018877450798005862,-0.01646560991349236,-0.04090197688137407,-0.039014131783289954,0.28986016252942065
2016-03-24,-0.6039501246616654,0.21511203390579445,0.21588624733641387,0.21101764523934988,0.21588624733641387,0.0054832216470888555,NTES,0.6966992227853853,-0.038279997583558246,-0.045831177939327276,-0.025275220310272697,-0.013424253953622713,-0.4485285943732777
2016-03-28,-0.6266901844263744,0.2084418939799858,0.21521625439841716,0.20792079151687218,0.21496314343091139,0.2514672481125134,NTES,-1.4473987932710248,-0.006502388636642587,-0.004719462717784808,-0.021814387670066073,-0.04698478881939615,0.27314192652407654
2016-03-29,-0.6324765935383545,0.20674457664386386,0.20848656396224616,0.20303729469272902,0.20826322824992152,2.0370155223311124,NTES,-0.7326994545855547,-0.04719452715956492,-0.04740426549973332,-0.03439958824473111,-0.011955985554159292,1.9722321738767274
2016-03-30,-0.6133405408182742,0.2123576169163661,0.21334028553120812,0.20769745580454757,0.20823345299474036,0.7466814245597685,NTES,-0.018000115900084712,-0.00020973834016858265,0.03418984990456234,0.032826400666041915,0.03953852764285309,-1.4223658416845721
2016-03-31,-0.6085183570243589,0.21377204802980104,0.21737512368729037,0.21238740637052447,0.21304250458144194,0.5986221241725884,NTES,0.6966992227853853,0.0338751923851678,0.02842159546765165,0.033036239024493465,0.009963321295132744,-0.16173123623398164
2016-04-01,-0.6113608436290869,0.21293828408881924,0.2134147165696725,0.20896299644309943,0.21189607916259204,0.5587669409989383,NTES,1.4113985614708553,-0.008075476197048629,-0.02789729962637168,-0.024121709448487166,-0.005873073597853869,-0.04231526476723796
2016-04-04,-0.6200405407604986,0.21039230808463635,0.2146356014249412,0.20818878301248,0.21284894412429856,0.630181658359868,NTES,-1.4473987932710248,0.0067120269585282,0.008599972074895285,-0.005453596917516518,-0.01793397833123875,0.08048415922439678
2016-04-05,-0.6200914534597906,0.21037742755653438,0.2117025187054486,0.2071019081039924,0.2088290006952955,0.5841949085441178,NTES,-0.7326994545855547,-0.02831667628842569,-0.02066077678999701,-0.007655999516711649,-0.00010481916094243394,-0.0490821698170201
2016-04-06,-0.6028333281726078,0.2154395901107418,0.21670513074929362,0.20951387416139422,0.21097297525708952,0.4934837902801086,NTES,-0.018000115900084712,0.015102260693254715,0.035238641623688415,0.016990005773055303,0.035658118304025765,-0.09844077135660748
2016-04-07,-0.6020210619602985,0.21567780635116843,0.21741977947057353,0.21231296113308293,0.21475470244566588,0.8716571799413955,NTES,0.6966992227853853,0.026638669548793313,0.0050340202188961965,0.019716904250096902,0.0016780067396320035,0.41902843833261505
2016-04-08,-0.6101933570099148,0.21328072082186864,0.21819399290119296,0.21143452720984077,0.2168837964793579,0.5831128673719825,NTES,1.4113985614708553,0.014997441532312096,0.005453596917516518,-0.006187731117248229,-0.016885186612112496,-0.31677297252163716
2016-04-11,-0.6322229203186039,0.20681902188130538,0.2165115702921502,0.2064765851482561,0.21552891587628534,0.6896939228273095,NTES,-1.4473987932710248,-0.009543844614795391,-0.01185106637493333,-0.03492398410429405,-0.0455165204199331,0.11929434995108845
2016-04-12,-0.6409534745070133,0.20425816534902055,0.20893322118791824,0.20284373423558558,0.2074592395641209,0.958761494298287,NTES,-0.7326994545855547,-0.056843190935303115,-0.05338225827681296,-0.025589977847950772,-0.018038797492181183,0.2986173337703152
2016-04-13,-0.6127821147525983,0.21252140211832837,0.21332539080412896,0.2071316833591736,0.2084418939799858,0.5764402801438148,NTES,-0.018000115900084712,0.0069218653169801254,0.03093865558624114,0.03020452138650943,0.05820664017382354,-0.42026681445948166
2016-04-14,-0.6193807344345933,0.2105858685417798,0.2154395901107418,0.20923100213768442,0.21363805228199717,0.46174391589747316,NTES,0.6966992227853853,0.03660199084392643,0.014892522353086133,0.014787703192143512,-0.013633992293791294,-0.12491131169840233
2016-04-15,-0.6354206273301951,0.20588103744770092,0.2111665215152558,0.20506215403482111,0.21106230102263307,0.3591303447399757,NTES,1.4113985614708553,-0.01814371667140752,-0.030099702225566623,-0.0293655680258351,-0.03314105818543627,-0.11157652821794929
2016-04-18,-0.631664494252928,0.2069828070832677,0.20836744874254426,0.20378173286816728,0.20378173286816728,0.8375728830191336,NTES,-1.4473987932710248,-0.05128467483856064,-0.019716804231813746,-0.009019348736949108,0.007760918695937612,0.5296872385584642
2016-04-19,-0.6379586393004695,0.20513659927226263,0.2085758897277897,0.20156331306893172,0.2085758897277897,0.032714591145827206,NTES,-0.7326994545855547,0.033770273205942024,0.001468268399463421,-0.015626656552817843,-0.013004777273285733,-0.8865861830371156
2016-04-20,-0.6472983096846693,0.20239707700991352,0.20543438022202884,0.2022630812621096,0.20399017385341273,0.5733744968227648,NTES,-0.018000115900084712,-0.0323020048064786,-0.022128945171177274,0.004929201057953391,-0.019297327551476024,0.5983514221518418
2016-04-21,-0.6462831160250184,0.20269485795967968,0.2053748155126893,0.1983324635986501,0.20491326355993802,0.7917664733987393,NTES,0.6966992227853853,0.0065022886183594315,-0.00041957669862050754,-0.02768746126791994,0.0020975834382523247,0.24269085380005692
2016-04-22,-0.661866074399762,0.19812402261340467,0.2027990784523024,0.1970222529778379,0.20101243535063693,0.4204460111609759,NTES,1.4113985614708553,-0.02747762290946783,-0.018143616653124178,-0.009229187095400847,-0.03219718564553598,-0.40812619069369604
2016-04-25,-0.661815328627353,0.1981389031415067,0.19828779361638976,0.1947740579234212,0.19801980212078196,0.2511065677218017,NTES,-1.4473987932710248,-0.021080253470334362,-0.03177770896519881,-0.01583639489298624,0.00010481916094280653,-0.1852163772891079
2016-04-26,-0.6591759920391436,0.19891311657212607,0.20071465440087077,0.1965160452418035,0.1981389031415067,0.04750248716500962,NTES,-0.7326994545855547,0.000838953360674517,0.01709492495228145,0.012270643073553836,0.005453596917516145,-0.22303143492024338
2016-04-27,-0.6615106870660163,0.19822824310602738,0.2006699844186104,0.19666492151770937,0.19788580637297806,-0.07062034079309382,NTES,-0.018000115900084712,-0.00178282590057481,-0.0003146575193947314,0.001048691700842727,-0.004824281878727428,-0.1286928174615159
2016-04-28,-0.6526787526173777,0.20081887489349348,0.2053301597294061,0.1987791208243222,0.1987791208243222,0.3984445073275582,NTES,0.6966992227853853,0.006292550278190849,0.03282650068432507,0.014892522353086133,0.018248535832350327,0.5193378543646797
2016-04-29,-0.6231369787964491,0.20948409890621306,0.20952876888847338,0.2005062134156253,0.2005062134156253,1.4388270943356478,NTES,1.4113985614708553,0.012165723894327874,0.029575206347720342,0.012165723894327874,0.0610382577935248,1.1498541837090863
2016-05-02,-0.6298370343809678,0.20751879007448332,0.20948409890621306,0.2056130459520931,0.20753368480156245,0.16652701609989248,NTES,-1.4473987932710248,0.04950184893798564,-0.0003146575193943588,0.0359727758234205,-0.013843730633959878,-1.4024631797734481
2016-05-03,-0.6383646054797412,0.20501749825153795,0.20681902188130538,0.20315640991243092,0.20547903600531203,0.23740071287475456,NTES,-0.7326994545855547,-0.014473045672748595,-0.01877293169191364,-0.017304663292449847,-0.017619220793561235,0.07988707936706306
2016-05-04,-0.6292787195998806,0.2076825752764456,0.2093501031584091,0.2037519576129861,0.2037519576129861,0.26300902061528997,NTES,-0.018000115900084712,-0.012165623876044718,0.017829059152012976,0.004195066858221679,0.018772931691913453,0.02993139797014196
2016-05-05,-0.6242537196432123,0.20915655690024287,0.21216407065819984,0.20783145155235147,0.20850144449034816,0.33280067621801673,NTES,0.6966992227853853,0.03345561568654747,0.01982172341103971,0.028736152968762668,0.010382797975469722,0.07869291965239562
2016-05-06,-0.6251165647010476,0.20890344593273705,0.21109209047679142,0.20471971730177177,0.20838234346962345,0.39880518771826995,NTES,1.4113985614708553,-0.0008389533606743306,-0.007551080337485687,-0.021919206831008693,-0.001782925918857966,0.0745133606510596
2016-05-09,-0.6319691358142648,0.20689346711874695,0.20969253989145847,0.2055981512250139,0.20769745580454757,0.18943022091008965,NTES,-1.4473987932710248,-0.004824381897010584,-0.009858502134190122,0.006187731117248042,-0.014158388153354422,-0.22940028673180304
2016-05-10,-0.609432114781486,0.21350405653419324,0.21457603671560163,0.20580659221025938,0.2069530176291093,0.5246826440766764,NTES,-0.7326994545855547,-0.005243858577348121,0.03439958824473111,0.0014682683994636072,0.046565312139058984,0.37166010298414004
2016-05-11,-0.6004476648041489,0.2161393583039197,0.22065062894085516,0.21115164098715378,0.21374227277461988,1.9145645296844678,NTES,-0.018000115900084712,0.04782384219835401,0.04278972196117466,0.0376507825630525,0.01856319335174487,1.5355677715466685
2016-05-12,-0.597249790865675,0.2170773427375242,0.22333060069284194,0.2078016762971703,0.22207995478136927,4.724084433133771,NTES,0.6966992227853853,0.058731036033386676,0.018877850871139044,-0.023597313588923852,0.0066072077975852074,3.102305317190345
2016-05-13,-0.5586729325795888,0.22839276324704938,0.22976252437822395,0.21820888762827215,0.21846199859577795,2.8434968759626216,NTES,1.4113985614708553,-0.025485058668724622,0.04530678207976415,0.07330890086707827,0.07970637032449526,-2.073779966035659
2016-05-16,-0.5169492243389093,0.24063128766207706,0.24289434904561857,0.23099828976159462,0.2315491674798894,1.9753391755194003,NTES,-1.4473987932710248,0.09218665171993415,0.09250120922104554,0.09008916829996516,0.08620875896113803,-0.9564445263451606
2016-05-17,-0.5074570384260111,0.2434154799066866,0.24816495258507146,0.2388297498333324,0.24039305722267323,1.4882403078631599,NTES,-0.7326994545855547,0.062296787852819634,0.03712638670348937,0.05516518419567093,0.01961198507087094,-0.5359012801631118
2016-05-18,-0.5071018180191482,0.2435197003993093,0.24487456680340472,0.23845753784510187,0.2438323618771775,1.2079916442801175,NTES,-0.018000115900084712,0.024226628627713128,-0.023177636872020187,-0.0026218792795322968,0.0007341341997317104,-0.3076177480425201
2016-05-19,-0.5189286989589192,0.2400506062906467,0.24487456680340472,0.23662621056219885,0.24240303603666336,0.5355030557980294,NTES,0.6966992227853853,-0.010068240474358706,0.0,-0.012899958112342926,-0.024436466986165053,-0.740500644609466
2016-05-20,-0.490605380098749,0.24835851304221493,0.2514255773105342,0.2419266035558101,0.2419266035558101,0.849294995717266,NTES,1.4113985614708553,-0.003356013479264007,0.046145635422155135,0.03733622506194129,0.058521297693218274,0.34797593530990256
2016-05-23,-0.5001897652933156,0.2444725653610158,0.24962406787974398,0.24411523390088727,0.24716741764110461,-0.26719115373100644,NTES,-1.4473987932710248,0.036916548345037443,-0.012689919717324317,0.015416818194365918,-0.02737280374852521,-1.2305041808613373
2016-05-24,-0.4502274920304989,0.25906349112410576,0.25925705158124923,0.2456934502162845,0.24725675760562535,1.9327788894154119,NTES,-0.7326994545855547,0.0006293150387890902,0.06785520393127858,0.011117032193484961,0.10277918803557283,2.4295953445943557
2016-05-25,-0.45532566160418236,0.2575746147732293,0.26213058379037946,0.2546117709975327,0.26213058379037946,0.7299097863916714,NTES,-0.018000115900084712,0.10477195231288272,0.02024130010966003,0.06282108369409924,-0.010487717154695871,-1.325837931415621
2016-05-26,-0.4357993338318251,0.2632770092092294,0.2635747617610412,0.25608576682030715,0.25758952369928567,0.7156629109585566,NTES,0.6966992227853853,-0.0319874473053674,0.010172859598734641,0.01038289799375325,0.04016794269992552,-0.01405348485344196
2016-05-27,-0.44110148805644195,0.26172858234799057,0.26482543607046827,0.25802128619787856,0.2642596636250943,1.2280094059646205,NTES,1.4113985614708553,0.04698478881939615,0.00880981043334721,0.013633892275507953,-0.010907193835033037,0.5671042429513772
2016-05-31,-0.430650474128027,0.2647807660882079,0.2666567349554169,0.2610585894099939,0.2634258996841125,11.154655119133851,NTES,-0.7326994545855547,-0.005873073597853684,0.012899758075776242,0.021394910989728906,0.021499730150671525,10.95689084041541
2016-06-01,-0.43921538120628106,0.2622794458673082,0.2640065526575885,0.2569939617997533,0.26205612435396075,1.4685832265693686,NTES,-0.018000115900084712,-0.00964876379402154,-0.018668012512687307,-0.028631433826103392,-0.017619420830127363,-10.688050094408325
2016-06-02,-0.45226667083230127,0.2584679576225278,0.2634407802122145,0.2571726417287948,0.26163924238346986,0.7483044863179714,NTES,0.6966992227853853,-0.002936536798926842,-0.003985328518053097,0.0012586300775781804,-0.026848307870679114,-0.7932426986739444
2016-06-03,-0.4422743163358678,0.26138613141596406,0.26431921413545667,0.2584679576225278,0.25892950957527905,0.7044818188464919,NTES,1.4113985614708553,-0.01908748919302447,0.006187731117248229,0.00912426791617507,0.020555757592487893,-0.046693850387685226
2016-06-06,-0.4475764149181904,0.2598377045547252,0.26201145437170037,0.25758952369928567,0.26174346287609257,0.5026811402432586,NTES,-1.4473987932710248,0.019821623392756182,-0.016255971591606935,-0.006187731117248229,-0.010907193835033037,-0.221041168729131
2016-06-07,-0.4460976653046588,0.2602694954512725,0.2639618826753281,0.2568153102686662,0.25872106859003363,1.2584868989797648,NTES,-0.7326994545855547,-0.0212898917922196,0.013738911473017257,-0.005453596917516518,0.0030415559964361463,0.8357901787515505
2016-06-08,-0.44604675260536697,0.2602843759793744,0.2619221144071797,0.2579766162156182,0.260075934994129,1.225664983424994,NTES,-0.018000115900084712,0.009543744596512235,-0.014368226511805976,0.008180295357991434,0.00010481916094262023,-0.03455322662189962
2016-06-09,-0.4630747413632914,0.25531155338968775,0.2599865950296083,0.25231892015983276,0.2583339476757467,0.6770701091523976,NTES,0.6966992227853853,-0.012270643073553836,-0.013633892275508326,-0.03985308514396429,-0.03502880326523686,-0.6037693572800444
2016-06-10,-0.511507741809345,0.24116727065329266,0.25231892015983276,0.24037817669457126,0.25170847773219845,2.7542284792614597,NTES,1.4113985614708553,-0.046670131300001604,-0.05401147329731871,-0.08411117552288552,-0.09963301291476075,2.2940582169796015
2016-06-13,-0.5052370778100016,0.2429985695382413,0.24737585862635006,0.23970818375657454,0.23970818375657454,0.7877989891009098,NTES,-1.4473987932710248,-0.08453065220322269,-0.03481916494335162,-0.004719462717784808,0.012899758075776242,-2.168516636732609
2016-06-14,-0.4988644214851915,0.2448596578773483,0.24633365370012283,0.24133104165627775,0.24232857660024462,0.030370168606200725,NTES,-0.7326994545855547,0.01845817415423538,-0.007341341997317104,0.011431489676312821,0.013109596434228167,-0.8342421822108597
2016-06-15,-0.49968008187745366,0.2446214558358989,0.24616988269713774,0.2425965964938068,0.24533611875615596,0.23217084720943393,NTES,-0.018000115900084712,0.021185272667843667,-0.0011536108800688756,0.00891462959428983,-0.0016779067213486612,0.22438040484182287
2016-06-16,-0.494683570775471,0.246080542732617,0.2469291872017008,0.24195636461201409,0.24343036043478858,0.7407301981130243,NTES,0.6966992227853853,-0.013424253953622713,0.005348577720007214,-0.004509824395899567,0.010277878796243946,0.5629246839500411
2016-06-17,-0.5057469281527465,0.24284970746131262,0.2467803251247721,0.2401846162374278,0.2444874458891178,0.19718484931039262,NTES,1.4113985614708553,0.0074461611582597245,-0.0010485916825595711,-0.012480281395439077,-0.022758160191683023,-0.5981966119449297
2016-06-20,-0.49641727338152203,0.24557432079760538,0.2492220664373551,0.24362392089193205,0.24765875904801424,0.04389568325789196,NTES,-1.4473987932710248,0.022338883547912542,0.017199744113223885,0.024226628627713128,0.01919230835396709,-0.16750300818820757
2016-06-21,-0.4921856768993927,0.24681008618097608,0.24899874492400764,0.24526165931973723,0.24627410318976048,-0.01723964296775242,NTES,-0.7326994545855547,-0.00975358295496416,-0.0015730875604060412,0.011536308837255442,0.008704791235837905,-0.06580040582236421
2016-06-22,-0.4832127448769774,0.24943050742260053,0.2520211392100666,0.2456934502162845,0.24806073209244875,0.17752776801660136,NTES,-0.018000115900084712,0.012585100556381698,0.0212898917922196,0.0030415559964361463,0.018458374190802065,0.21661836669648454
2016-06-23,-0.4557843210361639,0.2574406332244026,0.2575597342451273,0.2498622699211934,0.25251245221902185,0.09475161834825101,NTES,0.6966992227853853,0.031358132266578305,0.039014131783289954,0.029365367989268417,0.056423714254965764,-0.08968360011571294
2016-06-24,-0.45996506046129576,0.25621974836913386,0.2584679576225278,0.24588698227547356,0.24631877317202083,0.7933895351569422,NTES,1.4113985614708553,-0.04362857530356546,0.006397569475700153,-0.0280021187873143,-0.008599972074895285,0.7726987404932876
2016-06-27,-0.4876482703677459,0.24813519152886748,0.2545968904694307,0.24633365370012283,0.25383755756691323,0.5701283733063589,NTES,-1.4473987932710248,0.05296268157819246,-0.02726798458758259,0.0031463751573787666,-0.056948010096245553,-0.2447253364033685
2016-06-28,-0.45532566160418236,0.2575746147732293,0.2579319462333578,0.2512022557971868,0.2512022557971868,-0.07909632997482033,NTES,-0.7326994545855547,-0.018563193351744684,0.023492294391414734,0.03429466906550515,0.06649175469275778,-0.714826210744116
2016-06-29,-0.41209282305727907,0.2702002601025439,0.2737884268339768,0.2567557597583039,0.2605523674749822,1.705730583462355,NTES,-0.018000115900084712,0.06586263969053538,0.11169381762986265,0.03911915098079926,0.08893565743817963,1.9714360674002827
2016-06-30,-0.35223974248514095,0.28767959860286607,0.28775402964133046,0.27441374978971317,0.27517308269223056,3.145927383574438,NTES,0.6966992227853853,0.10298902639402475,0.09837438283718257,0.12438373734718697,0.12312530730617548,1.5910961982787042
2016-07-01,-0.3963394879773641,0.27480087070400006,0.28800714060883625,0.2736544168871957,0.28772426858512645,2.4640611049338434,NTES,1.4113985614708553,0.08841116156033316,0.001782925918857966,-0.005348777756573898,-0.09071838332047091,-0.7508500288032504
2016-07-05,-0.3847665584688152,0.27818059645018756,0.28288542754426643,0.2730142134033574,0.2739521978369619,1.5459491703770427,NTES,-0.7326994545855547,-0.09701113363522845,-0.036077594984363116,-0.004509624359332882,0.02380695191080928,-1.011574899838974
2016-07-06,-0.388437058055142,0.2771086020698019,0.2806223377627705,0.27593241559474796,0.2766023801347903,1.6007725897652312,NTES,-0.018000115900084712,0.018668012512687307,-0.015941314072212387,0.020555957629054204,-0.007551180355769029,0.062173710266162745
2016-07-07,-0.3766090642694848,0.2805627872524082,0.2820069936210243,0.27544107418783836,0.27544107418783836,0.7605676196021715,NTES,0.6966992227853853,-0.008180295357991434,0.00975358295496416,-0.003461032676772939,0.024331447788655747,-0.9255954003829185
2016-07-08,-0.3934843705718279,0.27563463464498184,0.28233453562699445,0.27225488050083996,0.2816347816327938,1.3372955643502857,NTES,1.4113985614708553,0.043628775340132514,0.0023072217601377513,-0.02244370270885516,-0.03471414574584231,0.6381567459740897
2016-07-11,-0.3349058323931106,0.2927417611570735,0.29509416250513576,0.2799523448247738,0.2816347816327938,3.656109796236231,NTES,-1.4473987932710248,0.0,0.08987942995979659,0.05422131165577063,0.12050342802664318,2.5607538865886625
2016-07-12,-0.3312860785791928,0.29379884661140276,0.3017940918851028,0.2908657638919101,0.2972083618117486,1.802933948759176,NTES,-0.7326994545855547,0.1097010533525524,0.04719462717784807,0.07687465268651103,0.007446161158260097,-2.043527919930751
2016-07-13,-0.35014926148798636,0.28829004103050043,0.29461773002428254,0.28735202819894146,0.29429018801831236,0.5555208174825323,NTES,-0.018000115900084712,-0.020555757592487893,-0.05055064065711208,-0.024750924468993286,-0.038804293424838404,-1.374997506336097
2016-07-14,-0.3406159559195944,0.2910742048771555,0.2937244155729384,0.28811136110145896,0.29056801134009835,0.03199323036440367,NTES,0.6966992227853853,-0.026219192868456333,-0.006292550278190849,0.00534877775657427,0.019611785034303882,-0.5761046572235822
2016-07-15,-0.34209448296394873,0.2906424423785627,0.29744659225115244,0.2892131165380485,0.2916846473047899,0.10358828792068928,NTES,1.4113985614708553,0.00786563783859689,0.026219192868456333,0.007760818677653897,-0.003041355959869089,0.08068318584350802
2016-07-18,-0.3205801673005524,0.2969254897880388,0.30064766646625285,0.2906275618504607,0.2928608621777982,1.326114472238221,NTES,-1.4473987932710248,0.00828531455550074,0.02254852186979778,0.009963421313416458,0.044258090378921235,1.3508710690114383
2016-07-19,-0.32389399978036437,0.2959577159002759,0.2981463462453531,0.29228020920432224,0.29515371301549814,-0.15682295417320596,NTES,-0.7326994545855547,0.01615095239409763,-0.017619420830127734,0.011641328034764746,-0.006817046156037319,-1.6349262708953758
2016-07-20,-0.32251718685000524,0.2963597173426648,0.29777413425712257,0.2933372946586515,0.29777413425712257,0.3872634152154934,NTES,-0.018000115900084712,0.018458374190802065,-0.0026218792795322968,0.0074461611582597245,0.0028317176379842215,0.6021329279149553
2016-07-21,-0.33108253906661383,0.2938583971217651,0.29775925372902057,0.29256308122803204,0.29509416250513576,-0.00876365378602591,NTES,0.6966992227853853,-0.018877850871139232,-0.00010481916094262023,-0.005453596917516518,-0.017619420830127734,-0.43539283751193586
2016-07-22,-0.3379651570187575,0.29184841830777497,0.29551104447562665,0.2894364664493504,0.2947963815553695,0.20854628161781325,NTES,1.4113985614708553,-0.0020975834382528837,-0.015836494911269768,-0.022024025991951312,-0.014158388153354422,0.24149669408538949
2016-07-25,-0.31196418059612346,0.29944166213908613,0.3001116550770828,0.28775402964133046,0.2919675477264541,-0.013452498865278873,NTES,-1.4473987932710248,-0.01992644255369843,0.032406923985704564,-0.01185116639321667,0.053487177456038926,-0.2433321500695898
2016-07-26,-0.2947827303904973,0.3044591547110332,0.30679670392894787,0.2992034600976367,0.29988833356373545,0.33478441836693146,NTES,-0.7326994545855547,0.05579439921617705,0.04708980801690545,0.08065034288267889,0.0353434607846314,0.3859900195601493
2016-07-27,-0.28111954245397086,0.3084493228848551,0.3095957767016594,0.30447406363708956,0.3060969215367928,-0.05006155852252315,NTES,-0.018000115900084712,0.04373359450107439,0.019716804231813562,0.03712638670348937,0.028106937948257294,-0.42305318712703904
2016-07-28,-0.2869316026636272,0.3067520339466875,0.3130648424123676,0.3042953837080482,0.30937242679035754,0.01828737551735656,NTES,0.6966992227853853,0.023072817711077567,0.024436266949598367,-0.0012586300775778078,-0.011955785517592979,0.07710070669950571
2016-07-29,-0.2959044790437482,0.30413161270506306,0.3067073639644271,0.3025683053157222,0.3061564720471552,-0.44428522557048367,NTES,1.4113985614708553,-0.02265334103074003,-0.04478238622020102,-0.012165623876044904,-0.018458374190802065,-0.5088336599639832
2016-08-01,-0.30385798859214513,0.30180897241320476,0.3041018232509046,0.2956599349505098,0.3041018232509046,0.5897854546001502,NTES,-1.4473987932710248,-0.014473045672749712,-0.018353555029859817,-0.04866289557731113,-0.016360790752549554,1.142888252040193
2016-08-02,-0.31594060151655606,0.2982803561921342,0.30158565089985734,0.2965681583279103,0.30118364945746845,-0.02769937429839364,NTES,-0.7326994545855547,-0.02055575759248752,-0.017724039954503296,0.00639756947569978,-0.024855743629935534,-0.6797975257805379
2016-08-03,-0.32481154121350464,0.2956897244046681,0.30176430243094443,0.2933075336024475,0.297282792850213,0.24569636186112517,NTES,-0.018000115900084712,-0.027477822946034142,0.001258430041011496,-0.022967998550134948,-0.01824853583235014,0.30339397262898493
2016-08-04,-0.32572897136205625,0.295421704511106,0.2994863321213465,0.29356061617199897,0.2965532494018539,-0.3687226837163686,NTES,0.6966992227853853,-0.005138939398122345,-0.01604613323315501,0.0017827258822916542,-0.001887945116366898,-0.6764140732556468
2016-08-05,-0.30956766698027444,0.3001414445312412,0.30075188695887556,0.29713393077328426,0.29853346715964,-0.29135673990869476,NTES,1.4113985614708553,0.013948749831469182,0.00891462959428983,0.02517060118589639,0.0332460773829452,0.08705203765506768
2016-08-08,-0.31583855354879503,0.29831011724833817,0.3027469568468093,0.29723815126590697,0.3001414445312412,-0.25817414396321225,NTES,-1.4473987932710248,0.011326670515370202,0.014053368955845118,0.0007341341997317104,-0.012899958112342926,0.038290515972814014
2016-08-09,-0.3228229968995225,0.2962703773781441,0.2984292466670173,0.29427527909225604,0.29713393077328426,-0.1326573679955176,NTES,-0.7326994545855547,-0.02118507263127698,-0.030414159708394672,-0.02087061514844875,-0.014368026475239663,0.1401921449577686
2016-08-10,-0.320682326552902,0.2968957003338804,0.299843663581475,0.29473683104500725,0.29777413425712257,0.041911941108977245,NTES,-0.018000115900084712,0.004509624359332882,0.0099632212768494,0.0032511943183210143,0.004404805198390262,0.19432738535602573
2016-08-11,-0.31619522065530964,0.29820589675571546,0.30148143040723463,0.29732746283247324,0.2997841130711127,-0.10975416318532046,NTES,0.6966992227853853,0.014158388153354422,0.011536508873822127,0.01824853583234977,0.00922908707711769,-0.16571176861620643
2016-08-12,-0.2877473186981837,0.3065138035072837,0.3074369074127862,0.29630013843434805,0.29771458374676024,0.640821729885865,NTES,1.4113985614708553,-0.014577864833691587,0.0419506685822168,-0.007236522836374484,0.058521297693218274,0.8300184067973245
2016-08-15,-0.2591462891471215,0.31486638024111224,0.32155140069502297,0.30596291159001165,0.31121863460136256,0.873821262285666,NTES,-1.4473987932710248,0.09512318851886117,0.0994231745563092,0.06806504228973051,0.05883595521261282,0.2588120099480673
2016-08-16,-0.25037728613334553,0.31742722257441996,0.32363581054747736,0.3163403476659324,0.3176505440877674,1.338377605522421,NTES,-0.7326994545855547,0.04530668206148081,0.014682683994633836,0.07309916252691023,0.018038697473898215,0.5143621888868988
2016-08-17,-0.2497145864081363,0.31762078303156344,0.3208367377747659,0.3160574756422226,0.3190203194179192,0.6844640571619888,NTES,-0.018000115900084712,0.00964876379402154,-0.019716804231813188,-0.0019925642407432062,0.0013634492385208006,-0.7200009028410083
2016-08-18,-0.27882541065964894,0.30911931582285174,0.32309982755626176,0.2964788183633895,0.32308494702815976,4.340320497416451,NTES,0.6966992227853853,0.028631433826103392,0.015941314072212016,-0.137913010498319,-0.05988474693173908,4.036337240679392
2016-08-19,-0.2680174514132475,0.3122757484536462,0.31374971587846634,0.30402739221244035,0.30730289746600514,1.0455051282644667,NTES,1.4113985614708553,-0.1111695217885825,-0.065862639690535,0.05317251993664438,0.022234064386969923,-3.6345467131059985
2016-08-22,-0.25358907064539654,0.31648923814081553,0.3193329808957874,0.31032532015001846,0.31117396461910224,0.2781575970251841,NTES,-1.4473987932710248,0.027267984587582218,0.0393287893026845,0.044362909539863854,0.029680025508663332,-0.8451886462619778
2016-08-23,-0.2505308588656358,0.3173825525921596,0.3200774048722484,0.3152683532855467,0.31796323396358994,0.02189417942447422,NTES,-0.7326994545855547,0.04782394221663717,0.0052437585590642205,0.034818964906784565,0.006292550278190476,-0.2811472077007253
2016-08-24,-0.26103278549334286,0.31431548832384026,0.3191840904209043,0.3133775038902358,0.31689123958320436,0.38978817795047577,NTES,-0.018000115900084712,-0.007551180355769029,-0.006292550278190476,-0.013319234756113034,-0.02160454931161415,0.4076839210432744
2016-08-25,-0.2743900520957633,0.31041466011453916,0.313109512394628,0.3074517879408882,0.3126628409699787,0.039928198960062534,NTES,0.6966992227853853,-0.029785044706172267,-0.0427896219428915,-0.04174103026033156,-0.02747762290946783,-0.38444202301945857
2016-08-26,-0.22738466599477214,0.32414203248248896,0.3257202487978862,0.31045930169884517,0.31191841699351763,0.9713853079731989,NTES,1.4113985614708553,-0.0052437585590645935,0.08883063824067033,0.02118507263127698,0.09669627607926722,1.0296421057658978
2016-08-29,-0.24457613181337373,0.31797811449169194,0.32376982049425845,0.31720390106107255,0.32308494702815976,0.3255870684037814,NTES,-1.4473987932710248,0.078657578605369,-0.013738911473017257,0.047509284697242624,-0.04341893698168022,-0.7110447049810025
2016-08-30,-0.2577257413734364,0.3141517173208552,0.32110472927037365,0.31148662609697036,0.32110472927037365,0.4698592246884879,NTES,-0.7326994545855547,-0.013948749831469182,-0.01877303171019661,-0.04027276186086814,-0.026953327068188045,0.1608909133453375
2016-08-31,-0.2527628938595102,0.3155959236894713,0.31678701909058166,0.3115610855333891,0.31495569180767863,0.013598530438103596,NTES,-0.018000115900084712,-0.043314117820737595,-0.030414159708394672,0.0005244958778464699,0.010173059635301325,-0.5018677282950899
2016-09-01,-0.2326036906316928,0.32146206073050215,0.3232040480488845,0.31403258790217614,0.3154917031968486,0.6777914699338211,NTES,0.6966992227853853,0.0037756901961678566,0.04520186290053819,0.017409382435109498,0.04132135354342771,0.7346846562430408
2016-09-02,-0.23772011087790937,0.31997318437962574,0.32512468689835383,0.3156405936717317,0.32308494702815976,1.4323348473028361,NTES,1.4113985614708553,0.053487177456038926,0.013529073114565332,0.011326870551936513,-0.010487717154695498,0.8343969924177718
2016-09-06,-0.20144367196540222,0.33052930038458783,0.3337750161839942,0.3225340551108878,0.3238442515327228,2.561985831012088,NTES,-0.7326994545855547,0.005348577720007214,0.06093333861429865,0.04855787637980219,0.07435779260448767,1.2483723601691499
2016-09-07,-0.2171517142177504,0.3259584508393356,0.33145237589213594,0.32442493290415314,0.33036550098364836,0.6981699120090359,NTES,-0.018000115900084712,0.045935997100269896,-0.016360790752549554,0.013319434792680091,-0.032197285663819325,-2.0552704904583137
2016-09-08,-0.2030806682639459,0.3300528395057802,0.3323903887236948,0.3238442515327228,0.3260626713319583,-0.06629217610455262,NTES,0.6966992227853853,-0.030309340547452053,0.006607407834152078,-0.004090347715562402,0.02884107214798863,-0.8420042203561979
2016-09-09,-0.24662265539802472,0.3173825525921596,0.3311843843965281,0.31446437879872335,0.32755154768283484,0.336948500711202,NTES,1.4113985614708553,0.010487717154695871,-0.008495152913953037,-0.06607227801242062,-0.0892501149210075,0.4466931383890773
2016-09-12,-0.16015319462820538,0.34254447488831374,0.34325913780857076,0.3097148777223841,0.310131759692875,1.809426195791988,NTES,-1.4473987932710248,-0.12270583062583831,0.08505514808106952,-0.033455715704830816,0.17724179980100385,1.6267219630996161
2016-09-13,-0.15401351258966323,0.34433113218895633,0.3580287435007022,0.3404749455639613,0.3404898260920632,3.7156220607036725,NTES,-0.7326994545855547,0.21384369062664602,0.104037818113151,0.216675408264631,0.012585300592948009,2.1053809820621465
2016-09-14,-0.1361566762157256,0.3495272762919905,0.362018911674524,0.34593910956055757,0.34593910956055757,3.133303569899526,NTES,-0.018000115900084712,0.03838501678106793,0.02810693794825692,0.0384898359420098,0.0366018908256429,-0.6409873350538462
2016-09-15,-0.12085804996489646,0.35397899641856356,0.3561378657074368,0.34626665156652775,0.351016152642867,0.26102527846637524,NTES,0.6966992227853853,0.03576293746496857,-0.04142637274093701,0.0023072217601381242,0.031358132266578305,-3.168227344528365
2016-09-16,-0.11942570602481788,0.35439587838905445,0.3617658007070182,0.351745696091226,0.35360678443033305,0.8388352643866248,NTES,1.4113985614708553,0.01824853583235014,0.03964344682207905,0.038594655102952416,0.002936536798926842,0.6393509056887571
2016-09-19,-0.0633484002598372,0.37071391094242473,0.37582074347889255,0.3581180550672685,0.36050024586948914,2.5949880867622146,NTES,-1.4473987932710248,0.04855787637980219,0.09900369787597166,0.04488720538114364,0.11494501194818404,1.9397908349615955
2016-09-20,-0.08816352810617765,0.36349287909934413,0.37663962689177233,0.3589667279343067,0.37217299783914287,1.326114472238221,NTES,-0.7326994545855547,0.08222343044308493,0.005768254436911063,0.005978092795362988,-0.05086529817650626,-1.3986816740103347
2016-09-21,-0.06053423558291175,0.3715327943553045,0.3744062981664804,0.36626219081585165,0.3692250345915483,1.0332419949802667,NTES,-0.018000115900084712,-0.020765595950939443,-0.015731675750327148,0.051389594017786415,0.05663355261341732,-0.3215496113803069
2016-09-22,-0.04769143763366383,0.37526985156162057,0.3788878077472119,0.3718305753050707,0.37407875616051023,0.9591221746889989,NTES,0.6966992227853853,0.034189849904562156,0.031567970625030604,0.03922397014174188,0.026324012029398953,-0.08013032239837345
2016-09-23,-0.0713814782890947,0.3683763901224645,0.3720687773465201,0.36599419932024385,0.3693888055945333,0.48104031680055265,NTES,1.4113985614708553,-0.03303623902449365,-0.04803358053852278,-0.041111715221542465,-0.04855787637980219,-0.5259499492075498
2016-09-26,-0.10315500889242597,0.35913049893729176,0.36303132714659286,0.35320478298794417,0.3621082232410903,1.6967135736945609,NTES,-1.4473987932710248,-0.051284774856843796,-0.06366023709134025,-0.09008926831824851,-0.06512850549080366,1.3433080574852112
2016-09-27,-0.08811244848000242,0.3635077880254005,0.3700885879866884,0.3610511377867611,0.3630908776569552,0.5032221608293262,NTES,-0.7326994545855547,0.006921865316979939,0.049711687296437754,0.05527010337489689,0.030833836425298522,-1.3154885472218365
2016-09-28,-0.09148937932155979,0.36252513360953564,0.3666046133499238,0.35963672087230336,0.36477331446497513,-0.28540551346195064,NTES,-0.018000115900084712,0.01185116639321667,-0.024541286147107672,-0.0099632212768494,-0.006921865316979939,-0.868673787317104
2016-09-29,-0.09880578460012943,0.36039602537686644,0.36373110953874793,0.3589518190082503,0.3609767067482968,0.1576903465274542,NTES,0.6966992227853853,-0.02674348870973612,-0.020241100073093345,-0.0048244819152941125,-0.014997541550595437,0.49067802121266124
2016-09-30,-0.10535521649395627,0.358490267055499,0.36325467705789466,0.3543809978609525,0.3624953441553773,0.029288127434065427,NTES,1.4113985614708553,0.010697355476581483,-0.003356013479264007,-0.03219708562725264,-0.013424253953622713,-0.14003733475085653
2016-10-03,-0.08447956308462788,0.3645648734797297,0.36904638306046117,0.3622571137159734,0.36289734559776615,-0.19018589031404434,NTES,-1.4473987932710248,0.002831717637983849,0.04079705770214792,0.05547974169678213,0.04278982197945781,-0.24054577740203245
2016-10-04,-0.06534373293372474,0.37013325796894875,0.3736618741900194,0.36655997176561783,0.36733418519623723,0.4493004424179172,NTES,-0.7326994545855547,0.031253313105635686,0.03251174314664756,0.030309540584018736,0.03922397014174188,0.707418009424801
2016-10-05,-0.06774837032454294,0.36943347557679374,0.3718454558331727,0.36813815968306063,0.37028214844383184,-0.22048304313383268,NTES,-0.018000115900084712,0.020765595950939818,-0.012794938914833996,0.011116832156918277,-0.00492930107623636,-0.7375152453227973
2016-10-06,-0.027583647885787155,0.3811211080745494,0.3822526529652974,0.3646095434619901,0.3684508211609288,0.5910478359676413,NTES,0.6966992227853853,-0.012899958112342926,0.07330880084879547,-0.024855743629935534,0.08232824960402718,0.8972894040569235
2016-10-07,-0.04308681521049278,0.37660983743761395,0.38347353782056603,0.37276855973867523,0.37969181063198965,0.10142420557641868,NTES,1.4113985614708553,0.07918207448321547,0.008599972074894912,0.05747250597409202,-0.031777608946915475,-0.5386876528306691
2016-10-10,-0.0001590077209865832,0.3891014728201474,0.3911560932184435,0.37891759720137025,0.37891759720137025,0.20439845712462795,NTES,-1.4473987932710248,-0.005453596917516518,0.05411629245826133,0.043314117820737595,0.08799168487999562,0.11531381756886366
2016-10-11,-0.03669095604895644,0.378470925776721,0.3891014728201474,0.37713093990072755,0.3891014728201474,0.7095313443164566,NTES,-0.7326994545855547,0.0717357132883887,-0.014472845636182657,-0.012585300592948382,-0.07488208844576746,0.5591431781869276
2016-10-12,0.00025040828053226867,0.3892205738408722,0.40337973710536923,0.37891759720137025,0.3799002516172351,2.314919763374528,NTES,-0.018000115900084712,-0.06481384797140875,0.10057678543637806,0.012585300592948382,0.07572104180644254,1.7734045813845993
2016-10-13,0.0031155412990437116,0.390054337781854,0.39231742756334986,0.37567185300400946,0.3845157427467933,1.0969020839408936,NTES,0.6966992227853853,0.03251174314664718,-0.0779234444056373,-0.02286317938919233,0.005873073597853684,-1.3425561674209652
2016-10-14,-5.434988696282696e-06,0.38914611440445346,0.40583635894605424,0.38683838303865153,0.39586092431252246,1.6482020611438284,NTES,1.4113985614708553,0.0799160086463805,0.0952280076798038,0.078657578605369,-0.0063975694757005255,0.6100939926794049
2016-10-17,-0.0013868105871886742,0.38874414136001895,0.39286829108266746,0.3850070557557485,0.3893099138053929,0.14236142992220416,NTES,-1.4473987932710248,-0.046145635422155135,-0.09134769835926,-0.012899958112342926,-0.002831517601417537,-1.6602026515225032
2016-10-18,0.021483841642261404,0.3953993723597712,0.400491324368137,0.39377651446006806,0.3940147448994718,0.22910506388838392,NTES,-0.7326994545855547,0.03314105818543627,0.05369701581449085,0.06177249201154004,0.04687976962188685,0.09740142184885213
2016-10-19,0.012888220017549223,0.39289808053682584,0.4000446529434877,0.390054337781854,0.39809425303781437,-0.23472991856694747,NTES,-0.018000115900084712,0.02873625298704601,-0.003146375157379139,-0.026219192868456333,-0.017619220793561048,-0.5102268462977619
2016-10-20,0.016009196305289426,0.3938063039142264,0.3953696113035672,0.3900841272360123,0.39289808053682584,0.15805102691816597,NTES,0.6966992227853853,-0.036602090862209585,-0.03293121982698398,0.00020983835845155225,0.006397569475700153,0.43514959448062546
2016-10-21,0.011046237506774546,0.39236209754561024,0.3945358473625854,0.38859525088513586,0.3921238671062064,-0.5589815898168253,NTES,1.4113985614708553,-0.005453596917516518,-0.005873073597853684,-0.010487717154695871,-0.010173059635301325,-0.789660219529942
2016-10-24,0.029721683314572634,0.3977964720880482,0.3995533399345325,0.3945507278906874,0.39898756748915853,0.31657005863598725,NTES,-1.4473987932710248,0.04834823805791695,0.0353434607846314,0.0419506685822168,0.038279997583558246,0.9679438538414136
2016-10-25,0.04210376306694966,0.4013995193475831,0.4026501936570102,0.3955482628346543,0.399210889002506,0.4038547131882347,NTES,-0.7326994545855547,0.0015730875604064137,0.021814387670066073,0.007026684477922559,0.02538003947121532,0.09799850170618585
2016-10-26,0.022353641986885518,0.395652483327277,0.3994044494596494,0.3948633893685556,0.3994044494596494,-0.26250230865175345,NTES,-0.018000115900084712,0.0013634492385204279,-0.02286317938919233,-0.004824281878727428,-0.04048240018275338,-0.7337337395596838
2016-10-27,0.029056535328413846,0.3976029116309047,0.4044666120138569,0.39197497663132336,0.39934489894928704,0.4985333157500733,NTES,0.6966992227853853,-0.0004194766803371653,0.03565811830402632,-0.02034611927060265,0.013738911473017257,0.8415619507057764
2016-10-28,0.018413944980696022,0.394506057908427,0.3976029116309047,0.3918856366668026,0.3975284805924404,-0.07711258782590562,NTES,1.4113985614708553,-0.012794938914833623,-0.048348238057917325,-0.0006293150387890902,-0.021814387670066073,-0.6336233501467303
2016-10-31,-0.02241592544421854,0.3826248649535279,0.400476443840035,0.38243133289433884,0.3952653908109445,0.6648069758681976,NTES,-1.4473987932710248,-0.015941314072212387,0.02024130010966003,-0.06659657385370041,-0.08369169884254836,0.820465129079985
2016-11-01,-0.06314363661678347,0.3707734614527871,0.38694260353127424,0.3672150557775582,0.38561749818338287,3.3084138995900885,NTES,-0.7326994545855547,-0.0679602231287879,-0.0953330268773131,-0.1071841932705294,-0.08348186048409643,2.919200827608005
2016-11-02,-0.09430332142930821,0.3617062501966558,0.37072879147052673,0.35886250744168396,0.3703863689364546,1.6447755974320666,NTES,-0.018000115900084712,-0.1072888123949057,-0.11421087774845233,-0.05883575517604651,-0.06386987541322549,-1.834350943244838
2016-11-03,-0.09184727055854956,0.36242088471895856,0.36648551232919907,0.3538450148697369,0.3619742416922636,0.28014133917409884,NTES,0.6966992227853853,-0.05925543189294999,-0.029889863867114886,-0.0353434607846314,0.005033920200613041,-1.5043648087584027
2016-11-04,-0.09179630221696336,0.3624357936450149,0.3660835108868102,0.35762674205831324,0.3579245230080794,-0.10236021517572925,NTES,1.4113985614708553,-0.028526414628594086,-0.0028317176379842215,0.0266386695487935,0.00010501919750893203,-0.4204658410785929
2016-11-07,-0.05214337760125331,0.3739745356678876,0.3811508975287078,0.3722623378036636,0.37434674765611803,0.8253097497349335,NTES,-1.4473987932710248,0.11567894611134907,0.10613540155140352,0.10309384555496737,0.08127945788490167,1.0254625467645617
2016-11-08,-0.06350186170753869,0.37066924096016435,0.3750465300482731,0.3677510671667281,0.3737065441722797,0.2220717962695045,NTES,-0.7326994545855547,-0.004509624359332882,-0.04299946030134305,-0.031777608946915475,-0.023282656069529867,-0.66407442287075
2016-11-09,-0.04866373108440343,0.37498697953791077,0.3807042261040585,0.358311615524412,0.35948783039742027,1.546850871353822,NTES,-0.018000115900084712,-0.10015730875604054,0.03985308514396429,-0.06649195472932447,0.030414359744961355,1.463719162047511
2016-11-10,-0.16757209301289028,0.3403856055994405,0.3753442826000849,0.33456413854067,0.35697162964841855,6.989878647585086,NTES,0.6966992227853853,-0.017724239991070354,-0.037755701742278464,-0.1672783784875874,-0.24373375453032797,6.008691036071775
2016-11-11,-0.13712863581269913,0.3492444042682807,0.35119480417395404,0.3245737949810818,0.3409662585729164,3.771707861459352,NTES,1.4113985614708553,-0.11274260934898929,-0.17011009612557162,-0.07037246408643533,0.06240180705032875,-3.549960399983722
2016-11-14,-0.22237073885467107,0.3244398134322552,0.35079283112951953,0.3221767236507592,0.3487977328436314,2.184714142327581,NTES,-1.4473987932710248,0.05516528421395464,-0.002831517601417537,-0.016885086593828966,-0.17472473968241345,-1.7497646301225611
2016-11-15,-0.17023290752670264,0.3396113921688211,0.34675799297343735,0.3358296649802447,0.338881848720462,1.7390935196031936,NTES,-0.7326994545855547,-0.06984796820858848,-0.028421595467651467,0.09617198023798743,0.10686933571456816,-0.4901251577675267
2016-11-16,-0.159846271732802,0.3426338148528344,0.34538821764328564,0.3332539137208806,0.33694632934289065,0.19664382872432495,NTES,-0.018000115900084712,-0.013633892275507953,-0.009648763794021168,-0.01814371667140752,0.021290091828786287,-1.700605055202085
2016-11-17,-0.12556505420959418,0.3526092494863662,0.35307080143911745,0.341859601422215,0.3426338148528344,0.36255680845173743,NTES,0.6966992227853853,0.04006292350241621,0.05411649249482764,0.060618881131470785,0.07026744488892564,0.18477410763868624
2016-11-18,-0.15636684778512894,0.34364623032490327,0.35676318866317314,0.3422318134104455,0.35292191096423436,0.014680571610238894,NTES,1.4113985614708553,0.07246984748812077,0.02600935451000441,0.0026218792795322968,-0.06313594125006046,-0.38225273020923495
2016-11-21,-0.13922679544646802,0.34863396184064643,0.35321969191400054,0.34403335123919015,0.34409290174955254,0.04930588911856845,NTES,-1.4473987932710248,-0.06219196869187683,-0.024960562790878153,0.012690119753891001,0.03513382246274654,0.03988272892570393
2016-11-22,-0.14723516829705313,0.34514998720388174,0.3527283505070909,0.34395889180277145,0.3500483787551041,0.07852100076622152,NTES,-0.7326994545855547,0.0419506685822168,-0.0034610326767733116,-0.0005244958778464699,-0.024541286147108047,0.03391193035236675
2016-11-23,-0.1484669774084452,0.34479268414170755,0.3479490883745477,0.34115981903006,0.34433113218895633,0.2206290747066574,NTES,-0.018000115900084712,-0.04027256182430145,-0.03366535402671606,-0.019716804231813188,-0.0025168600820233643,0.15850259391600263
2016-11-25,-0.17151724296392176,0.3381076352898426,0.3482170798701555,0.3323010487591741,0.34702598446904515,0.7360413530337714,NTES,1.4113985614708553,0.01898267003208185,0.0018877450798005862,-0.06240160701376244,-0.047089808016905085,0.5704876954762683
2016-11-28,-0.14744071093222696,0.3450904366935194,0.35134369464883713,0.34040051452549686,0.34316979784405005,1.7441430450731583,NTES,-1.4473987932710248,-0.027163165426639598,0.022024025991951312,0.05705302929375486,0.049187191418591285,1.1142284188881746
2016-11-29,-0.15637296843750303,0.3424998049060533,0.34744286643953604,0.3382267363105674,0.3441673327880169,0.472744667814182,NTES,-0.7326994545855547,0.007026684477922559,-0.02747762290946783,-0.01531219906998961,-0.01824853583235014,-1.401468046677892
2016-11-30,-0.1868668375563373,0.3336559151632695,0.3494379363274697,0.33329858370314097,0.3434824593219182,0.5786043624880854,NTES,-0.018000115900084712,-0.0048242818787278,0.014053368955844745,-0.03471414574584269,-0.062296787852819446,0.1184982434746435
2016-12-01,-0.21910631673220463,0.32430580348547405,0.3362465469507356,0.3201220748545088,0.335159672042248,0.8280148526652717,NTES,0.6966992227853853,-0.058626116854160894,-0.09292078591966567,-0.09281596675872343,-0.06586263969053538,0.2769234322871901
2016-12-02,-0.20488592686047746,0.328429981606077,0.3299039774288514,0.32110472927037365,0.3239335914972436,0.14741095539216886,NTES,1.4113985614708553,-0.0790770552857058,-0.04467736702269209,0.006921865316979939,0.029050910506440555,-0.7494568424694718
2016-12-05,-0.17624004962020295,0.3367378883576452,0.3377949738119745,0.323010487591741,0.32308494702815976,0.17392096410948368,NTES,-1.4473987932710248,-0.005977892758796676,0.05558456085772549,0.013424253953622713,0.058521297693218274,0.030926531065698155
2016-12-06,-0.19431066368887223,0.3314970458743964,0.33737809184148354,0.3261520112964791,0.33737809184148354,0.181134571923719,NTES,-0.7326994545855547,0.10068160459732031,-0.0029365367989272143,0.022129045189460617,-0.036916748381603755,0.009630682820795535
2016-12-07,-0.1916922486033226,0.3322563787769137,0.3348172495081758,0.32549689888658434,0.3316757258034378,0.6810375934502271,NTES,-0.018000115900084712,-0.04016774266335883,-0.018038697473898215,-0.004614643556842188,0.005348777756573525,0.5533714062327016
2016-12-08,-0.1811683989116582,0.3353085625171311,0.3385543067144918,0.32804288908974444,0.33157150531081503,0.31675039883134315,NTES,0.6966992227853853,-0.0007341341997317104,0.026324012029398953,0.017934078349521907,0.021499730150671525,-0.4003641525483577
2016-12-09,-0.18969023885411787,0.3328370317503897,0.3385989766967522,0.33017196892445927,0.3363358869152563,-0.29279946147154184,NTES,1.4113985614708553,0.033560534865773435,0.0003146575193945451,0.014997341514029126,-0.01740958247167581,-0.6710403545396434
2016-12-12,-0.21520456777073346,0.32543734837622207,0.32707511520198157,0.31480680133279554,0.3260626713319583,1.7023041197505933,NTES,-1.4473987932710248,-0.07236502832717816,-0.08117463872395868,-0.10823298498965603,-0.05212372821751775,2.203501105283988
2016-12-13,-0.20555307796923114,0.32823642114893353,0.33663366786502247,0.3224893851286274,0.32543734837622207,0.431086082686973,NTES,-0.7326994545855547,-0.00440480519838989,0.0673309080899988,0.054116492494828014,0.019716804231813188,-1.4012690200587807
2016-12-14,-0.22079973431717653,0.32381449047651883,0.3320479377916683,0.32283183606065396,0.32659868272112835,0.43721764932907303,NTES,-0.018000115900084712,0.008180495394557747,-0.032302104824761944,0.0024122409576470562,-0.031148293908126384,0.008436523106128099
2016-12-15,-0.2421560258647381,0.31762078303156344,0.32509489744419545,0.3162361271733096,0.3201220748545088,0.19339770520791907,NTES,0.6966992227853853,-0.04562153961744204,-0.04897755309670604,-0.046460492978116365,-0.043628775340132146,-0.2674143709820498
2016-12-16,-0.24359337761130465,0.31720390106107255,0.3253182473554973,0.3165785781053362,0.3186034374474283,0.7005143345486624,NTES,1.4113985614708553,-0.010697355476581112,0.0015732875969727254,0.0024122409576470562,-0.002936536798926842,0.5613324709971512
2016-12-19,-0.2244961632126513,0.3227424960961332,0.32461846496334223,0.31431548832384026,0.31744210310252197,0.49150004813119386,NTES,-1.4473987932710248,-0.00818049539455812,-0.004929301076236733,-0.015941314072212387,0.039014131783289954,-0.22900223349358056
2016-12-20,-0.22382912338848585,0.3229360565532767,0.326018001349698,0.32080697671856184,0.32308494702815976,-0.5384228075462546,NTES,-0.7326994545855547,0.03974846601958835,0.009858402115906781,0.04572635877838466,0.0013634492385208006,-1.1349714036879424
2016-12-21,-0.19189767995390802,0.3321968282665514,0.33684210885026794,0.3227424960961332,0.32378470102236045,0.9558760511725929,NTES,-0.018000115900084712,0.004929101039670048,0.07624553768428863,0.013633892275507953,0.06523332465174629,1.650804184012076
2016-12-22,-0.2228020779201473,0.3232338091050884,0.33038040990970474,0.3218193921906307,0.32979972853827433,0.04605976560216256,NTES,0.6966992227853853,0.04237014526255359,-0.04551652041993273,-0.006502388636642774,-0.06313594125006046,-1.0024196753598569
2016-12-23,-0.18907427865612744,0.33301571167943117,0.3348916805466402,0.32159607067728324,0.32159607067728324,0.18943022091008965,NTES,1.4113985614708553,-0.057786963456919506,0.03177760894691584,-0.0015730875604060412,0.06890419568697152,0.1598957802497813
2016-12-27,-0.18743149555897567,0.33349214416028444,0.3406535970950483,0.3327774812400274,0.33425147706280184,-0.3445570975386803,NTES,-0.7326994545855547,0.08914529576006487,0.04058721934369562,0.07876239776631162,0.003356013479264007,-0.5876482011320341
2016-12-28,-0.18779083349561726,0.33338792366766173,0.34017716461419506,0.33221170879465345,0.33733342185922316,-0.37196880723277453,NTES,-0.018000115900084712,0.021709368472556768,-0.003356013479264007,-0.003985328518052725,-0.0007341341997313378,-0.02858242804856244
2016-12-29,-0.19251375143648708,0.33201814833750987,0.3349065610747421,0.3300528395057802,0.33398345716923966,-0.5624080535285871,NTES,0.6966992227853853,-0.023597313588924036,-0.03712638670348974,-0.01520717987248105,-0.009648763794022285,-0.2085024917251229
2016-12-30,-0.23183738495448214,0.32061341626141837,0.33201814833750987,0.31973498233817627,0.33134815539951323,-0.1371658728794147,NTES,1.4113985614708553,-0.018563193351744684,-0.02034611927060265,-0.07267948581000601,-0.08033548532671729,0.47097438592064855
2017-01-03,-0.21736070667517154,0.32481202542048565,0.3279982191074841,0.3210451787600113,0.32662844377733236,0.08032440271978035,NTES,-0.7326994545855547,-0.03324587734637852,-0.028316576270141787,0.009229087077118062,0.029575206347720342,0.2416957207045007
2017-01-04,-0.21458827371897715,0.3256160283052635,0.32932329605742106,0.3229211476272203,0.32755154768283484,0.6612001719610799,NTES,-0.018000115900084712,0.006502388636642401,0.009333906238059938,0.013214415595170415,0.005663435275968443,0.6427343582136482
2017-01-05,-0.16063372148184996,0.34126403952268264,0.3434973398500202,0.32725376673306866,0.3273282261694874,2.552427800658226,NTES,0.6966992227853853,-0.0015730875604060412,0.09984265123664636,0.030519178905903978,0.11022534919383255,2.088861772675914
2017-01-06,-0.17218461664185286,0.33791407483269914,0.3428124663839215,0.3353979024816518,0.3415767010005508,0.05291269302568612,NTES,1.4113985614708553,0.10036694707792577,-0.004824281878727428,0.0573676868131494,-0.023597313588924036,-2.756839322825433
2017-01-09,-0.13142329752352586,0.34973571727723596,0.3521030275513546,0.3386585272071146,0.3391796296702282,0.6853657581387682,NTES,-1.4473987932710248,-0.01688508659382934,0.06544316301019822,0.022967998550134948,0.0832722221622112,0.6996559712794627
2017-01-10,-0.10534464445803773,0.35729917165438874,0.3632397681318383,0.3522816790824416,0.35427677736832974,0.8667879946667867,NTES,-0.7326994545855547,0.10634503987328876,0.07844774024691707,0.0959621418795355,0.053277339097587,0.20189039688225283
2017-01-11,-0.10898932601980559,0.3562420862000595,0.3599344734241151,0.3508225921857236,0.3535323533918687,-0.15898703651747656,NTES,-0.018000115900084712,-0.0052437585590645935,-0.023282656069529867,-0.010277878796243574,-0.0074461611582597245,-1.130393791448384
2017-01-12,-0.12870250061644936,0.35052481123595736,0.35606343466897244,0.3456264480826894,0.35569119428278756,0.3629174888424492,NTES,0.6966992227853853,0.015206979835914366,-0.02726778455101553,-0.036601890825643274,-0.04027276186086814,0.5776526537642729
2017-01-13,-0.11715160545644644,0.35387477592594085,0.35656962820602967,0.34782995895586855,0.35254969897600386,-0.12021389451596168,NTES,1.4113985614708553,-0.022128845152894306,0.0035656518011492476,0.015521637355308539,0.023597313588924036,-0.5315226945426645
2017-01-17,-0.08943005800921795,0.3619146911819013,0.36322488760373633,0.35094169320644825,0.35653986714982566,0.755157413741495,NTES,-0.7326994545855547,0.02810693794825692,0.04687996965845353,0.021919206831008693,0.05663355261341769,0.9677448272223023
2017-01-18,-0.1269060335024187,0.35104591369907095,0.36321000707563433,0.3476513074247815,0.35975582189302807,0.819899543874257,NTES,-0.018000115900084712,0.022653341030740404,-0.00010481916094262023,-0.023177636872020187,-0.07656019520368318,0.07312017431728092
2017-01-19,-0.11047797996172395,0.3558103237014666,0.3579096140820231,0.3514925851237203,0.3518350360557468,-0.20840025004498852,NTES,0.6966992227853853,-0.055794399216176675,-0.037336225061940925,0.02705814622913104,0.03356073490234012,-1.1331801641159414
2017-01-20,-0.09322909129539642,0.3608129073473573,0.363880000013631,0.3561527462355388,0.3561527462355388,0.37518062212664927,NTES,1.4113985614708553,0.030414159708394672,0.04205568777972573,0.03282640066604135,0.035238441587122096,0.6457197575003167
2017-01-23,-0.061143741274762464,0.37011834904289237,0.3723814388243883,0.36032159433840205,0.36044069535912676,0.6188202260524474,NTES,-1.4473987932710248,0.03020452138650943,0.05988454689517239,0.0293655680258351,0.06554798217114084,0.2705545804756304
2017-01-24,-0.031061068710864916,0.3788431377649515,0.38365218935165313,0.37028214844383184,0.3766693879479764,0.9991576980580048,NTES,-0.7326994545855547,0.11431569690939533,0.07939171280510071,0.07016262572798303,0.06145783449214512,0.4214167577619499
2017-01-25,-0.04574284448699508,0.3745849780955219,0.3811508975287078,0.37327475327573245,0.3811360170006058,-0.12616512096270582,NTES,-0.018000115900084712,0.03146315146408724,-0.017619220793561048,0.021080053433767676,-0.029994683028057505,-1.240256485197788
2017-01-26,-0.043946154803786976,0.3751060805586355,0.3758802939892549,0.36600907984834585,0.3751954205231562,0.11801550354915992,NTES,0.6966992227853853,-0.04184584942127418,-0.03712638670348937,-0.05117975565933449,0.003670670998658552,0.2711516603329642
2017-01-27,-0.03906955284603824,0.3765204974730933,0.37693737944358413,0.3711456734410176,0.37415318719897456,-0.7178613019253584,NTES,1.4113985614708553,-0.0073415420338837885,0.0074461611582597245,0.036182414145305736,0.009963221276849774,-0.9208187615242488
2017-01-30,-0.05138975836714447,0.3729472112697623,0.37498697953791077,0.36967170601619753,0.3727536508126188,-0.6376099149919904,NTES,-1.4473987932710248,-0.009858402115906781,-0.013738711436450573,-0.010382697957186566,-0.025170401149330078,0.09023646356084751
2017-01-31,-0.03388435872405668,0.37802425435207176,0.3783071547737359,0.36971637599845786,0.3716221059218709,-0.5398655291091017,NTES,-0.7326994545855547,-0.007970657036106193,0.02338747523047211,0.0003146575193945451,0.03576293746496857,0.10954204561463772
2017-02-01,-0.034294665002284876,0.37790515333134705,0.38228244241945575,0.37348319426097787,0.38173155050218377,-0.14960934635897064,NTES,-0.018000115900084712,0.07121141744710928,0.0280021187873143,0.026533650351284195,-0.0008389533606743306,0.4323632218130681
2017-02-02,-0.023154743828041228,0.3811360170006058,0.38161244948145906,0.37242610880664867,0.37579095402473417,-0.12778818272090878,NTES,0.6966992227853853,-0.04184584942127418,-0.004719462717784808,-0.0074461611582597245,0.022758360228249334,0.02575183896880593
2017-02-03,-0.028237222274730068,0.37966202117783127,0.38263977387958426,0.3776818318179996,0.38243133289433884,-0.33752382991980084,NTES,1.4113985614708553,0.04677515049751091,0.007236522836374484,0.03702156754254675,-0.01038289799375325,-0.22979833997002552
2017-02-06,-0.00939696399119124,0.3851261851744276,0.39206431659584406,0.3766991774021347,0.37854535681518525,0.6094425358939415,NTES,-1.4473987932710248,-0.027373003785092265,0.06638693553181517,-0.006921865316979939,0.03848983594201017,1.0467583950094643
2017-02-07,-0.012682418900906125,0.3841732918147667,0.38832725938952806,0.3804213540803487,0.3871659250446217,-0.1467239032332765,NTES,-0.7326994545855547,0.06072370029241378,-0.026324012029398953,0.026219192868456333,-0.0067122269950946984,-0.832848995877081
2017-02-08,0.025768743442337816,0.39532494132130686,0.39626292575491134,0.38447107276453296,0.38601949962577176,0.8741819426763778,NTES,-0.018000115900084712,-0.008075476197048815,0.055899218377119295,0.028526414628594458,0.07855275944442638,1.1283593088450725
2017-02-09,-0.015095180066693087,0.38347353782056603,0.3958013738021601,0.3821633130007766,0.38920569331277016,2.86459667881926,NTES,0.6966992227853853,0.02244370270885516,-0.003251194318321387,-0.016255971591607306,-0.08348186048409643,2.1983264131870954
2017-02-10,-0.01581396722456486,0.3832650968353206,0.38923545436897417,0.38143376955241753,0.388937673419208,1.1614638738782996,NTES,1.4113985614708553,-0.0018879451163672705,-0.04625065461966444,-0.005138939398122345,-0.001468268399463421,-1.8779377728301994
2017-02-13,0.0014351440109399058,0.3882676804812113,0.3895779053010008,0.3760142755380816,0.3852899561774127,0.6750863670034829,NTES,-1.4473987932710248,-0.025694696990609864,0.0024122409576474288,-0.03817517842261525,0.035238441587122096,-0.5351051736866669
2017-02-14,-0.022487147580932884,0.3813295490597948,0.38902701338372875,0.3781731448269548,0.3879252579471391,0.6150330819499739,NTES,-0.7326994545855547,0.018563193351744684,-0.0038805093571108494,0.015207179872480677,-0.048872533899196734,-0.06460624610769677
2017-02-15,0.006928485158799401,0.38986077732471053,0.3916474346253532,0.38146355900657597,0.38560261765528087,0.8774280661927838,NTES,-0.018000115900084712,-0.016360790752549554,0.018458374190802065,0.023177836908586873,0.060094385253624316,0.2912533488631993
2017-02-16,0.19625695577147206,0.44477032359241847,0.4461847689048306,0.41509713065932896,0.42193106998607705,5.381785125596677,NTES,0.6966992227853853,0.2558993784063725,0.3841636251106699,0.23691650833772396,0.38678550439020226,4.972757483597773
2017-02-17,0.18865922305288096,0.4425668127192393,0.4435792281913082,0.43084939076732526,0.4403186034658454,2.1769595139272777,NTES,1.4113985614708553,0.12952267674530896,-0.018353555029859445,0.11095968343013132,-0.015521637355308539,-3.5352324301694904
2017-02-21,0.16910006632688196,0.4368942077373975,0.4429390247074698,0.4318022841269861,0.4411523674068272,0.9223327748363986,NTES,-0.7326994545855547,0.005873073597853684,-0.004509624359332882,0.0067122269950943255,-0.039958104341473594,-1.3829585711005468
2017-02-22,0.22367024490823378,0.45272089888385814,0.45825949391891885,0.43498844941603015,0.4370430982122806,2.6855188648308683,NTES,-0.018000115900084712,-0.02894589130893125,0.1079181274336948,0.02244350267228848,0.11148397927141072,1.9475528731069338
2017-02-23,0.1975917031273343,0.44515744450670536,0.45473087769784826,0.4280651985227157,0.45410555474211195,3.012295298815728,NTES,0.6966992227853853,0.12018877050724863,-0.024855743629935534,-0.048767714738254114,-0.053277339097587,0.3623058518859118
2017-02-24,0.20241711417431957,0.4465569808930612,0.45651753499849096,0.4401250714066563,0.4421946007310088,1.756586518552714,NTES,1.4113985614708553,-0.0839013371644336,0.012585300592948382,0.08495032892012654,0.009858402115907152,-1.3841527308152142
2017-02-27,0.2118117591452958,0.4492816226273083,0.45677064596599676,0.4429539052355718,0.4430283646719906,0.5450610861518912,NTES,-1.4473987932710248,0.005873073597853684,0.001782925918857966,0.0199264425536988,0.0191925083905334,-1.3353912091329605
2017-02-28,0.22875272335492242,0.45419489470663266,0.4593166077712025,0.4496538346155388,0.45100870101963425,0.7407301981130243,NTES,-0.7326994545855547,0.05621387589651384,0.017933878312955596,0.04719462717784807,0.034609326584899694,0.21761349979204073
2017-03-01,0.22118136508383338,0.4505024790846226,0.45955480981265195,0.44101838585800046,0.45785752087448434,1.2593885999565442,NTES,-0.018000115900084712,0.04824341889697433,0.001677906721349034,-0.06082851945335603,-0.026009554546571095,0.5740701746202705
2017-03-02,0.15319215695337915,0.43084939076732526,0.4466612013856839,0.4235837173399386,0.44442790105834634,2.81247836236141,NTES,0.6966992227853853,-0.0945988926775814,-0.0908232024814139,-0.12281064978678093,-0.13843730633959841,1.71568686184234
2017-03-03,0.17425855214759545,0.43693887771965795,0.4388297555129233,0.42760364656996436,0.4295391943454902,0.4969102539918704,NTES,1.4113985614708553,-0.10487677147382533,-0.05516508417738759,0.028316576270141787,0.04289464114040043,-2.5538321713319685
2017-03-06,0.1681293308603832,0.4351671293450716,0.43780243111479805,0.4276929865344852,0.4377279716783793,0.26859956667132234,NTES,-1.4473987932710248,0.05768214429597726,-0.007236522836374484,0.0006293150387894628,-0.01248028139543945,-0.25029808173848317
2017-03-07,0.16709916942356343,0.43486934839530544,0.43847242405279474,0.430372958286472,0.43282958012715694,0.2741901127273547,NTES,-0.7326994545855547,-0.034504507423957075,0.004719462717784808,0.018877850871139232,-0.002097583438252511,0.00783944324879438
2017-03-08,0.1638024747703983,0.4339164550356445,0.44145014835659335,0.4329487095458361,0.43862128612972345,0.175003005281619,NTES,-0.018000115900084712,0.04079705770214792,0.020975234272825057,0.01814371667140752,-0.0067122269950946984,-0.10779502245483574
2017-03-09,0.16292699891175497,0.4336633724660931,0.4353606614042607,0.42965829536621497,0.43177249467282774,-0.013632839060634757,NTES,0.6966992227853853,-0.048243218860407645,-0.042894641140400064,-0.0231778369085865,-0.0017827258822912815,-0.2065122255340105
2017-03-10,0.15329520648243772,0.4308791802214836,0.43418447492920675,0.4287947419710747,0.4337080140503991,-0.1348214503397882,NTES,1.4113985614708553,0.013633892275507953,-0.008285114518934428,-0.006082911956306353,-0.01961198507087094,-0.13207626998640695
2017-03-13,0.15561293060954648,0.4315491731594803,0.4332464904956022,0.4256383377382347,0.43318691158728545,0.43902105128263186,NTES,-1.4473987932710248,-0.0036706709986589247,-0.006607207797585394,-0.022233864350402865,0.004719462717784808,0.6349723200683098
2017-03-14,0.15350119425596623,0.43093873073184596,0.43169806363436336,0.4260105781244196,0.4267103321186203,-0.015255900818837704,NTES,-0.7326994545855547,-0.04562133958087498,-0.010907193835033037,0.002622079316098981,-0.004299986037447643,-0.4996784354848662
2017-03-15,0.14021259024472196,0.4270974530329072,0.43092385020374396,0.4234497073931575,0.4302240678115889,0.09980114381821573,NTES,-0.018000115900084712,0.024750924468992914,-0.005453596917516518,-0.0180388975104649,-0.027058146229130664,0.12864860104931672
2017-03-16,0.12172143171567225,0.4217523900570356,0.42944985438096944,0.421231287593922,0.4293903038706071,0.22802302271624864,NTES,0.6966992227853853,-0.005873073597853684,-0.01038289799375325,-0.015626656552817843,-0.03765088258133584,0.14317754424443718
2017-03-17,0.16411151207298538,0.4340057950001653,0.43475024737458073,0.4243430218445017,0.426070128634782,1.1183625671882436,NTES,1.4113985614708553,-0.02338747523047211,0.03733622506194129,0.021919206831008693,0.08631357812208065,0.9842640366085351
2017-03-20,0.17760632642693538,0.43790665160742076,0.4418223603448238,0.4333358020621686,0.4340057950001653,0.977336534419943,NTES,-1.4473987932710248,0.055899218377119295,0.04981630642081331,0.0633455795719457,0.027477822946034514,-0.1539691980886433
2017-03-21,0.11863105868980149,0.4208590756056915,0.44426413005536125,0.4193255292725546,0.4406312649437135,0.7043014786511359,NTES,-0.7326994545855547,0.046670131300001236,0.017199944149790942,-0.09868904035657673,-0.12008395134630565,-0.29965668327807055
2017-03-22,0.13676109872879177,0.4260998896909859,0.42855653992962534,0.4173453399127229,0.42231816250240956,0.5957366810468944,NTES,-0.018000115900084712,-0.1289983809040288,-0.1106450259107364,-0.01394854979490287,0.0369165483450367,-0.11814440664862019
2017-03-23,0.1371737419833805,0.4262190191096651,0.4320702756225939,0.4233752763546932,0.4266656621363599,0.3488509536046903,NTES,0.6966992227853853,0.030623998066846597,0.024750924468992914,0.04247516446006327,0.0008391533972413876,-0.27079782350694087
2017-03-24,0.15113183407973957,0.4302538572657473,0.43308269109466274,0.4257723476850159,0.4274249950388774,0.22585894037197804,NTES,1.4113985614708553,0.005348777756573898,0.0071315036388651795,0.01688508659382971,0.028421595467651467,-0.13406653617751935
2017-03-27,0.15252266886826435,0.43065583031018173,0.4356882318081852,0.424387691826762,0.42516190525738146,0.22982642466980746,NTES,-1.4473987932710248,-0.015941314072212387,0.018353555029859445,-0.009753582954964533,0.0028315176014171643,0.006048203676793225
2017-03-28,0.15303747137520268,0.4308047207850649,0.435956223303793,0.4300900578648078,0.43437800698839574,-0.1391496150283294,NTES,-0.7326994545855547,0.06491866713235138,0.0018877450798005862,0.04016774266335883,0.0010487917191266281,-0.40553884464525
2017-03-29,0.12197883296914143,0.42182684949345434,0.4320256056403336,0.4209930571545181,0.431519383705322,0.3980838269368464,NTES,-0.018000115900084712,-0.02013628091214998,-0.02768746126791938,-0.06407971377167779,-0.0632405603744364,0.5945699163887282
2017-03-30,0.11698260007863032,0.4203826431248382,0.4265614416437372,0.42005507272091364,0.4233008169182744,0.477433512893435,NTES,0.6966992227853853,-0.05789198265442956,-0.038489835942010546,-0.006607207797585021,-0.010173059635301325,0.08924133046529131
2017-03-31,0.1254817379650125,0.42283926496552315,0.4253554657145249,0.4174048904230852,0.4198615406617246,0.07563555764052739,NTES,1.4113985614708553,-0.024226428591146442,-0.00849495287738598,-0.018668012512687307,0.017304563274166504,-0.4417616893234955
2017-04-03,0.13176542226122376,0.4246556833223698,0.42712721408911125,0.42179706003929596,0.4218566105496583,0.19574212774754554,NTES,-1.4473987932710248,0.014053368955845118,0.01248028139543945,0.03093865558624114,0.012794938914833623,0.13422134638443142
2017-04-04,0.06928758338198486,0.40659569184857164,0.42626366069397104,0.4043326020670757,0.4239856903843731,1.6161015063704811,NTES,-0.7326994545855547,0.014997341514028753,-0.0060829119563059805,-0.12302048814523285,-0.1272154549851712,1.5692032701764678
2017-04-05,0.08664541966056762,0.41161318442051875,0.4203826431248382,0.40574704737948786,0.40972230662725334,1.28716099004135,NTES,-0.018000115900084712,-0.10047196627543507,-0.04142617270437033,0.009963421313416085,0.0353434607846314,-0.3613549352025548
2017-04-06,0.08432747296428161,0.410943191482522,0.41564802257660094,0.4064616819017905,0.413355171738901,0.0680612694355803,NTES,0.6966992227853853,0.025590077866233928,-0.033350896543888196,0.005033920200612296,-0.004719462717784808,-1.3437503271356326
2017-04-07,0.09055985506514103,0.4127447293112667,0.4168837879599716,0.407221014804308,0.40942455407544154,0.051109291072127284,NTES,1.4113985614708553,-0.027687461267919756,0.008704791235837905,0.00534877775657427,0.012690119753891374,-0.01703888414011055
2017-04-10,0.06537281412364558,0.40546414695782373,0.41526093006026843,0.404228381574453,0.4137273837271315,0.29853603910039894,NTES,-1.4473987932710248,0.030309340547452053,-0.011431489676312821,-0.021080253470334362,-0.051284774856843796,0.27473413947696645
2017-04-11,0.04307038100366941,0.3990173285453624,0.4107496310253786,0.3984366755718865,0.40579168896379386,0.930989104213481,NTES,-0.7326994545855547,-0.05589941841368598,-0.031777808983482154,-0.04079705770214792,-0.045411701258990855,0.6996559712794627
2017-04-12,0.029832967903188793,0.39519093137452577,0.404809034547929,0.39358295400292453,0.40013399290800844,0.3961000847879317,NTES,-0.018000115900084712,-0.03985308514396429,-0.04184584942127418,-0.03418984990456253,-0.026953327068187673,-0.5886433342275902
2017-04-13,0.031120753162654995,0.39556317176071065,0.398049583055554,0.3911560932184435,0.3945507278906874,0.37175415841488746,NTES,0.6966992227853853,-0.0393287893026845,-0.04761390382161856,-0.017094924952281265,0.002622079316098981,-0.02519897552367137
2017-04-17,0.033902200170527294,0.39636714624753405,0.39924067845666433,0.3950122798434387,0.3960693652977679,-0.37178846703741864,NTES,-1.4473987932710248,0.010697355476581112,0.008390133716443359,0.02716316542663997,0.005663235239401759,-0.8189171325392942
2017-04-18,0.02349775884244805,0.3933596324895771,0.3990173285453624,0.38916102333050984,0.39621825577265096,0.6049340310100444,NTES,-0.7326994545855547,0.0010487917191262556,-0.001573287596973098,-0.041216534382485084,-0.02118507263127698,1.0795977871628188
2017-04-19,0.01669860433176674,0.3913943236578474,0.3945358473625854,0.38061488613953776,0.39227275758108954,1.1785961924371087,NTES,-0.018000115900084712,-0.027792280428862004,-0.031567770588463176,-0.06019940445113362,-0.013843730633959878,0.6347732934491986
2017-04-20,0.033489668200527185,0.39624804522680934,0.3968286982002853,0.3900990077641143,0.3938063039142264,-0.006058550855687665,NTES,0.6966992227853853,0.010802374674090042,0.01615095239409763,0.06680661224871902,0.03418984990456253,-1.3057362428853858
2017-04-21,0.04806661389418052,0.4004615349139786,0.4013102077810168,0.3952356013567861,0.39918112794630195,0.40529743475108176,NTES,1.4113985614708553,0.03786052090322108,0.03156797062503023,0.036182414145305736,0.02968002550866296,0.4556493362490831
2017-04-24,0.07469545796578714,0.40815899923791255,0.4102583180164233,0.40476439296362304,0.4060001299490393,0.9549743501958134,NTES,-1.4473987932710248,0.04803338050195572,0.06303092205255116,0.06712126976811356,0.05422131165577101,0.6083027531074038
2017-04-25,0.09437135222524451,0.4138464847478563,0.41512692011348734,0.40848656964183705,0.41119630245002786,0.5510123125986353,NTES,-0.7326994545855547,0.03660209086220996,0.034294669065505524,0.026219192868456333,0.04006292350241584,-0.4441500087528304
2017-04-26,0.029678393609600947,0.39514628979021976,0.41509713065932896,0.39465494838331017,0.41476958865335883,1.6720069669308049,NTES,-0.018000115900084712,0.025170401149330078,-0.00020983835845229745,-0.09743061031556524,-0.1317250793445041,1.2388190824518104
2017-04-27,0.031172055358007045,0.39557805228881265,0.4038412890581205,0.3942380664128192,0.3973795901175573,0.6882512012644624,NTES,0.6966992227853853,-0.12249599226738676,-0.07928669360759141,-0.0029365367989272143,0.003041355959869462,-1.084020589195465
2017-04-28,0.029626868845071666,0.39513138086416344,0.39730513068113854,0.3890568028378871,0.3970818091677911,0.11999924569807464,NTES,1.4113985614708553,-0.002097583438252511,-0.0460410162977792,-0.03649707166470028,-0.003146375157378394,-0.6254632587631695
2017-05-01,0.05239313613039979,0.40171220922340567,0.4035435081083543,0.395086710881903,0.395086710881903,-0.32580171722166845,NTES,-1.4473987932710248,-0.014053568992411803,0.04394343285952669,0.04247496442349658,0.04635567381717337,-0.49032418438663794
2017-05-02,0.03065725285106869,0.39542916181392956,0.40564282688686515,0.39441671794390637,0.4050174755331744,0.3778857250569875,NTES,-0.7326994545855547,0.0699527873695311,0.014787703192143512,-0.004719462717784435,-0.044258090378921235,0.7782714858284022
2017-05-03,0.04497568444536689,0.39956822046263446,0.401057096813511,0.3946102784010498,0.39609915475192625,-0.04807781637360843,NTES,-0.018000115900084712,-0.06282108369409924,-0.032302104824761944,0.0013634492385204279,0.029155729667383175,-0.46843125628440163
2017-05-04,0.02936969016077972,0.39505694982569906,0.40346907706989,0.39353828402066415,0.40346907706989,0.16111681023921598,NTES,0.6966992227853853,0.051914089895632884,0.016990105791338642,-0.007551180355769029,-0.031777608946915475,0.2325404962253837
2017-05-05,0.02504283407079481,0.3938063039142264,0.3967095971795606,0.3857068381479036,0.3945507278906874,0.5526353743568383,NTES,1.4113985614708553,-0.06282128373066592,-0.04761410385818524,-0.05516508417738759,-0.008809610396780524,0.4337564081468468
2017-05-08,0.047963786934299396,0.4004317738577746,0.40166753924114534,0.3900841272360123,0.3973795901175573,0.28140372054159,NTES,-1.4473987932710248,0.019926642590265487,0.03492398410429424,0.030833836425298522,0.046670131300001604,-0.2976664170869582
2017-05-09,0.06315791695641816,0.40482394347398537,0.410198767506061,0.40199508124711547,0.40199508124711547,1.1111489593740083,NTES,-0.7326994545855547,0.03251174314664718,0.060094385253624316,0.0839013371644336,0.03093865558624114,0.9173910925871587
2017-05-10,0.09998565972092976,0.41546937104551385,0.4196679802045811,0.4084269907335203,0.40984143604593243,2.7096844510085565,NTES,-0.018000115900084712,0.05527010337489689,0.0667015930512097,0.04530668206148081,0.07498690760671045,1.7658415698583723
2017-05-11,0.08819049488891437,0.41205985584516797,0.4313258232481784,0.40399017953300354,0.42861609043998766,5.041663517155481,NTES,0.6966992227853853,0.13224957522235053,0.08211841124557526,-0.031253113069069374,-0.024016790269261203,2.575282829783783
2017-05-12,0.06001590788142971,0.40391572009658483,0.4160946940012502,0.40245663319986674,0.41278939929352704,1.559474685028734,NTES,1.4113985614708553,-0.11148397927141072,-0.10728881239490534,-0.010802374674090042,-0.0573676868131494,-3.8413353703625766
2017-05-15,0.12676907808612423,0.42321147695375366,0.426814552611243,0.40391572009658483,0.40567258794306915,1.766144548906576,NTES,-1.4473987932710248,-0.05013116397677492,0.07551120344799024,0.010277878796243946,0.13592024622100873,0.22975412355782635
2017-05-16,0.15484061556455034,0.4313258232481784,0.43970818943616535,0.42283926496552315,0.4243132607882977,1.9738964539565533,NTES,-0.7326994545855547,0.1313058027007336,0.09082340251797985,0.13329836694147681,0.05715784845469748,0.23094828327249378
2017-05-17,0.12043375774079466,0.42138017806880507,0.4270081130683865,0.41465048763263407,0.42551923671750996,2.8438575563533335,NTES,-0.018000115900084712,0.00849495287738598,-0.08945995327945905,-0.05768214429597726,-0.07005760653047334,0.9617740286489651
2017-05-18,0.11899162075691805,0.4209632960983142,0.4304771787790947,0.4112260919041862,0.4183279943285878,1.616281846565837,NTES,0.6966992227853853,-0.05065545981805433,0.024436266949598367,-0.024121609430203823,-0.002936536798926842,-1.3531045782338609
2017-05-19,0.13964570655031125,0.42693365363196767,0.4332018205133419,0.42219906148168485,0.4243281413163997,1.049833292953008,NTES,1.4113985614708553,0.04226532610161097,0.019192508390533776,0.07729412936684821,0.042055487743159044,-0.6234729925720571
2017-05-22,0.1753401270643559,0.43725153919752613,0.4420159208019674,0.42867564095035005,0.43119184169935176,1.8236730712251026,NTES,-1.4473987932710248,0.04834823805791695,0.062086949494367896,0.04562133958087535,0.07267968584657344,0.8556928406626745
2017-05-23,0.1681293308603832,0.4351671293450716,0.44937093419387464,0.4333060410059646,0.44173304877825753,1.2034831393962204,NTES,-0.7326994545855547,0.07425277340697874,0.051809070698123204,0.03261676234415649,-0.014682683994634581,-0.6827829250672065
2017-05-24,0.15473934658890962,0.4297029653484753,0.4371919886871637,0.42225861199204723,0.4344822274810185,1.1630869356365026,NTES,-0.018000115900084712,-0.05107513653495855,-0.08578908224423418,-0.07781862524469467,-0.03848983594201017,-0.04291234462457168
2017-05-25,0.17950283838613196,0.4368346572270352,0.44161391935957844,0.43177249467282774,0.43445246642481455,1.3158350811029356,NTES,0.6966992227853853,-0.00020963832188524047,0.031148293908126384,0.06701625057060426,0.05023598313771754,0.17024516444356574
2017-05-26,0.1740744874380243,0.43527134983769433,0.4429688141616282,0.4346311179559016,0.4369239971915559,-0.06322639278350262,NTES,1.4113985614708553,0.01740958247167581,0.00954394463307892,0.020136280912150726,-0.011012012995975656,-1.5202869382873019
2017-05-30,0.15396391557543224,0.4294796438351278,0.4381001836666098,0.4258616876495365,0.4347800084307847,0.3039462449610754,NTES,-0.7326994545855547,-0.015102360711538058,-0.034294869102072204,-0.06177229197497298,-0.04079705770214792,0.40688781456682943
2017-05-31,0.13493925872855664,0.4240005993104295,0.43123651168161214,0.4202337526499551,0.42956895540169415,0.8218832860231717,NTES,-0.018000115900084712,-0.036706910023152205,-0.0483480380213499,-0.03964344682207905,-0.03859465510295279,0.5732740681438256
2017-06-01,0.15453291367702665,0.4296434148381129,0.4297029653484753,0.42252660348765503,0.4246110133401095,0.06138868220741262,NTES,0.6966992227853853,-0.03492398410429424,-0.010802374674090415,0.01615095239409763,0.03974826598302167,-0.8376256347357507
2017-06-02,0.1705588959990512,0.4342589059676711,0.4344077964425542,0.4260403391806236,0.42797588695614935,-0.27224067920097117,NTES,1.4113985614708553,0.02370233278643334,0.03314105818543627,0.024750924468992914,0.03251174314664718,-0.366529627299447
2017-06-05,0.18017477473219634,0.4370282176841786,0.44585719850090605,0.43476512790268274,0.4355840113155625,0.4505628237854084,NTES,-1.4473987932710248,0.053591996616981545,0.08065014284611222,0.06145783449214512,0.01950716590992832,0.7993683074541936
2017-06-06,0.22851212607433427,0.45094915050927187,0.45410555474211195,0.4370282176841786,0.4373259702359904,1.9149252100751795,NTES,-0.7326994545855547,0.012270443036987152,0.05810182101288111,0.015941314072212387,0.09805972531778802,1.6177657652396102
2017-06-07,0.2894127284791163,0.46848803951995643,0.4689793809268661,0.44816495826466235,0.4511278020403589,2.1340385474325774,NTES,-0.018000115900084712,0.09722077195711332,0.10477195231288272,0.07844774024691707,0.12354478398651264,0.24348696027650188
2017-06-08,0.284139396962951,0.46696940211287596,0.4810541343389087,0.4589592763110739,0.47695971727450975,3.360171535657227,NTES,0.6966992227853853,0.18196126251878866,0.08505514808106916,0.0760356993258367,-0.010697355476581112,1.354851601393663
2017-06-09,0.23233820151554646,0.45205090594586145,0.47703417671092846,0.4425816932473413,0.4691282714017491,2.5493620173371765,NTES,1.4113985614708553,-0.055165084177387955,-0.028316776306708844,-0.11536448862852121,-0.10508660983227726,-0.8931540614677865
2017-06-12,0.24702019986085366,0.4562793045590871,0.4606119236649355,0.44145014835659335,0.44893917169528175,1.1493810807894556,NTES,-1.4473987932710248,-0.14221299653576627,-0.11567914614791576,-0.007970657036106193,0.029785044706172267,-1.5433740261042057
2017-06-13,0.2223605365848102,0.4491774021346856,0.4623390020572614,0.4474205342882013,0.46135634764139655,0.9798612971549253,NTES,-0.7326994545855547,0.08746718900214953,0.012165623876044532,0.042055687779726104,-0.05002614477926561,-0.18541540390821912
2017-06-14,0.186585100890253,0.43887439709722925,0.4555348805826261,0.4342737864957731,0.45410555474211195,0.5614720439292765,NTES,-0.018000115900084712,-0.05107493649839187,-0.0479285613410131,-0.09260632843683818,-0.07257486668563008,-0.46007213828172955
2017-06-15,0.17572873284780333,0.4357477823185476,0.43847242405279474,0.424968344800238,0.43503311939829054,0.6419037710580003,NTES,0.6966992227853853,-0.13434715866060307,-0.12018877050724863,-0.06554798217114084,-0.02202402599195094,0.09043549017995875
2017-06-16,0.19795860841600174,0.4421499307487484,0.4423137017517335,0.4336335830119348,0.4377279716783793,0.48717188344265266,NTES,1.4113985614708553,0.01898267003208185,0.027058146229130664,0.061038357811807956,0.045097043739595194,-0.16909522114109748
2017-06-19,0.2804685635228583,0.46591228826059233,0.4666567406350078,0.44457679153322943,0.4463783293619741,1.338557945717777,NTES,-1.4473987932710248,0.060933538650865336,0.17147354536409243,0.07708449104496296,0.16738319764853002,0.9412742868805074
2017-06-20,0.29892511254484844,0.47122756178230557,0.4734608621096431,0.4631430049420392,0.46330677594502434,1.293653237074162,NTES,-0.7326994545855547,0.11924479794906537,0.047928561341012726,0.13078130682288713,0.03744104422288391,-0.04788801010235266
2017-06-21,0.33630248989253525,0.4819921187725132,0.4872478417838641,0.468279598534711,0.47137645225718866,0.5098947480574939,NTES,-0.018000115900084712,0.05684319093530256,0.09711615283273813,0.036182414145305736,0.07582606100395146,-0.8633000686011005
2017-06-22,0.34431575926501906,0.48429985013831506,0.4862949200262488,0.47347577103569954,0.4791185865633829,0.5971794026097413,NTES,0.6966992227853853,0.05453596917516518,-0.006712427031661383,0.036602090862209585,0.01625577155504025,0.09799850170618585
2017-06-23,0.387121932699168,0.4966276861199091,0.4969552281258793,0.47494973846051963,0.4764386148113961,1.0920328986662846,NTES,1.4113985614708553,-0.018877850871139232,0.07509172676765308,0.010382697957186566,0.08683787396336044,0.547798660897587
2017-06-26,0.3203278097658628,0.4773914797731026,0.5025683109953131,0.4752623999383878,0.49680636604895057,1.3519031201741123,NTES,-1.4473987932710248,0.14347142657677814,0.03953882769770311,0.002202402599195131,-0.13550076954067194,0.288466976195642
2017-06-27,0.2730759283010866,0.46378320842587756,0.4788803845219335,0.46154990809854,0.4788803845219335,0.8530821398197396,NTES,-0.7326994545855547,-0.12627148242698755,-0.16685890180725024,-0.0965914569183246,-0.09585732271859289,-0.5488380104053423
2017-06-28,0.30373282934224377,0.47261221764055944,0.47310353064951455,0.4588252663642928,0.4654358557797391,0.7964553184779922,NTES,-0.018000115900084712,-0.0947039118750907,-0.04069243857777236,-0.019192508390533776,0.0621919686918772,-0.060824740344583225
2017-06-29,0.22447984029041634,0.44978781616436553,0.4712126812542036,0.44541055547421127,0.46823492855245064,1.2359443745602794,NTES,0.6966992227853853,0.019716804231813562,-0.013319234756113034,-0.09449387348007171,-0.1607761898875117,0.48669748883043645
2017-06-30,0.2168803270184074,0.4475991858192884,0.457961741367107,0.44374302759224765,0.4541502247243723,0.40637947592321705,NTES,1.4113985614708553,-0.0992133361978569,-0.09334026260000358,-0.011746147195707738,-0.015416818194365547,-0.9138528298553554
2017-07-03,0.1972351473054081,0.44194148976350295,0.4530931108720887,0.43902328757211234,0.4505024790846226,0.012516489265968296,NTES,-1.4473987932710248,-0.025694897027176547,-0.03429486910207146,-0.03324607738294558,-0.03985308514396466,-0.433004518082601
2017-07-05,0.18337999345351896,0.43795132158968114,0.4432814756394964,0.43192138514771083,0.4381001836666098,1.4521722687919834,NTES,-0.018000115900084712,-0.08736236984120728,-0.06911363397229009,-0.05002614477926561,-0.02810693794825692,1.5904991184213706
2017-07-06,0.19708001658887717,0.4418968197812426,0.44750984585476766,0.4351671293450716,0.4362540042535592,0.8368515222377101,NTES,0.6966992227853853,-0.01300457723671849,0.02978484466960558,0.02286317938919233,0.027792280428862375,-0.677409206351203
2017-07-07,0.19185854369100697,0.4403930629022641,0.4458721074269624,0.4373408791620468,0.44369835760998727,-0.02373189000056421,NTES,1.4113985614708553,0.05243838573691267,-0.011536308837255442,0.015311999033423299,-0.01059253631563849,-0.9480854083424886
2017-07-10,0.21879319781213077,0.44815007773656035,0.4488796211849194,0.4397379504923694,0.4429539052355718,0.3533594584885874,NTES,-1.4473987932710248,-0.005243958595631278,0.02118507263127698,0.01688508659382934,0.0546407883361078,0.41783427861794764
2017-07-11,0.2582908804267211,0.4595250487564479,0.4599568112550408,0.44815007773656035,0.45047271802841865,0.9688605452382165,NTES,-0.7326994545855547,0.052962881614759136,0.07802826356657991,0.05925543189294999,0.08012584700483243,0.6809474690830062
2017-07-12,0.28837833822792913,0.46819025857019025,0.46981314486784786,0.46154990809854,0.4629047745026354,0.5773419811205942,NTES,-0.018000115900084712,0.08757200816309214,0.06942849152825131,0.09438905431912947,0.06103815777524127,-0.43041717203415486
2017-07-13,0.2516212611771888,0.45760440990697854,0.4727164381331821,0.4560410741196833,0.4694409328796173,0.7562394549136303,NTES,0.6966992227853853,0.0460410162977792,0.02045093843154527,-0.038804493461404715,-0.0745672308898066,0.19910402421469547
2017-07-14,0.26713077172344574,0.4620710105616536,0.46601650875321504,0.4544926472584444,0.4577830614380656,0.18221661309585432,NTES,1.4113985614708553,-0.08211861128214232,-0.04719462717784845,-0.010907193835033408,0.031462951427520924,-0.6318321105747292
2017-07-17,0.22391128732717658,0.44962404516138044,0.4621752310542763,0.44710787281033315,0.46154990809854,0.8925766426026779,NTES,-1.4473987932710248,0.02653385038785088,-0.027058146229130293,-0.05201870902000845,-0.08767702736060146,0.7856354707355181
2017-07-18,0.2612370286257455,0.4603736932255317,0.46070126362945624,0.44688452289903136,0.44963895408743687,0.45579268945072904,NTES,-0.7326994545855547,-0.0839013371644336,-0.010382697957186566,-0.0015732875969723529,0.07572104180644217,-0.480372853431076
2017-07-19,0.24960511828522983,0.4570237285355482,0.4730886501214126,0.4551179986121352,0.46750538510409156,0.5165673352856617,NTES,-0.018000115900084712,0.1258520057466504,0.0872573506436976,0.05799700185193812,-0.023597313588924036,0.06874158869683365
2017-07-20,0.25834240519125035,0.4595399292845499,0.4626516635351296,0.455385990107743,0.45708330744386494,0.1704945003977219,NTES,0.6966992227853853,-0.07341362000973772,-0.07351863920724704,0.0018877450798005862,0.017724239991070354,-0.3802624640181225
2017-07-21,0.2508460527328886,0.45738105999567663,0.4630239039213145,0.4562644240309851,0.45720240846458965,0.02820608626193013,NTES,1.4113985614708553,0.0008389533606743306,0.002622079316098981,0.006187731117248229,-0.01520717987248105,-0.15536238442242198
2017-07-24,0.2730759283010866,0.46378320842587756,0.4671927236262234,0.457961741367107,0.46040348267969006,-0.14167437776331177,NTES,-1.4473987932710248,0.02254852186979778,0.029365367989268417,0.011955985554158919,0.045097043739595936,-0.1858134571464416
2017-07-25,0.25958311706973214,0.4598972607446784,0.46521253426639164,0.45461177667712355,0.4643638613993535,0.1802328709469396,NTES,-0.7326994545855547,0.027897099589804995,-0.013948549794902497,-0.023597313588923665,-0.02737280374852521,0.35693213316990835
2017-07-26,0.2764365003081176,0.4647509823136404,0.46973868543142905,0.459108166785957,0.46168391804532105,0.30611032730534604,NTES,-0.018000115900084712,-0.018877650834572917,0.03188242810785772,0.03167278978597285,0.03418984990456253,0.14059019819599108
2017-07-27,0.26604496799231786,0.46175834908378544,0.4778083617435935,0.45492443815499173,0.47048313780584455,1.6007725897652312,NTES,0.6966992227853853,0.06198213033342528,0.0568431909353033,-0.029470387186777722,-0.021080253470334362,1.430481716655934
2017-07-28,0.28491460540725116,0.4671927236262234,0.47085534979407506,0.4563388550694495,0.45903370734953824,0.02766506567586248,NTES,1.4113985614708553,-0.08065034288267889,-0.04897735306013936,0.0099632212768494,0.038279997583558246,-1.7344395804509958
2017-07-31,0.2719388223746069,0.4634556664199074,0.47167423320695484,0.45708330744386494,0.470676698262988,0.6004255261261473,NTES,-1.4473987932710248,0.08201379212119969,0.005768254436911063,0.005243958595631278,-0.026324012029398953,0.6337781603536424
2017-08-01,0.2570497234098851,0.4591677172963194,0.4689495914727077,0.45678552649409876,0.46750538510409156,0.10196522616248632,NTES,-0.7326994545855547,-0.022338883547912542,-0.019192508390533776,-0.002097583438252511,-0.03020452138650943,-0.5484399571671199
2017-08-02,0.21015962814270028,0.445663666441717,0.45788728193068834,0.4373557596901488,0.4563537355975514,1.414120487571892,NTES,-0.018000115900084712,-0.07855275944442676,-0.0779234444056373,-0.13686421877919275,-0.09512318851886117,1.4497872987097242
2017-08-03,0.22484207162636194,0.4498920366569883,0.4536440027893607,0.4435345866070022,0.44800118726167726,0.021533499033762452,NTES,0.6966992227853853,-0.058835755176045765,-0.029889863867114886,0.04352395617918953,0.029784844669605955,-1.5352139347206448
2017-08-04,0.23673260735082138,0.4533164607833905,0.4577383914558052,0.44993670663924856,0.4526166783912354,-0.12995226506517937,NTES,1.4113985614708553,0.03251174314664718,0.02884107214798826,0.04509684370302851,0.024121809466770134,-0.16551274199709518
2017-08-07,0.2539994128359161,0.4582892833730772,0.459673939231331,0.4503982585919999,0.4541204352702139,0.9374813512462928,NTES,-1.4473987932710248,0.01059253631563849,0.01363409231207501,0.0032511943183217594,0.03502880326523686,1.1797081765757722
2017-08-08,0.2612887759594518,0.46038860215158806,0.4662398586645169,0.45465644665938393,0.46154990809854,0.8978065082679986,NTES,-0.7326994545855547,0.05233356657597005,0.04625065461966444,0.02999488306462419,0.014787703192143512,-0.04211623814812672
2017-08-09,0.29142876008648666,0.4690686924934324,0.47107867130742254,0.45032382755353556,0.4555199716565696,1.7053699030716434,NTES,-0.018000115900084712,-0.04247516446006364,0.0340848307070536,-0.030519178905903978,0.06114297693618389,0.8929108184364762
2017-08-10,0.13219909830306092,0.42321147695375366,0.44815007773656035,0.42179706003929596,0.4451425639786034,9.727623153282748,NTES,0.6966992227853853,-0.07309896249034281,-0.16151012405067672,-0.20094393255087015,-0.32302044813791975,8.85516974260072
2017-08-11,0.11519013920979003,0.41831311380048575,0.4205761751840273,0.40674458232345473,0.4189681978124261,3.887666607073185,NTES,1.4113985614708553,-0.18437350347643497,-0.19423190559234213,-0.10603038235389421,-0.034504307387390014,-6.443409388622921
2017-08-14,0.10407525706798502,0.41511203958538534,0.4287351914607124,0.4142038162079848,0.4245067928474867,1.2979814017627032,NTES,-1.4473987932710248,0.039014131783289586,0.05747250597409202,0.052543204897855286,-0.02254852186979778,-2.8563526323810526
2017-08-15,0.08990995306762266,0.41103253144704277,0.41631801551459763,0.4083227702408975,0.41517159009574767,1.2887840517995532,NTES,-0.7326994545855547,-0.06575762049302608,-0.08746718900214953,-0.041426372740937384,-0.02873625298704601,-0.008480739518327254
2017-08-16,0.10278302042497396,0.4147398275971548,0.42209484098906214,0.4133998417211614,0.41438249613702627,0.9428915571069694,NTES,-0.018000115900084712,-0.0055584160784591385,0.0406922385412053,0.035763137501535626,0.026114373707513714,-0.38006343739901133
2017-08-17,0.07714049166227299,0.4073550247510891,0.4210823971190389,0.40619369040618275,0.41677956746734895,1.2076309638894058,NTES,0.6966992227853853,0.01688508659382971,-0.007131703675431864,-0.050760479015564006,-0.0520189090565755,0.29384069491164544
2017-08-18,0.060287108423887084,0.4025013031821271,0.40783145723194236,0.40199508124711547,0.4076527773029009,0.6767094287616858,NTES,1.4113985614708553,-0.06428955213012971,-0.09334026260000283,-0.029575206347720342,-0.03418984990456253,-0.584264748607143
2017-08-21,0.08303434604456204,0.40905234208721103,0.4114345328894316,0.40199508124711547,0.4051663660080575,0.7313525079545184,NTES,-1.4473987932710248,-0.01751440163261843,0.025380239507781257,0.0,0.04614583545872182,0.061974683647051505
2017-08-22,0.0947177811496066,0.41241718730529653,0.4160946940012502,0.40671479286929635,0.41277451876542504,0.48122065699590855,NTES,-0.7326994545855547,0.05359219665354823,0.0328264006660421,0.03324587734637889,0.02370213274986666,-0.27438030265094315
2017-08-23,0.09414767020212603,0.41101765091894077,0.41390603525821856,0.40686368334417944,0.4083227702408975,0.006745603014580037,NTES,-0.018000115900084712,-0.031358332303145366,-0.015417018230932975,0.0010487917191262556,-0.009858402115906781,-0.521969416825325
2017-08-24,0.06573215206028717,0.40285863464225563,0.41496314911050225,0.3977518021057878,0.41484404808977754,1.5311612743578602,NTES,0.6966992227853853,0.04593619713683695,0.007446361194826782,-0.06418453293262004,-0.05747250597409202,1.6840416294036529
2017-08-25,0.04898326505061203,0.398049583055554,0.40541947697556335,0.39653091725051914,0.4053152564829406,1.167234760129688,NTES,1.4113985614708553,-0.06712126976811356,-0.06722608892905618,-0.008599972074895285,-0.033875192385167986,-0.39996609931013527
2017-08-28,0.046287062037619925,0.3972753696249346,0.39827290456890146,0.39100720274356043,0.3976922515954255,0.4940248108661762,NTES,-1.4473987932710248,-0.053696815777924164,-0.050340802298660156,-0.038909312622347335,-0.005453596917516518,-0.7412967510859109
2017-08-29,0.03757537058698088,0.3947740494040349,0.3959651448051451,0.38627261059327755,0.38846124093835477,0.7740931342538627,NTES,-0.7326994545855547,-0.06502368632986105,-0.016255971591607306,-0.03335069650732151,-0.017619420830127363,0.3107579575361008
2017-08-30,0.09160670919025325,0.4102880790726273,0.4115536339101564,0.3970669286396891,0.397513571666384,1.4435159394149009,NTES,-0.018000115900084712,0.06376505625228288,0.10980607255006282,0.0760356993258367,0.10928157667221523,0.7404564281972668
2017-08-31,0.09300689188422177,0.4106900805150162,0.4138762742020146,0.4080398982171878,0.4107198699691746,0.9145781464360957,NTES,0.6966992227853853,0.09302580511717536,0.016360790752549183,0.07729412936684821,0.0028317176379842215,-0.5820754557969193
2017-09-01,0.062154129967100395,0.4018313102441304,0.411508963927896,0.39941932998775137,0.41144941341753366,0.31188121355673426,NTES,1.4113985614708553,0.005138939398121973,-0.016675448271944098,-0.060723700292413405,-0.06240160701376207,-0.6634773430134162
2017-09-05,0.05795391573896068,0.40062533431491804,0.40476439296362304,0.3950122798434387,0.40014887343611044,0.6213449887874297,NTES,-0.7326994545855547,-0.07960155116355264,-0.04750908466067594,-0.03104347474718376,-0.008494952877386353,0.3431992964512328
2017-09-06,0.06827289050298271,0.4035881780906147,0.40592569891057495,0.4009677568489902,0.4034094981615732,0.04443670384395961,NTES,-0.018000115900084712,0.022967998550134577,0.008180295357991434,0.0419506685822168,0.02087041511188281,-0.635016536480509
2017-09-07,0.08916968798414776,0.40958832507842663,0.4103178685267857,0.40218864170425894,0.4064616819017905,0.09421059776218335,NTES,0.6966992227853853,0.021499730150671525,0.03093865558624114,0.008599972074895285,0.04226532610161134,0.05660096493104804
2017-09-08,0.07848781417664863,0.4065212608101073,0.41261071936448557,0.4061192593677184,0.4073550247510891,0.1567886455506748,NTES,1.4113985614708553,0.006292750314757905,0.01615095239409763,0.027687461267919756,-0.02160454931161415,0.07073185488794605
2017-09-11,0.07210953798011344,0.4046899335272043,0.41210452582742835,0.402918185152618,0.41091343042631806,0.6355918642205445,NTES,-1.4473987932710248,0.02506558198838746,-0.0035656518011492476,-0.02254852186979778,-0.012899958112342926,0.5300852917966866
2017-09-12,0.06972459796148052,0.4040050600611056,0.40537480699330297,0.40163774978698696,0.40497283394886846,0.4431688757758172,NTES,-0.7326994545855547,-0.04184584942127418,-0.0474044655363,-0.00901944875523245,-0.004824281878727428,-0.21069178453534654
2017-09-13,0.0641244236085493,0.40239708268950436,0.4064616819017905,0.4012804183268584,0.4031861766482258,0.679414531692024,NTES,-0.018000115900084712,-0.012585300592948382,0.007655999516711276,-0.0025170601185896765,-0.011326670515370202,0.26239448909206964
2017-09-14,0.054946449731608955,0.39976178091977793,0.40346907706989,0.39611403528002825,0.4011613173061337,0.46174391589747316,NTES,0.6966992227853853,-0.014263207314297043,-0.021080053433767305,-0.03639225250375766,-0.018563193351744684,-0.23855551121092006
2017-09-15,0.06827289050298271,0.4035881780906147,0.4099009865562948,0.3911114232361832,0.3976029116309047,2.501752205763223,NTES,1.4113985614708553,-0.02506558198838746,0.04530668206148081,-0.03523864162368878,0.026953327068188045,2.2530587334426864
2017-09-18,0.18354291409125303,0.4366857667521521,0.43713243817680136,0.41226829683041344,0.4131616112817576,4.576566153332658,NTES,-1.4473987932710248,0.10959623419161015,0.19181966463469508,0.14903004269180395,0.2331410181781228,2.2914708709311555
2017-09-19,0.15232725313065437,0.42772277598864356,0.4400357314421356,0.42583189819537814,0.43745998018277155,1.877053769050444,NTES,-0.7326994545855547,0.17115888784469827,0.02045093843154527,0.09554266519919834,-0.06313574121349377,-2.9775598434197974
2017-09-20,0.1330377389628723,0.42218418095358284,0.4301198473189662,0.4176282119364326,0.42919674341346364,1.0096174293886462,NTES,-0.018000115900084712,-0.058206640173824105,-0.06984796820858848,-0.05778716349348694,-0.039014131783289954,-0.9556484198687156
2017-09-21,0.10223694694863468,0.41334026281284464,0.4240601498207919,0.4097669766095137,0.4233454869005348,1.3526244809555357,NTES,0.6966992227853853,-0.041216534382485084,-0.04268480278194851,-0.05537492253583914,-0.06229698788938613,0.3802182476059234
2017-09-22,0.07107314460633114,0.4043921525774381,0.4138911547301167,0.39904711799952086,0.4107198699691746,1.6390047111806783,NTES,1.4113985614708553,-0.08893545740161295,-0.07163089412744607,-0.07551120344799024,-0.06303092205255116,0.31772388920499417
2017-09-25,0.030005013877189377,0.3926002995870596,0.40199508124711547,0.38561749818338287,0.4004317738577746,2.2424230048414633,NTES,-1.4473987932710248,-0.07246984748812077,-0.08379651800349135,-0.0945988926775814,-0.08306238380375963,0.6676126856025532
2017-09-26,0.0014856672141716424,0.3844115222541706,0.39572694276369574,0.3841286218325063,0.3945507278906874,2.0579349849923947,NTES,-0.7326994545855547,-0.04142637274093701,-0.04415307118141193,-0.010487717154696242,-0.057682144295976887,-0.201934613294452
2017-09-27,-0.0007441420879303514,0.3837712903723778,0.3909029822509377,0.37987046216307674,0.3909029822509377,0.9457770002326634,NTES,-0.018000115900084712,-0.025694897027176547,-0.033980211582677285,-0.029994683028057134,-0.0045098243958999395,-1.2257275420026676
2017-09-28,-0.0028699002996762355,0.38316087634269785,0.3849475052453862,0.37698204942584446,0.38138909957015726,0.3921326004901023,NTES,0.6966992227853853,-0.06701625057060388,-0.0419506685822168,-0.02034611927060265,-0.004299786000880585,-0.6093421026151591
2017-09-29,0.030627317296730943,0.39277897951610113,0.39514628979021976,0.38162733000956106,0.38286309539293173,1.2494698892119707,NTES,1.4113985614708553,0.010382897993752877,0.07184073248589837,0.03272158150509948,0.06775038477033597,0.9478421653111784
2017-10-02,0.04504267776771382,0.39691803816480603,0.39782623314425214,0.3893396748615969,0.3947591688759329,0.2325315276001457,NTES,-1.4473987932710248,0.08379651800349097,0.018877650834572175,0.054326130816712885,0.029155729667383175,-1.1206414871119332
2017-10-03,0.07397667080791558,0.40522591651841994,0.40905234208721103,0.3970966896958931,0.39894289750689815,1.8734469651433263,NTES,-0.7326994545855547,0.029470387186777722,0.07907725532227322,0.0546407883361078,0.05852109765665196,1.8126128253495135
2017-10-04,0.06754675856226226,0.40337973710536923,0.4045261625242192,0.39968732148335917,0.4036328480728751,1.6525302258323695,NTES,-0.018000115900084712,0.03303623902449365,-0.031882628144424774,0.01824853583234977,-0.013004577236719234,-0.24213799035492237
2017-10-05,0.07879907717100804,0.40661057237667364,0.4076974472851612,0.39959800991679284,0.40337973710536923,0.4043957337743023,NTES,0.6966992227853853,-0.001782925918857966,0.022338683511345856,-0.0006291150022220332,0.022758160191683023,-1.375793612812542
2017-10-06,0.09741431801636477,0.41195563535254526,0.41216407633779073,0.404213501046351,0.404213501046351,0.3513757163396727,NTES,1.4113985614708553,0.005873073597853684,0.03146315146408761,0.03251174314664718,0.03765088258133584,-0.05684420796235844
2017-10-09,0.09191774961543542,0.4103774190371481,0.41241718730529653,0.40574704737948786,0.4123873978511382,0.38095150837803754,NTES,-1.4473987932710248,0.05757732513503502,0.001782925918857966,0.010802374674090415,-0.011117032193484588,0.034309983590589226
2017-10-10,0.05925015862716171,0.4009975463031486,0.4137273837271315,0.3964564862120548,0.4136678332167692,1.3980702101852183,NTES,-0.7326994545855547,0.009019448755232078,0.00922908707711769,-0.06544316301019822,-0.06607227801242099,1.1241797498437365
2017-10-11,0.05650209699587425,0.4002084239464728,0.40081886637410713,0.39517605084642377,0.39871957599355073,0.5501106116218559,NTES,-0.018000115900084712,-0.1052962481541625,-0.09092822167892284,-0.00901944875523245,-0.005558616115025823,-0.9341535450047018
2017-10-12,0.07185102388075809,0.40461550248873995,0.40878432219364885,0.40062533431491804,0.40062533431491804,0.2649927627642047,NTES,0.6966992227853853,0.01342425395362234,0.05610905673557122,0.03838501678106718,0.031043674783750447,-0.31299146675852363
2017-10-13,0.1127630223320716,0.416362685496858,0.4165711264821034,0.40619369040618275,0.40686368334417944,0.3930343014668817,NTES,1.4113985614708553,0.04394323282296038,0.05485062669455972,0.03922377010517557,0.08274772628436472,0.14297851762532596
2017-10-16,0.12795592822371557,0.4207250656589104,0.42194595051417905,0.41637756602496,0.4198615406617246,1.035947097910605,NTES,-1.4473987932710248,0.09155753671771193,0.03786052090322108,0.07173571328838907,0.030728817227789217,0.7111995151879146
2017-10-17,0.11380008341338538,0.4166604664466242,0.42193106998607705,0.4125958388363836,0.42164816956441287,0.6245911123038356,NTES,-0.7326994545855547,0.012585100556381698,-0.00010481916094262023,-0.0266386695487935,-0.028631233789536706,-0.4523101001363912
2017-10-18,0.10280694661152644,0.4135040622137841,0.4183875448389501,0.41153875338205437,0.4183726643108481,0.5486678900590088,NTES,-0.018000115900084712,-0.023072817711077567,-0.02496076282744484,-0.0074461611582597245,-0.022233864350403237,-0.08212058858948584
2017-10-19,0.09751836910672089,0.41198539640874926,0.4165562459540014,0.4067297017953527,0.40943943460354354,-0.03004379683802012,NTES,0.6966992227853853,-0.06292610289160853,-0.012899758075776242,-0.033875192385167986,-0.010697555513147796,-0.6370068026716215
2017-10-20,0.09710361144494846,0.41186629538802455,0.41980196175340784,0.41134519292491095,0.41539491160909514,-0.2322051558319651,NTES,1.4113985614708553,0.0419506685822168,0.022862979352625643,0.03251174314664718,-0.0008389533606743306,-0.22143922196735347
2017-10-23,0.08911771808126422,0.4095734445503246,0.41466536816073607,0.40647659082784693,0.41007963808738185,0.1546245632064042,NTES,-1.4473987932710248,-0.03744104422288391,-0.036182414145305736,-0.03429466906550515,-0.016150952394098,0.42858171604995454
2017-10-24,0.1173776603682179,0.4176877908447494,0.422511722959553,0.40732523529693077,0.41092831095442,0.7095313443164566,NTES,-0.7326994545855547,0.005978092795362988,0.05527010337489689,0.005977892758796676,0.057157848454697846,0.6140745250616297
2017-10-25,0.0897401327853944,0.4097520960814117,0.4230328254226666,0.40486861345624575,0.4168689074318696,1.1962695315819851,NTES,-0.018000115900084712,0.04184584942127418,0.003670670998658552,-0.01730456327416688,-0.05589941841368598,0.5388424630375812
2017-10-26,0.09414767020212603,0.41101765091894077,0.4143675872109699,0.40375194909359985,0.41241718730529653,0.7445173422154979,NTES,0.6966992227853853,-0.031358132266578305,-0.061038357811807956,-0.007865837875163201,0.00891462959428983,-0.49689206281730885
2017-10-27,0.13288227439257533,0.4221395109713225,0.4233901568827952,0.40798034770682545,0.41182162540576417,1.346132233922724,NTES,1.4113985614708553,-0.004195166876505022,0.06355541793039762,0.029785044706171892,0.07834292108597446,0.6656224194114407
2017-10-30,0.09648119674081827,0.411687615458983,0.4204124041810422,0.40958832507842663,0.4181344338714443,0.9392847531998516,NTES,-1.4473987932710248,0.04446772870080647,-0.020975434309391743,0.011326670515370202,-0.07362365840475671,-0.4473344346586102
2017-10-31,0.12453370455459122,0.4197424112430455,0.42135038861464663,0.40888854268627156,0.40943943460354354,0.15228014066677772,NTES,-0.7326994545855547,-0.061247996133693194,0.006607207797585021,-0.004929301076236733,0.05673837177436068,-0.8668825477451029
2017-11-01,0.09368105392205867,0.41088364097215974,0.4237474883429237,0.4102731985445253,0.42295839438420224,1.4146615081579597,NTES,-0.018000115900084712,0.09522820771637011,0.016885286630396398,0.00975358295496416,-0.0624016070137617,1.394855951835022
2017-11-02,0.0943547708215407,0.4110772014293031,0.4200104027386533,0.40518127493411393,0.4103774190371481,0.23415458935834865,NTES,0.6966992227853853,-0.08862099991878435,-0.02632421206596564,-0.03586775662591119,0.0013634492385204279,-1.3011586306458274
2017-11-03,0.11727416570080486,0.417658001390591,0.42498325372629436,0.40945431513164554,0.40945431513164554,1.1666937395436203,NTES,1.4113985614708553,-0.006502388636643146,0.035029003301803543,0.030099502189000128,0.04635547378060706,1.0308362654805652
2017-11-06,0.2685305092790598,0.46108835614578875,0.46154990809854,0.44368344868393084,0.4466612013856839,4.36448608359414,NTES,-1.4473987932710248,0.26208710952362074,0.25757728512772116,0.2411116752142286,0.3059255231856381,3.5308096281368435
2017-11-07,0.2524557843072214,0.4564728650162306,0.46411077882980206,0.4553413201254826,0.4593166077712025,1.216287293266488,NTES,-0.7326994545855547,0.08914529576006487,0.0180388975104649,0.08211861128214269,-0.03251174314664718,-3.472738071768561
2017-11-08,0.29181258063262383,0.46777337659969936,0.47743617815331735,0.4541204352702139,0.4555944310929884,1.2254846432296382,NTES,-0.018000115900084712,-0.026219192868456333,0.09386475847784968,-0.008599972074895285,0.07960135112698595,0.01181997563101917
2017-11-09,0.28496813329437554,0.4658080677679696,0.4712126812542036,0.4571130685000689,0.4653167547590144,0.6350508436344768,NTES,0.6966992227853853,0.06848451897006767,-0.04383861369858407,0.021080253470334362,-0.013843730633959878,-0.649943532913852
2017-11-10,0.23316660399320496,0.45093426998116987,0.46291965503073745,0.4501153865682901,0.46096925512506404,2.17028692669911,NTES,1.4113985614708553,-0.030623998066846597,-0.05841647853227529,-0.049292010579533904,-0.10477175227631604,1.6959832265503272
2017-11-13,0.22948508723260536,0.4498771561288863,0.4593017272431005,0.44815007773656035,0.44837339924990777,0.693481066929783,NTES,-1.4473987932710248,-0.08872581907972771,-0.02548485863215831,-0.013843730633959878,-0.007446361194826409,-1.6281593658455937
2017-11-14,0.21081765391518764,0.44451724102286705,0.4494453936302934,0.43802575262814547,0.44756942476308437,0.5683249713528001,NTES,-0.7326994545855547,-0.005663235239401759,-0.06942849152825131,-0.0713162366080519,-0.03775550170571178,-0.13645485560685422
2017-11-15,0.23109225926139973,0.4503387080816375,0.4530484692877827,0.4407057243801323,0.44220948125911075,1.4175469512836536,NTES,-0.018000115900084712,-0.037755701742278464,0.025380239507782003,0.018877850871139232,0.04100669602403316,0.9388859674511726
2017-11-16,0.35434784235958866,0.4857291759788292,0.4946028551757714,0.45425444521699504,0.4627558840277523,5.232283103646649,NTES,0.6966992227853853,0.14472985661778962,0.2927111075904673,0.09543784603825572,0.2492921706087871,4.211679692116394
2017-11-17,0.5682950235196941,0.5471599716974628,0.5584753638090335,0.5062160282371084,0.5062160282371084,9.551791462810762,NTES,1.4113985614708553,0.30613536154409005,0.44992104556712936,0.3660199084392624,0.4327215014904721,4.768755199008753
2017-11-20,0.4468025221589511,0.5122757541332371,0.5404600423174957,0.5040125173639293,0.5389711943645736,4.917409122555278,NTES,-1.4473987932710248,0.23072897725704242,-0.12690079746577665,-0.015521637355308539,-0.24572611873450448,-5.112916439864286
2017-11-21,0.4516245946682779,0.5136603815935364,0.529889074182386,0.5120226147677769,0.5188714062246725,2.592824004417944,NTES,-0.7326994545855547,-0.14158388153354423,-0.07446241172886398,0.056423514218399085,0.009753382918397476,-2.5637835022875306
2017-11-22,0.4656250861928998,0.5176803392215167,0.5291297696778229,0.5122608168092263,0.5122608168092263,2.268933013558778,NTES,-0.018000115900084712,-0.046565312139058984,-0.005348577720007214,0.0016779067213486612,0.028316776306708844,-0.3557821898674401
2017-11-24,0.4475284315304943,0.5124841951184825,0.5166381342952894,0.5073326925997543,0.5091937809388614,-0.08522789661692036,NTES,1.4113985614708553,-0.021604349275047462,-0.087991684879996,-0.03471394570927563,-0.0366018908256429,-2.5964238678217737
2017-11-27,0.39214865756695977,0.49658304453560315,0.5108017299125082,0.495153718695089,0.5077048761900305,0.4173802278399259,NTES,-1.4473987932710248,-0.010487917191262556,-0.04111191525810915,-0.08578928228080086,-0.1120084751492572,0.5563568055193703
2017-11-28,0.38416365447998463,0.4942901936979032,0.501124104626697,0.48611629689311614,0.4949006361255376,1.283013165548165,NTES,-0.7326994545855547,-0.09019368740605777,-0.06816966141410645,-0.06366003705477356,-0.01615095239409763,0.9569973897902954
2017-11-29,0.3449106866757611,0.48301944317063844,0.4931288309550425,0.47374376253130734,0.4922653059578568,1.7403559009706846,NTES,-0.018000115900084712,-0.01856339338831137,-0.05631909513058983,-0.08715273151932167,-0.07939171280510071,0.5064011241224492
2017-11-30,0.37094660645922056,0.4894066542768285,0.49253332585141896,0.4737586430594093,0.48099455543059194,1.3809378916264095,NTES,0.6966992227853853,-0.07939171280510071,-0.004194766803371653,0.00010481916094262023,0.04499182450551958,-0.39499043383235427
2017-12-01,0.34594975087967017,0.4822452013420646,0.4892577921998998,0.47398196457275676,0.48333210464850657,0.7773392577702686,NTES,1.4113985614708553,0.01646580995005886,-0.023073017747644253,0.0015730875604060412,-0.050445621459602775,-0.6644724761089724
2017-12-04,0.37198544809395245,0.4897044352265947,0.5000818997004698,0.48196230092040043,0.48538675344475707,1.063899828190767,NTES,-1.4473987932710248,0.014473045672748968,0.07624553768428863,0.05621387589651384,0.052543204897855286,0.3179229158241054
2017-12-05,0.3152362059829076,0.4734459815815412,0.48834956882249925,0.47087023032217706,0.48483583312953066,1.1614638738782996,NTES,-0.7326994545855547,-0.003880709393677161,-0.08264310715998878,-0.07813308272752253,-0.11452533523127982,0.10934301899552648
2017-12-06,0.31674322188194787,0.47387774408013406,0.47867194353668807,0.46452766080029295,0.46454254132839495,1.2860789488692148,NTES,-0.018000115900084712,-0.14294693069893166,-0.06816966141410645,-0.04467736702269171,0.003041355959869089,0.1391970118622124
2017-12-07,0.32750076920970594,0.47695971727450975,0.481679457294645,0.47128711229266795,0.47770414125097077,0.6707582023149417,NTES,0.6966992227853853,0.09271094756121412,0.02118507263127698,0.04761390382161856,0.02170956850912345,-0.677409206351203
2017-12-08,0.3335296117979864,0.4786868240647901,0.49035957603444374,0.47664705579664157,0.4860418374566974,1.7082553461973375,NTES,1.4113985614708553,0.0587311360516702,0.061143176972750575,0.037755701742278464,0.012165823912611217,1.1466697578033065
2017-12-11,0.45440815608333396,0.5133179590594643,0.5135412805728117,0.4826769638406575,0.48407652862496764,1.8388216476349968,NTES,-1.4473987932710248,-0.013843730633959878,0.1632930499695343,0.04247496442349658,0.2439433928522132,0.1457648902928833
2017-12-12,0.45310890851124047,0.5129457186732794,0.5161914344726858,0.49369463179837086,0.5089108805171971,1.079228744796017,NTES,-0.7326994545855547,0.17493437800429906,0.01866781247612062,0.07760898692280943,-0.002622079316098981,-0.8366305016401945
2017-12-13,0.5221239379795583,0.5327179080113015,0.5427082515708896,0.5203751915016055,0.5211047349499645,1.5823778898389311,NTES,-0.018000115900084712,0.08589410144174349,0.1867857444340824,0.1879391552775846,0.1392762597002731,0.556953885376704
2017-12-14,0.515004061284485,0.5306781965390618,0.5415320650958357,0.5279386458787583,0.5285639688344945,0.9767955138338753,NTES,0.6966992227853853,0.052543204897855286,-0.008285114518934055,0.053277339097587,-0.014367826438672978,-0.666661768919196
2017-12-15,0.5116783213536911,0.5297252747814465,0.5308568196721944,0.5197945101301751,0.52877240981974,2.0013081636506476,NTES,1.4113985614708553,0.001468268399463421,-0.07519694600172906,-0.0573676868131494,-0.006712427031661383,1.1323398412272974
2017-12-18,0.5512259707485702,0.541055604217028,0.5501972465116237,0.5361572410637601,0.5376312084885803,1.1252154946117672,NTES,-1.4473987932710248,0.06240180705032875,0.13623490374040365,0.11525986950414527,0.07981138952200456,-0.9652016975860551
2017-12-19,0.5432753545994773,0.5387776339074302,0.5514032508387904,0.5345045937098986,0.5395816367922079,1.3592970681837035,NTES,-0.7326994545855547,0.013738911473017257,0.008495152913952664,-0.011641328034764746,-0.01604613323315501,0.26000616966273477
2017-12-20,0.5461847788842582,0.5396113978484119,0.5408918048160886,0.5293083928109557,0.5383458714088373,0.3726558593916669,NTES,-0.018000115900084712,-0.008704791235837905,-0.0740431350850935,-0.03660229089877627,0.005873073597853684,-1.087205015101245
2017-12-21,0.5925931231673236,0.5529070361157232,0.5622571193955643,0.5510608283047183,0.5533239180862142,1.256863837221562,NTES,0.6966992227853853,0.10550608651261442,0.15049831109126738,0.15322520956830898,0.09365512015596444,0.9774971315587531
2017-12-22,0.5628153703762343,0.5443757794528532,0.5598451675371396,0.5405196212258124,0.559338945602128,-0.019944745898090664,NTES,1.4113985614708553,0.04237014526255396,-0.01698990575477196,-0.07425277340697874,-0.060094585290191,-1.4074388452512292
2017-12-26,0.5415595688121934,0.5382862925005205,0.5449266429721707,0.5245738290586272,0.5402367208041483,0.16580565531846894,NTES,-0.7326994545855547,-0.134556997019055,-0.10508680986884394,-0.11232293263208507,-0.04289464114040043,0.20666703574092257
2017-12-27,0.5420274092227356,0.5384202740493472,0.5418000281934892,0.5331199094536904,0.5390902953852983,-0.3384255308965803,NTES,-0.018000115900084712,-0.008075476197048815,-0.022024025991951312,0.060199004378000256,0.0009437725216169509,-0.5548088089786796
2017-12-28,0.4813284544925261,0.5210302755135457,0.5401920792198424,0.5139730430714046,0.5381225498954898,1.9978816999388858,NTES,0.6966992227853853,-0.0068168461194706344,-0.011326470478803518,-0.13487145450188284,-0.12249599226738639,2.5800594686424527
2017-12-29,0.4559675870236122,0.5137646020861592,0.521283414879006,0.5027618714524565,0.519452087596103,1.6602848542326725,NTES,1.4113985614708553,-0.13151564105918553,-0.1331935477805342,-0.07897203608819686,-0.05117975565933449,-0.3709082129198943
2018-01-02,0.47311665341395104,0.5186779025634379,0.5291744112621289,0.5121565963166036,0.5181269822482115,2.1158241877016333,NTES,-0.7326994545855547,-0.009334106274626995,0.05558456085772475,0.06617689713679656,0.03460952662146638,0.5044108579313368
2018-01-03,0.43996107950459545,0.5091789004107594,0.5219533794190483,0.5073773341840603,0.5210898544218625,1.2332392716299412,NTES,-0.018000115900084712,0.02087061514844912,-0.050865298176506625,-0.03366535402671606,-0.06691143140966163,-0.9723666558740598
2018-01-04,0.429671817725734,0.5062309087652104,0.5181418627763135,0.501153865682901,0.5132881412073516,0.903216714128675,NTES,0.6966992227853853,-0.05495564589206903,-0.026848507907245425,-0.043838413662017385,-0.0207657959875065,-0.3625490949172222
2018-01-05,0.4518101060775013,0.5125734782870944,0.5211047349499645,0.5080473555200115,0.5207324945637796,1.2171889942432677,NTES,1.4113985614708553,0.05243838573691267,0.02087061514844912,0.048558076416368876,0.04467736702269171,0.3481749619290138
2018-01-08,0.45440815608333396,0.5133179590594643,0.5180823406639056,0.5011836267391049,0.5141219051483333,0.9006919513936926,NTES,-1.4473987932710248,-0.046565312139058984,-0.0212898917922196,-0.04834843809448364,0.005244158632197962,-0.34762209848387926
2018-01-09,0.4246821506259514,0.5048015829246962,0.5196009496730316,0.500766744768614,0.5195414275606237,0.5466841479100941,NTES,-0.7326994545855547,0.03817537845918231,0.010697155440014428,-0.002936536798926842,-0.05998976612924838,-0.38901963525901706
2018-01-10,0.4031156424904939,0.49862281280375165,0.5029256140574873,0.4950494982024663,0.5024938515588944,0.29384719402114595,NTES,-0.018000115900084712,-0.12008395134630602,-0.11746187203020704,-0.04027256182430145,-0.043523556106056155,-0.27736570193761173
2018-01-11,0.36413899431980423,0.4874562827691095,0.5031787534229474,0.48504427411477613,0.4994565767447334,1.8822836347157648,NTES,0.6966992227853853,-0.021394710953162224,0.0017831259554246502,-0.07047728324737756,-0.078657578605369,1.7546960791881427
2018-01-12,0.3715705791475914,0.48958533420586997,0.4949006361255376,0.48258762387613674,0.49071687909661793,0.5481268694729412,NTES,1.4113985614708553,-0.061562853689654425,-0.05831145933476635,-0.01730476331073319,0.014997141477462068,-1.4707293101286034
2018-01-16,0.3364913398394167,0.4795354685338738,0.4986823349161596,0.47660241421233557,0.49487081827342483,1.567048973233681,NTES,-0.7326994545855547,0.029260548828325798,0.026638469512226814,-0.04216010686753535,-0.07079174073020543,1.126170016034849
2018-01-17,0.3485480234546803,0.48298962531852563,0.48805178787273307,0.47974390951911927,0.4822154402858606,0.5019597794618351,NTES,-0.018000115900084712,-0.08914509572349819,-0.07488208844576782,0.02212884515289393,0.024331247752089065,-1.1737815944146341
2018-01-18,0.3370627862019609,0.47969926793481327,0.4841211702092736,0.47152534273207175,0.4841211702092736,1.0334223351756227,NTES,0.6966992227853853,0.013424053917056028,-0.027687461267919756,-0.057891982654429186,-0.023177436835453504,0.5882010645771686
2018-01-19,0.35452456228631113,0.484701851580704,0.4942306147895865,0.4809052154660712,0.4915506430375997,1.191580686502732,NTES,1.4113985614708553,0.05233356657597005,0.07121141744710928,0.06607227801242062,0.035238441587122096,0.17621596301690293
2018-01-22,0.3854466545021404,0.4935606502495442,0.49370951232647287,0.47792746276431824,0.48502939358667413,0.47653181191665556,NTES,-1.4473987932710248,-0.045935997100269896,-0.003670670998658552,-0.020975434309391743,0.06240180705032875,-0.7874709267197184
2018-01-23,0.4014001905569758,0.498131471396842,0.5027767519805585,0.48985335409943215,0.49487081827342483,0.864804252517872,NTES,-0.7326994545855547,0.06932347233074201,0.06387007544979217,0.08400655639850958,0.03219708562725264,0.43017392900284446
2018-01-24,0.3497436650747723,0.48333210464850657,0.5118290543106334,0.47959504744219056,0.4995309793852434,2.2570305606652896,NTES,-0.018000115900084712,0.03282640066604173,0.06376485621571619,-0.07226000912966885,-0.10424745643503625,1.5381551175951145
2018-01-25,0.37551984662840165,0.49071687909661793,0.49498991929414954,0.4841211702092736,0.48738182333269076,0.6676924189938916,NTES,0.6966992227853853,-0.08557924388578225,-0.11861568294684259,0.03188222807129141,0.05201870902000882,-1.7523519761710074
2018-01-26,0.408363823689632,0.5001265412847757,0.5077644550983472,0.4925035079993062,0.49268218792834767,1.2700286714825413,NTES,1.4113985614708553,0.037336025025374614,0.08998444915730588,0.059045593534498064,0.06628211637087254,0.6664185258878856
2018-01-29,0.3605012124025306,0.4864140210469735,0.5106826288917835,0.4857589370350332,0.5106826288917835,2.138907732707186,NTES,-1.4473987932710248,0.12679597830483402,0.020555757592487893,-0.04750908466067594,-0.09659165695489129,0.9605798689342977
2018-01-30,0.3402330615624578,0.480607434516305,0.4855207349935838,0.47167423320695484,0.48153053842180754,0.7519112902250891,NTES,-0.7326994545855547,-0.2053487377492604,-0.17724159976443682,-0.0992133361978569,-0.04090187686309054,-1.5290441095281966
2018-01-31,0.3265134523395034,0.4766768168528456,0.4891386911791751,0.47642373428329415,0.48718826287554734,0.5490285704497205,NTES,-0.018000115900084712,0.039853285180530974,0.025485058668724622,0.033455715704830816,-0.027687461267919756,-0.22223532844379842
2018-02-01,0.3052064598646992,0.47057247777036526,0.47962480849839456,0.4665227306882267,0.4735650826022659,0.5153049539181704,NTES,0.6966992227853853,-0.09596234191610219,-0.06701625057060426,-0.06974314904764586,-0.04299926026477637,-0.03554835971745582
2018-02-02,0.31217009299735515,0.472567547658299,0.4782699420942992,0.4640214388652814,0.46900914198307003,0.778421298942404,NTES,1.4113985614708553,-0.03209226646631002,-0.009543744596512235,-0.017619220793560677,0.014053368955845118,0.29204945533964427
2018-02-05,0.2864457700620209,0.4651976537382897,0.4852229540438176,0.4651976537382897,0.46899426145496803,1.409611982687995,NTES,-1.4473987932710248,-0.00010481916094262023,0.04897735306013936,0.008285314555500366,-0.0519138898590662,0.698262784945684
2018-02-06,0.29366925270909583,0.4672671830626421,0.4713615717290867,0.4535099928425796,0.454820217662369,1.5881487760903192,NTES,-0.7326994545855547,-0.09984265123664599,-0.09764024863745085,-0.08232844964059424,0.014577864833691216,0.198705970976473
2018-02-07,0.2685161535671283,0.4600610317476635,0.4686518105229415,0.4572172889926916,0.46433410034314954,1.8052783712988025,NTES,-0.018000115900084712,0.06701625057060426,-0.019087689229591157,0.026114373707513714,-0.05076047901556364,0.24129766746627823
2018-02-08,0.16774929399025923,0.43119184169935176,0.46899426145496803,0.4307749597288609,0.43833841410601365,4.159799961865213,NTES,0.6966992227853853,-0.18311487339885718,0.0024122409576470562,-0.18626104851966926,-0.20335597347195053,2.600161157172688
2018-02-09,0.17824721437277583,0.43419935545730876,0.44167349826789515,0.4226010629240737,0.43433336540408984,3.00959019588539,NTES,1.4113985614708553,-0.028211757109199542,-0.19244877963691748,-0.05757732513503502,0.02118507263127698,-1.267722158635139
2018-02-12,0.19524059362364066,0.4390679575543727,0.4413608083920726,0.42852675047546696,0.4366262162417897,0.5995238251493679,NTES,-1.4473987932710248,0.01615095239409763,-0.0022026026357618157,0.04174083022376525,0.03429466906550515,-2.658122119746258
2018-02-13,0.22231613403395234,0.4468249723886689,0.4500409271318713,0.4340057950001653,0.434080254436584,0.40728117689999643,NTES,-0.7326994545855547,-0.017933878312955596,0.061143176972750575,0.03859465510295279,0.0546407883361078,-0.21049275791623528
2018-02-14,0.25318558863936613,0.45566886213145275,0.45800638295141305,0.4459167774092228,0.4464527604004384,0.16815007785809544,NTES,-0.018000115900084712,0.08715253148275498,0.05610905673557122,0.08390153720100028,0.062296787852819446,-0.26223967888515753
2018-02-15,0.2714787718852679,0.46090970461470165,0.4634407858918054,0.45300379930552237,0.46150523811627964,0.1802328709469396,NTES,0.6966992227853853,0.10603038235389421,0.03828019762012493,0.04992132561832299,0.03691674838160413,0.015004401536799
2018-02-16,0.2604091825710297,0.4577383914558052,0.46467652287722166,0.4567259759837364,0.46122236609256984,-0.16151179925245893,NTES,1.4113985614708553,-0.0019925642407432062,0.00870459119927122,0.026219192868456333,-0.022338883547912913,-0.3754858251594528
2018-02-20,0.2778191000370848,0.4627261229715483,0.46635895968524166,0.45231889744146925,0.45300379930552237,0.6323457407041386,NTES,-0.7326994545855547,-0.057891982654429186,0.011851166393217044,-0.031043674783750447,0.03513382246274654,0.8777847953840221
2018-02-21,0.2568234818412284,0.45671106705767994,0.47079579928371273,0.456130414084204,0.46685030109215125,0.787438308710198,NTES,-0.018000115900084712,0.09753542947650823,0.03125331310563532,0.026848507907245425,-0.04237034529912102,0.17283251049201187
2018-02-22,0.27279771682954645,0.46071614415755824,0.4665674006704871,0.4555944310929884,0.458572155396787,0.16508429453704543,NTES,0.6966992227853853,-0.05831165937133341,-0.029785044706172267,-0.0037754901596011724,0.028211957145766596,-0.6851712444965413
2018-02-23,0.2842450060375477,0.46399164941112303,0.46601650875321504,0.4549691081372521,0.4655698657265202,0.007647303991359452,NTES,1.4113985614708553,0.04929221061610096,-0.0038805093571108494,-0.004404805198390262,0.023072817711077942,-0.1720806204277661
2018-02-26,0.26821891243093454,0.4594059477357232,0.47182312368183793,0.45812551237009214,0.46601650875321504,0.15318184164355714,NTES,-1.4473987932710248,0.0031461751208117093,0.0409020768996576,0.022233864350403237,-0.03230190478819563,0.16228409967911617
2018-02-27,0.20447810475549086,0.44116727633288355,0.45991214127278046,0.43812997312076823,0.4580808423878318,1.1048370525365523,NTES,-0.7326994545855547,-0.05589921837711855,-0.08390153720099991,-0.14084954729724583,-0.12847408506274938,1.0519330871063566
2018-02-28,0.18907620640642572,0.4367601977906164,0.44740562536214484,0.43582221335701193,0.44474056253621447,0.745960063778345,NTES,-0.018000115900084712,-0.09396957763879267,-0.08809650404093937,-0.016255971591606935,-0.031043674783750447,-0.39439335397502057
2018-03-01,0.15369349402509497,0.426635901080156,0.439529509507124,0.42283926496552315,0.4377279716783793,1.4056444983901655,NTES,0.6966992227853853,-0.04939702977704321,-0.055479741696781756,-0.09145251752020263,-0.07131603657148522,0.7297089907652599
2018-03-02,0.16493312619073847,0.4298518558233584,0.4313109427200765,0.41539491160909514,0.4216034995821525,1.2819311243760296,NTES,1.4113985614708553,-0.11358156270966324,-0.057891982654429186,-0.05243838573691267,0.022653341030740404,-0.1348626426539643
2018-03-05,0.19651725042424525,0.43888930602328563,0.440988596403842,0.4298518558233584,0.4302836183219512,0.6893332424365977,NTES,-1.4473987932710248,0.061143176972750575,0.06816986145067276,0.10183541551395588,0.06366023709134025,-0.6523318523431868
2018-03-06,0.22732071326860967,0.4477034063119111,0.44884983173076104,0.4422988212236315,0.44424922112930487,0.30015910085860187,NTES,-0.7326994545855547,0.09837438283718257,0.05537492253583988,0.08767702736060146,0.06208694949436752,-0.4278298259857088
2018-03-07,0.2565634097576324,0.45607086357384174,0.45750018941435583,0.44174792930635953,0.44237325226209584,0.3320793154365932,NTES,-0.018000115900084712,-0.013214415595170788,0.060933538650865336,-0.003880509357110477,0.05894077437355581,0.03689732963903534
2018-03-08,0.29366257563377884,0.46668650169121173,0.46778828552575574,0.45730662895721236,0.45991214127278046,1.7632591057808817,NTES,0.6966992227853853,0.12354478398651302,0.07246984748812077,0.10959623419161015,0.07477706924825778,1.5811448673231423
2018-03-09,0.2888760029082206,0.4653167547590144,0.47463707698265145,0.4634556664199074,0.46816049751398625,0.5070093049317999,NTES,1.4113985614708553,0.058101821012880736,0.048243218860407645,0.043314117820737595,-0.009648563757454483,-1.384749810672548
2018-03-12,0.29803394555921026,0.46793717600063883,0.4730886501214126,0.46446808189197625,0.46534651581521835,0.10917883397672165,NTES,-1.4473987932710248,-0.019821823429322864,-0.010907193835033037,0.0071315036388651795,0.018458374190802065,-0.4373831037030483
2018-03-13,0.2841409549471916,0.46396188835491897,0.4724186571834159,0.4556241921491924,0.46830938798886934,0.2797806587833871,NTES,-0.7326994545855547,0.02087061514844912,-0.004719462717784808,-0.062296787852819446,-0.0280021187873143,0.18994879973557846
2018-03-14,0.2974093051633077,0.46775849607159736,0.47372888200320534,0.46484032227816113,0.4679967265110012,0.31963584195703726,NTES,-0.018000115900084712,-0.002202402599195131,0.009229287113684375,0.06491886716891843,0.02674348870973612,0.04565450087992987
2018-03-15,0.3567792993362631,0.48474649316500995,0.48983847357133015,0.471972014156721,0.4732822105785561,1.3959061278409477,NTES,0.6966992227853853,0.03723120586443199,0.11347674354872062,0.05023598313771754,0.11966427462940217,1.1894604809122231
2018-03-16,0.36385577504177613,0.48677138090505645,0.4889302501939296,0.48108389539511265,0.4826174417282495,1.7342243343285846,NTES,1.4113985614708553,0.06575782052959277,-0.006397569475700153,0.06418453293262004,0.014263407350863727,0.3750435555090311
2018-03-19,0.31707807720909365,0.4733864310711788,0.4829301032061177,0.4619667900690309,0.47654283530401886,1.171562924818229,NTES,-1.4473987932710248,-0.04278982197945781,-0.04226532610161134,-0.1346618161799976,-0.09428423515818685,-0.6192934335707211
2018-03-20,0.2996988742894966,0.4684136084814921,0.4764683758676001,0.46336632645538667,0.4734013115992808,-0.1564622737824942,NTES,-0.7326994545855547,-0.022129045189460617,-0.04551672045649941,0.009858402115906781,-0.03502880326523686,-1.4639624050788211
2018-03-21,0.326548061846563,0.4760961638793696,0.4791632281476889,0.4630387844494165,0.4672076041543254,0.33586645953906674,NTES,-0.018000115900084712,-0.043628775340132146,0.01898267003208185,-0.0023072217601377513,0.05411629245826133,0.5450122882300297
2018-03-22,0.2367388392877839,0.4503982585919999,0.4686369299948395,0.4461996494329326,0.46452766080029295,1.193564428651647,NTES,0.6966992227853853,-0.018877650834572546,-0.07414775420946944,-0.11861568294684259,-0.18101728996060468,0.9482402185494008
2018-03-23,0.2010958322536799,0.4401995024451207,0.45084493001664916,0.4397379504923694,0.4494305131021914,-0.099655112245391,NTES,1.4113985614708553,-0.10634503987328876,-0.12532770990537062,-0.04551652041993273,-0.07184053244933168,-1.425550267590352
2018-03-26,0.21004578400854595,0.4427603731763828,0.4506662500876077,0.43147471372306156,0.4506662500876077,0.5046648823921733,NTES,-1.4473987932710248,0.00870459119927122,-0.0012586300775781804,-0.05820664017382373,0.0180388975104649,0.6686078186981093
2018-03-27,0.12356653019492818,0.41801533285071957,0.4427603731763828,0.4153055716445744,0.4427603731763828,1.9468454246531708,NTES,-0.7326994545855547,-0.05568938001866737,-0.05568938001866737,-0.11389622022905779,-0.17430526300207666,1.5932854910889278
2018-03-28,0.09120230099522192,0.40875456113744485,0.4207250656589104,0.40285863464225563,0.4207250656589104,2.4723567539202143,NTES,-0.018000115900084712,-0.1552177738090522,-0.1552177738090522,-0.08767682732403477,-0.06523332465174629,0.5816331861464977
2018-03-29,0.12164141809645723,0.41746444093344764,0.4226606134344361,0.40915656257983374,0.4119407264264889,0.9890586471180755,NTES,0.6966992227853853,-0.06187731117248228,0.013634092312074637,0.044362909539863854,0.06135281529463619,-1.6353243241335984
2018-04-02,0.09807022938166843,0.4107198699691746,0.42517678578548346,0.40634258088106584,0.4198466317356682,-0.07963735056088798,NTES,-1.4473987932710248,0.055689580055234056,0.01772403995450367,-0.019821823429322864,-0.047509084660676305,-1.177762126796859
2018-04-03,0.0739267040276267,0.4038114996039621,0.416943338470334,0.4005359943503974,0.4142336056621432,0.8433437692705218,NTES,-0.7326994545855547,-0.039538427624569744,-0.057996801815371805,-0.04090187686309054,-0.048662895577311495,1.0202878546676695
2018-04-04,0.10379404091255198,0.41235760839697977,0.4137571731812899,0.3899054473069709,0.39303209048360693,0.41665886705850236,NTES,-0.018000115900084712,-0.1493445001746318,-0.02244350267228848,-0.07488208844576746,0.060199204414566936,-0.4692273627608466
2018-04-05,0.10956982234631929,0.4140102557508413,0.4206208451662876,0.41144941341753366,0.4145909371222717,0.15318184164355714,NTES,0.6966992227853853,0.15186156029322148,0.048348038021350265,0.1517567411322785,0.011641328034764746,-0.2891082724651749
2018-04-06,0.08183614487893165,0.40607458938545804,0.41637756602496,0.4027246246954746,0.4082632197305352,-0.21922066176634153,NTES,1.4113985614708553,-0.04457274789831578,-0.029889863867114886,-0.061457834492144744,-0.055899218377119295,-0.4093203504083635
2018-04-09,0.1222658359231823,0.41764312086248906,0.42818432794139477,0.4097372155533097,0.4104369695475104,0.520534819583491,NTES,-1.4473987932710248,0.015311999033423299,0.0831674030012682,0.049397029777042835,0.08148929624335323,0.8180768096506501
2018-04-10,0.13256822928350073,0.42059108411008367,0.43093873073184596,0.4141740551517808,0.4276781060063832,0.47959759523770557,NTES,-0.7326994545855547,0.12144740058482681,0.01940214671241939,0.031253313105635686,0.020765595950939818,-0.043509424481905395
2018-04-11,0.1286660351836751,0.4194744197474377,0.42732077454625467,0.4168986684880736,0.4179557823403572,-0.44410488537512777,NTES,-0.018000115900084712,-0.06848451897006767,-0.025485058668724622,0.01919230835396709,-0.007865837875163201,-1.0177447250314224
2018-04-12,0.0978104911518383,0.41064541053275583,0.4150226996208646,0.40528549542673664,0.41091343042631806,0.906462837645081,NTES,0.6966992227853853,-0.04960666809892845,-0.08662823564147519,-0.08180375372618108,-0.0621919686918772,1.4921799685804182
2018-04-13,0.08313695043526594,0.4064468013736886,0.4135338232699881,0.40178664026187005,0.41241718730529653,0.2123334257202868,NTES,1.4113985614708553,0.01059253631563849,-0.010487717154695871,-0.02464610530805029,-0.029575206347719967,-0.7643838389028147
2018-04-16,0.08152376903868609,0.40598524942093733,0.4103029879986837,0.4001935434183708,0.4044666120138569,-0.05186496047608198,NTES,-1.4473987932710248,-0.056004237574628225,-0.022758160191683023,-0.01122185135442758,-0.0032511943183217594,-0.28990437894161986
2018-04-17,0.11014238155474944,0.4141740551517808,0.4168837879599716,0.4038859590403809,0.40497283394886846,-0.042487270317576056,NTES,-0.7326994545855547,0.0035658518377155593,0.04635547378060706,0.026009554546571095,0.05768234433254395,0.012019002250130409
2018-04-18,0.10514692765635864,0.4127447293112667,0.41977220069720383,0.40823345867433125,0.413920944184275,0.03866581759257135,NTES,-0.018000115900084712,0.06303092205255116,0.02034611927060265,0.030623998066846597,-0.010068240474358333,0.09123159665640371
2018-04-19,0.09432405627508264,0.409647875588789,0.4114791744737376,0.40162286925888496,0.4105263095120312,0.28501052444870767,NTES,0.6966992227853853,-0.02391197110831821,-0.058416478532275655,-0.046565312139058984,-0.021814387670066444,0.27353997976229905
2018-04-20,0.048326685977776694,0.39648624726825876,0.4061341398958204,0.3901138882922163,0.40567258794306915,1.6182655887147517,NTES,1.4113985614708553,-0.0341898499045629,-0.03765068254476916,-0.08106981956301607,-0.0927111475977808,1.4730734131457393
2018-04-23,0.019604467509711905,0.3882676804812113,0.39931510949512866,0.3875828070151126,0.39446138792616664,0.25453303143356343,NTES,-1.4473987932710248,-0.07897223612476392,-0.04803358053852241,-0.017829059152012976,-0.057891982654429186,-1.5033696756628465
2018-04-24,-0.015153715760305187,0.3783220353018379,0.3907094501917487,0.3749423095556504,0.39003945725375194,1.4258426002700244,NTES,-0.7326994545855547,-0.03114829390812601,-0.060618681094904106,-0.08904027656255557,-0.07005760653047372,1.2943475091838461
2018-04-25,-0.04132662687235119,0.37083301196314944,0.38196978094158757,0.3699099080576469,0.3809424565434623,0.781306742068098,NTES,-0.018000115900084712,-0.06407971377167741,-0.06156265365308774,-0.03544847998214108,-0.05275304325630721,-0.7096515186472239
2018-04-26,-0.033677369389230834,0.37302167070618103,0.38074889608631896,0.37242610880664867,0.3765354063991496,0.13334442015440998,NTES,0.6966992227853853,-0.03104347474718376,-0.008599972074894912,0.017724239991070728,0.015417018230932602,-0.7134330244103374
2018-04-27,-0.016038205670626422,0.3780689243343321,0.3811508975287078,0.37099678296613453,0.3770713893903652,-0.21020365199854735,NTES,1.4113985614708553,0.0037754901596011724,0.002831717637983849,-0.010068240474358706,0.03555309910651665,-0.3774760913505652
2018-04-30,0.0003001524916436921,0.38274399437220696,0.38844636041025277,0.3804213540803487,0.3810913470183454,-0.20515412652858264,NTES,-1.4473987932710248,0.028316776306708844,0.051389594017786415,0.06638713556838186,0.03293141986355103,0.0072423633914606616
2018-05-01,0.020488957420032938,0.38852079144871704,0.39093277170509616,0.3834139873102037,0.3835479688590304,-0.4774678215159662,NTES,-0.7326994545855547,0.017304563274166504,0.017514401632618803,0.021080253470334362,0.04069203850463825,-0.2988605768016256
2018-05-02,-0.01166772602190398,0.37931957024580476,0.38785079851072035,0.3781731448269548,0.387627476997373,0.18888920032402198,NTES,-0.018000115900084712,0.02873625298704601,-0.021709568509124196,-0.03691674838160413,-0.06481384797140875,0.7370729756723757
2018-05-03,-0.04059771281691534,0.3710414529483949,0.3813593385139532,0.3703565794822962,0.3781731448269548,0.7344182912755685,NTES,0.6966992227853853,-0.0665967738902671,-0.045726158741817596,-0.05506026501644497,-0.05831145933476635,0.6037251408678452
2018-05-04,-0.028318237455242423,0.3745551886413635,0.37714582042882955,0.36326955758599666,0.3692399151196502,0.4011496102578964,NTES,1.4113985614708553,-0.06292610289160891,-0.029680225545229647,-0.04992132561832299,0.024750924468992914,-0.36613157406122454
2018-05-07,-0.007556762033834421,0.38049578511881305,0.382178221926833,0.3763269370159497,0.37699692995394646,-0.11949253373453815,NTES,-1.4473987932710248,0.05464078833610817,0.03544847998214071,0.09197681336148204,0.04184584942127418,-0.5729202313178023
2018-05-08,0.0059716602658776595,0.3843668522719102,0.38615350957255284,0.37993001267343907,0.3804064451542923,-0.09045776228224096,NTES,-0.7326994545855547,0.024016790269260832,0.0280021187873143,0.025380239507782378,0.02726798458758259,0.03371290373325551
2018-05-09,0.015285846479284385,0.387031943495795,0.38945880428027596,0.38339907838414733,0.38402440133988364,-0.20244902359824438,NTES,-0.018000115900084712,0.025485058668724997,0.02328265606952912,0.024436266949598367,0.01877303171019661,-0.12192591241173374
2018-05-10,0.05134461273645833,0.397349800663399,0.3991215490379852,0.38884836185264166,0.38911635334824946,0.35822864376319624,NTES,0.6966992227853853,0.03586795666247788,0.0680648422531642,0.03838501678106755,0.07267948581000638,0.6204433768731894
2018-05-11,0.05561159771776775,0.39857068551866764,0.40199508124711547,0.39377651446006806,0.401235748344598,-0.07440748489556737,NTES,1.4113985614708553,0.08536960556389701,0.02024130010966003,0.03471414574584269,0.008599972074894912,-0.47579524119151745
2018-05-14,0.06523760334847695,0.4013250883091188,0.4035881780906147,0.3970669286396891,0.4007146458814845,0.4314467630776848,NTES,-1.4473987932710248,-0.0036706709986581796,0.01122185135442758,0.0231778369085865,0.019402146712419015,0.5599392846633726
2018-05-15,0.048587091915138506,0.3965607067046775,0.4009528763208883,0.3888036918703813,0.39730513068113854,0.5369457773608765,NTES,-0.7326994545855547,-0.024016790269261575,-0.018563193351744684,-0.05820664017382373,-0.033560534865773435,0.11810019023642102
2018-05-16,0.04676547448408059,0.3960396042415639,0.4011166473238733,0.39236209754561024,0.3968286982002853,1.9167286120287383,NTES,-0.018000115900084712,-0.003356013479264007,0.0011536108800688756,0.02506558198838746,-0.003670670998658552,1.524422280876439
2018-05-17,-0.05646823056864313,0.3665003928573011,0.37549317307496793,0.3574331816011699,0.37349810318703425,7.581394488352382,NTES,0.6966992227853853,-0.16434184168866056,-0.18049299411932526,-0.24604097629046534,-0.20807563622630165,6.253294750959488
2018-05-18,-0.05558351808914445,0.36675350382480687,0.3710116918921909,0.3621231321671467,0.3621231321671467,0.6197219270292268,NTES,1.4113985614708553,-0.08012584700483243,-0.031567770588463176,0.03303623902449328,0.0017829259188575934,-7.68135495949483
2018-05-21,-0.12187385568978457,0.34778528897360816,0.3690314741344048,0.34459912368456413,0.36760217669184503,2.587233458361912,NTES,-1.4473987932710248,0.03859465510295279,-0.013948749831469182,-0.12343996482557003,-0.13361302446087134,2.173050032559968
2018-05-22,-0.1125600033301437,0.350450380197493,0.35656962820602967,0.3461177610916446,0.3461177610916446,1.108263516248314,NTES,-0.7326994545855547,-0.1513372644519417,-0.08778184652154407,0.010697355476581112,0.01877303171019661,-1.6305476852749285
2018-05-23,-0.12738923118619006,0.34620710105616537,0.3539641158904616,0.343750450817526,0.346906855050366,0.6927597061483595,NTES,-0.018000115900084712,0.005558416078458766,-0.01835335499329276,-0.016675448271944098,-0.029889863867114886,-0.4568877123759497
2018-05-24,-0.17682051003442484,0.3320628183197703,0.34651976253403355,0.33100573286544105,0.3455519886462706,2.4209597982437874,NTES,0.6966992227853853,-0.009543744596511862,-0.05243838573691267,-0.08977441076228727,-0.09963301291476075,1.9089417089993534
2018-05-25,-0.1480463216634763,0.34029629403287415,0.34285713636618187,0.332167038812393,0.3334028041957637,1.5571302624891075,NTES,1.4113985614708553,-0.08557944392234894,-0.02579971618811917,0.008180295357991434,0.05799700185193849,-0.9516678874864909
2018-05-29,-0.1389925413874312,0.34288692582034025,0.3460135405990219,0.3379736537410159,0.3381969752543633,1.6049204142584164,NTES,-0.7326994545855547,0.03377037322422536,0.022233864350403237,0.040902076899657226,0.01824853583235014,0.05441167212082441
2018-05-30,-0.15611122708507782,0.33798853426911785,0.343735570289424,0.3347279095436551,0.34300602684106496,0.68266065520843,NTES,-0.018000115900084712,0.033875192385167986,-0.01604613323315501,-0.02286317938919233,-0.034504507423957075,-1.0161525120785324
2018-05-31,-0.1480902790759795,0.33993896257274564,0.34084715755219175,0.3359785554551278,0.337005879853253,0.5293714891559294,NTES,0.6966992227853853,-0.04226532610161134,-0.02034611927060265,0.008809610396780524,0.013738911473017257,-0.16750300818820757
2018-06-01,-0.12642250196488147,0.3461326416197466,0.3496463773127152,0.3396113921688211,0.3413980494694637,0.5969990624143855,NTES,1.4113985614708553,0.03093865558624114,0.0619821303334249,0.025589877829667245,0.04362857530356546,0.07630460022306075
2018-06-04,-0.10074436213382293,0.353472774483552,0.3553934417309757,0.34769597740704183,0.34939326634520945,0.955695710977237,NTES,-1.4473987932710248,0.05631869505745683,0.04048260021932006,0.05694821013281223,0.051704251537181334,0.3975335634686012
2018-06-05,-0.09584828537306636,0.3548723108699077,0.3573289611085471,0.35064394065463644,0.3573289611085471,0.6272962152341739,NTES,-0.7326994545855547,0.055899418413685606,0.013633892275507953,0.020765595950939818,0.009858402115906408,-0.3607578553452211
2018-06-06,-0.09803591781608262,0.35424698791417136,0.3585200565096574,0.3484404013835029,0.3544852183535752,0.5874410320605237,NTES,-0.018000115900084712,-0.020031461751208107,0.008390133716443359,-0.015521837391875223,-0.004404805198390262,-0.04231526476723796
2018-06-07,-0.08918100309989499,0.3567780691912751,0.35984516185754883,0.35293679149233637,0.3535621144480727,0.5829325271766266,NTES,0.6966992227853853,-0.006502388636642774,0.009334106274626995,0.03167278978597285,0.017829059152012976,-0.0033060474214350287
2018-06-08,-0.06860704221030522,0.36265911515836236,0.36326955758599666,0.34772573846324584,0.35256457950410586,0.775175175425998,NTES,1.4113985614708553,-0.007026684477922559,0.024121609430203823,-0.036706910023152205,0.041426372740937384,0.2138319940289272
2018-06-11,-0.018500599762936193,0.37698204942584446,0.3812253285671721,0.3645797540078317,0.365190196435466,2.2288974901897722,NTES,-1.4473987932710248,0.08893545740161295,0.12648132078543947,0.11872050210778522,0.10089144295577186,1.6060231947120471
2018-06-12,0.003583938132529335,0.3832948578915245,0.39358295400292453,0.38010869260248054,0.3807042261040585,1.9949962568131916,NTES,-0.7326994545855547,0.1092815766722156,0.08704771232181237,0.1093865958697249,0.0444677287008061,-0.25646790693093163
2018-06-13,-0.00803127951969352,0.37997468265569945,0.3912603137110663,0.37631205648784777,0.3856323787114848,0.5748172183856118,NTES,-0.018000115900084712,0.03471414574584194,-0.016360790752549554,-0.026743688746302806,-0.02338747523047174,-1.5656650074446645
2018-06-14,-0.008916659706723893,0.37972157168819365,0.3813146685316929,0.3743914176383784,0.3788431377649515,0.25759881475461344,NTES,0.6966992227853853,-0.04782374218007011,-0.07005760653047372,-0.013529073114565332,-0.001782925918857966,-0.3484182049603242
2018-06-15,-0.009750181275458932,0.37948336964674423,0.38074889608631896,0.3723814388243883,0.3750316211222167,1.7405362411660406,NTES,1.4113985614708553,-0.026848507907245425,-0.003985328518052725,-0.014158388153354422,-0.0016779067213486612,1.638265507008068
2018-06-18,-0.022875642079791897,0.3757314035143718,0.37659495690951195,0.3701034685147904,0.3733194232579928,0.32288196547344317,NTES,-1.4473987932710248,-0.012060804715101911,-0.02926054882832617,-0.016046133233154635,-0.026429031226908258,-1.5628786347771073
2018-06-19,-0.03938693649277153,0.3710116918921909,0.37593984449961726,0.3613786797927313,0.3617509201789162,0.5621934047107,NTES,-0.7326994545855547,-0.08148909620678654,-0.004614643556842188,-0.061457834492145494,-0.03324587734637889,0.26577794161696067
2018-06-20,-0.009646018900514206,0.3795131307029482,0.3815975405554026,0.36961215550583515,0.37727983037561064,0.3472278918464874,NTES,-0.018000115900084712,0.10938639583315822,0.03985308514396429,0.05799700185193849,0.05988454689517239,-0.23557011192425148
2018-06-21,-0.013343894495640373,0.378456045248619,0.38290776537519206,0.37308122121654336,0.37610361550260235,-0.11877117295311461,NTES,0.6966992227853853,-0.00828531455550074,0.009229287113684375,0.024436266949598367,-0.0074461611582597245,-0.5126151657270968
2018-06-22,0.013792629869232754,0.3862130600829152,0.388371900973834,0.3797662416704541,0.38146355900657597,0.375541302517361,NTES,1.4113985614708553,0.037755701742278464,0.038489635905443485,0.04708960798033914,0.0546407883361078,0.5472015810402533
2018-06-25,-0.04386636375374919,0.36973125652655986,0.3815082289888363,0.36477331446497513,0.37841137526635865,0.9906817088762784,NTES,-1.4473987932710248,-0.021499730150671154,-0.048348038021350265,-0.10561090567355742,-0.11609862282825292,0.6805494158447837
2018-06-26,-0.0352720775441004,0.3721878783672448,0.3774287208504937,0.36925482404570664,0.3715476748834065,0.8208012448510364,NTES,-0.7326994545855547,-0.048348238057917325,-0.02873625298704601,0.03156797062503023,0.017304563274166504,-0.1858134571464416
2018-06-27,-0.06714888024566767,0.36307599712885325,0.3753145215438809,0.3610362572586591,0.37303655123428303,0.23289220799085747,NTES,-0.018000115900084712,0.010487717154695871,-0.014892522353086133,-0.057891982654429186,-0.06418453293262004,-0.6471571602462947
2018-06-28,-0.052720944616171175,0.36720017524945614,0.368733721582593,0.3554380833152817,0.36032159433840205,0.3071923684774813,NTES,0.6966992227853853,-0.08956477244040204,-0.04635547378060706,-0.039433808500193804,0.029050910506440555,0.08366858513017661
2018-06-29,-0.021260791414382803,0.3761929554671231,0.3787984677826911,0.37013325796894875,0.37180078585091236,0.3203572027384608,NTES,1.4113985614708553,0.0808599812045645,0.07089655989114804,0.10351352227187122,0.06334557957194607,0.016198561251466438
2018-07-02,-0.03178252669886348,0.3731854417091661,0.37515075054089586,0.3686741426742763,0.37136902335231947,0.026402684308371296,NTES,-1.4473987932710248,-0.0030413559598698346,-0.025694696990609864,-0.01027807883281063,-0.021185072631277353,-0.3227437710949743
2018-07-03,-0.037355770181349376,0.3715923448656669,0.3855579476730205,0.3713094444440027,0.3841286218325063,-0.1295915846744676,NTES,-0.7326994545855547,0.08987922992322953,0.07330880084879511,0.018563193351744684,-0.01122185135442758,-0.17048840747487617
2018-07-05,-0.00256230969674117,0.3815379900450403,0.38188044097706686,0.37151788542924813,0.3723963193524903,0.29853603910039894,NTES,0.6966992227853853,-0.08264290712342173,-0.02590453534906179,0.001468268399463421,0.07005760653047372,0.4741588118264284
2018-07-06,0.02311616398808324,0.3888781229088456,0.391349653675587,0.3800491136941637,0.38010869260248054,0.6997929737672389,NTES,1.4113985614708553,0.05432633085327994,0.0667015930512097,0.06009438525362395,0.051704251537180584,0.4445038455788537
2018-07-09,0.056347077563931945,0.39837712506152423,0.4016973002973493,0.39265985009742205,0.3945507278906874,0.613229679996415,NTES,-1.4473987932710248,0.10173039631644656,0.07288932416845793,0.0888306382406707,0.06691143140966238,-0.09386315911704897
2018-07-10,0.044210825467808024,0.39490805935081597,0.40267995471321416,0.39157297518893436,0.3990173285453624,-0.045372713443270186,NTES,-0.7326994545855547,0.03146295142752056,0.006921865316979939,-0.007655999516712021,-0.02443626694959874,-0.7251755949379005
2018-07-11,0.04566965513997726,0.39532494132130686,0.3982877850970034,0.38561749818338287,0.3874339165402295,0.17121586117914545,NTES,-0.018000115900084712,-0.08159411540429547,-0.03093865558624114,-0.041950668582216424,0.002936536798926842,0.24070058760894453
2018-07-12,0.05389881661437643,0.3976773426693691,0.39915133849214357,0.39276407059004476,0.39778156316199187,0.04642044599287432,NTES,0.6966992227853853,0.07288932416845831,0.006082911956305608,0.050340802298660156,0.016570429074434793,-0.13605680236863174
2018-07-13,0.04874255648543528,0.39620337524454896,0.39900244801726054,0.39288320000872384,0.39900244801726054,-0.7301244352095584,NTES,1.4113985614708553,0.008599972074895285,-0.0010487917191258828,0.0008391533972410151,-0.010382697957186566,-0.855339003836651
2018-07-16,0.05895113693755009,0.3991215490379852,0.40187598022639076,0.3938063039142264,0.3977964720880482,-0.4430228442029925,NTES,-1.4473987932710248,-0.008494952877386353,0.020241300109659657,0.006502388636642774,0.020555757592487893,0.3185199956814391
2018-07-17,0.05035696201248991,0.3966649271973003,0.4007295548075408,0.38936946431575525,0.3933596324895771,-0.3878387444240922,NTES,-0.7326994545855547,-0.031253313105635686,-0.008075476197048815,-0.031253313105635686,-0.017304563274166133,0.06257176350438523
2018-07-18,0.025355766333983454,0.38951835479063834,0.39749869113828207,0.3843519717438082,0.39749869113828207,-0.057455506532114356,NTES,-0.018000115900084712,0.02915572966738355,-0.022758360228249334,-0.0353434607846314,-0.05034080229866053,0.3662863842681366
2018-07-19,0.027908078373895077,0.3902478982389974,0.39551850177845027,0.38386063033689855,0.3868830530209119,-0.2332871970041004,NTES,0.6966992227853853,-0.0747770692482589,-0.01394854979490287,-0.0034610326767733116,0.005138939398121973,-0.1923813355771125
2018-07-20,0.039054342769689644,0.3934340635280414,0.3960396042415639,0.3905010092065032,0.39383606497043033,-0.39613439341046286,NTES,1.4113985614708553,0.04897735306013936,0.003670670998658552,0.04677515049751091,0.022443502672288104,-0.17805141900110327
2018-07-23,0.023584894675334502,0.38901213285562675,0.3925407490766973,0.3849177441891822,0.3910965427080812,-0.44680998830546603,NTES,-1.4473987932710248,-0.019297327551476395,-0.02464610530805029,-0.0393287893026845,-0.03114829390812601,-0.054256861913912324
2018-07-24,0.036554223201838994,0.39271942900573875,0.39673935823576456,0.3921387476343084,0.3933894219437355,-0.42156236095564237,NTES,-0.7326994545855547,0.01615115243066431,0.029575206347720342,0.050865098139939946,0.026114373707513714,0.02953334473191948
2018-07-25,0.07087906428378477,0.40253106423833107,0.40294794620882196,0.39478895833009126,0.39525051028284247,-0.5874753406830548,NTES,-0.018000115900084712,0.013109596434228167,0.043733594501074766,0.01866821254925399,0.06911363397229009,-0.18143487152599433
2018-07-26,0.05676383834829967,0.39849622608224894,0.4001935434183708,0.39626292575491134,0.3967095971795606,-0.5863932995109196,NTES,0.6966992227853853,0.010277878796243946,-0.019402146712419015,0.010382697957186566,-0.028421595467651092,0.002863777771013394
2018-07-27,0.04249170114286538,0.39441671794390637,0.39961289044489484,0.38861013141323786,0.39669468825350424,-0.4026266404432747,NTES,1.4113985614708553,-0.00010501919750930463,-0.004090147678995717,-0.05390665413637609,-0.02873625298704601,0.20447774293069892
2018-07-30,0.014886446090740989,0.38652572156078335,0.39544404234203157,0.38345862889450966,0.39544404234203157,-0.3817071777819922,NTES,-1.4473987932710248,-0.008809610396780524,-0.0293655680258351,-0.03628743334281504,-0.055584560857725125,0.024756705873249733
2018-07-31,0.006500818484747707,0.3841286218325063,0.3849028352631258,0.37193479579769345,0.38161244948145906,-0.23166413524589746,NTES,-0.7326994545855547,-0.09743041027899893,-0.07425277340697874,-0.08117443868739199,-0.016885286630396398,0.16725976515689717
2018-08-01,0.010250997836523468,0.385200616212892,0.3887888113422793,0.37969181063198965,0.38186556044896486,-0.6810719020727581,NTES,-0.018000115900084712,0.001782925918857966,0.027373003785091894,0.0546407883361078,0.007551180355769401,-0.49430471676886273
2018-08-02,-0.008968963463373489,0.37970669116009165,0.38082332712478323,0.3753145215438809,0.3789771477117326,0.053453713611753766,NTES,0.6966992227853853,-0.02034611927060265,-0.056109256772137905,-0.030833836425298522,-0.03869947426389541,0.8123050376964241
2018-08-03,0.007177428783533959,0.38432218228964987,0.387612596469271,0.3789771477117326,0.3789771477117326,-0.4053317433736129,NTES,1.4113985614708553,0.0,0.04782394221663717,0.02579971618811917,0.03251174314664756,-0.5046541009626472
2018-08-06,0.0055110533535953745,0.3838457498087966,0.38564728763754125,0.3815677794991987,0.38274399437220696,-0.34365539656190086,NTES,-1.4473987932710248,0.02653385038785088,-0.013843730633959878,0.01824853583235014,-0.0033560134792643796,0.06973672179238985
2018-08-07,0.02493889426502732,0.38939922537195926,0.3972306996426742,0.38578126918636796,0.38578126918636796,0.22117009529272508,NTES,-0.7326994545855547,0.021394710953162224,0.08159411540429584,0.02968002550866296,0.039118950944232574,0.6250209891127478
2018-08-08,-0.01969857835938915,0.37663962689177233,0.39100720274356043,0.3746296480777822,0.3871361639884177,0.4007889298671847,NTES,-0.018000115900084712,0.00954394463307892,-0.04383861369858407,-0.0785525594078597,-0.0898792299232299,0.19990013069114043
2018-08-09,-0.16423700517665257,0.33532344304523304,0.35994938235017154,0.33332837315729935,0.35435120840679407,6.172576882232224,NTES,0.6966992227853853,-0.2309388156154947,-0.21877279166631644,-0.29092818167160933,-0.29103320086911866,6.371516562711564
2018-08-10,-0.16710135920304392,0.3345045596323533,0.33655920842860376,0.3249013653850064,0.3364847773901394,1.9105970453866383,NTES,1.4113985614708553,-0.12585200574665,-0.1647615184055644,-0.05936025105389261,-0.00576825443691069,-4.701926471399576
2018-08-13,-0.21335401634663534,0.3212834091994151,0.3344747985761493,0.31800787554789595,0.33346235470612606,2.6801086589701915,NTES,-1.4473987932710248,-0.021290091828786287,-0.014682683994634209,-0.048558076416368876,-0.09313042424155166,0.8509162018040047
2018-08-14,-0.2528350062729332,0.3099977497460939,0.3200923137983048,0.3064840140531253,0.31772500352418614,2.5104085351403054,NTES,-0.7326994545855547,-0.11085466423262164,-0.1013109196361094,-0.08117463872395868,-0.07949673200261002,-0.18561443052733037
2018-08-15,-0.29221205639346404,0.29874190814488544,0.30393805224791964,0.2908806728179665,0.2977443448029642,2.888040904215525,NTES,-0.018000115900084712,-0.1407447281363032,-0.11379140106811479,-0.10991069167443801,-0.07928669360759141,0.41843135847528135
2018-08-16,-0.29429541517694713,0.2981463462453531,0.3047718161889013,0.29664258936637466,0.29819101622761346,0.8034885860968717,NTES,0.6966992227853853,0.0031463751573787666,0.005873073597852938,0.04058721934369637,-0.004195166876505022,-2.298879072250471
2018-08-17,-0.26106472417027565,0.30764534839803165,0.3097446671765425,0.29613636743136307,0.2964341483811292,1.2386494774906176,NTES,1.4113985614708553,-0.012375462234496457,0.03502900330180392,-0.003565851837715932,0.06691143140966163,0.4819208499717667
2018-08-20,-0.24424105391705048,0.31245439998473323,0.31693590956546475,0.3093873357164139,0.31117396461910224,0.514583593136747,NTES,-1.4473987932710248,0.10382797975469908,0.0506554598180547,0.09334046263656952,0.033875192385167986,-0.7974222576752804
2018-08-21,-0.2371053748103937,0.31449413985492736,0.3182758954414581,0.3134519349287001,0.31394327633560976,-0.19090725109546786,NTES,-0.7326994545855547,0.01950716590992832,0.009438925435569616,0.028631233789536706,0.014368026475239663,-0.7769225159068227
2018-08-22,-0.23528208811050655,0.3150152707159953,0.31742722257441996,0.31072732159240735,0.31367528484000196,-0.468450811748172,NTES,-0.018000115900084712,-0.0018877450798005862,-0.005978092795362988,-0.01919230835396709,0.003670871035224864,-0.30463234875585155
2018-08-23,-0.2625494831515925,0.3063351519761966,0.3173825525921596,0.3061267109909512,0.31456859929134606,-0.25853482435392405,NTES,0.6966992227853853,0.006292550278190849,-0.0003146575193945451,-0.032406923985704564,-0.0611431769727502,0.23333660270182865
2018-08-24,-0.253460203091779,0.3089257837636627,0.31038487066038084,0.3035062897493267,0.30828555188186996,-0.3084890584675037,NTES,1.4113985614708553,-0.044258090378921235,-0.04929201057953353,-0.018458374190802065,0.01824853583235014,-0.05346075543746737
2018-08-27,-0.23105104805132015,0.31531302326780714,0.3173230020817973,0.31147174556886836,0.31300529190200527,0.2355973109211957,NTES,-1.4473987932710248,0.03324607738294558,0.048872533899196734,0.05610905673557122,0.04499202454208626,0.6021329279149553
2018-08-28,-0.23214820281048687,0.31500036178993895,0.319824322302697,0.31062310109978464,0.31788877452717124,-0.44861339025902486,NTES,-0.7326994545855547,0.03439948822644777,0.017619420830127363,-0.005977892758796304,-0.002202402599195131,-0.7534373748516965
2018-08-29,-0.24316982846703133,0.31185883808520093,0.31471748976622915,0.3085089017931718,0.31404749682823246,-0.045913734029337835,NTES,-0.018000115900084712,-0.027058146229130664,-0.0359727758234205,-0.014892522353086133,-0.022129045189460617,0.4460960585317436
2018-08-30,-0.32189032076233043,0.289421557523294,0.30758579788766927,0.28559516035245724,0.3074517879408882,3.4842455900620743,NTES,0.6966992227853853,-0.046460492978116365,-0.05023598313771754,-0.1614055049263004,-0.15804929141046972,3.897615687158858
2018-08-31,-0.30454761918779927,0.2943646190567767,0.2963597173426648,0.2812178996623029,0.2837043109571462,1.7024844599459492,NTES,1.4113985614708553,-0.1672783784875874,-0.07907705528570617,-0.030833636388731836,0.03481916494335162,-1.9647133787626998
2018-09-04,-0.3068462023656663,0.293709506646882,0.2965086078175479,0.28290030807236843,0.29254820069993004,0.8557872427500778,NTES,-0.7326994545855547,0.062296787852819446,0.0010487917191262556,0.011850966356649987,-0.004614643556842188,-0.9327603586709231
2018-09-05,-0.34612799287834145,0.2825132155560359,0.28769447913096813,0.2809796692228991,0.2858780607741214,0.9293660424552781,NTES,-0.018000115900084712,-0.04698478881939615,-0.06208714953093383,-0.013529073114565332,-0.07886721692725425,0.08287247865373165
2018-09-06,-0.33860604496459773,0.2846571759188527,0.2895257780159167,0.2817687631816204,0.2817687631816204,0.14993571812715123,NTES,0.6966992227853853,-0.028946091345498307,0.012899758075775869,0.005558416078458766,0.015102160674971,-0.8585234297424308
2018-09-07,-0.3273227892402169,0.28787313066205517,0.29251841124577166,0.28166454268899777,0.28220055407816774,-0.2109250127799709,NTES,1.4113985614708553,0.003041555996436519,0.021080253470334362,-0.0007341341997313378,0.022653341030740775,-0.3965826467852442
2018-09-10,-0.3532320671618312,0.2804883562139438,0.2858631802460194,0.2794312423616602,0.28437430389514295,0.3428997271579462,NTES,-1.4473987932710248,0.015311999033423299,-0.04687976962188685,-0.015731475713760462,-0.05201870902000882,0.6128803653469622
2018-09-11,-0.35114269901056283,0.2810838897155218,0.28237920560925484,0.274845512288306,0.27643860913180524,-0.22174542450132387,NTES,-0.7326994545855547,-0.05589941841368598,-0.024541286147107672,-0.032302104824761944,0.004194966839938337,-0.6214827263809447
2018-09-12,-0.33651645424415233,0.28525273781838506,0.28817091161182135,0.2753368536952157,0.2799076748425134,0.3266691095759167,NTES,-0.018000115900084712,0.024436266949597996,0.04079705770214792,0.003461032676773684,0.0293655680258351,0.6069095667736251
2018-09-13,-0.28339208503810165,0.30039455549874705,0.30142187989687225,0.28991289893020367,0.29067223183272106,1.1380196484820349,NTES,0.6966992227853853,0.07582606100395184,0.0933404626365699,0.1026743688746302,0.1066596973926833,0.8970903774378123
2018-09-14,-0.2825040340209447,0.30064766646625285,0.3023151943482164,0.2984292466670173,0.30075188695887556,0.2047591375153397,NTES,1.4113985614708553,0.07100157908865735,0.006292550278190849,0.05998956609268132,0.001782925918857966,-1.0282931358443181
2018-09-17,-0.3011001339170595,0.29534727347264156,0.2999330035459958,0.2917441978151522,0.29455817951392016,0.46589174039065845,NTES,-1.4473987932710248,-0.043628775340132146,-0.016780267432886718,-0.04708980801690583,-0.03733622506194129,0.28986016252942065
2018-09-18,-0.2977570335904414,0.29630013843434805,0.30166008193832167,0.294245518036052,0.2951835024696565,0.2637303813967135,NTES,-0.7326994545855547,0.004404805198390262,0.012165623876044532,0.017619420830128105,0.006712026958527641,-0.22143922196735347
2018-09-19,-0.26803447795530577,0.3047718161889013,0.3074517879408882,0.2959428353721739,0.29630013843434805,0.4155768258863671,NTES,-0.018000115900084712,0.007865637838596517,0.04079705770214792,0.011955985554159292,0.05967490857328715,0.16925003134800956
2018-09-20,-0.22368578883834822,0.31741234204631796,0.3229211476272203,0.30326805930992284,0.3070051449141933,1.1391016896541701,NTES,0.6966992227853853,0.07540658432361468,0.10896691915282106,0.05159923233967128,0.08904047659912262,0.8001644139306385
2018-09-21,-0.21553641841398705,0.31973498233817627,0.3264795533024492,0.3188416678868321,0.32607755186006027,1.0922132388616406,NTES,1.4113985614708553,0.134346958624036,0.02506558198838746,0.10970125338911982,0.016360790752549554,-0.050077302912576296
2018-09-24,-0.24019240929860597,0.3127075109522391,0.3173676720640576,0.3098339787431088,0.31196305857782364,-0.14293675913080295,NTES,-1.4473987932710248,-0.09942317455630845,-0.06418453293262004,-0.06345059876945501,-0.04950184893798583,-1.361463696236533
2018-09-25,-0.21135779339603866,0.32092607773928655,0.32257872509314817,0.3130201724301072,0.31495569180767863,-0.22535222840844155,NTES,-0.7326994545855547,0.021080253470334362,0.03670691002315258,0.02244370270885516,0.057891982654429186,-0.08928554687749046
2018-09-26,-0.17965003198457932,0.32996352793921385,0.3325094897444196,0.3223404946537443,0.32375493996615645,0.31783244000347843,NTES,-0.018000115900084712,0.06198233036999159,0.06995278736953073,0.06565280133208345,0.06366023709134025,0.6011377948193991
2018-09-27,-0.15906917145049534,0.3358296649802447,0.33611256540190887,0.3250055858776291,0.3295912875530289,1.2213368187364528,NTES,0.6966992227853853,0.041111515184975786,0.025380239507782003,0.01877303171019661,0.04132135354342771,0.9987929798036557
2018-09-28,-0.14501726644593285,0.3398347420801229,0.34232115337496627,0.33405791660565837,0.33423656813674546,0.9250378777667368,NTES,1.4113985614708553,0.03272158150509911,0.043733594501074766,0.06376505625228288,0.028211957145766225,-0.32533111714342045
2018-10-01,-0.11524262962332484,0.3483213003627782,0.3535769949761747,0.3415469399443468,0.3432293483544124,1.3470339348995033,NTES,-1.4473987932710248,0.0633455795719457,0.07928669360759141,0.05275304325630721,0.05977972773422977,0.4673919067766462
2018-10-02,-0.17860551483582784,0.3302612804910256,0.34108538799159555,0.321715171698008,0.34020695406835344,2.302836970285684,NTES,-0.7326994545855547,-0.0212898917922196,-0.08799148484342931,-0.1396959364171766,-0.12721565502173787,1.056510699345915
2018-10-03,-0.17426997854793108,0.3314970458743964,0.3351150020599876,0.3293530855115795,0.33317948268241626,-0.3905438473544305,NTES,-0.018000115900084712,-0.04950184893798583,-0.042055687779726104,0.053801834975433095,0.008704791235838278,-2.9707929383700153
2018-10-04,-0.2162158108274885,0.3195414218810328,0.3251991179368182,0.3164445681585551,0.3250353469338331,0.23451526974906042,NTES,0.6966992227853853,-0.0573676868131494,-0.0698479682085881,-0.09092822167892284,-0.08421599468382851,0.6914958798959019
2018-10-05,-0.21156656328428278,0.3208665272289242,0.32375493996615645,0.31836520700802445,0.3188714289430361,0.3263084291852049,NTES,1.4113985614708553,-0.04341893698168022,-0.010172859598735014,0.013529073114565332,0.009334106274626995,0.10297416718396683
2018-10-08,-0.20477608897151311,0.3228020466064956,0.32566066988956943,0.3081069003507829,0.3098637681972672,-0.0601606094624526,NTES,-1.4473987932710248,-0.06345039873288832,0.013424053917056028,-0.07226000912966885,0.013633892275507953,-0.42484442669904016
2018-10-09,-0.20326128315126996,0.3232338091050884,0.32508001691609345,0.3164296876304531,0.3215216112408645,-0.21543351766386798,NTES,-0.7326994545855547,0.08211841124557526,-0.004090147678995717,0.058626116854160894,0.003041355959869462,-0.16969230099843122
2018-10-10,-0.23768494494790665,0.31342217387249616,0.3199285427953197,0.31175461759257816,0.31851409748290754,1.3964471484270153,NTES,-0.018000115900084712,-0.02118507263127661,-0.036287233306248355,-0.03293141986355103,-0.06911363397229009,1.780569539672604
2018-10-11,-0.23303591997387796,0.3147472508224332,0.31693590956546475,0.30521848761355064,0.3061415915190532,1.4460407021498833,NTES,0.6966992227853853,-0.08715253148275498,-0.021080253470334362,-0.046040816261212515,0.009333906238060683,0.0564019383119368
2018-10-12,-0.1835158360239275,0.32886174410466984,0.33108016390390543,0.3232338091050884,0.3249013653850064,0.7401891775269567,NTES,1.4113985614708553,0.13214475606140794,0.09963281287819406,0.12690079746577665,0.09942317455630845,-0.7773205691450452
2018-10-15,-0.19887333182213476,0.3244844834145155,0.32673266426995506,0.3165487886511778,0.32080697671856184,-0.2994720486997095,NTES,-1.4473987932710248,-0.02884107214798863,-0.030623998066846597,-0.047089607980338774,-0.030833636388731836,-1.1457188411199493
2018-10-16,-0.16068858478403772,0.3353681130274934,0.33611256540190887,0.3263902417358829,0.32755154768283484,-0.10524565830142338,NTES,-0.7326994545855547,0.04750908466067594,0.0660724780489873,0.06932367236730869,0.0766648143280591,0.2160212868391508
2018-10-17,-0.18283666617960306,0.3290553045618133,0.3349959010392629,0.3263604522817245,0.33469812008949673,-0.3946916718476158,NTES,-0.018000115900084712,0.050340802298660156,-0.007865837875163574,-0.00020983835845192486,-0.04446772870080647,-0.3177681056171934
2018-10-18,-0.23000630833339164,0.31561080421757337,0.3252140268628746,0.3129010714093825,0.32308494702815976,0.18420035524476902,NTES,0.6966992227853853,-0.08180375372618108,-0.06890399565040484,-0.09480853099946664,-0.09470371183852364,0.6405450654034246
2018-10-19,-0.2394612695513978,0.31291595193748456,0.3266731137595927,0.31087618366933606,0.32339760850602794,0.12108128687020994,NTES,1.4113985614708553,0.002202402599195131,0.010277878796243946,-0.014263407350863727,-0.01898267003208185,-0.06798969863258784
2018-10-22,-0.21799202414639102,0.31903519994602114,0.3278046586503407,0.3159234656954415,0.3244398134322552,0.21089070415743974,NTES,-1.4473987932710248,0.007341341997317476,0.007970657036106566,0.035553299143083326,0.0431042794622853,0.1007848743737432
2018-10-23,-0.2354387768112781,0.31406237735633447,0.3166381286156986,0.2997841130711127,0.30466759569627866,0.005843902037800622,NTES,-0.7326994545855547,-0.13927645973684016,-0.078657578605369,-0.11368638187060587,-0.03502880326523686,-0.2246236478731333
2018-10-24,-0.32915141760035765,0.28735202819894146,0.3088959943095043,0.2871882571959565,0.30582893004118505,0.9111516827243339,NTES,-0.018000115900084712,0.008180495394558491,-0.05453596917516555,-0.08872581907972733,-0.1881489936360369,1.000783245994768
2018-10-25,-0.29524979180891936,0.2970148013546051,0.297431683325096,0.28885578507792,0.2903446614287965,0.2738294323366429,NTES,0.6966992227853853,-0.10907193835033073,-0.08075516204362151,0.011746147195706621,0.06806504228973088,-0.7016904538827743
2018-10-26,-0.28642158539399915,0.29953100210360695,0.3059927010441701,0.2799821342789322,0.2806521272169289,0.557684899826803,NTES,1.4113985614708553,-0.06827468061161575,0.06030422361207624,-0.06250642617470431,0.017724239991070728,0.31493751653743685
2018-10-29,-0.3076820609107622,0.2934713046054326,0.3057991405870267,0.28787313066205517,0.3057991405870267,-0.0038944685114170674,NTES,-1.4473987932710248,0.17713678060349455,-0.0013634492385204279,0.05558456085772475,-0.04268480278194888,-0.6180992738560537
2018-10-30,-0.2920633801830728,0.29792302473200566,0.29997767352825616,0.2859078218303254,0.29356061617199897,-0.2843234722898153,NTES,-0.7326994545855547,-0.08620875896113803,-0.041006696024033534,-0.013843730633959878,0.031358132266578305,-0.3078167746616314
2018-10-31,-0.2515799386825204,0.3094617667548783,0.31151641555112874,0.30286605786753407,0.305278038123913,-0.17305357175523545,NTES,-0.018000115900084712,0.0825380879624791,0.0812794578849013,0.11945463630751729,0.0812794578849013,0.12446904204798068
2018-11-01,-0.18487373057422188,0.32847465158833733,0.3359190049447654,0.3127521809344994,0.3156405936717317,0.6364935651973239,NTES,0.6966992227853853,0.07299434336596725,0.1718930220444296,0.06963832988670286,0.1339276819802659,0.8951001112466999
2018-11-02,-0.1742177860758701,0.3315119548004527,0.3368718699064719,0.3258542303467129,0.3349959010392629,0.05615881654209201,NTES,1.4113985614708553,0.13633972290134627,0.006712026958528014,0.09229147088087696,0.021394910989728906,-0.6387980422436226
2018-11-05,-0.1552556711677968,0.33691653988873227,0.34672820351927897,0.33306038166169155,0.3364847773901394,0.15805102691816597,NTES,-1.4473987932710248,0.010487717154695871,0.06942849152825131,0.050760479015564006,0.03807015922510632,0.11411965785419623
2018-11-06,-0.1429799794821368,0.34041539505359886,0.3476066374425212,0.3355318840304785,0.3384947562041295,-0.44230148342156894,NTES,-0.7326994545855547,0.014158388153354422,0.006187731117248601,0.017409382435109123,0.02464610530805029,-0.6608899969649702
2018-11-07,-0.10949678374389528,0.3499590387905834,0.3536812154687974,0.3453733371151836,0.34730885649275495,-0.021928488047005378,NTES,-0.018000115900084712,0.06208694949436752,0.04278962194289076,0.06932367236730869,0.0672258888924895,0.4656006672046451
2018-11-08,-0.12856283845773608,0.3445246642481455,0.3550658713270512,0.34095137804481446,0.3464453030976148,0.3562449016142815,NTES,0.6966992227853853,-0.006082911956305608,0.00975358295496416,-0.031148493944693066,-0.03827999758355787,0.41902843833261505
2018-11-09,-0.1781354487335132,0.33039529043780674,0.3349959010392629,0.322444715146367,0.3335070246883864,1.256863837221562,NTES,1.4113985614708553,-0.09113786000080808,-0.1413738431385256,-0.13036183014254996,-0.09952799371725181,0.9956085538978758
2018-11-12,-0.22687175532584025,0.3165041186689175,0.32747711664437046,0.31062310109978464,0.32747711664437046,0.34614585067435205,NTES,-1.4473987932710248,-0.04247496442349658,-0.05296268157819246,-0.08327202212564451,-0.09785008699590278,-1.003414808455413
2018-11-13,-0.21846197896411707,0.3189012183971945,0.32767064870355955,0.3165041186689175,0.3225936056212501,0.14650925441538945,NTES,-0.7326994545855547,-0.034399688263014455,0.0013632492019541162,0.04142617270437033,0.016885286630396023,-0.21865284929979611
2018-11-14,-0.18962736306154976,0.32711978518424195,0.3295912875530289,0.3206878472998828,0.32298072653553705,0.2662551441316959,NTES,-0.018000115900084712,0.0027268984770416013,0.013529073114565332,0.029470387186778094,0.057891982654429186,0.13382329314620894
2018-11-15,-0.1286152534989743,0.3445097837200434,0.36030671381030005,0.34020695406835344,0.34020695406835344,1.8058193918848702,NTES,0.6966992227853853,0.12134238138731751,0.21636095078180276,0.13749353381798146,0.12249599226738639,1.700759865408997
2018-11-16,-0.11806336009097863,0.34751729747800036,0.3543363278786922,0.34118960848421837,0.3421871434281852,0.15047673871321887,NTES,1.4113985614708553,0.01394854979490287,-0.04205568777972573,0.006921865316980311,0.02118507263127698,-1.825195718765721
2018-11-19,-0.11874252993530306,0.34732373702085695,0.3557954147754102,0.3413384989591014,0.3413384989591014,0.34217836637652266,NTES,-1.4473987932710248,-0.005977892758796676,0.010277878796243574,0.0010487917191258828,-0.0013634492385208006,0.21323491417159346
2018-11-20,-0.1525912955471487,0.3376758727912497,0.34483732572601355,0.3349959010392629,0.3364847773901394,0.08122610369655976,NTES,-0.7326994545855547,-0.03418984990456253,-0.07718931020590558,-0.0446775670592584,-0.06796002309222121,-0.2863218997976175
2018-11-21,-0.11717553164299892,0.3477704084455063,0.35653986714982566,0.34108538799159555,0.34108538799159555,-0.1701681286295413,NTES,-0.018000115900084712,0.032406923985704564,0.08243326880153685,0.04289464114040043,0.07110639824960034,-0.2757734889847218
2018-11-23,-0.1580766242046278,0.33611256540190887,0.34398868125692983,0.3290701850899153,0.34309536680558567,-0.3977574551686658,NTES,1.4113985614708553,0.014158388153354422,-0.08841116156033316,-0.08463567140073198,-0.082118411245576,-0.24950197526203824
2018-11-26,-0.1359804014273576,0.3424104649415326,0.3472344254542906,0.33885208766425795,0.34025162405061377,-0.6000991543579667,NTES,-1.4473987932710248,-0.020031461751208107,0.02286317938919233,0.06890419568697115,0.04436270950329717,-0.22163824858646472
2018-11-27,-0.13415232949015996,0.3429315958026005,0.34427155328063963,0.33512991098604394,0.3411300579738559,-0.45149883338471897,NTES,-0.7326994545855547,0.006187731117248229,-0.02087061514844912,-0.026219192868456333,0.003670871035224864,0.16566755220400725
2018-11-28,-0.11707092412969973,0.3478001978996646,0.3524305695573247,0.33332837315729935,0.34713020496166785,0.05435541458853318,NTES,-0.018000115900084712,0.04226532610161134,0.05747250597409202,-0.012690119753890628,0.034294669065505524,0.5599392846633726
2018-11-29,-0.1689894135335057,0.33236059926953654,0.34314003678784605,0.32886174410466984,0.3396113921688211,0.22748200213018097,NTES,0.6966992227853853,-0.052962881614759136,-0.06544296297363153,-0.03146315146408761,-0.10875728083093544,0.1927351724031358
2018-11-30,-0.1488919732523703,0.3380778742336386,0.341859601422215,0.3324052692517968,0.3324052692517968,0.5629147654921236,NTES,1.4113985614708553,-0.05076027897899732,-0.00901944875523245,0.02496076282744484,0.04027276186086776,0.3718591296032513
2018-12-03,-0.10550433784270172,0.35042059074333465,0.35505099079894925,0.3449713356727947,0.34860417238648805,0.47220364722811436,NTES,-1.4473987932710248,0.1141058585509434,0.09292078591966642,0.08851598072127578,0.08694269312430306,-0.09844077135660748
2018-12-04,-0.13654049676186272,0.3415916099266072,0.35360678443033305,0.3408024875699314,0.34979526778759823,0.17031416020236603,NTES,-0.7326994545855547,0.008390133716442615,-0.010173059635301698,-0.02936556802583473,-0.06219176865531014,-0.33150094233586885
2018-12-06,-0.08922729748875911,0.35505099079894925,0.3579989540465438,0.32756642821093684,0.3320926077739287,0.6853657581387682,NTES,0.6966992227853853,-0.12469839486658114,0.03093865558624114,-0.09323544343906097,0.09480853099946701,0.5700896422380458
2018-12-07,-0.0989619168779579,0.3522816790824416,0.3630908776569552,0.34934862476090345,0.35414276742154865,0.43288948464053184,NTES,1.4113985614708553,0.15532239293342812,0.03586775662591119,0.1534348478901942,-0.01950716590992869,-0.2769676486993893
2018-12-10,-0.09786309284996193,0.3525943405603098,0.3582520650140496,0.346147550545803,0.3486786318229067,-0.025174611563411275,NTES,-1.4473987932710248,-0.038489635905443485,-0.034084830707053225,-0.02254852186979778,0.002202402599195131,-0.5038579944862023
2018-12-11,-0.09215831098373152,0.35421722685796747,0.3645946629338881,0.3511203731354897,0.3581329639933249,-0.207678889263565,NTES,-0.7326994545855547,0.0665967738902671,0.0446775670592584,0.03502880326523686,0.011431689712879878,-0.19974532048422836
2018-12-12,-0.04411241397917931,0.36788504871555483,0.373602323679657,0.3585647264919178,0.3635077880254005,0.25759881475461344,NTES,-0.018000115900084712,0.03786052090322108,0.06345039873288832,0.05243838573691267,0.09627679939892968,0.5151582953633437
2018-12-13,-0.01145417089634957,0.37717560988298793,0.38286309539293173,0.3695376960694164,0.3733343321840492,0.7950125969151451,NTES,0.6966992227853853,0.06921865316979939,0.06523332465174629,0.07729412936684821,0.06544316301019822,0.5947689430078394
2018-12-14,-0.03935032386311681,0.3692399151196502,0.3751209610867375,0.36644084234693874,0.36871881265653667,0.2956505959747048,NTES,1.4113985614708553,-0.032511943183213494,-0.05453596917516518,-0.021814387670066073,-0.055899418413686355,-0.5494350902626761
2018-12-17,-0.08859942983978694,0.35522964233003623,0.36667907278634254,0.3523710190469624,0.36627707134395365,-0.27025693705205645,NTES,-1.4473987932710248,-0.017199744113224256,-0.05946507021483523,-0.09910851703691427,-0.09868904035657673,-0.6228759127147234
2018-12-18,-0.12036817520580792,0.34619222052806337,0.3585796070200198,0.3452095661121985,0.35764162258641524,-0.1925303128536708,NTES,-0.7326994545855547,-0.06082851945335603,-0.05705302929375486,-0.050445621459602775,-0.06366003705477356,0.08745009089329016
2018-12-19,-0.1159193512066997,0.34745774696763804,0.35953250037968065,0.34345269826571423,0.35409812583724265,0.16724837688131602,NTES,-0.018000115900084712,-0.024960562790878528,0.0067122269950946984,-0.012375462234496457,0.008914429557723145,0.39872772318326866
2018-12-20,-0.10309669576799131,0.3511054926073877,0.35424698791417136,0.34121936954042226,0.34986972722401705,0.05886391947243026,NTES,0.6966992227853853,-0.029785044706171892,-0.037231405900998674,-0.015731675750327148,0.025694897027176547,-0.11794538002950895
2018-12-21,-0.05803422729964972,0.3639246699958914,0.3766842684760782,0.3592495999580165,0.3720687773465201,2.945389086338696,NTES,1.4113985614708553,0.15637118465255437,0.15804929141046933,0.12700581666328595,0.09029890664013375,3.187289683550844
2018-12-24,-0.05489422134725616,0.3648179844472355,0.3719794373819994,0.35996426287827354,0.3601429144093606,-0.4444655657658395,NTES,-1.4473987932710248,-0.0840063563619429,-0.033141058185435904,0.005034120237179353,0.006292550278190849,-3.739433741377622
2018-12-26,-0.06279709640783275,0.3625697751938416,0.3677510671667281,0.3518052466015884,0.36711083528493543,-0.21922066176634153,NTES,-0.018000115900084712,0.04908237225764866,-0.02978484466960558,-0.05747250597409202,-0.015836494911269768,0.250253865326284
2018-12-27,-0.047776236490189555,0.36684284378932763,0.3673639462524413,0.35336855399092926,0.3561527462355388,0.5309945509141323,NTES,0.6966992227853853,-0.07718931020590558,-0.0027268984770412287,0.011012012995975656,0.03009970222556681,0.829620353559102
2018-12-28,-0.09739202518634972,0.3527283505070909,0.36319509814957796,0.346177311602007,0.3606938063266326,0.004942201061021206,NTES,1.4113985614708553,0.0319874473053674,-0.029365568025835474,-0.0506554598180547,-0.09942317455630882,-0.5788910298911395
2018-12-31,-0.10545214537064095,0.350435499669391,0.36312066711111357,0.34823196039825743,0.3560038557606557,-0.5784583309152607,NTES,-1.4473987932710248,-0.03303623902449365,-0.0005242958412797856,0.014473045672748968,-0.01615095239409763,-0.6421814947685136
2019-01-02,-0.13491807874442774,0.34205316187935847,0.34675799297343735,0.33663366786502247,0.34364623032490327,0.04786316755572139,NTES,-0.018000115900084712,-0.08704771232181237,-0.11525946943101191,-0.08169893456523847,-0.059045593534498064,0.6928890662296805
2019-01-03,-0.18118420132324192,0.3288915335588282,0.34029629403287415,0.32582446929050884,0.33727387134886083,-0.19577643637007672,NTES,0.6966992227853853,-0.04488720538114364,-0.04551652041993273,-0.0761405184867797,-0.0927111475977808,-0.26721534436293853
2019-01-04,-0.1348655524186009,0.3420680424074604,0.3555423038079044,0.3353681130274934,0.33679743886800756,0.7192697148656743,NTES,1.4113985614708553,-0.003356013479264007,0.10739363155584833,0.06722588889248987,0.09281596675872343,1.011530683426775
2019-01-07,-0.08388930962660798,0.35656962820602967,0.3588178374594236,0.3433782388292955,0.34988460775211905,-0.10903280240389693,NTES,-1.4473987932710248,0.09218665171993433,0.023073017747644253,0.05642371425496614,0.10214987299678374,-0.9124596435215767
2019-01-08,-0.06860648578736214,0.3609171278399801,0.362599564648,0.3538598953978389,0.3584605059992951,-0.23815638227870925,NTES,-0.7326994545855547,0.06040904277301886,0.0266386695487935,0.07383329672664157,0.03062399806684697,-0.1408334412273015
2019-01-09,0.015290520432006264,0.3847837342424011,0.385200616212892,0.3618849017277429,0.36328443811409866,0.864804252517872,NTES,-0.018000115900084712,0.033980011546110606,0.1592029022905386,0.056528533415908015,0.16811753188482806,1.2189164205406864
2019-01-10,-0.0019289891029266046,0.3798853426911788,0.3810466770360851,0.37068412148826635,0.3778753638771886,0.13514782210796883,NTES,0.6966992227853853,0.10277918803557283,-0.029260548828325798,0.0619821303334249,-0.0345045074239567,-0.8035920828677289
2019-01-11,-0.06332046782809475,0.36242088471895856,0.3787984677826911,0.35956226143588466,0.377324500357871,0.1396563269918659,NTES,1.4113985614708553,-0.0038803093205437927,-0.015836494911269768,-0.07834292108597446,-0.12302048814523285,0.006645283534126943
2019-01-14,-0.08080105100792093,0.3574480621292718,0.36684284378932763,0.35616765516159515,0.3605597963798515,-0.021026787070225966,NTES,-1.4473987932710248,-0.11809138710556244,-0.08421599468382814,-0.023911771071751898,-0.03502880326523723,-0.1756630995717684
2019-01-15,-0.044479096698669764,0.3677808282229321,0.3686145921639139,0.36011315335315663,0.3622571137159734,-0.09911409165932336,NTES,-0.7326994545855547,0.011955985554158919,0.012480281395439077,0.027792280428862375,0.07278450500751532,-0.08450890801882072
2019-01-16,-0.006796243155231586,0.37850071523087936,0.37982579218081636,0.3692399151196502,0.3692399151196502,0.2543526912382076,NTES,-0.018000115900084712,0.04918719141859091,0.07897223612476355,0.06428935209356228,0.07551140348455693,0.39176179151437523
2019-01-17,-0.01747299787165478,0.375463412018764,0.3796471406497293,0.3709372324557722,0.37576119296853017,-0.3892814659869393,NTES,0.6966992227853853,0.04593619713683695,-0.001258430041011496,0.011955985554160036,-0.021394910989728906,-0.7086563855516677
2019-01-18,-0.014856029485756959,0.37620783599522506,0.3851261851744276,0.37391498515752514,0.37958759013936694,0.05543745576066848,NTES,1.4113985614708553,0.026953327068188045,0.03859465510295279,0.020975434309391368,0.0052437585590645935,0.4924692607846624
2019-01-22,-0.054580064953592744,0.3649073244117562,0.37174123534055,0.36100646780450074,0.3708776819454098,-0.2013669824261091,NTES,-0.7326994545855547,-0.0613530153312025,-0.09428423515818685,-0.09092822167892284,-0.07960135112698632,-0.281744287558059
2019-01-23,-0.04824752672297879,0.36670883384254654,0.3714732438449422,0.3625697751938416,0.3678254982051925,-0.5247169526992075,NTES,-0.018000115900084712,-0.021499730150671525,-0.0018877450798005862,0.011012012995975656,0.01268991971732469,-0.3551851100101064
2019-01-24,-0.07923082546254691,0.3578947335539211,0.3716221059218709,0.35403854692892595,0.3683168396121021,0.3735575603684463,NTES,0.6966992227853853,0.0034610326767733116,0.0010485916825595711,-0.060094385253624316,-0.06208694949436752,0.9930212078494297
2019-01-25,-0.06766457302931496,0.36118514773354216,0.36648551232919907,0.3592347194299145,0.36618773137943283,0.415757166081723,NTES,1.4113985614708553,-0.01499754155059581,-0.036182414145305736,0.036602090862209585,0.0231778369085865,0.048241846928375985
2019-01-28,-0.07457300900601754,0.35921983890181247,0.36347799857124213,0.35199880705873193,0.3585647264919178,-0.368181663130301,NTES,-1.4473987932710248,-0.05369681577792379,-0.02118507263127698,-0.05097011733744888,-0.013843730633959505,-0.8634990952202118
2019-01-29,-0.09116398318444634,0.3545000988816772,0.3584605059992951,0.349899488280221,0.3554380833152817,-0.5791796916966843,NTES,-0.7326994545855547,-0.022024226028517998,-0.0353434607846314,-0.014787703192143885,-0.03324607738294558,-0.2311915263038042
2019-01-30,-0.06525681967001573,0.3618700211996409,0.3633588975505174,0.3531899024598422,0.35990471236791116,-0.12887022389304406,NTES,-0.018000115900084712,0.03146315146408761,0.034504507423957075,0.023177836908587244,0.051914089895632884,0.4986390859771108
2019-01-31,-0.018781482064603172,0.3750912000305335,0.3758802939892549,0.36328443811409866,0.36328443811409866,0.31801278019883433,NTES,0.6966992227853853,0.02380695191080928,0.08820132320188123,0.0711063982495996,0.09313062427811797,0.4948575802139973
2019-02-01,-0.02998149691669955,0.37190500634353507,0.3811508975287078,0.3688081526210574,0.371190343423278,-0.2267949499712886,NTES,1.4113985614708553,0.055689580055234056,0.03712638670348937,0.038909312622347335,-0.02244370270885516,-0.5995897982787084
2019-02-04,-0.020351373756211544,0.3746445286058842,0.37942379073842747,0.37190500634353507,0.37190500634353507,-0.792522142802694,NTES,-1.4473987932710248,0.005034120237179353,-0.012165823912611217,0.021814387670066073,0.019297327551476395,-0.6226768860956122
2019-02-05,0.00644517619043942,0.3822675334933993,0.38263977387958426,0.37498697953791077,0.37498697953791077,-0.804785276086894,NTES,-0.7326994545855547,0.02170956850912345,0.022653541067307086,0.02170956850912345,0.05369681577792379,-0.011864192043218324
2019-02-06,-0.06478586329099215,0.3620040027484676,0.377920033859449,0.3617509201789162,0.3775180608150145,-0.27981496740591827,NTES,-0.018000115900084712,0.017829059152012976,-0.03324607738294558,-0.0932354434390606,-0.14273729237704605,0.5810361062891639
2019-02-07,-0.09320505382425533,0.35391944590820124,0.3610809272409195,0.35042059074333465,0.36030671381030005,-0.0740468045048556,NTES,0.6966992227853853,-0.12123756222637488,-0.1186154829102759,-0.07981138952200456,-0.056948010096245553,0.22875899046227013
2019-02-08,-0.08184779384844452,0.35715030957746,0.3588178374594236,0.35036104023297227,0.35286236045387204,-0.7203860646603407,NTES,1.4113985614708553,-0.05243838573691267,-0.015941314072212387,-0.0004194766803371653,0.022758360228249706,-0.7116417848383362
2019-02-11,-0.08043459085760792,0.3575522826218946,0.3655475278955946,0.35740339214701144,0.3608129073473573,-0.5515876418072341,NTES,-1.4473987932710248,0.056004037538061914,0.04740426549973332,0.04960666809892845,0.00283151760141791,0.18795853354446607
2019-02-12,-0.05819147242336436,0.363880000013631,0.365770849408942,0.3581925145036872,0.3599940523324319,-0.5093880360939574,NTES,-0.7326994545855547,-0.005768054400344379,0.0015730875604060412,0.005558616115025823,0.044572747898315404,0.048241846928375985
2019-02-13,-0.07844582397444831,0.3581180550672685,0.3691654840811859,0.3550956607812096,0.3653986374207115,-0.028060054689105406,NTES,-0.018000115900084712,0.03807015922510632,0.023911971108318584,-0.021814387670066073,-0.04058741938026268,0.532871664464244
2019-02-14,-0.07525295784246228,0.35902627844466906,0.35971115191076775,0.35324945297020455,0.35671851868091276,-0.7761111850253086,NTES,0.6966992227853853,-0.061143176972750575,-0.0665967738902671,-0.013004777273285547,0.006397569475700153,-0.8238927980170753
2019-02-15,-0.14601359736781333,0.338896729248564,0.3599344734241151,0.3365145384463434,0.3599344734241151,0.6370345857833916,NTES,1.4113985614708553,0.02265334103074003,0.0015730875604056684,-0.11788154874711089,-0.14179351985542946,1.5612422054120183
2019-02-19,-0.13544111631092368,0.3419042714044754,0.3553934417309757,0.34126403952268264,0.34988460775211905,1.0099781097793579,NTES,-0.7326994545855547,-0.07079174073020505,-0.03198724726880034,0.033455715704830816,0.021185272667843667,0.4132566663783891
2019-02-20,-0.11994941129884532,0.3463113215487881,0.35375567490521614,0.3417107109473319,0.3452244466403005,0.6602984709843005,NTES,-0.018000115900084712,-0.03282640066604173,-0.011536508873822127,0.0031463751573787666,0.03104347474718376,-0.3842429964003473
2019-02-21,-0.19159899211806225,0.32592868978313166,0.342440254395691,0.3220576226300345,0.3413980494694637,3.4918198782670213,NTES,0.6966992227853853,-0.026953327068188045,-0.07970637032449526,-0.13843730633959878,-0.14357624573772074,3.1265865647219164
2019-02-22,-0.17202536839554314,0.3314970458743964,0.33496611158510453,0.3282513300749899,0.3290404240337113,0.9327925061670399,NTES,1.4113985614708553,-0.08704771232181237,-0.05264822409536459,0.043628775340132146,0.03922377010517557,-2.822518107132142
2019-02-25,-0.1639652482112519,0.33378992511005057,0.3418149314399546,0.32859375260906204,0.33831607627508803,1.2027617786147968,NTES,-1.4473987932710248,0.06533814381268892,0.04824341889697433,0.0024120409210803715,0.01615115243066394,0.2996124668658714
2019-02-26,-0.16061513695555105,0.3347427900717571,0.33705054983551336,0.32792375967106535,0.3296657469894477,-0.12418137881379111,NTES,-0.7326994545855547,-0.060933338614298276,-0.033560534865773435,-0.004719462717784808,0.006712026958528386,-1.4627682453641537
2019-02-27,-0.1564808032038719,0.3359190049447654,0.33761632228088734,0.3323903887236948,0.33444500912199093,-0.4120043306017806,NTES,-0.018000115900084712,0.03366535402671569,0.003985328518053097,0.03146315146408761,0.008285314555500366,-0.3159768660451922
2019-02-28,-0.16904171729015527,0.3323457187414345,0.3363507674433583,0.3290404240337113,0.33504057102152324,0.009450705944918284,NTES,0.6966992227853853,0.004195166876505022,-0.00891462959428983,-0.023597313588924036,-0.025170401149330078,0.4667948269193125
2019-03-01,-0.19960669726111527,0.32365071947353374,0.3359934359832298,0.3161467872087889,0.3349959010392629,0.9636306795728958,NTES,1.4113985614708553,-0.0003146575193945451,-0.0025170601185896765,-0.09082340251798023,-0.061247996133693194,1.054719459773914
2019-03-04,-0.1913375846194029,0.326003120821596,0.32619668127873946,0.3175463235951447,0.3260626713319583,0.23523663053048396,NTES,-1.4473987932710248,-0.06292610289160853,-0.06900881481134746,0.009858402115906781,0.016570429074434793,-0.8021988965339502
2019-03-05,-0.1389479162673961,0.34090670806255413,0.34330380779083114,0.3250204664057311,0.3250204664057311,0.369409735875261,NTES,-0.7326994545855547,-0.007341341997317104,0.12050342802664318,0.05264822409536459,0.10498159063476796,0.1497454226751081
2019-03-06,-0.1241886864175891,0.3451053456195758,0.3486488423687483,0.3385989766967522,0.34126403952268264,-0.13842825424690589,NTES,-0.018000115900084712,0.11442051607033757,0.03765068254476916,0.09564768439670765,0.029575406384287024,-0.5587893413609043
2019-03-07,-0.16021907510466613,0.33416213709828113,0.34136826001530535,0.3330305922075332,0.3383309852011444,0.0359607146622331,NTES,0.6966992227853853,-0.020660576753430512,-0.051284774856843796,-0.03922397014174151,-0.07708449104496296,0.19412835873691447
2019-03-08,-0.1490481055301988,0.33733342185922316,0.34391425021846544,0.3260626713319583,0.32845977106023533,-0.22553256860379742,NTES,1.4113985614708553,-0.06953331068919394,0.01793407834952228,-0.04908237225764903,0.022338683511345856,-0.2869189796549512
2019-03-11,-0.11558783441721217,0.3468324240119017,0.35076304167536115,0.3408322770240898,0.3413384989591014,-0.22535222840844155,NTES,-1.4473987932710248,0.09071838332047091,0.048243218860407645,0.10403781811315138,0.06691143140966163,0.0018686446754571965
2019-03-12,-0.11674141046280749,0.34650488200593155,0.34986972722401705,0.3423658233572266,0.34772573846324584,-0.4343665148259101,NTES,-0.7326994545855547,0.04499202454208626,-0.006292550278190849,0.010802374674090042,-0.0023072217601377513,-0.22900223349358056
2019-03-13,-0.07410294290370288,0.3586093964741781,0.3619295717100033,0.342574264342472,0.3455073186640103,0.060306641035277324,NTES,-0.018000115900084712,-0.015626656552817843,0.08495012888355985,0.0014682683994630481,0.0852647864029544,0.5475996342784757
2019-03-14,-0.08611299827633609,0.3551998812738323,0.35661429818829005,0.348038399941114,0.35345789395544996,-0.5454560751651341,NTES,0.6966992227853853,0.0560042375746286,-0.03744104422288391,0.03848963590544386,-0.024016790269261203,-0.6668607955383073
2019-03-15,-0.06628820523731009,0.3608278162734137,0.3634035675327777,0.3580733850850081,0.3580733850850081,0.04786316755572139,NTES,1.4113985614708553,0.03251174314664681,0.04782394221663679,0.07068692156926244,0.03964344682207905,0.6564671949323237
2019-03-18,-0.060362189608911175,0.36251022468347927,0.36618773137943283,0.35658453713208604,0.3644308635329486,-0.5290451173877487,NTES,-1.4473987932710248,0.04478238622020139,0.019611785034304257,-0.010487517118128814,0.011850966356649987,-0.635016536480509
2019-03-19,-0.056113900438489274,0.36371622901064593,0.3662175208335913,0.3589816084624087,0.36477331446497513,-0.45420393631505723,NTES,-0.7326994545855547,0.0024122409576470562,0.00020983835845267006,0.01688508659382934,0.008495152913952664,0.08426566498751033
2019-03-20,-0.09434705627263436,0.35286236045387204,0.36178068123512025,0.3512692636103728,0.3583414049785703,-0.1595280571035442,NTES,-0.018000115900084712,-0.04530668206148081,-0.031253313105635686,-0.05432613081671325,-0.07645517600617387,0.3268791136841112
2019-03-21,-0.07850825462866219,0.35735875056270544,0.35969627138266574,0.3512841441384748,0.3521923675158753,-0.0816210927098027,NTES,0.6966992227853853,-0.043314117820737595,-0.014682683994634581,0.00010481916094262023,0.03167278978597285,0.0876491175124014
2019-03-22,-0.1187345174449227,0.34593910956055757,0.35631651723852387,0.3452095661121985,0.35466386988466225,-0.46899183233423963,NTES,1.4113985614708553,0.017409382435109123,-0.02380715194737596,-0.042789621942891126,-0.08044050452422696,-0.42583955979459637
2019-03-25,-0.11144437532926668,0.34800863888491,0.34973571727723596,0.34078760704182937,0.34468843525113046,-0.15321615026608829,NTES,-1.4473987932710248,-0.07026744488892601,-0.04635547378060706,-0.031148493944693066,0.014577864833691587,0.3501652281201262
2019-03-26,-0.1027908857184741,0.35046526072559503,0.3560931957251764,0.34876794338947303,0.34893174279041256,-0.5160606233221251,NTES,-0.7326994545855547,0.029890063903681943,0.04478238622020102,0.05621387589651347,0.01730456327416688,-0.3987719395954678
2019-03-27,-0.10357744519081312,0.35024193921224755,0.3548723108699077,0.34955706574614887,0.3516265950705013,-0.40695480513181587,NTES,-0.018000115900084712,0.01898267003208185,-0.008599972074895285,0.005558616115026195,-0.0015730875604064137,0.1220807226186458
2019-03-28,-0.09817569125938472,0.3517754855453844,0.3523858995750644,0.34595399008865957,0.350450380197493,-0.7746684634624615,NTES,0.6966992227853853,-0.00828531455550074,-0.01751440163261843,-0.025380239507782003,0.010802374674090415,-0.40414565831147126
2019-03-29,-0.07100856363264195,0.35948783039742027,0.35990471236791116,0.3538450148697369,0.35634630669268225,-0.1413136973726,NTES,1.4113985614708553,0.041531191901879635,0.052962881614759136,0.055584760894291436,0.05432613081671325,0.7006511043750189
2019-04-01,0.005352917953171811,0.3811657780568098,0.38308641690627915,0.3629866571643325,0.3645946629338881,0.4996153569222086,NTES,-1.4473987932710248,0.05810182101288111,0.1632930499695343,0.06439417125450528,0.1527005136538958,0.709010222377691
2019-04-02,0.017310558284567006,0.3845604127290536,0.38581105864052634,0.37629717595974577,0.37905157875019696,-0.09406456618935863,NTES,-0.7326994545855547,0.10183521547738919,0.019192508390533776,0.09375993931690706,0.023911971108318584,-0.6535260120578543
2019-04-03,0.06598020540831258,0.39837712506152423,0.40221840276046295,0.38508151519216727,0.3856323787114848,0.5744565379949002,NTES,-0.018000115900084712,0.046355473780606685,0.11557412695040682,0.06187731117248228,0.09732559111805668,0.7394612951017105
2019-04-04,0.07746577651479782,0.40163774978698696,0.40337973710536923,0.3968733681825457,0.3975284805924404,0.03217357055975956,NTES,0.6966992227853853,0.08379671804005803,0.008180495394557747,0.08306238380375927,0.022967998550134577,-0.5968034256111511
2019-04-05,0.12949221196956145,0.41640735547911834,0.4209632960983142,0.40209930173973824,0.40445173148575486,0.710433045293236,NTES,1.4113985614708553,0.048767714738254114,0.12385944150590719,0.0368117291840952,0.104037818113151,0.7502087325337174
2019-04-08,0.12451000093721598,0.4149929101667062,0.41535024162683476,0.403483957597992,0.41390603525821856,0.46300629726496434,NTES,-1.4473987932710248,0.06659657385370003,-0.03953862766113642,0.009753582954963787,-0.009963421313416085,-0.2713949033642746
2019-04-09,0.11396845699596184,0.41200030533480564,0.4181344338714443,0.40906722261531303,0.4138167236916523,-0.15538023261035888,NTES,-0.7326994545855547,-0.0006291150022220332,0.01961198507087094,0.0393287893026845,-0.021080053433767676,-0.6807926588760941
2019-04-10,0.09430135421900494,0.4064170403174846,0.41180674487766217,0.40056575540660133,0.4112558529603902,0.16490395434168953,NTES,-0.018000115900084712,-0.0180388975104649,-0.04457254786174909,-0.05988474693173908,-0.0393287893026845,0.3551408935979072
2019-04-11,0.09765769741166831,0.4073699052791911,0.4077569977955236,0.40349883812609394,0.4072656847865684,-0.7615036292014821,NTES,0.6966992227853853,-0.02810693794825692,-0.02852661466516077,0.020660776789997195,0.006712026958528014,-1.020730124318091
2019-04-12,0.10206300913662762,0.40862055119066376,0.4140549257331017,0.406670122887036,0.4100945470134382,-0.5108307576568045,NTES,1.4113985614708553,0.019926642590265487,0.044362909539863854,0.022338683511345856,0.008809610396780524,0.2783166186209688
2019-04-15,0.08155693184609371,0.4027990841318933,0.4085461201521994,0.3984366755718865,0.40739969473334947,-0.667366047225711,NTES,-1.4473987932710248,-0.01898267003208185,-0.03880429342483803,-0.057996801815371805,-0.04100669602403316,-0.17108548733220988
2019-04-16,0.05638279991687773,0.395652483327277,0.4062681498426015,0.3944018374158043,0.40556836745044644,-0.5184050458617516,NTES,-0.7326994545855547,-0.012899958112342926,-0.01604613323315501,-0.028421595467651467,-0.05034100233522684,0.16606560544222973
2019-04-17,0.0697038990279977,0.39943421051585337,0.4037817385477582,0.39667980772540223,0.3982431151147431,-0.3315726034730567,NTES,-0.018000115900084712,-0.05159943237623834,-0.01751440163261843,0.01604613323315501,0.0266386695487935,0.20786119545559
2019-04-18,0.05779856245325252,0.39605448476966587,0.400506204896239,0.3921238671062064,0.3997022304094156,-0.4772874813206103,NTES,0.6966992227853853,0.01027807883281063,-0.023073017747644253,-0.03209226646631002,-0.02380695191080928,-0.1591438901855355
2019-04-22,0.06844515904616053,0.39907690745367924,0.4002233328725292,0.3900990077641143,0.39142411311200576,-0.7894563594816439,NTES,-1.4473987932710248,-0.05831145933476635,-0.0019925642407432062,-0.014263207314297043,0.021290091828786287,-0.3428454596252095
2019-04-23,0.10043725258153435,0.40815899923791255,0.40876944166554685,0.3987344565216527,0.3990173285453624,-0.1849560246487237,NTES,-0.7326994545855547,0.053486977419471865,0.060199204414566936,0.06082851945335603,0.06397469457416849,0.6688068453172206
2019-04-24,0.1006470240310756,0.4082185497482749,0.40865034064482214,0.3981091335659164,0.40443682255969854,-0.5492432192676077,NTES,-0.018000115900084712,0.03817517842261637,-0.0008389533606743306,-0.004404805198390262,0.0004194766803367927,-0.4003641525483577
2019-04-25,0.12052378697298513,0.41386139367391267,0.4153055716445744,0.4041688310640907,0.4076527773029009,-0.11083620435745575,NTES,0.6966992227853853,0.02265334103074003,0.04687976962188685,0.04268480278194851,0.03974846601958835,0.48550332911576904
2019-04-26,0.1349991298372321,0.41797066286845924,0.42127595757618236,0.4097520960814117,0.41249161834376086,-0.19830119910505908,NTES,1.4113985614708553,0.03408503074361991,0.042055687779726104,0.0393287893026845,0.028945891308931625,-0.09485829221260517
2019-04-29,0.15031333593046772,0.42231816250240956,0.42420904029567497,0.4185066458596748,0.4195488791838564,-0.689006870668417,NTES,-1.4473987932710248,0.049711687296437754,0.020660776789997195,0.06166747281403036,0.030623998066846222,-0.5398818125453366
2019-04-30,0.1549285303895571,0.4236283589242446,0.4277823264990059,0.4189681978124261,0.42231816250240956,-0.22823767153413568,NTES,-0.7326994545855547,0.019506965873361638,0.025170401149330078,0.0032511943183217594,0.00922908707711769,0.5101826298855627
2019-05-01,0.15933439853745948,0.42487903323367165,0.4295391943454902,0.423092375933029,0.4263827901126501,-0.4511381529940072,NTES,-0.018000115900084712,0.028631433826103392,0.012375462234496457,0.029050910506440184,0.00880981043334721,-0.24432728316514601
2019-05-02,0.13326809806130777,0.41747934985950397,0.43056651874361546,0.4144718077035926,0.4196084296942188,0.07924236154764505,NTES,0.6966992227853853,-0.04771892301912786,0.007236522836374484,-0.060723700292413405,-0.05212372821751812,0.5870069048625012
2019-05-03,0.15970119254153856,0.42498325372629436,0.4313109427200765,0.4152460211342121,0.4168837879599716,0.06229038318419204,NTES,1.4113985614708553,-0.019192508390533776,0.0052437585590645935,0.00545359691751689,0.05285786241724983,-0.01703888414011055
2019-05-06,0.13861788208985262,0.4189979872665845,0.4202635137061591,0.40393060062468683,0.40515148547995555,0.1277538740983776,NTES,-1.4473987932710248,-0.0826429071234221,-0.07781862524469467,-0.07970637032449564,-0.04216050694066835,0.07391628079372588
2019-05-07,0.04814840806681361,0.39331496250731673,0.41490359860013987,0.3878210374545164,0.4137125031990296,1.7268303863189933,NTES,-0.7326994545855547,0.06030422361207624,-0.03775550170571178,-0.11347654351215394,-0.1809124707996624,1.766438649715706
2019-05-08,0.049407259333239605,0.39367229396744524,0.39532494132130686,0.3725154487711694,0.3933000819792148,0.5106161088389175,NTES,-0.018000115900084712,-0.1437860840961723,-0.137913010498319,-0.10781330827275218,0.0025170601185896765,-1.3405659012298528
2019-05-09,0.03503708040523489,0.38959278582910273,0.3911263321622396,0.3786942472900684,0.3840839802482004,0.12180264765163347,NTES,0.6966992227853853,-0.06491866713235211,-0.029575206347720342,0.04352375614262284,-0.02873625298704601,-0.4274317727474863
2019-05-10,0.049721972149846104,0.393761633931966,0.39545895126808794,0.3844561922364309,0.39023298931294104,0.4292826807334142,NTES,1.4113985614708553,0.043313917784170916,0.030519178905903978,0.04058741938026268,0.0293655680258351,0.3410100036410092
2019-05-13,-0.002199188084086641,0.37902181769399296,0.38268441546389026,0.3756867335321115,0.3780093738239697,0.6559703062957593,NTES,-1.4473987932710248,-0.08610373976362873,-0.08998444915730588,-0.06177249201153929,-0.10382797975469908,0.25184607827917393
2019-05-14,0.038708358983682,0.3906349907553299,0.39313631097622964,0.38019800416904687,0.3849475052453862,0.31675039883134315,NTES,-0.7326994545855547,0.048872533899196734,0.07362365840475633,0.0317776089469151,0.08180375372618108,-0.37269945249189546
2019-05-15,0.03697754977693487,0.3901436777463747,0.3974242600998177,0.38564728763754125,0.3893247943334949,-0.04717611539682902,NTES,-0.018000115900084712,0.030833836425298522,0.03020452138650943,0.03838501678106755,-0.0034608326402066274,-0.39996609931013527
2019-05-16,0.12650266278097694,0.4155586826120802,0.4198615406617246,0.40602991940319766,0.40943943460354354,1.4684028863740128,NTES,0.6966992227853853,0.14168850065792016,0.15804929141046972,0.14357624573772074,0.17902452568329477,1.6742893250672022
2019-05-17,0.06052592515105736,0.3968286982002853,0.40869501062708247,0.39325541199695435,0.40835255969505596,0.5044845421968175,NTES,1.4113985614708553,-0.007655999516711649,-0.078657578605369,-0.0899842491207392,-0.131934917702956,-1.0621276610932289
2019-05-20,0.013796524829834527,0.38356284938713237,0.3900841272360123,0.378470925776721,0.3900841272360123,0.38383695150373165,NTES,-1.4473987932710248,-0.1286837233846346,-0.13109596434228168,-0.10414263727409363,-0.09344528179751252,-0.13147919012907325
2019-05-21,0.0400195140067578,0.39100720274356043,0.3933447519614751,0.3847093032039367,0.3877614869441541,-0.007681612613890613,NTES,-0.7326994545855547,-0.016360790752549554,0.022967998550134948,0.04394343285952669,0.05243838573691267,-0.43041717203415486
2019-05-22,0.0303694709049073,0.3882676804812113,0.39105187272582087,0.3815528989710967,0.390054337781854,0.17157654156985722,NTES,-0.018000115900084712,0.016150952394098,-0.01615115243066394,-0.022233864350403237,-0.019297327551476395,0.19950207745291795
2019-05-23,0.02716992769760409,0.3873594855017652,0.3883868098998904,0.3766991774021347,0.3818357709948065,0.08248848506405095,NTES,0.6966992227853853,-0.05789198265442956,-0.018772831673630298,-0.03418984990456253,-0.006397369439133096,-0.09664953178460632
2019-05-24,0.005195338975691329,0.3811211080745494,0.3900841272360123,0.37866448623386445,0.38834213991763,0.23848275404688984,NTES,1.4113985614708553,0.045831177939327276,0.011955985554159292,0.013843730633959878,-0.04394343285952706,0.17382764358756805
2019-05-28,-0.02181409838898235,0.3734534332047739,0.38514106570252965,0.3731705327831097,0.3816719999918214,2.9149115933235517,NTES,-0.7326994545855547,-0.04698478881939615,-0.034819164943351244,-0.038699674300462096,-0.05401147329731871,2.9554236722862504
2019-05-29,-0.034348971881529355,0.36989502752954495,0.3750762911044771,0.3665003928573011,0.36961215550583515,-0.0017303861671464698,NTES,-0.018000115900084712,-0.08495012888355985,-0.0708967599277151,-0.04698478881939578,-0.02506558198838746,-3.2171878928297297
2019-05-30,-0.026460007394529788,0.3711010034587572,0.37616316601296473,0.3674086162347016,0.3691803646092879,-0.14329743952151472,NTES,0.6966992227853853,-0.0030415559964361463,0.007655999516712021,0.00639756947569978,0.008494952877385607,-0.15456627794597702
2019-05-31,-0.029826032346402773,0.37014813849705075,0.3776520423638412,0.36626219081585165,0.3670066147923127,-0.09785171029183218,NTES,1.4113985614708553,-0.015311999033423299,0.010487717154695498,-0.008075476197048815,-0.006712026958527641,0.051824326072378295
2019-06-03,-0.05059986035714717,0.36426709252996353,0.37358741475360063,0.3615424791936707,0.3715923448656669,0.1567886455506748,NTES,-1.4473987932710248,0.032302104824761944,-0.028631433826103017,-0.033245877346379266,-0.04142637274093701,0.28269520424141603
2019-06-04,-0.01772984270218067,0.37357253422549863,0.37404896670635185,0.36262935410215835,0.36909105304272155,-0.09749102990112041,NTES,-0.7326994545855547,-0.017619220793561048,0.0032511943183210143,0.007655999516712021,0.06554798217114084,-0.27895791489050165
2019-06-05,-0.045814066623709425,0.3656219589340589,0.3788282572368495,0.3620933427129884,0.3773095914318147,-0.13824791405154999,NTES,-0.018000115900084712,0.057891782617862875,0.03366555406328274,-0.0037756901961678566,-0.0560042375746286,-0.043310397862794156
2019-06-06,-0.009630550342696559,0.37586541346115293,0.3777860523106223,0.3636120085180232,0.36666419225824054,-0.4235461031045571,NTES,0.6966992227853853,-0.07498670757014414,-0.007341341997317104,0.010697555513147796,0.07215539000529292,-0.3131904933776348
2019-06-07,0.020925193007408284,0.3845157427467933,0.3877614869441541,0.3769522883696405,0.3779349427855053,-0.32471967604953317,NTES,1.4113985614708553,0.07939171280510034,0.07026744488892564,0.0939695776387923,0.06093333861429865,0.11073620532930516
2019-06-10,0.04501251964419884,0.391334773147485,0.3934936424363582,0.3833693173279433,0.3880741484220222,-0.14221539834937943,NTES,-1.4473987932710248,0.07142105576899489,0.04037758102181076,0.04520186290053819,0.04803358053852241,0.20308455659692026
2019-06-11,0.08161646910100336,0.4016973002973493,0.40256085369248945,0.3945507278906874,0.3987493370497547,-0.0028124273392817686,NTES,-0.7326994545855547,0.07519654592859569,0.06386987541322549,0.07876239776631162,0.07299414332940056,0.15551719462933403
2019-06-12,0.06967830357261619,0.3983175745511618,0.399940432450865,0.3953398218494088,0.397320039607195,-0.113541307287794,NTES,-0.018000115900084712,-0.010068040437792022,-0.018458374190802065,0.0055584160784591385,-0.02380695191080928,-0.12053272607795507
2019-06-13,0.0688891845547392,0.39809425303781437,0.4017568508077117,0.3968733681825457,0.3990173285453624,-0.36926370430243627,NTES,0.6966992227853853,0.011955785517592235,0.012794938914833623,0.010802374674090415,-0.0015730875604060412,-0.28055012784339156
2019-06-14,0.0613160457302321,0.39595026427704316,0.3981091335659164,0.3934340635280414,0.3948187193862952,0.3858206936526464,NTES,1.4113985614708553,-0.029575206347719967,-0.025694696990609864,-0.0242266286277135,-0.015102360711538058,0.8349940722751056
2019-06-17,0.04979842466222541,0.39268963955158037,0.40199508124711547,0.39012876882031833,0.40199508124711547,-0.4249888246674042,NTES,-1.4473987932710248,0.05055064065711208,0.02737280374852521,-0.02328265606952912,-0.022967998550134948,-0.8931540614677865
2019-06-18,0.06231527005141659,0.39623316469870734,0.40278417520583687,0.3948633893685556,0.3963373851913301,-0.5932462269344431,NTES,-0.7326994545855547,-0.03985308514396429,0.0055584160784591385,0.033350896543888196,0.02496076282744484,-0.18402221757444046
2019-06-19,0.029866019426008,0.387046824023897,0.39815380354817675,0.3843370628177518,0.3963373851913301,-0.02373189000056421,NTES,-0.018000115900084712,0.0,-0.0326165623075898,-0.07414795424603612,-0.0647090288104665,0.6301956812096401
2019-06-20,0.05763475153880953,0.39490805935081597,0.4020695122855798,0.39231742756334986,0.39464006785520817,-0.476205440148475,NTES,0.6966992227853853,-0.011955985554159292,0.02758244207041045,0.056214075933080525,0.05537492253583951,-0.4976881692937538
2019-06-21,0.042856380739760745,0.3907243307198507,0.3972753696249346,0.39002454832769556,0.3941040564660381,-0.27133897822419173,NTES,1.4113985614708553,-0.003775690196168229,-0.03377017318765868,-0.01615115243066431,-0.029470387186777348,0.22776385736671395
2019-06-24,0.04022639205699504,0.3899799067433896,0.3940742954098342,0.3888185723984833,0.39332984303541874,-0.8105561623382823,NTES,-1.4473987932710248,-0.005453596917516145,-0.02254852186979778,-0.00849495287738598,-0.005243758559064966,-0.5934199730862599
2019-06-25,0.0016766315682369725,0.3790664592782989,0.38710637453425933,0.3761929554671231,0.3867490430741308,-0.5335536222716458,NTES,-0.7326994545855547,-0.04635547378060706,-0.04908237225764866,-0.08893545740161257,-0.07687485272307772,0.3073745050112097
2019-06-26,0.011879202652566503,0.3819548720155312,0.386510812634727,0.3790962487324573,0.37952801123105023,-0.6417577394851757,NTES,-0.018000115900084712,-0.05086529817650626,-0.004195166876505022,0.0204509384315449,0.02034611927060265,-0.11774635341039771
2019-06-27,0.03717619276761492,0.38911635334824946,0.3899947872714916,0.38256531444316555,0.3848581936788198,-0.7494208361126379,NTES,0.6966992227853853,0.03754606342039285,0.024541286147107672,0.024436266949598367,0.05044582149616946,-0.117149273553064
2019-06-28,0.007830001611178913,0.3808084465966812,0.39157297518893436,0.37891759720137025,0.3910369921977188,-0.6549225737461551,NTES,1.4113985614708553,0.04352375614262284,0.011116832156917904,-0.025694696990609864,-0.058521297693218274,0.10595956647063541
2019-07-01,0.044328787131741154,0.3911412126903415,0.3949676098611783,0.38913123387635146,0.3927045200796824,-0.4478920294776013,NTES,-1.4473987932710248,0.011746147195707367,0.023911971108318955,0.07194535161027431,0.07278450500751532,0.23015217679604882
2019-07-02,0.03896420225291055,0.38962257528326105,0.39678402821802494,0.3878657074367768,0.39215365656036477,-0.5404065496951693,NTES,-0.7326994545855547,-0.0038803093205437927,0.012794938914833623,-0.008914429557723145,-0.010697355476581112,-0.10043103754771987
2019-07-03,0.05936978955992408,0.3953993723597712,0.395652483327277,0.38771681696189375,0.3914092041859494,-0.6861214275427229,NTES,-0.018000115900084712,-0.005243958595630905,-0.007970657036106193,-0.0010487917191258828,0.040692038504638615,-0.1591438901855355
2019-07-05,0.037965423070080516,0.3893396748615969,0.39638202677563605,0.3850517257380089,0.3916027646430928,-0.7115493950879025,NTES,1.4113985614708553,0.0013634492385204279,0.005138939398121973,-0.018773031710196984,-0.04268480278194851,-0.026393135238338805
2019-07-08,0.01845333972506614,0.3838159603546382,0.38843147988215077,0.3823419929298181,0.3875679264870106,-0.6716942119142523,NTES,-1.4473987932710248,-0.028421595467651467,-0.056004037538061914,-0.01908748919302447,-0.038909312622347335,0.04565450087992987
2019-07-09,0.01719126120557048,0.38345862889450966,0.3849177441891822,0.37829227424563383,0.37890268827531387,-0.817048409371094,NTES,-0.7326994545855547,-0.061038357811807956,-0.024750924468992914,-0.028526414628594458,-0.0025170601185896765,-0.15874583694731303
2019-07-10,0.04385549377635663,0.39100720274356043,0.39395516599115504,0.38582593916862834,0.38917590385861184,-0.6780061187517081,NTES,-0.018000115900084712,0.07236502832717816,0.06366003705477356,0.05306750073913582,0.05317251993664438,0.15511914139111155
2019-07-11,0.047905028671510065,0.39215365656036477,0.39306185153981094,0.38712125506236134,0.3929129610649279,-0.7862102359652381,NTES,0.6966992227853853,0.026324012029399328,-0.006292550278190849,0.009124267916174697,0.008075676233615499,-0.11774635341039771
2019-07-12,0.029392726070623265,0.3869128140771159,0.3976773426693691,0.38612372011839446,0.3942380664128192,-0.7054178284458024,NTES,1.4113985614708553,0.009334106274626622,0.03251174314664718,-0.007026684477922559,-0.03691674838160413,0.09083354341818123
2019-07-15,0.010301743608932438,0.3815082289888363,0.3904414586961409,0.38126999854943255,0.38884836185264166,-0.6253467817077903,NTES,-1.4473987932710248,-0.0379653400641637,-0.050969917300882565,-0.034189849904562156,-0.03807015922510632,0.09003743694173627
2019-07-16,0.026815708852038853,0.3861832706287569,0.3882081299708489,0.38177622048444415,0.3829673158855545,-0.8031622143286911,NTES,-0.7326994545855547,-0.04142637274093664,-0.015731675750327148,0.003565851837715932,0.03293121982698472,-0.19457062838733613
2019-07-17,-0.009525608975631521,0.3758951745173569,0.3829971053397128,0.37302167070618103,0.38274399437220696,-0.6062307210000667,NTES,-0.018000115900084712,-0.0015730875604064137,-0.03670670998658552,-0.06166747281403073,-0.07246984748812114,0.21900668612581942
2019-07-18,-0.03308667079285605,0.3692250345915483,0.3750614105763751,0.36888258365952165,0.37498697953791077,-0.18243126191374137,NTES,0.6966992227853853,-0.0546407883361078,-0.05589941841368598,-0.029155929703950232,-0.04698478881939578,0.46938217296775864
2019-07-19,-0.05522785254392741,0.3629568961081285,0.37593984449961726,0.3624357936450149,0.37339388269441154,-0.19956358047255027,NTES,1.4113985614708553,-0.01122185135442758,0.006187731117248229,-0.04541150122242305,-0.044153071181412304,-0.017237910759221788
2019-07-22,-0.05954035292198083,0.3617360112528598,0.3665301823114595,0.36000893286053387,0.36627707134395365,-0.6230023591681638,NTES,-1.4473987932710248,-0.05013116397677492,-0.06628211637087217,-0.017094924952281265,-0.008599972074895285,-0.46564488361684425
2019-07-23,-0.04849602520935867,0.3648626544294959,0.3676617272022074,0.3619444522381053,0.3619444522381053,-0.6819736030495376,NTES,-0.7326994545855547,-0.030519178905903978,0.007970657036105822,0.013633892275507953,0.022024226028517998,-0.06341208639302934
2019-07-24,-0.047969982958970085,0.365011544904379,0.36859971163581196,0.36334398862446105,0.3651306459251037,-0.7391414449773526,NTES,-0.018000115900084712,0.02244370270885516,0.006607207797585766,0.009858402115906781,0.0010487917191262556,-0.061421820201916943
2019-07-25,-0.07468718699393773,0.3574480621292718,0.3654879773852322,0.35034615970487026,0.3654879773852322,-0.4040693620061217,NTES,0.6966992227853853,0.0025170601185896765,-0.021919206831009064,-0.09155733668114524,-0.05327753913415369,0.37146107636502884
2019-07-26,-0.0805770351310366,0.35578053424730827,0.3621678021494071,0.35417255687570703,0.3618551406715389,-0.44951509123580424,NTES,1.4113985614708553,-0.025589877829667245,-0.02338747523047211,0.026953327068188045,-0.011746147195707367,-0.04848508995968638
2019-07-29,-0.12338699224119828,0.34366113925095965,0.35549766222359847,0.3429762373869066,0.3548872197959641,0.2887976685511812,NTES,-1.4473987932710248,-0.04908237225764866,-0.04698478881939615,-0.07886741696382092,-0.08536960556389701,0.8164845966977602
2019-07-30,-0.11307914593603807,0.3465793130443959,0.3519392565483695,0.3382118557824653,0.34318467837215194,-0.3036198731928948,NTES,-0.7326994545855547,-0.08243326880153723,-0.02506558198838746,-0.033560534865773435,0.020555757592487893,-0.6521328257240756
2019-07-31,-0.12338699224119828,0.34366113925095965,0.3486637228968503,0.33657411735466014,0.34637087205915046,-0.3687226837163686,NTES,-0.018000115900084712,0.022443702708855536,-0.023073017747644253,-0.011536308837255442,-0.020555757592487893,-0.07017899144281148
2019-08-01,-0.15431142143338866,0.3349065610747421,0.3513139335926332,0.3305590614407918,0.346147550545803,-0.0890150407193939,NTES,0.6966992227853853,-0.0015730875604060412,0.01866821254925399,-0.04237034529912065,-0.06166767285059742,0.3103599042978783
2019-08-02,-0.18186960310452863,0.3271048762581855,0.3346088085229304,0.32056874627915805,0.33012729894219894,0.2947488949979254,NTES,1.4113985614708553,-0.11284742850993153,-0.11767171038865896,-0.07037226404986827,-0.05495544585550235,0.42519826352506346
2019-08-05,-0.22299604695810527,0.3154619137426903,0.3204347363323769,0.31118884514720413,0.3166976791260609,0.463547317851032,NTES,-1.4473987932710248,-0.0945988926775814,-0.09984285127321267,-0.06607247804898768,-0.08201359208463227,0.18795853354446607
2019-08-06,-0.218841793265064,0.3166381286156986,0.32399314200760587,0.3158936762412832,0.32214693419660084,0.2994377400771783,NTES,-0.7326994545855547,0.038384816744500866,0.02506558198838746,0.03314105818543702,0.00828531455550074,-0.17944460533488193
2019-08-07,-0.20201200235946495,0.3214025102201398,0.32362093001937536,0.3118737470112573,0.3141517173208552,0.037042755834368404,NTES,-0.018000115900084712,-0.05631869505745646,-0.0026218792795322968,-0.028316576270142533,0.03356053486577307,-0.28791411275050743
2019-08-08,-0.0855209642648979,0.3543809978609525,0.3647286444827148,0.3381969752543633,0.342440254395691,2.3183462270862902,NTES,0.6966992227853853,0.1992658257929548,0.28956473243308856,0.18542209515899494,0.23230206481744844,2.519356349813525
2019-08-09,-0.05985606729988488,0.3616466996862935,0.36642596181883674,0.35039082968713064,0.3508523816398819,0.995911574541599,NTES,1.4113985614708553,0.05925543189294999,0.011955985554159292,0.08589410144174349,0.05117995569590117,-1.4577925798863727
2019-08-12,-0.10066724191391192,0.35009304873736447,0.3558252042295686,0.349899488280221,0.35266879999672857,0.04317432247646843,NTES,-1.4473987932710248,0.012794938914833623,-0.0746722500873159,-0.0034610326767733116,-0.0813844770824106,-1.049788010708332
2019-08-13,0.03454676050779209,0.388371900973834,0.38978634628624614,0.350450380197493,0.35064394065463644,2.0570332840156156,NTES,-0.7326994545855547,-0.014263207314297043,0.2392239301344284,0.003880509357110477,0.26963808984282306,2.2241998736715565
2019-08-14,0.04127825398859498,0.3902776592952014,0.3941636353743549,0.37640139645236853,0.3766842684760782,1.48517452454211,NTES,-0.018000115900084712,0.18342933088168467,0.030833836425298522,0.18280021587946263,0.013424253953622713,-0.6294437911453943
2019-08-15,0.002307837754867831,0.37924513920734043,0.3904265497700845,0.3724707787889091,0.3904265497700845,0.4339715258126672,NTES,0.6966992227853853,0.09680129527677689,-0.02632421206596564,-0.02768746126791938,-0.077713606047185,-1.1584565447430686
2019-08-16,0.022082218875250498,0.3848432847527634,0.386481051578523,0.3753591915261413,0.38356284938713237,-0.12021389451596168,NTES,1.4113985614708553,-0.04834823805791695,-0.027792280428862375,0.02034611927060228,0.03943360846362675,-0.6099391824724929
2019-08-19,0.04190957145981446,0.39045633922424283,0.3913943236578474,0.38316087634269785,0.3902478982389974,-0.31804708882136545,NTES,-1.4473987932710248,0.04708980801690545,0.034609326584899694,0.05495544585550235,0.03953862766113642,-0.21666258310868372
2019-08-20,-0.027196154948225686,0.3708925624735118,0.38345862889450966,0.3705948099217,0.37739893139633535,0.04046921954613018,NTES,-0.7326994545855547,-0.09050874499858567,-0.05589941841368598,-0.08851598072127578,-0.13780819133737637,0.39733453684948994
2019-08-21,-0.004844645324669991,0.3772202798652483,0.3820144509238479,0.37376609468264205,0.37586541346115293,-0.37521493074918044,NTES,-0.018000115900084712,-0.010802174637523731,-0.010172859598735014,0.022338683511345856,0.04457274789831578,-0.45708673899506097
2019-08-22,-0.03235809059118626,0.3679148381697132,0.37744360137859573,0.3672597257598185,0.37744360137859573,-0.3860353424705334,NTES,0.6966992227853853,0.011116832156918277,-0.03219728566381895,-0.045831177939327276,-0.06554798217114084,-0.010271979090328408
2019-08-23,-0.03172421357442861,0.3680934897008003,0.37029702897193384,0.36313554763921563,0.36596440986608547,-0.2965866055740154,NTES,1.4113985614708553,-0.08085998120456414,-0.050340802298660156,-0.029050910506440184,0.001258430041011496,0.10038682113552072
2019-08-26,-0.022746774526174386,0.370624570977904,0.37279832079487923,0.3659792903941875,0.37178590532281036,0.28987970972331656,NTES,-1.4473987932710248,0.041006896060599846,0.017619220793561423,0.020031461751207732,0.017829059152012976,0.6489041834060966
2019-08-27,0.01744064996865909,0.3819548720155312,0.38302686639591677,0.3741383066708726,0.37473386857040497,0.16454327395097776,NTES,-0.7326994545855547,0.020765595950939818,0.07205037080778323,0.05747250597409202,0.07981118948543788,-0.13665388222596547
2019-08-28,-0.014508599000097308,0.3729472112697623,0.3811508975287078,0.3717114458863916,0.37966202117783127,-0.41254535118784824,NTES,-0.018000115900084712,0.03471414574584231,-0.013214415595170788,-0.017094924952281265,-0.06345039873288795,-0.6352155630996202
2019-08-29,0.002337216886262497,0.3776967123461016,0.3811508975287078,0.3743914176383784,0.3778456028209846,-0.28215938994554474,NTES,0.6966992227853853,-0.012794938914833623,0.0,0.018877850871139232,0.033455715704830816,0.14556586367377206
2019-08-30,0.009308083517178746,0.37966202117783127,0.3808382360508396,0.3752103010512582,0.37943869966448385,0.2080052610317456,NTES,1.4113985614708553,0.01122185135442758,-0.002202402599195131,0.005768254436911063,0.013843730633959505,0.5426239688006947
2019-09-03,0.027421542152465228,0.3847688537142991,0.3866150331273498,0.37276855973867523,0.3779944932958677,0.10214556635784221,NTES,-0.7326994545855547,-0.010173059635301325,0.04069203850463899,-0.017199744113223885,0.0359727758234205,-0.1151590073619516
2019-09-04,0.07996634122100293,0.39958310099073646,0.40876944166554685,0.39032232927746174,0.3905754402449676,0.5796864036602207,NTES,-0.018000115900084712,0.08862079988221877,0.15605672716972613,0.12364960314745527,0.10435227559597887,0.528692105462908
2019-09-05,0.09411895877826305,0.4035732975625127,0.407206134276206,0.39979154197598193,0.4033350671231089,-0.14654356303792063,NTES,0.6966992227853853,0.08987942995979621,-0.011012012995975656,0.0667015930512097,0.028107137984823605,-0.7998105771046152
2019-09-06,0.1350458693644509,0.41511203958538534,0.4202039631957967,0.4044219420315965,0.40497283394886846,0.8743622828717338,NTES,1.4113985614708553,0.011536508873822127,0.09155733668114524,0.03261676234415649,0.0812794578849013,1.1283593088450725
2019-09-09,0.14312557563633857,0.4173900098949832,0.420084862175072,0.41441225719323027,0.41539491160909514,-0.304882254560386,NTES,-1.4473987932710248,0.07341362000973772,-0.0008389533606743306,0.07037226404986827,0.01604613323315501,-1.2997654443120488
2019-09-10,0.10288529096191243,0.40604479993129966,0.41685399850581323,0.4018461907722324,0.4141591462257244,-0.034912982112628964,NTES,-0.7326994545855547,-0.008704791235837905,-0.022758360228249706,-0.08851598072127578,-0.07991620868294719,0.2996124668658714
2019-09-11,0.11851665813270408,0.4104518784735668,0.4134742727596257,0.4026352847309538,0.40671479286929635,-0.3802644562191451,NTES,-0.018000115900084712,-0.05243838573691267,-0.02380695191080928,0.0055584160784591385,0.031043674783750447,-0.37946635754167757
2019-09-12,0.10721548558955582,0.4072656847865684,0.4142186967360868,0.40589590945641657,0.4128638303319914,-0.6450038630015815,NTES,0.6966992227853853,0.043314117820737595,0.0052437585590645935,0.022967998550134948,-0.02244370270885516,-0.29050145879895356
2019-09-13,0.11635150517658807,0.40984143604593243,0.4143378261547659,0.40555348692234444,0.40798034770682545,-0.40479072278754524,NTES,1.4113985614708553,-0.03439948822644777,0.0008391533972410151,-0.0024120409210803715,0.01814371667140752,0.2667730747125169
2019-09-16,0.09052791638820819,0.40256085369248945,0.4085758812084034,0.4008486558282655,0.4052110359903179,-0.4747627185856279,NTES,-1.4473987932710248,-0.01950716590992832,-0.04058741938026268,-0.03314105818543627,-0.051284774856843796,-0.07555271015881494
2019-09-17,0.08936655042140995,0.4022333116865193,0.4048983745124497,0.39563760279917504,0.4033201865950069,-0.2513212165396887,NTES,-0.7326994545855547,-0.013319234756113407,-0.02590453534906179,-0.03670691002315183,-0.0023072217601377513,0.24826359913517163
2019-09-18,0.08862684176087854,0.40202487070127385,0.40486861345624575,0.3966649271973003,0.40364772860097703,-0.5102897370707369,NTES,-0.018000115900084712,0.0023072217601377513,-0.00020963832188524047,0.007236522836374484,-0.001468268399463421,-0.2841326069873939
2019-09-19,0.09501658027004099,0.4038263801320641,0.40993077601045314,0.4007295548075408,0.40122086781649613,-0.20605582750536205,NTES,0.6966992227853853,-0.01709492495228089,0.03565811830402558,0.028631433826103017,0.012689919717324317,0.33742752449700686
2019-09-20,0.08556395602839577,0.4011613173061337,0.4082185497482749,0.39906199852762286,0.4022333116865193,-0.2630433292378211,NTES,1.4113985614708553,0.007131703675431491,-0.012061004751668223,-0.011746347232274051,-0.018772831673629926,-0.061222793582805704
2019-09-23,0.07109439996275682,0.3970818091677911,0.3996724409552572,0.39505694982569906,0.3977518021057878,-0.33770417011515674,NTES,-1.4473987932710248,-0.03156797062503023,-0.060199204414566936,-0.028211757109199542,-0.02873625298704601,-0.08072740225570717
2019-09-24,0.052083097266515166,0.3917218656638175,0.4006550953711221,0.3879996889856035,0.4006550953711221,-0.6780061187517081,NTES,-0.7326994545855547,0.02045093843154527,0.006921865316979939,-0.049711687296437754,-0.037755701742278464,-0.37389361220656286
2019-09-25,0.0638069286772276,0.3950271603715407,0.39678402821802494,0.38551327769076016,0.3885357003747735,-0.23400855778552393,NTES,-0.018000115900084712,-0.08536960556389701,-0.02726798458758259,-0.01751440163261843,0.023282656069529492,0.49167315430821745
2019-09-26,0.1062120324540039,0.40698278436490415,0.4100945470134382,0.3945507278906874,0.3959055942947828,-0.3952326924336834,NTES,0.6966992227853853,0.0519138898590662,0.09375993931690706,0.06366023709134025,0.08421599468382814,-0.1762601794291021
2019-09-27,0.03935625785860528,0.3881336989323846,0.4137571731812899,0.38055533562917543,0.40698278436490415,1.565606251670834,NTES,1.4113985614708553,0.07802826356657991,0.02579971618811917,-0.0985842211956345,-0.13277387106363034,2.1656860476528523
2019-09-30,0.06834823016947585,0.3963075957371718,0.4104369695475104,0.3915878841149908,0.3921238671062064,0.7923074939848069,NTES,-1.4473987932710248,-0.10466693311537341,-0.023387675267038797,0.07771380608375206,0.05757732513503502,-0.8517565246926487
2019-10-01,0.050234882818777984,0.3912007632007039,0.39842179504378455,0.3801831236409449,0.39609915475192625,-0.09406456618935863,NTES,-0.7326994545855547,0.0280021187873143,-0.08463547136416531,-0.08033568536328435,-0.035972775823420865,-0.9765462148753958
2019-10-02,0.03650447899072737,0.38732969604760686,0.39301718155755055,0.38292264590329406,0.3900841272360123,-0.3129975633514007,NTES,-0.018000115900084712,-0.04237014526255396,-0.03807035926167301,0.019297327551476395,-0.027267984587582218,-0.23994869754469875
2019-10-03,0.051396693923930696,0.39152833360462846,0.3951016198079594,0.38613860064649647,0.3893099138053929,-0.193792694221162,NTES,0.6966992227853853,-0.005453596917516518,0.014682884031200893,0.022653341030740404,0.029575406384286653,0.1332262132888752
2019-10-04,0.05488201595480041,0.39251098802049333,0.3955482628346543,0.3901138882922163,0.3921238671062064,-0.37810037387487455,NTES,1.4113985614708553,0.019821623392756182,0.0031461751208120823,0.0280021187873143,0.006921865316979939,-0.20173558667534075
2019-10-07,0.05889560592783062,0.3936425045132869,0.39669468825350424,0.3903521187316201,0.39230254703524786,-0.37936275524236573,NTES,-1.4473987932710248,0.0012586300775781804,0.008075476197048815,0.0016781067579153457,0.00797045699953951,0.00027643172256728096
2019-10-08,0.007407120174437505,0.37912603818661567,0.3899054473069709,0.37659495690951195,0.3882230388969053,0.0990797830367922,NTES,-0.7326994545855547,-0.02873625298704601,-0.04782374218007011,-0.09690611443771914,-0.10225469215772635,0.5296872385584642
2019-10-09,0.016754135341486,0.3817613399563421,0.3846943942778803,0.37781581336682624,0.3807340155582169,-0.5557354663004194,NTES,-0.018000115900084712,-0.05275304325630721,-0.03670691002315258,0.0085997720383286,0.018563193351744684,-0.7209960359365645
2019-10-10,0.03022023827157303,0.3855579476730205,0.38902701338372875,0.38028734413356763,0.3831459674166415,-0.3753952709445363,NTES,0.6966992227853853,0.01698990575477196,0.030519178905903978,0.01740958247167581,0.02674348870973612,0.2006962371675854
2019-10-11,0.08213138289253052,0.4001935434183708,0.40824833920243325,0.3900841272360123,0.39288320000872384,0.10214556635784221,NTES,1.4113985614708553,0.06858953816757699,0.13539595037972932,0.06900901484791415,0.10309384555496737,0.528692105462908
2019-10-14,0.12332237180750433,0.41180674487766217,0.41600535403672945,0.3952951518671484,0.39669468825350424,0.07202875373340972,NTES,-1.4473987932710248,0.02684830787067874,0.0546407883361078,0.03670670998658515,0.08180395376274777,-0.03156782733523103
2019-10-15,0.17454655666293406,0.42624878016586903,0.42730589401815267,0.41278939929352704,0.41304251026103284,0.7578625166718332,NTES,-0.7326994545855547,0.11515485030663597,0.07960155116355264,0.12323032650368515,0.10173039631644656,0.7585678505363895
2019-10-16,0.2193284766833743,0.43887439709722925,0.4392168480292558,0.42163328903631087,0.4232859363901724,1.165611698371485,NTES,-0.018000115900084712,0.07215518996872623,0.0839013371644336,0.062296787852819446,0.08893545740161295,0.4516688038668583
2019-10-17,0.1880656310572024,0.4300602968086038,0.4392168480292558,0.42657632217183916,0.43783219217100205,-0.08324415446800564,NTES,0.6966992227853853,0.10246453051617828,0.0,0.034818964906784565,-0.06208694949436752,-1.376589719288987
2019-10-18,0.1731737499777651,0.4258616876495365,0.4337229229764555,0.42410481980305226,0.4302389483396909,-0.17179119038774426,NTES,1.4113985614708553,-0.053487177456038926,-0.03869947426389541,-0.017409382435108752,-0.029575206347720342,-0.0960524519272726
2019-10-21,0.14861758136913467,0.41893843675622205,0.4332613710237042,0.41834287485668975,0.43193626567581284,-0.35880397297179506,NTES,-1.4473987932710248,0.011955985554159292,-0.003251194318321387,-0.04058741938026268,-0.048767714738254114,-0.20472098596200936
2019-10-22,0.11101796869798138,0.40833767916695396,0.4246110133401095,0.40631281982486184,0.4216928395466733,0.031271869582980144,NTES,-0.7326994545855547,-0.07215518996872586,-0.060933538650865336,-0.08474029052510793,-0.0746722500873159,0.4321641951939569
2019-10-23,0.09300978528352599,0.40326060768669014,0.4092309936182981,0.400476443840035,0.40591081838247295,0.23956479521902516,NTES,-0.018000115900084712,-0.11116932175201656,-0.10833760411403197,-0.041111715221542465,-0.03576313750153525,0.2315453631298275
2019-10-24,0.15653892967142174,0.4211717370835596,0.4258021371391742,0.40608946991356004,0.4070572438013229,0.025681323526947766,NTES,0.6966992227853853,0.008075476197048815,0.11672793786704201,0.039538427624569744,0.12616686330261162,-0.23437595220958404
2019-10-25,0.1474559928331592,0.41861086635229755,0.42551923671750996,0.41658600701020543,0.4211717370835596,-0.16674166491777953,NTES,1.4113985614708553,0.09942317455630882,-0.001992764277309891,0.0739381158875842,-0.018038897510464526,-0.21069178453534654
2019-10-28,0.16071087761405276,0.42234795195656794,0.4284671999651046,0.417494230387606,0.420099742703174,-0.6242647405356551,NTES,-1.4473987932710248,-0.007551180355769029,0.020765595950939818,0.0063975694757005255,0.026324212065965268,-0.5032609146288685
2019-10-29,0.15880946913295704,0.42181194056739796,0.42367302890650493,0.4165115759717411,0.42155882959989216,-0.6536601923786639,NTES,-0.7326994545855547,0.010277878796243946,-0.03377037322422536,-0.006921865316980311,-0.0037756901961678566,-0.030771720858786072
2019-10-30,0.17375476681493007,0.4260254586525216,0.4267698826289827,0.41868532578871626,0.4230179448945646,-0.7070408902040054,NTES,-0.018000115900084712,0.01027807883281063,0.021814387670066444,0.015311999033423299,0.029680225545229647,-0.057242261200580916
2019-10-31,0.17227601720139854,0.4256085766820307,0.4287798614429728,0.4209037455879518,0.426085009162884,-0.5202084478153104,NTES,0.6966992227853853,0.02160454931161452,0.014158388153354422,0.015626656552817843,-0.002936536798926842,0.20786119545559
2019-11-01,0.19170953362684992,0.43108762120672905,0.43617954481714044,0.42487903323367165,0.4287947419710747,-0.4309400511141483,NTES,1.4113985614708553,0.019087489193023725,0.05212372821751775,0.0280021187873143,0.03859465510295279,0.10018779451640948
2019-11-04,0.28771619492566297,0.45815527342629614,0.4604183632077921,0.44402589961595745,0.44402589961595745,0.6465926161372534,NTES,-1.4473987932710248,0.10728901243147314,0.1707394111643611,0.1348714545018832,0.19066585371805952,1.1908536672460017
2019-11-05,0.2154734672491221,0.4377875221887417,0.46007591227576544,0.43644753631274824,0.4593166077712025,0.23072812564658687,NTES,-0.7326994545855547,0.10770848911180919,-0.0024122409576478013,-0.053382358295096674,-0.14347142657677814,-0.4572857656141722
2019-11-06,0.24330396230860563,0.44563387698755863,0.4511724720226193,0.43576266284664955,0.43835329463411565,-0.22048304313383268,NTES,-0.018000115900084712,-0.14766659345328315,-0.06271626453315624,-0.004824281878727428,0.05527010337489689,-0.49629498295997515
2019-11-07,0.24763426822083762,0.4468547618428273,0.4525422473527711,0.44421946007310087,0.4491774021346856,-0.5806224132595313,NTES,0.6966992227853853,0.07624553768428863,0.00964876379402154,0.05957008941234453,0.008599972074895285,-0.39578654030879923
2019-11-08,0.24187785030548953,0.44523187554516974,0.4459167774092228,0.4401846219170187,0.44442790105834634,-0.9367942990874004,NTES,1.4113985614708553,-0.033455715704830816,-0.046670131300001604,-0.028421595467651467,-0.011431689712879506,-0.39140795468835193
2019-11-11,0.22196914868664736,0.4396188494716447,0.4426859137399641,0.43577754337475155,0.4426859137399641,-0.8026211937426234,NTES,-1.4473987932710248,-0.012270643073553463,-0.022758360228249334,-0.031043674783750447,-0.039538427624569744,0.1497454226751081
2019-11-12,0.2283587759112212,0.44142038730038935,0.44441302053024434,0.4377279716783793,0.44371323813808927,-0.7158775597764436,NTES,-0.7326994545855547,0.007236522836374111,0.012165823912610844,0.013738911473017257,0.012690119753891001,0.09740142184885213
2019-11-13,0.22059578557853513,0.4392317285573578,0.44179259928861986,0.4319660551299712,0.4331124805488211,-0.5066829331636192,NTES,-0.018000115900084712,-0.0746722500873159,-0.018458374190802065,-0.040587219343695996,-0.015417018230932602,0.2325404962253837
2019-11-14,0.19244868586443845,0.43129606219197447,0.4401995024451207,0.42763343602412285,0.4401995024451207,-0.5544730849329282,NTES,0.6966992227853853,0.04992132561832299,-0.01122185135442758,-0.030519178905903603,-0.055899218377119295,-0.051072436008132494
2019-11-15,0.2006343350646887,0.4336037935577764,0.4387850855306629,0.43241269815666605,0.43437800698839574,-0.8704291071964355,NTES,1.4113985614708553,-0.04100689606060022,-0.0099632212768494,0.03366535402671569,0.01625577155504025,-0.34702501862654556
2019-11-18,0.1954061850915015,0.43212982613295625,0.43553934133330213,0.4287947419710747,0.43230847766404334,-0.7710616595553439,NTES,-1.4473987932710248,-0.014577864833691216,-0.02286317938919233,-0.025485058668724997,-0.010382697957186566,0.11133328518663888
2019-11-19,0.18621719404028816,0.4295391943454902,0.43555422186140413,0.42556390669977034,0.4349140183775658,-0.41290603157856,NTES,-0.7326994545855547,0.018353555029859445,0.00010481916094262023,-0.02275816019168265,-0.01824853583235014,0.3969364836112675
2019-11-20,0.1825737366089949,0.42851186994736495,0.43092385020374396,0.42218418095358284,0.4243281413163997,-0.2890123173690683,NTES,-0.018000115900084712,-0.07456743092637329,-0.0326165623075898,-0.02380695191080928,-0.007236522836374484,0.13840090538576744
2019-11-21,0.21732179298144771,0.43830862465185527,0.454835098190471,0.429792305312996,0.4392168480292558,1.2593885999565442,NTES,0.6966992227853853,0.10487677147382533,0.16843198936765666,0.053591996616981545,0.06900881481134746,1.7105121697454477
2019-11-22,0.3018688124829231,0.4621454699980723,0.46418520986826645,0.44424922112930487,0.44424922112930487,0.9661554423078782,NTES,1.4113985614708553,0.03544827994557402,0.065862639690535,0.10183521547738919,0.1679078935629432,-0.32194766461852936
2019-11-25,0.2711866498401503,0.4534951123144776,0.4541204352702139,0.4451425639786034,0.45410555474211195,1.0299958714638608,NTES,-1.4473987932710248,0.06942849152825131,-0.07089675992771473,0.006292750314757533,-0.060933538650865336,0.07212504122172472
2019-11-26,0.3235732022236758,0.468264718006609,0.4704533483516862,0.4495496141229161,0.45203602541775945,0.903216714128675,NTES,-0.7326994545855547,-0.014577864833691587,0.11504983110912666,0.03104347474718376,0.104037818113151,-0.1382460951788554
2019-11-27,0.3485519184152818,0.4753070699206482,0.4764386148113961,0.4548499787185729,0.4647361017855384,0.4837454197308909,NTES,-0.018000115900084712,0.08945995327945942,0.042160506940668724,0.03733602502537424,0.04960666809892882,-0.461266297996397
2019-11-29,0.3278506479563152,0.4694706939358213,0.47505395895314234,0.46422987985052677,0.4660909681896338,0.08699698994794802,NTES,1.4113985614708553,0.009543744596512235,-0.00975358295496416,0.06607247804898768,-0.04111171522154284,-0.4361889439883808
2019-12-02,0.31966555517900797,0.46716296257001944,0.47195710523066464,0.46518274481223326,0.4703937978413238,-0.26610911255887115,NTES,-1.4473987932710248,0.030309340547452053,-0.021814387670066073,0.006712026958527641,-0.01625577155504025,-0.3880245021634609
2019-12-03,0.33841233440810903,0.4724484466375743,0.4733268805608165,0.45520731017870153,0.4591677172963194,-0.37828071407023045,NTES,-0.7326994545855547,-0.07907705528570617,0.009648763794021912,-0.07026744488892527,0.03723120586443199,-0.12212493903084498
2019-12-04,0.3435349865912881,0.47389265300619043,0.48388296816782417,0.4714509116936074,0.48142631792918483,-0.19577643637007672,NTES,-0.018000115900084712,0.15679066133289155,0.07435759256792099,0.11442071610690425,0.010173059635301325,0.20308455659692026
2019-12-05,0.36246950292138463,0.46780316605385774,0.4778232422716955,0.4658974077324904,0.4692920424047342,-0.1699877884341854,NTES,0.6966992227853853,-0.08547442472483964,-0.04268500281851519,-0.03911915098079926,-0.04289464114040043,0.030130424589253198
2019-12-06,0.33796263338551114,0.4610585666916304,0.4712126812542036,0.45959947979491217,0.4712126812542036,-0.5719660838824489,NTES,1.4113985614708553,0.013529073114565332,-0.0465651121024923,-0.04436290953986423,-0.04750928469724225,-0.4419607159426068
2019-12-09,0.3291447764373327,0.45863173430510373,0.463410996437647,0.45750018941435583,0.4600610317476635,-0.47945156366488084,NTES,-1.4473987932710248,-0.07855275944442638,-0.05495544585550235,-0.014787503155576457,-0.017094724915714954,0.10377027366041179
2019-12-10,0.33563645162966754,0.4604183632077921,0.4629345639567938,0.45781285089222395,0.4605970431368335,-0.25114087634433285,NTES,-0.7326994545855547,0.0037756901961678566,-0.003356013479264007,0.002202402599195131,0.012585100556382069,0.2536373178511751
2019-12-11,0.34245285525158475,0.462294332075001,0.4697684748855875,0.46183278012224976,0.46585273775023006,-0.38531398168910985,NTES,-0.018000115900084712,0.03702136750598044,0.048138399699465026,0.02831657627014216,0.013214415595170042,-0.1464061865624162
2019-12-12,0.3086410361231595,0.45298889037946594,0.4636789879332548,0.4489242911671798,0.4588401752903492,0.036682075443656634,NTES,0.6966992227853853,-0.0493968297404769,-0.04289464114040043,-0.09092802164235615,-0.06554798217114084,0.4673919067766462
2019-12-13,0.3072885945177073,0.4526166783912354,0.456130414084204,0.4497729356362635,0.4555944310929884,0.14470585246183063,NTES,1.4113985614708553,-0.02286317938919233,-0.05317251993664438,0.005977892758796304,-0.002621879279531924,0.12088656290397837
2019-12-16,0.3108590492588682,0.4535993328071003,0.4601057017299239,0.4497431745800596,0.4563388550694495,0.053093033221042,NTES,-1.4473987932710248,0.0052437585590645935,0.0280021187873143,-0.00020963832188524047,0.006921865316979939,-0.09943590445216367
2019-12-17,0.3103721791836725,0.4534653512582736,0.4552222191047579,0.44436835054798396,0.4537333427538814,-0.014354199842058287,NTES,-0.7326994545855547,-0.01835335499329276,-0.03439948822644777,-0.03786052090322108,-0.0009437725216169509,-0.07276633749125759
2019-12-18,0.29441319018399487,0.4490731816420629,0.45513287914023715,0.44761406634739037,0.45477554768010864,-0.012190117497787692,NTES,-0.018000115900084712,0.007341341997317104,-0.0006293150387890902,0.022862979352625643,-0.03093865558624114,0.004057937485680831
2019-12-19,0.3245461633819469,0.4573661794675747,0.4624432225498841,0.4495496141229161,0.45127669251524205,0.16941245922558662,NTES,0.6966992227853853,-0.02464610530805029,0.051494413178729034,0.013634092312074637,0.05841627849570897,0.20208942350136405
2019-12-20,0.3136722123744961,0.45437354623771975,0.4598525907624181,0.4526017978631334,0.459822829706214,-0.14293675913080295,NTES,1.4113985614708553,0.06019940445113325,-0.01824853583235014,0.021499730150671525,-0.021080253470334362,-0.34304448624432077
2019-12-23,0.30388017013757157,0.45167869395763094,0.4555795505648864,0.4501451476244941,0.45377801273614177,-0.6127229680328785,NTES,-1.4473987932710248,-0.04257998362100551,-0.030099502189000128,-0.01730476331073319,-0.01898267003208185,-0.5167947247284328
2019-12-24,0.2903557540830497,0.4479565172794169,0.4530931108720887,0.4477182868400131,0.4530931108720887,-0.8938733325927003,NTES,-0.7326994545855547,-0.0048244819152941125,-0.017514601669185115,-0.017094924952281265,-0.026219192868456333,-0.30861288113807633
2019-12-26,0.31962326703533384,0.4560113130634793,0.4591528367682174,0.4496985045977992,0.4503387080816375,0.14650925441538945,NTES,0.6966992227853853,-0.019402146712419015,0.04268500281851519,0.013948749831469182,0.05673837177436031,1.1498541837090863
2019-12-27,0.3187036111950101,0.4557582020959735,0.4587657158539305,0.45155959293690623,0.4587657158539305,-0.6783667991424199,NTES,1.4113985614708553,0.05936025105389298,-0.0027268984770412287,0.013109596434228167,-0.001782925918857966,-0.9086781377584632
2019-12-30,0.3050703588128214,0.45200623596360107,0.4575746204528202,0.4510682515299966,0.45745551943209545,-0.7402234861494879,NTES,-1.4473987932710248,-0.009229087077118062,-0.008390133716443359,-0.0034610326767733116,-0.026429031226908258,-0.06659651229880917
2019-12-31,0.32157052476693965,0.45654729605469496,0.45732150948531436,0.4505024790846226,0.4550435391757165,-0.7407645067355555,NTES,-0.7326994545855547,-0.01699010579133827,-0.0017829259188583385,-0.003985328518053097,0.03198744730536777,0.0010725381990122388
2020-01-02,0.44091245145267505,0.4893917737487265,0.503059595606314,0.4668949426764572,0.4671778430981214,1.1205266495325141,NTES,0.6966992227853853,0.08547462476140595,0.32218129474067836,0.11546930778946383,0.23135809225926446,2.055823353903448
2020-01-03,0.4190567146714043,0.48337674623281257,0.4940966332407598,0.47969926793481327,0.48133697796466407,-0.1723322109738119,NTES,1.4113985614708553,0.09973763203913669,-0.0631355411769271,0.09019428751575781,-0.04237014526255396,-1.4251522143521296
2020-01-06,0.4158107657906482,0.48248340338351403,0.4831980663037711,0.47542617094137285,0.4819027788079925,-0.34960662300864503,NTES,-1.4473987932710248,0.003985528554619782,-0.0767700335621351,-0.030099902262133497,-0.006292750314757533,-0.19397354853000243
2020-01-07,0.4372880236860353,0.488394267202714,0.49242910535879625,0.4807563533891425,0.4831980663037711,-0.4285956285745218,NTES,-0.7326994545855547,0.009124067879608386,0.06502388636642774,0.03754606342039322,0.04163641113595562,-0.08550404111437691
2020-01-08,0.4534098220388586,0.49283110680118514,0.49737211009637017,0.486562939919811,0.486562939919811,-0.5858522789248519,NTES,-0.018000115900084712,0.02370233278643334,0.03481876487021825,0.04090187686309054,0.031253313105635686,-0.17188159380865484
2020-01-09,0.4932264462844228,0.5037891958505818,0.5049653823256357,0.495153718695089,0.4972828269277582,-0.09208082404044392,NTES,0.6966992227853853,0.07551140348455693,0.05348737749260561,0.06051386193396148,0.07718931020590558,0.5466045011829196
2020-01-10,0.49614744416642,0.5045931419394508,0.5096553044936583,0.5035658175413256,0.5052631632754019,-0.33012988191020964,NTES,1.4113985614708553,0.05621387589651384,0.033036038987926966,0.0592552318563833,0.005663035202835074,-0.2610455191704901
2020-01-13,0.5536003387312846,0.5204049525578094,0.5225638218466826,0.5088215405526765,0.5088215405526765,0.14254177011756003,NTES,-1.4473987932710248,0.025065381951820773,0.09092822167892284,0.03702156754254675,0.11137916011046811,0.5233183867469046
2020-01-14,0.5502462212303936,0.519481848652307,0.5230849243097963,0.5152385695109792,0.5203900720297074,0.09294821639469217,NTES,-0.7326994545855547,0.08148929624335323,0.003670670998658552,0.04520186290053819,-0.006502388636642774,-0.05306270219924489
2020-01-15,0.5327725376950614,0.5146728254635596,0.5232040253305209,0.5143750445137935,0.5211047349499645,-0.21994202254776504,NTES,-0.018000115900084712,0.005034120237179353,0.0008389533606743306,-0.006082711919738924,-0.0338749923486013,-0.34364156610165447
2020-01-16,0.556846510181218,0.5212982954071079,0.5218640394545275,0.5083600169978796,0.5141070246202313,-0.1840543236719443,NTES,0.6966992227853853,-0.04929221061610058,-0.009438925435569616,-0.04237014526255396,0.046670131300001604,0.041275915259482605
2020-01-17,0.5551696739999497,0.5208367150564023,0.5240824876517175,0.5143005850773748,0.5239931476871967,0.05291269302568612,NTES,1.4113985614708553,0.06963832988670324,0.01562685658938453,0.041845649384707494,-0.003251394354888071,0.2631905955685146
2020-01-21,0.5064263564785402,0.5074220325642751,0.5187076636196419,0.5049951433818397,0.5187076636196419,0.42765961897521126,NTES,-0.7326994545855547,-0.03723120586443199,-0.03786052090322108,-0.06554798217114084,-0.0944936734435054,0.4152469325695015
2020-01-22,0.5028561243065564,0.5064393497504558,0.5130499391659021,0.5059778261956589,0.5099530854434244,-0.4509578127986513,NTES,-0.018000115900084712,-0.061667672850597044,-0.039853285180530974,0.006922065353546623,-0.006922065353546623,-0.9679880702536126
2020-01-23,0.4746706314093873,0.4986823349161596,0.5047271802841863,0.49452839573935264,0.49939699783641667,0.19285668462185143,NTES,0.6966992227853853,-0.07435759256792136,-0.058625916817594215,-0.08065034288267889,-0.0546407883361078,0.7121946482834708
2020-01-24,0.43793703540684475,0.4885728903358467,0.5049802628537376,0.4869202429819851,0.5006178826916854,0.44028343265012304,NTES,1.4113985614708553,0.008599972074895285,0.0017827258822912815,-0.05359219665354823,-0.07121141744710928,0.27473413947696645
2020-01-27,0.4052616544973679,0.4795801101181798,0.48315342471946515,0.4726866486790237,0.4732375405962957,0.7196303952563861,NTES,-1.4473987932710248,-0.19286845635382133,-0.15374930537302206,-0.10026212791698315,-0.0633455795719457,0.30996185105965585
2020-01-28,0.43653062077591376,0.4881858262174686,0.4893620126925225,0.4804138740591616,0.48324276468398586,-0.14474016108436177,NTES,-0.7326994545855547,0.07047728324737756,0.043733594501074766,0.05443094997765587,0.06061908116803747,-0.9522649673438246
2020-01-29,0.46606844399394654,0.49631502464204097,0.49668726502822586,0.48994269406395285,0.49350107134122745,-0.2531246184932475,NTES,-0.018000115900084712,0.07226000912966885,0.05159943237623834,0.06712146980468024,0.05726246757907341,-0.11794538002950895
2020-01-30,0.4371254369020671,0.48834956882249925,0.4950048566181603,0.48708404238292463,0.4896895546984927,-0.4208410001742188,NTES,0.6966992227853853,-0.026848507907245425,-0.011850966356649987,-0.020136480948717412,-0.05610905673557122,-0.18342513771710672
2020-01-31,0.3979582695156666,0.47757015970214406,0.48645871942718827,0.47602173284090527,0.48645871942718827,0.09078413405042157,NTES,1.4113985614708553,-0.022758160191683023,-0.06019940445113362,-0.07792344440563692,-0.0759306801283274,0.5663081364749323
2020-02-03,0.4452405316731347,0.4905828975477912,0.4948559377453228,0.4813072169084601,0.4823643023627893,0.3203572027384608,NTES,-1.4473987932710248,-0.028841272184555317,0.059150412695440684,0.03723120586443162,0.09166235587865455,0.25503050418495377
2020-02-04,0.5168135486953838,0.5102806274493945,0.5154768283483375,0.5002903406857152,0.5045485003551449,0.600786206516859,NTES,-0.7326994545855547,0.15626656552817844,0.1452545525322028,0.13371804365838066,0.13875176382242663,0.31115601077432326
2020-02-05,0.49041272674585185,0.5030149540220079,0.5180525228117928,0.4989354742816198,0.5169060973929428,-0.18279194230445311,NTES,-0.018000115900084712,0.08704751228524568,0.018143316598274152,-0.009543744596512235,-0.05117975565933449,-0.8631010419819893
2020-02-06,0.5392639903182191,0.516459454366248,0.5176356408413019,0.5003945611783379,0.5064989286587726,0.02820608626193013,NTES,0.6966992227853853,-0.07330860081222842,-0.002936536798926842,0.010277878796243946,0.09470371183852401,0.2345307624164961
2020-02-07,0.5006917503425606,0.5058437878509234,0.5170698967938823,0.5021514290248222,0.5162658939091045,0.42856131995199065,NTES,1.4113985614708553,0.06879897645289554,-0.0039851284814864125,0.012375462234496457,-0.07477726928482521,0.4435087124832975
2020-02-10,0.5696682753432174,0.5248269116281785,0.5292637512266496,0.506692489115916,0.5078090966826532,0.40313335240681114,NTES,-1.4473987932710248,-0.05957008941234453,0.08589410144174349,0.0319874473053674,0.13371804365838066,-0.026393135238338805
2020-02-11,0.5613907050727702,0.5225489413185807,0.5333879293472525,0.5211940749144852,0.5307377186514698,-0.44969543143116014,NTES,-0.7326994545855547,0.16151032408724303,0.029050910506440555,0.10214987299678374,-0.01604613323315501,-0.9395272637207053
2020-02-12,0.5470004949188146,0.5185885625989172,0.5263306969051114,0.5168465752805349,0.5251544536341487,-0.21976168235240917,NTES,-0.018000115900084712,-0.0393287893026845,-0.04971148725987107,-0.030623998066846597,-0.027897099589804995,0.2554285574231762
2020-02-13,0.5795679297773337,0.5275515249644713,0.5283406473211472,0.5143452834575896,0.5176356408413019,-0.18387398347658843,NTES,0.6966992227853853,-0.052962881614759136,0.014158188116787738,-0.017619220793561048,0.0631355411769271,0.041275915259482605
2020-02-14,0.5812449885277793,0.528013105315177,0.5340578938872949,0.5234124663157664,0.5340578938872949,-0.55789954864469,NTES,1.4113985614708553,0.11567914614791576,0.04027256182430145,0.0638696753766588,0.003251394354888071,-0.4111115899803647
2020-02-18,0.5709665213540136,0.5251842146903527,0.5302463772445601,0.5229807038171735,0.5255862161327416,-0.39324895028476875,NTES,-0.7326994545855547,-0.05967490857328715,-0.026848507907245425,-0.003041355959869462,-0.01992684262683217,0.18338092130490755
2020-02-19,0.5928223694198729,0.5311992990021754,0.5374822896157427,0.5273282034511239,0.5282513073566264,-0.2875695958062212,NTES,-0.018000115900084712,0.01877303171019661,0.050970117337449244,0.030623998066846597,0.042370545335687335,0.11829921685553225
2020-02-20,0.5552233131716626,0.5208516523804131,0.5311397200938587,0.5108910698770289,0.5264349173977342,0.05832289888636261,NTES,0.6966992227853853,-0.012794738878266938,-0.04467736702269171,-0.11578396530885837,-0.07288932416845793,0.3834026735117032
2020-02-21,0.5290398300236981,0.5136455010654345,0.5217896368140176,0.5118588721627462,0.5211047349499645,-0.6356261728430757,NTES,1.4113985614708553,-0.03754606342039322,-0.0658624396539687,0.006817246192604003,-0.050760479015564006,-0.7641848122837034
2020-02-24,0.4748868573650683,0.49874191382447636,0.5055013653168513,0.4887366897367862,0.49552595908127395,-0.22427018723630623,NTES,-1.4473987932710248,-0.18017813656336365,-0.1147353736262988,-0.16287377332576383,-0.10498159063476796,0.4556493362490831
2020-02-25,0.4907377890291996,0.5031042939865287,0.5194669681242049,0.4988014359368843,0.5077942161545512,-0.07747326821661737,NTES,-0.7326994545855547,0.0864181972464566,0.09837438283718257,0.07089655989114804,0.030728817227789217,0.16367728601289486
2020-02-26,0.5336924161045625,0.5149259080331111,0.5236357878291138,0.5062160282371084,0.5179781201712829,0.2689602470620341,NTES,-0.018000115900084712,0.07173591332495576,0.029365367989268417,0.05222874741502743,0.08327202212564451,0.3839997533690369
2020-02-27,0.40428802563156513,0.4793121470205264,0.5006178826916854,0.46960470388260245,0.4946177357038734,0.9795006167642136,NTES,0.6966992227853853,-0.1645516800471125,-0.16213923905289876,-0.25789194264711535,-0.25086505813262644,0.7858344973546293
2020-02-28,0.3868678699833573,0.47451797596192674,0.4833022867963938,0.46332165647312623,0.4667758416557325,0.7302704667823832,NTES,1.4113985614708553,-0.1961196506721427,-0.12197189646267328,-0.04425809037892198,-0.03377037322422536,-0.27338516955538694
2020-03-02,0.3400725891856735,0.4616392480630607,0.4785677230440653,0.4567259759837364,0.4754410798674293,1.1984336139262557,NTES,-1.4473987932710248,0.061038357811807956,-0.03335049647075483,-0.04646029294154931,-0.09071838332047091,0.5183427212691235
2020-03-03,0.3909796129635472,0.4756495208526747,0.48087545440986723,0.46166900911926473,0.4661356381718942,1.378413128891427,NTES,-0.7326994545855547,-0.06554798217114084,0.01625577155504025,0.03481896490678493,0.0986890403565771,0.2002981839293629
2020-03-04,0.4841919182422085,0.5013027277598296,0.5045782614113488,0.4794312480412511,0.4794312480412511,0.13659054367081588,NTES,-0.018000115900084712,0.09365492011939776,0.16696372096819287,0.12511807158348537,0.18070243240464343,-1.3688276811436488
2020-03-05,0.5071297863631827,0.5076155930214186,0.5188118841122646,0.4950494982024663,0.4957939221789273,0.7571411558904098,NTES,0.6966992227853853,0.11525946943101191,0.10026232795354983,0.11001571087194731,0.044468128773939845,0.6865202144181208
2020-03-06,0.48154089677219436,0.5005731843114706,0.5032085144791514,0.48821558727367254,0.49025535554182104,0.4603011943346261,NTES,1.4113985614708553,-0.039013931746723275,-0.1099108917110047,-0.048138399699465026,-0.04960706817206181,-0.32592819700075415
2020-03-09,0.4006089571319149,0.47829970315050313,0.4874562827691095,0.46900914198307003,0.47405642400917547,0.32721013016198436,NTES,-1.4473987932710248,-0.11410605858750972,-0.11095948339356426,-0.1352911312187867,-0.15689548049383414,-0.14521202684774875
2020-03-10,0.4193273587909188,0.48345120566923133,0.4907317596247199,0.4751432989176631,0.4890791122708583,0.10106352518570691,NTES,-0.7326994545855547,0.10582054399544229,0.023072617674510885,0.043209298659794976,0.03628743334281504,-0.24790976230914832
2020-03-11,0.4160272143155066,0.4825429822918308,0.500022320792153,0.47353532154606187,0.47463707698265145,0.41034696022104644,NTES,-0.018000115900084712,-0.10173039631644656,0.06544316301019822,-0.011326670515370202,-0.006397569475700153,0.34300026983212156
2020-03-12,0.27785660294344844,0.4431176762385569,0.4669396126587176,0.4325913780857075,0.4556391010752488,1.1836457179070734,NTES,0.6966992227853853,-0.1338226627827566,-0.23303619901718017,-0.2884111215530197,-0.27771376607643855,0.8550957608053408
2020-03-13,0.39876964545126703,0.476289724336513,0.4764386148113961,0.4498771561288863,0.4682200480243487,0.6465926161372534,NTES,1.4113985614708553,0.08862079988221877,0.06691143140966163,0.12176185806765467,0.23366551405596925,-0.5910316536569251
2020-03-16,0.2004139915792287,0.4218714910777603,0.45657708550885334,0.42142484805106545,0.44395146857749307,1.492748812747057,NTES,-1.4473987932710248,-0.17094904948624634,-0.13990557473906182,-0.20041943667302367,-0.3833246717499956,0.9355025149262814
2020-03-17,0.26781684121226434,0.4403632734481058,0.44963895408743687,0.41910220775920715,0.4303282883042116,0.5387491793144352,NTES,-0.7326994545855547,-0.09596234191610219,-0.04887253389919711,-0.016360790752549554,0.13025701098160733,-1.0511811970421105
2020-03-18,0.1302976898219652,0.4026352847309538,0.4305367292894571,0.39583116325631845,0.42005507272091364,1.1185429073835995,NTES,-0.018000115900084712,-0.07236502832717816,-0.134556997019055,-0.1639223650083234,-0.2657577805222793,0.6415401984989807
2020-03-19,0.24290701018101177,0.43352936251931207,0.4467356324241482,0.4030224056452407,0.4030224056452407,0.8725588809181749,NTES,0.6966992227853853,-0.11997893214879671,0.11410585855094303,0.0506554598180547,0.21761938082281462,-0.26980269041138466
2020-03-20,0.20969445856228475,0.4244174812809204,0.46664183170895146,0.42126107704808036,0.44813519720845835,0.9937474921973284,NTES,1.4113985614708553,0.3177766895788548,0.14022023225845712,0.12847408506274938,-0.06418453293262041,0.13541550609909886
2020-03-23,0.2842605858799542,0.4448745440850412,0.4568450770044611,0.4246854727765282,0.43433336540408984,0.49943501672685275,NTES,-1.4473987932710248,-0.09722077195711369,-0.06900881481134784,0.024121609430203823,0.14410054157900054,-0.5438623449275614
2020-03-24,0.4200976707133199,0.4821409808494419,0.48834956882249925,0.4511724720226193,0.4603736932255317,0.5849162693255413,NTES,-0.7326994545855547,0.18342933088168503,0.2219191668236952,0.18657570603906382,0.2625065862039579,0.09600823551507345
2020-03-25,0.33364601547767914,0.4584232933198583,0.48642895837098427,0.45708330744386494,0.4814710163093996,0.431086082686973,NTES,-0.018000115900084712,0.1486105660114668,-0.013528873077998648,0.041636211099388934,-0.16706854012913547,-0.1681000880455413
2020-03-26,0.3881327306175684,0.4733715505430768,0.4818580804277777,0.4646318812929157,0.46711829258775905,0.1856430768076161,NTES,0.6966992227853853,-0.10110128131422416,-0.032197485700386004,0.05317251993664438,0.1052962481541625,-0.26920561055405096
2020-03-27,0.2980994921819052,0.44867118019967395,0.458572155396787,0.4466760819137858,0.45425444521699504,-0.10434395732464397,NTES,1.4113985614708553,-0.0906135641595283,-0.1640271841692664,-0.12648152082200617,-0.1739906054826821,-0.3183651854745271
2020-03-30,0.32827330682387934,0.4569492974970838,0.4630536649775185,0.44804585724393764,0.44868606072777595,0.16075612984850424,NTES,-1.4473987932710248,-0.03922397014174188,0.031567970625030604,0.00964876379402154,0.05831145933476635,0.29423874814986795
2020-03-31,0.4045219458368363,0.47786794065191024,0.47865700621267726,0.45733639001341636,0.4642447603786288,0.28681392640226655,NTES,-0.7326994545855547,0.10959623419161015,0.10991069167443801,0.0654429629736319,0.1473519359338886,0.1407892248151023
2020-04-01,0.41765541913154963,0.4814710163093996,0.4960023631641728,0.46156478862664196,0.46418520986826645,0.3035855645703637,NTES,-0.018000115900084712,-0.0004194766803371653,0.12218153478455852,0.029785044706171892,0.025380239507782003,0.020179093633691227
2020-04-02,0.45965989838930776,0.4929948494062158,0.49369463179837086,0.4764386148113961,0.4764386148113961,-0.43328447365377476,NTES,0.6966992227853853,0.08631357812208065,-0.01625577155504025,0.10477195231288272,0.08117443868739199,-0.8115531476321785
2020-04-03,0.42644701291681486,0.48388296816782417,0.5027469341284457,0.48245364232731003,0.48568447759861444,0.08104576350120388,NTES,1.4113985614708553,0.06512830545423699,0.06376485621571619,0.04237014526255396,-0.06418453293262004,0.5692935357616008
2020-04-06,0.4948268299533118,0.502642713635823,0.5041613794408579,0.4797736705753232,0.5001861201930925,-0.07585020645841443,NTES,-1.4473987932710248,0.1021502730699171,0.009963421313416085,-0.018877850871139232,0.13214455602484124,-0.17148354057043236
2020-04-07,0.4371379007759919,0.4868160224893624,0.5082855575614609,0.485446275557165,0.5063798276380479,0.30556930671927834,NTES,-0.7326994545855547,0.043628775340132146,0.029050910506440555,0.039958104341473594,-0.11148397927141072,0.4226109174766174
2020-04-08,0.42818372020675866,0.4843594290466318,0.49303954778643055,0.47969926793481327,0.49041909814685175,-0.31389926432818016,NTES,-0.018000115900084712,-0.11242815186616105,-0.10739363155584833,-0.04048220014618669,-0.01730436323759982,-0.6819868185907615
2020-04-09,0.43920056062599266,0.48738182333269076,0.49336708979240074,0.47792746276431824,0.48770936533866094,-0.3115548417885537,NTES,0.6966992227853853,-0.01908748919302447,0.0023072217601377513,-0.012480681468572445,0.0212898917922196,0.00425696410479207
2020-04-13,0.49992789292629936,0.5040422784201332,0.5060075872518629,0.48473161263690795,0.4857589370350332,0.05579813615138025,NTES,-1.4473987932710248,-0.013738911473017257,0.08904027656255557,0.04792876137757979,0.11735705286926441,0.4070868411859407
2020-04-14,0.5179458693845531,0.508985339953616,0.5218938573066403,0.5068413511928447,0.5173527972155465,-0.1788244580066237,NTES,-0.7326994545855547,0.22254868189905097,0.11190365598831457,0.15574206965033197,0.03481916494335162,-0.2572640134073766
2020-04-15,0.5611445435627513,0.5208367150564023,0.5222511603688145,0.5035360564851216,0.5035360564851216,-0.7068605500086494,NTES,-0.018000115900084712,-0.09732579115462299,0.002516860082022992,-0.023282656069529492,0.08348166044752975,-0.5810803227013631
2020-04-16,0.6283838048505213,0.5392838558424418,0.5411598247096508,0.521283414879006,0.5227425017757241,0.21287444630635444,NTES,0.6966992227853853,0.1352911312187867,0.1331935477805342,0.12501325242254274,0.12994255349877948,1.0167053755236672
2020-04-17,0.5547398929187141,0.5190798472099181,0.5471897327536667,0.510429546322232,0.5434377950192487,0.0626510635749038,NTES,1.4113985614708553,0.14577864833691587,0.04247496442349658,-0.07645517600617387,-0.14231801573327593,-0.1641195556633165
2020-04-20,0.5557712784860086,0.5193627476315822,0.5267773399318063,0.5142559434930688,0.5152385695109792,-0.3615090759021333,NTES,-1.4473987932710248,-0.1986367107907324,-0.143785884059606,0.026953327068188045,0.001992764277309891,-0.4664409900932892
2020-04-21,0.5317300236689052,0.5127670387442379,0.523159383746215,0.5018536480750561,0.514226125640956,-0.3946916718476158,NTES,-0.7326994545855547,-0.007131703675431864,-0.025485058668724622,-0.0873623698412069,-0.046460492978116365,-0.0349512798601221
2020-04-22,0.5549030361256253,0.5191245455901328,0.5235166868083891,0.5139134641630878,0.5228616027964488,-0.479271223469525,NTES,-0.018000115900084712,0.06082871948992271,0.002516860082022992,0.08494992884699316,0.044782586256767704,-0.09167386630682534
2020-04-23,0.5233723284946545,0.510474187906538,0.5225787023747847,0.5056204663375761,0.5225787023747847,-0.32255559370526254,NTES,0.6966992227853853,-0.001992764277309891,-0.006607207797585394,-0.05841627849570897,-0.060933538650865336,0.174623750064013
2020-04-24,0.5564231836061221,0.5195414275606237,0.5200922910799413,0.5061118077444856,0.5174271998560565,-0.6664643462489317,NTES,1.4113985614708553,-0.03628743334281504,-0.01751440163261843,0.0034610326767733116,0.06387007544979217,-0.37787414458878765
2020-04-27,0.61226668045042,0.5348618967720726,0.5401622613677295,0.524633351171035,0.530633498158847,-0.40046255809900405,NTES,-1.4473987932710248,0.09302580511717536,0.1413738431385256,0.13046664930349258,0.1079181274336948,0.2952338812454241
2020-04-28,0.5804103541131581,0.5261222559198659,0.5418744876299079,0.5222809214250185,0.5371845654618853,0.0004336961771241277,NTES,-0.7326994545855547,0.04614603549528851,0.012061004751668596,-0.01657062911100148,-0.06156245361652105,0.44410579234063124
2020-04-29,0.5804639932848711,0.526137136447968,0.5341323533237137,0.5174421371800673,0.5246035901148312,-0.371247446451351,NTES,-0.018000115900084712,-0.08862099991878508,-0.05453596917516518,-0.03408463067048654,0.00010481916094262023,-0.40852424393191855
2020-04-30,0.5347692057840125,0.5136008026852197,0.526911321480633,0.506052228836169,0.5205091730504322,-0.024092570391275978,NTES,0.6966992227853853,-0.028841272184555317,-0.050865298176506625,-0.08023106623890841,-0.08830654243595723,0.38479585984548187
2020-05-01,0.4282920001114822,0.4843891901028358,0.5071391321426109,0.48301944317063844,0.5042655999334806,-0.09893375146396748,NTES,1.4113985614708553,-0.11442051607033757,-0.1392762597002731,-0.16224405821384136,-0.20576801439303088,-0.0809264288748184
2020-05-04,0.4513024257842342,0.49070199856851593,0.49777411153875906,0.48689048192578116,0.4924439858868982,-0.35429546808789797,NTES,-1.4473987932710248,-0.08327202212564451,-0.06596765888804469,0.027267784551015906,0.04446772870080647,-0.2801520746051691
2020-05-05,0.5036725080486445,0.5050696028182584,0.5174570177081692,0.5023896310662717,0.5088811194609932,-0.1948747353932973,NTES,-0.7326994545855547,0.11578396530885837,0.13864734473461737,0.10917675751127298,0.10120610047516679,0.17760914935068162
2020-05-06,0.5187052754172699,0.5091937809388614,0.520151869988258,0.5065138091868746,0.5077346940421432,-0.7021717049293965,NTES,-0.018000115900084712,-0.008075476197048815,0.01898267003208185,0.029050910506440555,0.029050910506440555,-0.5581922615035706
2020-05-07,0.5475771716570236,0.5171145383781883,0.5199880705873186,0.5105635278710587,0.513422179552087,-0.5937872475205107,NTES,0.6966992227853853,0.04006292350241621,-0.0011538109166355601,0.028526414628594086,0.05579419917960999,0.12128461614220085
2020-05-08,0.6151427193586161,0.5356510191287485,0.5382416509162146,0.526851799368225,0.526941082536837,-0.5557354663004194,NTES,1.4113985614708553,0.09522780764323711,0.12857910426025868,0.1147353736262988,0.13057186853756858,0.04366423468881748
2020-05-11,0.5952799782748721,0.5302017356602542,0.5435717765680754,0.5289362092206795,0.5363656820490056,-0.4511381529940072,NTES,-1.4473987932710248,0.06638733560494854,0.03754566334725985,0.014682683994634209,-0.03838501678106755,0.11710505714086482
2020-05-12,0.6199183861944899,0.5369611871526291,0.5466239887062472,0.5333432309670378,0.5350703377573182,-0.43815365892838365,NTES,-0.7326994545855547,-0.009124467952741754,0.02149993018723821,0.031043274710617078,0.04761390382161856,0.0159995346323552
2020-05-13,0.6759245811073447,0.5523263547442929,0.559785588628823,0.5412491646741715,0.5432889329423201,0.33280067621801673,NTES,-0.018000115900084712,0.05789218269099587,0.09271094756121412,0.05568978009180074,0.10823298498965603,0.8525084147568947
2020-05-14,0.6816766589237367,0.5539045426617357,0.5546787844903095,0.5342961527246531,0.5342961527246531,-0.2513212165396887,NTES,0.6966992227853853,-0.0633455795719457,-0.03597257578685381,-0.04897735306013936,0.011116832156918277,-0.6429776012449586
2020-05-15,0.6945934611244144,0.5574480962068171,0.5581329412749614,0.54820217662369,0.5492741426061212,-0.3532134269157627,NTES,1.4113985614708553,0.10550568643948106,0.024331247752089065,0.09795470612027872,0.024960962864011522,-0.11078042174150433
2020-05-18,0.7351326562038636,0.5685699278612444,0.5746891758697811,0.5563760734284771,0.573215208444961,-0.11408232787386166,NTES,-1.4473987932710248,0.1686420277626749,0.1166229186695327,0.05757732513503464,0.07834272104940777,0.26557891499784947
2020-05-19,0.8100790429608342,0.5891312395559424,0.5952951859446938,0.5670363815281075,0.5732300889730629,0.9560563913679488,NTES,-0.7326994545855547,0.00010481916094262023,0.14514973337126016,0.07509172676765308,0.14483487581529894,1.1826935758624408
2020-05-20,0.7808817505839668,0.5811210853561859,0.5947889640096821,0.5685550473331424,0.579170713848467,1.3948240866688124,NTES,-0.018000115900084712,0.04184604945784086,-0.003565851837715932,0.010697555513147796,-0.05642391429153245,0.4859013823539915
2020-05-21,0.8430203940371037,0.5981686613579152,0.5986302417086209,0.5775031291705945,0.5785751519489346,0.1279342142937335,NTES,0.6966992227853853,-0.004195166876505022,0.027058146229130664,0.06303072201598447,0.12008395134630602,-1.396492381200111
2020-05-22,0.6828707425595881,0.5542320846677059,0.5735874488311459,0.5440333569187811,0.5723069850675604,0.8907732406491191,NTES,1.4113985614708553,-0.044153271217978615,-0.17640264640376246,-0.2357626974210884,-0.30949137502335405,0.8435522168968889
2020-05-26,0.759336831658701,0.5752102783328947,0.5886994770573495,0.567617062899538,0.5688974698672146,0.2649927627642047,NTES,-0.7326994545855547,-0.024016790269261203,0.10644985903423138,0.16612476760751854,0.14777141261422577,-0.688952750259655
2020-05-27,0.7091917734590822,0.5614531165107866,0.5770564861438997,0.5583265017321049,0.5748976168550265,0.15895272789494538,NTES,-0.018000115900084712,0.04226532610161134,-0.08201379212119969,-0.06544316301019822,-0.09690611443771914,-0.11535803398106284
2020-05-28,0.650309094499677,0.5452988833583557,0.5596367265518942,0.5443311378685473,0.5583265017321049,0.16472361414633366,NTES,0.6966992227853853,-0.11672773783047533,-0.12270563058927163,-0.09858402115906781,-0.11379120103154848,0.00803846986790562
2020-05-29,0.7406679516416314,0.5700885936662793,0.571354120105854,0.5374972269397535,0.5486190585941808,0.6411824102765769,NTES,1.4113985614708553,-0.06837969980912506,0.0825378879259128,-0.048138399699465026,0.17461992052147118,0.5274979457482405
2020-06-01,0.8203902278036531,0.5919600733848578,0.5923174332429407,0.5530112566083459,0.5804511208161436,0.8721982005274631,NTES,-1.4473987932710248,0.22422658862039965,0.14766659345328315,0.1092815766722156,0.15406376285584994,0.2566227171378437
2020-06-02,0.8804126835196651,0.6084270248110656,0.6200550784005046,0.583652195031244,0.5939105016884856,1.4022180346784037,NTES,-0.7326994545855547,0.09480853099946664,0.19538531643584434,0.2158362548673896,0.11599400370387698,0.5866088516242787
2020-06-03,0.9125946285632178,0.617256005627793,0.6327700352963854,0.613518948421477,0.6256234628897236,1.157857069971182,NTES,-0.018000115900084712,0.2233876352597253,0.08956477244040204,0.21038285798643977,0.06219176865531014,-0.2680114508393835
2020-06-04,0.8606585561944106,0.6030075023987752,0.6312960678715653,0.5974242373814541,0.6182088705894995,1.447844104103442,NTES,0.6966992227853853,-0.05222874741502743,-0.010382697957186566,-0.113371924387778,-0.10036714711449246,0.32170442158721896
2020-06-05,0.9711512436779778,0.6333208988157031,0.6362391294050481,0.6107049951206635,0.6177175291825898,1.4123170856183331,NTES,1.4113985614708553,-0.0034610326767733116,0.03481916494335162,0.09355030099502182,0.21352903310725185,-0.03753862590856821
2020-06-08,0.8830169654624604,0.6091416309354138,0.6342142416650016,0.6016228749384759,0.6327700352963854,1.0877047339777435,NTES,-1.4473987932710248,0.1060305823904609,-0.014263407350863727,-0.0639748946107348,-0.17031993448402355,-0.35657829634388505
2020-06-09,0.8852424346656064,0.6097520733630482,0.6168093626010981,0.6003573484989012,0.6074592225253483,0.10990019475814518,NTES,-0.7326994545855547,-0.17829059152012974,-0.122600811428329,-0.008914429557723145,0.004299986037447643,-1.0774527107647942
2020-06-10,0.9690352785100301,0.6327402742401815,0.6355691080690969,0.6022481978942121,0.6159160197517997,1.6500054630973873,NTES,-0.018000115900084712,0.05957008941234453,0.13214455602484124,0.013319234756113407,0.16193000080414688,1.7013569452663306
2020-06-11,0.9016647014076931,0.6125809639878724,0.6190128734742774,0.6006104310684526,0.6121938430735856,4.083335719034318,NTES,0.6966992227853853,-0.026219192868456333,-0.1166229186695327,-0.011536508873822127,-0.1420031581773147,2.6871357897243
2020-06-12,0.8909991864347203,0.6096627901944363,0.6233157315239217,0.6012655150803929,0.6187002119964091,1.1831046973210055,NTES,1.4113985614708553,0.045831177939327276,0.030309540584018736,0.0046144435202755026,-0.020555757592487893,-3.1990764704906067
2020-06-15,0.9112427433807088,0.6152013568315425,0.6188044324890318,0.598198479210028,0.6029628608144693,0.4217083925284671,NTES,-1.4473987932710248,-0.11085466423262164,-0.031777808983482154,-0.021604349275047462,0.039013931746723275,-0.8386207678313069
2020-06-16,0.9083041625337104,0.6143973539467648,0.6317427108982603,0.6099903322004064,0.6317427108982603,0.40962559943962296,NTES,-0.7326994545855547,0.20272665843316143,0.09113786000080808,0.08306238380375927,-0.005663435275968443,-0.011665165424107084
2020-06-17,0.879516842581305,0.6065212380917437,0.620978182306007,0.6047048481328515,0.6192213144595228,0.5084520264946469,NTES,-0.018000115900084712,-0.08820132320188123,-0.07582586096738478,-0.03723120586443199,-0.05547974169678213,0.11073620532930516
2020-06-18,0.8900194369165437,0.6093947703008741,0.6176728875982839,0.6057916946433848,0.609767010687059,-0.3741328895770451,NTES,0.6966992227853853,-0.06659657385370041,-0.023282656069529492,0.007655799480144965,0.02024130010966003,-0.9723666558740598
2020-06-19,0.9112966051215989,0.6152162373596445,0.6235985751496771,0.6078612239677372,0.6193552960083495,0.344703129111505,NTES,1.4113985614708553,0.06754034637531736,0.041740830223764874,0.014577864833691587,0.04100669602403316,0.7949897218337464
2020-06-22,0.9384516027281826,0.6226457101879707,0.6226605907160726,0.610526315191622,0.6201146573088213,-0.315702666281739,NTES,-1.4473987932710248,0.005348977793140582,-0.006607207797585394,0.01877303171019661,0.05233356657597005,-0.7271658611290129
2020-06-23,1.030255156399552,0.6477629625018644,0.6519169016786712,0.6301198246006027,0.6327700352963854,1.2482075078444794,NTES,-0.7326994545855547,0.08914509572349819,0.20608287194899214,0.13801762962269493,0.17692714228160894,1.7276284589890143
2020-06-24,1.0432609862711224,0.6513213397791389,0.6578872876102791,0.6305962854794103,0.6506364947109946,0.4336108454219554,NTES,-0.018000115900084712,0.12585220578321707,0.042055687779726104,0.0033562135158306913,0.025065381951820773,-0.8973336204691225
2020-06-25,1.0356428884728146,0.6492369299266845,0.6530186855132152,0.6379661793994196,0.6432367829388725,-0.21958134215705327,NTES,0.6966992227853853,-0.05212392825408481,-0.03429466906550515,0.0519138898590662,-0.014682683994634209,-0.7192047963645634
2020-06-26,1.0464719917910532,0.6521998021003355,0.6577830671176564,0.6449043108208361,0.6497878502419108,-0.28486449287588295,NTES,1.4113985614708553,0.04614603549528851,0.033560534865773435,0.048872533899196734,0.02087061514844912,-0.07037801806192272
2020-06-29,1.017031653872648,0.644145006316273,0.6477629625018644,0.634809803564534,0.6477629625018644,-0.27314238017775055,NTES,-1.4473987932710248,-0.014263407350863727,-0.07058210240832019,-0.0711061982130333,-0.05673837177436031,0.014606348298576521
2020-06-30,0.9992913324629916,0.639291284747311,0.6517978006579466,0.6354053086681575,0.6467952170120559,-0.2536656390793152,NTES,-0.7326994545855547,-0.0068168461194706344,0.028421595467651467,0.004194766803371653,-0.03418984990456253,0.023164492920359818
2020-07-01,0.9903665310251528,0.6368495150367737,0.6428496620245856,0.6327849158244875,0.6372663970072645,-0.08919538091474978,NTES,-0.018000115900084712,-0.06712146980468024,-0.06303112208911785,-0.01845817415423538,-0.01719994414979057,0.18318189468579632
2020-07-02,1.0076172002448982,0.641569255056909,0.6516638191091199,0.6394103857680358,0.6503387137612284,0.1962831483336132,NTES,0.6966992227853853,0.0920820325955584,0.062087349567500894,0.046670131300001604,0.03324607738294558,0.31672875610943796
2020-07-06,1.057301317678469,0.6551626742739864,0.6688304961315739,0.6493858487995219,0.6560708408554782,0.5122391705971204,NTES,-1.4473987932710248,0.04037738098524407,0.12092290470698035,0.07026764492549233,0.09575270359421695,0.35036425473923744
2020-07-07,1.0804287034538564,0.6614903632677686,0.6695302785237289,0.6515149002362823,0.6541948719882692,0.3318989752412373,NTES,-0.7326994545855547,-0.013214415595170788,0.004929301076236733,0.014997141477462068,0.04457254786174909,-0.19735700105489348
2020-07-08,1.1363162689952464,0.6767810714230136,0.6789101228597739,0.668041373774898,0.6742350812198534,0.38690273482478166,NTES,-0.018000115900084712,0.14116420481664038,0.06607207797585393,0.11641328034764746,0.10770848911180955,0.062372736885273984
2020-07-09,1.2924963991968235,0.7195116437860561,0.7493039377398705,0.7116801695153412,0.7358445568675285,2.5585593673003264,NTES,0.6966992227853853,0.4339801315680503,0.4958574427405326,0.30739379158510155,0.30099622210940136,2.3983481653938914
2020-07-10,1.2990270239951738,0.7212982726887445,0.7325243816317033,0.7055162799224985,0.7310504142068832,1.1180018867975319,NTES,1.4113985614708553,-0.03377017318765868,-0.11819600622993874,-0.043418736945113535,0.012585100556381698,-1.5881550154042345
2020-07-13,1.2583765443271089,0.7101764410343171,0.7332390445519603,0.7063798049196842,0.7228764606061874,0.38095150837803754,NTES,-1.4473987932710248,-0.057577725208167264,0.005034120237179353,0.006082711919738178,-0.07834272104940777,-0.8117521742512896
2020-07-14,1.2532603466500696,0.708776876250007,0.7101466231822042,0.6831682825292036,0.6877391604724102,0.05796221849565084,NTES,-0.7326994545855547,-0.2475088446167965,-0.16266413500387933,-0.16350308836455218,-0.009858602152473465,-0.3547870567718839
2020-07-15,1.2323646620147906,0.7030596296838592,0.715506566686178,0.7011687802885482,0.715506566686178,-0.05294700164821728,NTES,-0.018000115900084712,0.19559495475772956,0.037755701742279206,0.1267963783779674,-0.04027256182430145,-0.1207317526970663
2020-07-16,1.1115015862872606,0.6699918020785258,0.6822898770039159,0.6648998784681144,0.6818729950334249,0.19105328266829258,NTES,0.6966992227853853,-0.23691650833772396,-0.23397997153879713,-0.25547990172603535,-0.23293137985623755,0.2709526337138529
2020-07-17,1.1510637026786599,0.6808159095790958,0.6827067589744068,0.6718380098895307,0.6745775037539256,-0.3478032210550862,NTES,1.4113985614708553,-0.051389794054353094,0.002936536798927587,0.04887253389919599,0.07624553768428863,-0.5930219198480375
2020-07-20,1.225180796681263,0.7010943208521294,0.7055906825630085,0.6804139081367069,0.6848656282632798,-0.5322912409041546,NTES,-1.4473987932710248,0.07247004752468672,0.16119546653128106,0.06040904277301961,0.14284211153798904,-0.201934613294452
2020-07-21,1.2304601375652136,0.7025385272207456,0.7236655829628631,0.698354770191826,0.7146281611608902,-0.35880397297179506,NTES,-0.7326994545855547,0.2096487237867088,0.1273204741826805,0.12637630158793092,0.010173059635301325,0.1931332256413583
2020-07-22,1.1937273205547916,0.6924886615487494,0.7040124946455657,0.6880369414221764,0.6961661398467488,-0.4001018777082923,NTES,-0.018000115900084712,-0.13004737265972136,-0.13843730633959878,-0.07267928577344007,-0.07079174073020543,-0.043907477720127874
2020-07-23,1.1409962310849104,0.6780614783906902,0.6931288650325877,0.6732226373498302,0.6927715051745049,-0.2727816997870388,NTES,0.6966992227853853,-0.023911971108318584,-0.0766648143280591,-0.10435267566911223,-0.10162577719207064,0.142182411148881
2020-07-24,1.1024134190733332,0.6675053907836824,0.668071134831102,0.6461996551125235,0.6572619646545429,0.15949374848101305,NTES,1.4113985614708553,-0.2501309239328955,-0.17650786563783846,-0.19035119619866497,-0.07435759256792136,0.4787364240659869
2020-07-27,1.12189556686401,0.6728355732314519,0.677778577969026,0.6675053907836824,0.6726568933024106,-0.37521493074918044,NTES,-1.4473987932710248,0.10844262331154127,0.06837969980912506,0.15007863437436353,0.037546063420392475,-0.588444307608479
2020-07-28,1.1130252948745931,0.6704086840490167,0.6806669907062582,0.6612074628461043,0.6612074628461043,-0.6691694491792699,NTES,-0.7326994545855547,-0.08065034288267889,0.02034611927060265,-0.044362909539863854,-0.017095124988847202,-0.3227437710949743
2020-07-29,1.124561723038076,0.6735651166798111,0.6816794345762816,0.6690389371168193,0.6704086840490167,-0.3294085211287861,NTES,-0.018000115900084712,0.06481384797140913,0.007131703675431864,0.05516528421395427,0.022234064386969923,0.37663576846192104
2020-07-30,1.1181406022749234,0.6718082488333268,0.6769299334999421,0.6670587477569876,0.6715998078480815,-0.5303074987552399,NTES,0.6966992227853853,0.008390333753010789,-0.033455715704831565,-0.013948549794902497,-0.012375462234496457,-0.2200460356335748
2020-07-31,1.1573214576657238,0.6825280790453653,0.6842105442513396,0.6705873639780581,0.675857967517511,-0.4300383501373689,NTES,1.4113985614708553,0.029994683028056763,0.051284974893411224,0.024855743629934788,0.07551100341142356,0.11232841828219507
2020-08-03,1.2148413455529354,0.6982654302273051,0.7025534077488476,0.6907317937022651,0.6907317937022651,-0.4307597109187924,NTES,-1.4473987932710248,0.10477195231288197,0.1292080192259144,0.14189833901637208,0.11085466423262164,0.0008735115799009993
2020-08-04,1.273558655613657,0.714330380211124,0.714330380211124,0.6955556974191144,0.6955556974191144,-0.25059985575826516,NTES,-0.7326994545855547,0.03397981150954466,0.08295756464281664,0.03397981150954466,0.11316228606589276,0.20049721054847414
2020-08-05,1.2792724515315652,0.7158936876004649,0.7252437708803059,0.7107868834619514,0.7148366021461358,-0.6480696463226315,NTES,-0.018000115900084712,0.13581562709663392,0.07687445264994436,0.10728921246803907,0.011012012995975656,-0.4369850504648258
2020-08-06,1.285803076329916,0.7176803165031532,0.7250353298950604,0.7120970514858322,0.7230551405352288,-0.11877117295311461,NTES,0.6966992227853853,0.05789178261786176,-0.001468268399464166,0.009228887040551751,0.012585100556382442,0.5858127451478337
2020-08-07,1.201291334043032,0.6945581908731018,0.7065584848487259,0.6868160565669078,0.7012580634571602,-0.07585020645841443,NTES,1.4113985614708553,-0.1535396670511361,-0.1301517917475306,-0.17808055312511115,-0.16287337325263196,0.04903795340482094
2020-08-10,1.1462205973820847,0.6794908042312043,0.6937988295726301,0.6749348636120086,0.6914910982068281,-0.3775593532888069,NTES,-1.4473987932710248,-0.06879897645289702,-0.08987962999636327,-0.08369169884254836,-0.10613540155140277,-0.33130191571675766
2020-08-11,1.1360440668914913,0.6767066119865948,0.6871882401571839,0.6729695547802788,0.6862651362516813,-0.5366194055926958,NTES,-0.7326994545855547,-0.03681192922066077,-0.04656531213905824,-0.013843730633960622,-0.01961198507087094,-0.17387185999976723
2020-08-12,1.2449892308857622,0.7065137864685112,0.7101466231822042,0.6790441612045096,0.6790441612045096,-0.4224640619324218,NTES,-0.018000115900084712,-0.05086489810337251,0.16171996240912678,0.04278982197945856,0.20996318126953667,0.1276534679537605
2020-08-13,1.1924215071919695,0.6921313016906665,0.6997692155042381,0.672493093901471,0.6950048338997968,-0.06430843395563791,NTES,0.6966992227853853,0.11242775179302694,-0.07309896249034244,-0.04614603549528999,-0.10131091963611015,0.3969364836112675
2020-08-14,1.1734839861779804,0.6869500381157343,0.6969403816753227,0.6824387390808445,0.6925035420768516,-0.6652019648814405,NTES,1.4113985614708553,-0.017619220793560306,-0.019926442553698055,0.07005760653047446,-0.03649707166470102,-0.6614870768223039
2020-08-17,1.2452073486794497,0.7065733653768279,0.7106528451172159,0.6889749258557808,0.6894513299386797,-0.7348132802888113,NTES,-1.4473987932710248,-0.021499930187238957,0.09659125688175717,0.04604121633434514,0.13822766801771502,-0.07515465692059246
2020-08-18,1.2737767734073449,0.7143899023235321,0.7200178657210677,0.7103700014914606,0.7146430416889921,-0.7083032715714965,NTES,-0.7326994545855547,0.17745163815945467,0.06596765888804469,0.15070794941315335,0.05506006497987828,0.030926531065698155
2020-08-19,1.2514648810973366,0.7082855348430972,0.7161170091138122,0.7001712169466271,0.7146579222170942,-0.5970333710369167,NTES,-0.018000115900084712,0.00010481916094336543,-0.02747782294603526,-0.07184073248589762,-0.04299946030134454,0.12446904204798068
2020-08-20,1.270892276870414,0.713600836762765,0.7144048396475429,0.70436979770774,0.707198688332564,-0.7779145869788674,NTES,0.6966992227853853,-0.052543204897856036,-0.012060604678533737,0.029575006311153656,0.03744124425945135,-0.19795408091222721
2020-08-21,1.3018563233761515,0.7220725145173182,0.7230253794790248,0.7081069117099648,0.7112930486010542,-0.8540181494190501,NTES,1.4113985614708553,0.02884087211142269,0.060723500255845976,0.026324412102532325,0.05967490857328715,-0.08231961520859708
2020-08-24,1.3449014248220594,0.7338494869795947,0.7426784677963222,0.7276110811544244,0.7295466289299503,-0.695318777505873,NTES,-1.4473987932710248,0.12857910426025868,0.13843730633959878,0.13738831458390435,0.08295756464281664,0.17681304287423666
2020-08-25,1.4606485254417272,0.7655177498006179,0.7675277002166536,0.7401622954452748,0.7441077936368363,-0.23599229993443865,NTES,-0.7326994545855547,0.10256954971368759,0.1750391971652417,0.08841136159690059,0.22307277770376407,0.5085904169326728
2020-08-26,1.4679341048892498,0.7652944282872706,0.7707138939036521,0.7584456368303747,0.7637906430103376,-0.39595405321510696,NTES,-0.018000115900084712,0.13864694466148403,0.02244370270885516,0.12878874258214318,-0.0015730875604060412,-0.17486699309532344
2020-08-27,1.4563095393315835,0.762123115128374,0.7704756918622025,0.7544852013148026,0.7704756918622025,-0.4787302028834573,NTES,0.6966992227853853,0.04708980801690471,-0.0016779067213494065,-0.02789749966293762,-0.022338883547912542,-0.08968360011571294
2020-08-28,1.4142317235299269,0.7506439236158639,0.7667832762401927,0.7492444156274624,0.7579095970432506,-0.275486802717377,NTES,1.4113985614708553,-0.08851618075784097,-0.026009554546569603,-0.03691634830847151,-0.08085998120456414,0.22597261779471278
2020-08-31,1.3216716572251446,0.7253926897531434,0.7414427024129515,0.722965800570708,0.7320628012809977,-0.008583313590670029,NTES,-1.4473987932710248,-0.18206608167973165,-0.17850022984201575,-0.185107837712733,-0.1778709148032259,0.2962290143409803
2020-09-01,1.3466672886742206,0.7322117201538352,0.7373632226725632,0.716176588022129,0.7300677313930639,-0.04284795070828782,NTES,-0.7326994545855547,-0.014053368955845118,-0.02873605295048007,-0.047823542143503796,0.04803358053852241,-0.03614543957478954
2020-09-02,1.3566546353641664,0.7349363334901279,0.7508523646011094,0.7330007857146023,0.7410407009705625,-0.4489740706497366,NTES,-0.018000115900084712,0.07729412936684821,0.09501816932135336,0.11851046371276736,0.01919230835396709,-0.44653832818216527
2020-09-03,1.3114114407239121,0.7225936169804319,0.7294572889654296,0.7084939758283427,0.7281470641456401,-0.18549704523479138,NTES,0.6966992227853853,-0.09082340251798023,-0.15070794941315335,-0.17262715624416206,-0.08694269312430306,0.2924475085778668
2020-09-04,1.3109745374290056,0.722474515959707,0.7271346770715257,0.6950643560122048,0.7129606332789267,-0.20280970398895615,NTES,1.4113985614708553,-0.10697395483894448,-0.016360590715982868,-0.09459889267758065,-0.0008389533606750759,-0.017436937378333028
2020-09-08,1.1608362701125765,0.6815156351753421,0.6992629935692263,0.679654546836235,0.6906424537377446,-0.2127284147335297,NTES,-0.7326994545855547,-0.15721033804979465,-0.19632948903059538,-0.10854744247248463,-0.2885163407870949,-0.009276845994772211
2020-09-09,1.2387161186254692,0.702761848734093,0.7091044182559771,0.6932032676730978,0.6964788013246169,-0.6648412844907287,NTES,-0.018000115900084712,0.04111151518497504,0.06932347233074275,0.09543784603825647,0.14965935773059305,-0.4972901160555313
2020-09-10,1.1705505244220584,0.6841658458711248,0.7087024168135884,0.6803990276086048,0.6969254443513119,-0.6109195660793196,NTES,0.6966992227853853,0.0031461751208128274,-0.002831717637983476,-0.0901936874060585,-0.13099114518133906,0.06117857717060655
2020-09-11,1.149756999039129,0.6784932408892831,0.6910146373280206,0.6724037539369504,0.6859971731540279,-0.8450011396512559,NTES,1.4113985614708553,-0.07697927181088772,-0.12459357570563964,-0.05631909513058983,-0.039958104341473594,-0.25666693355004283
2020-09-14,1.2029145310525873,0.6929948266878523,0.701317642365477,0.6860120536821299,0.6898830924372726,-0.7402234861494879,NTES,-1.4473987932710248,0.027372603711958526,0.07257486668563082,0.09585752275515957,0.10214987299678374,0.11730408375997606
2020-09-15,1.2685688772292858,0.7109059844826762,0.7136157172908669,0.6997543349761359,0.6997543349761359,-0.857264272935456,NTES,-0.7326994545855547,0.06953351072575988,0.08662823564147445,0.09680129527677578,0.12616706333917832,-0.12749865774684846
2020-09-16,1.2511595161861737,0.7061564834063369,0.7157001271433214,0.7012878813092729,0.7130201553913346,-0.6877444893009259,NTES,-0.018000115900084712,0.09344508176094658,0.014682683994634209,0.010802374674091161,-0.033455715704830816,0.18875464002091102
2020-09-17,1.227801103604819,0.6997840960323402,0.7026725087695723,0.684850747735178,0.6862949541037939,-0.4594338019803778,NTES,0.6966992227853853,-0.18825361276041322,-0.09176717503959717,-0.11578396530885837,-0.04488740541770958,0.2536373178511751
2020-09-18,1.2062978051156956,0.6939179305933549,0.7250055688388565,0.6875604805433687,0.7223702954670843,0.27004228823416937,NTES,1.4113985614708553,0.2541164524875145,0.157315157210738,0.01908748919302447,-0.04132155357999439,0.8067322923613095
2020-09-21,1.2817218253270068,0.7144941228161548,0.7153874656654532,0.6903297922598762,0.6913571166580016,-0.11263960631101459,NTES,-1.4473987932710248,-0.2184583341834871,-0.06775038477033597,0.01950716590992832,0.1449396949762408,-0.42066486769770417
2020-09-22,1.3056811746868888,0.7210303095910912,0.7231742415559533,0.7065882459049297,0.7147175011254109,-0.7348132802888113,NTES,-0.7326994545855547,0.16455168004711174,0.05485042665799229,0.1145253352312802,0.04604121633434663,-0.6849722178774301
2020-09-23,1.2330946889161125,0.701228302400956,0.7191245228717693,0.7003200790235556,0.7160872480576084,-0.6352654924523639,NTES,-0.018000115900084712,0.009648563757454856,-0.02852641462859334,-0.044153271217978615,-0.1394862980952932,0.11153231180575011
2020-09-24,1.2288921377116118,0.7000818769821061,0.7066627053413486,0.689361989974159,0.6951239349205215,-0.5322912409041546,NTES,0.6966992227853853,-0.14766659345328315,-0.08778164648497738,-0.07718931020590558,-0.008075476197048815,0.11531381756886366
2020-09-25,1.2394256691624859,0.7029554091912364,0.7072880282970849,0.6914017582423074,0.6934117654542519,-0.7506832174801291,NTES,1.4113985614708553,-0.012060604678535973,0.004404805198391008,0.014368226511806347,0.020241300109660777,-0.23935161768736501
2020-09-28,1.1946734621272062,0.6907466742303672,0.7010645597959255,0.6810094700362392,0.7010645597959255,-0.42011963939279534,NTES,-1.4473987932710248,0.05390665413637683,-0.04383841366201813,-0.0732037816512858,-0.0859989206026861,0.36648541088724784
2020-09-29,1.122742665152556,0.6711233469692738,0.691625079755655,0.6694706996154122,0.691625079755655,-0.3252606966356008,NTES,-0.7326994545855547,-0.0664921547658904,-0.0664921547658904,-0.08127965792146799,-0.13822766801771352,0.10635761970885789
2020-09-30,1.1440812624505277,0.6769448140280442,0.6812774331338927,0.6612521044304103,0.6685327151818077,-0.5193067468385311,NTES,-0.018000115900084712,-0.16266373493074596,-0.07288932416845793,-0.05789218269099587,0.04100669602403316,-0.21248302410734768
2020-10-01,1.192763150879021,0.6902255717672535,0.693873289009049,0.6771681355413918,0.6834660634789699,-0.7414858675169791,NTES,0.6966992227853853,0.10519122895665395,0.08872581907972771,0.11211329431020056,0.09355030099502182,-0.24353117668870106
2020-10-02,1.0940352475347772,0.6632918726985588,0.6855504733314243,0.6559964382149682,0.6795205652874083,-0.7635595074285392,NTES,1.4113985614708553,-0.02779228042886312,-0.05862631689072833,-0.14913446177961395,-0.18972228123300924,-0.02269124012286975
2020-10-05,1.135513016834615,0.6746073216060384,0.6770639150487691,0.6637385725211624,0.6685029541256037,-0.82274715954434,NTES,-1.4473987932710248,-0.07760858684967606,-0.05977972773422903,0.05453596917516518,0.07970657036106268,-0.06365091833596283
2020-10-06,1.101949362338804,0.6654507419874319,0.678180579411415,0.6641852155478574,0.671034007004753,-0.7418465479076908,NTES,-0.7326994545855547,0.01782885911544629,0.007865837875162828,0.0031461751208120823,-0.06449939048858201,0.09095295938964797
2020-10-07,1.035094255450937,0.6472120989825467,0.669917342642107,0.6409588126292746,0.6670140493767728,-0.26264658080803815,NTES,-0.018000115900084712,-0.028316776306708844,-0.05820664017382373,-0.16360790752549553,-0.12847388502618268,0.5305231503587314
2020-10-08,1.0754798777980958,0.6582297101443514,0.6621008056954029,0.6330678162461516,0.6439365653310276,-0.4144208892195494,NTES,0.6966992227853853,-0.1625589157698026,-0.05506006497987828,-0.05558456085772475,0.07760858684967606,-0.16583118458767318
2020-10-09,1.1349674997812185,0.6744584027332009,0.6781061199749961,0.6627707702354452,0.6647807774473896,-0.7436499498612497,NTES,1.4113985614708553,0.14682764009260882,0.11274220927585554,0.2092290470698042,0.11431569690939496,-0.3616733777931328
2020-10-12,1.159526227935387,0.6811583321131679,0.6914315192985113,0.6763194910723079,0.6833172014020411,-0.4712641187957238,NTES,-1.4473987932710248,0.1305714684644352,0.09386475847784893,0.09543784603825572,0.04719462717784807,0.302279423561962
2020-10-13,1.1423349846859627,0.6764684099451455,0.6836893849923172,0.6700662615149445,0.6729695547802788,-0.5903247157696778,NTES,-0.7326994545855547,-0.07288932416845793,-0.054535969175164435,-0.044048051983902624,-0.033036038987926224,-0.12972775588089433
2020-10-14,1.1068610189419668,0.6667907278634254,0.6808605511634017,0.6655252014238507,0.6808605511634017,-0.5620113050988041,NTES,-0.018000115900084712,0.05558456085772475,-0.0199264425536988,-0.0319874473053674,-0.06817006148724056,0.03291679725681055
2020-10-15,1.0730240494965144,0.6575597456043091,0.6600163958429484,0.6430432224817291,0.6554753357518546,-0.6116409268607432,NTES,0.6966992227853853,-0.17881468732484285,-0.14682724001947545,-0.15836414896643095,-0.06502348629329437,-0.05310250752306714
2020-10-16,1.0782083533417868,0.6589741341208124,0.669917342642107,0.6544331308256274,0.662472989285679,-0.6402789498832574,NTES,1.4113985614708553,0.04929181054296722,0.06974274897451249,0.08023106623890841,0.009963021240282716,-0.029935809058518864
2020-10-19,1.0462819177136968,0.6502642543248097,0.6725228549576752,0.64862648749905,0.6640362966750198,-0.49770199143489624,NTES,-1.4473987932710248,0.011012012995975656,0.01835335499329276,-0.04090227693622391,-0.061352815294635814,0.15902006312569184
2020-10-20,1.0741150836033073,0.6578575265540753,0.6626219081585165,0.6484031659857027,0.655698657265202,-0.5293336617003181,NTES,-0.7326994545855547,-0.058730735978536834,-0.06974274897451249,-0.0015730875604060412,0.05348737749260561,-0.03323965093576544
2020-10-21,1.0705679986257557,0.6568897242683579,0.6653762825510132,0.6528697666403778,0.6558475193421307,-0.8180222464260158,NTES,-0.018000115900084712,0.0010485916825595711,0.019401946675852332,0.031462951427520924,-0.006817246192604003,-0.31693219381692617
2020-10-22,1.052285053562007,0.6519020211505693,0.6662696254003118,0.6487009469354689,0.6570386431411954,-0.6068799457033479,NTES,0.6966992227853853,0.008390333753010045,0.006292750314757533,-0.029365367989268417,-0.03513362242617948,0.2346899837117851
2020-10-23,1.0058958502281834,0.6392466431630051,0.6515297807643843,0.6326211732194568,0.650859816224342,-0.538494943624397,NTES,1.4113985614708553,-0.04352395617918953,-0.10382817979126577,-0.11326670515370202,-0.08914509572349819,0.07714051202332796
2020-10-26,1.0288175820838084,0.6454998727203685,0.6460954346199007,0.6340355617359601,0.6350777666621874,-0.9381648845721051,NTES,-1.4473987932710248,-0.11116952178858287,-0.03827979754699156,0.009963021240282716,0.044048051983902624,-0.4394131752179829
2020-10-27,1.0754798777980958,0.6582297101443514,0.6630685511852114,0.6414799150923882,0.6488498658083063,-0.762910282725258,NTES,-0.7326994545855547,0.09701133367179514,0.11955945546845954,0.05243838573691267,0.08966959160134466,0.19508368650864844
2020-10-28,1.0159924783841503,0.6420010175555018,0.6638874345980912,0.6399166077030474,0.6521253426639166,-0.505600891991484,NTES,-0.018000115900084712,0.023072617674510885,0.005768254436911063,-0.011012012995975656,-0.11431569690939496,0.28564079820426236
2020-10-29,1.0697491666227181,0.6566664027550105,0.6671629682496103,0.6477332014456604,0.6499664733750435,-0.633858838928588,NTES,0.6966992227853853,-0.015207179872480677,0.023073017747644253,0.05506046505301165,0.10330368391341929,-0.13987811345556755
2020-10-30,1.0310000954357486,0.6460954346199007,0.6525720424865203,0.6395444241127712,0.6480309823954266,-0.6371049624449939,NTES,1.4113985614708553,-0.013633692238941269,-0.10277918803557283,-0.05768214429597726,-0.07446241172886398,-0.001912861087656353
2020-11-02,0.9638723413057719,0.6277823321785968,0.6430432224817291,0.6174346855568345,0.6420754769919206,-0.4295333975903724,NTES,-1.4473987932710248,-0.041950868618783485,-0.06712146980468024,-0.15574206965033197,-0.12899838090402915,0.23074925665338253
2020-11-03,1.006987552042508,0.6395444241127712,0.6454254132839496,0.6173602261204157,0.6173602261204157,-0.5090273557032456,NTES,-0.7326994545855547,-0.17409542464362474,0.016780267432886718,-0.0005244958778464699,0.08285274548187402,-0.08606131564788838
2020-11-04,1.2190136273493326,0.6973870247020174,0.701630303843345,0.6612074628461043,0.6686518162025324,-0.08147682055351799,NTES,-0.018000115900084712,0.3613004457214776,0.395909972342944,0.30886205998456495,0.40744608114363273,0.47352192664527243
2020-11-05,1.161709408994859,0.6817538940127001,0.7154023461935552,0.6690984592292273,0.7154023461935552,-0.12382069842307934,NTES,0.6966992227853853,0.3293129984161102,0.09701093359866177,0.05558456085772475,-0.11012053003289067,-0.04506183211097306
2020-11-06,1.1742620880215846,0.6851782897411481,0.6871882401571839,0.6682795758163474,0.6842105442513396,-0.6696744017262664,NTES,1.4113985614708553,-0.2197165641879334,-0.19874152995167427,-0.005768254436911063,0.02412160943020457,-0.6007441526695536
2020-11-09,1.059653206174283,0.653911971566605,0.6821260776029763,0.6536142474127475,0.6801161271869407,-0.0740468045048556,NTES,-1.4473987932710248,-0.028841272184555317,-0.03565811830402744,-0.10330328384028593,-0.22024146013891324,0.6590147356569476
2020-11-10,1.0517393139394333,0.6517531590736405,0.671480650031448,0.6357477879981385,0.6543586713892087,-0.14398273226386707,NTES,-0.7326994545855547,-0.18143676664094183,-0.07498690760670897,-0.12585220578321707,-0.015206779799347309,-0.07551290483499269
2020-11-11,1.107406535995363,0.6669395899403541,0.6749051025558045,0.6562942191647344,0.6580063886310039,-0.4189654621425177,NTES,-0.018000115900084712,0.025694696990609864,0.024122009503336445,0.14473005665435631,0.10697395483894448,-0.30180617076447197
2020-11-12,1.04600904790241,0.6501897948883909,0.6813071941900966,0.6466165370830144,0.6766172720220741,-0.14336957559965707,NTES,0.6966992227853853,0.13109596434228168,0.0450966436664622,-0.06817006148723982,-0.1179863679080535,0.30582209738214206
2020-11-13,1.0713868306287935,0.6571130457817054,0.6682051731758375,0.6496686924252774,0.6642596749842761,-0.45261694259592544,NTES,1.4113985614708553,-0.08704751228524568,-0.09229127084431027,0.021499530114104843,0.048767714738254114,-0.33962122839560743
2020-11-16,1.0394595047239945,0.6484031659857027,0.658676409966955,0.6415543745288069,0.6542097525163711,-0.5414164547891623,NTES,-1.4473987932710248,-0.0707921408033388,-0.06712106973154687,-0.05715764841813079,-0.061352815294635814,-0.09633108919402834
2020-11-17,1.032637759441824,0.6465420776465957,0.6584530316576988,0.639321045803515,0.653093144949634,-0.4937345071370668,NTES,-0.7326994545855547,-0.007865437802030206,-0.0015734876335394099,-0.015731675750327148,-0.013109596434228167,0.05429225614935766
2020-11-18,0.9957989995030393,0.6364922119745995,0.6555497383923645,0.631876692447087,0.6498176112981148,-0.14661569911606298,NTES,-0.018000115900084712,-0.023073017747644253,-0.02045093843154527,-0.05243838573691267,-0.07079174073020543,0.3847560545216596
2020-11-19,1.0973107981161052,0.6641852155478574,0.6737139787567398,0.6476587420092416,0.6495198303483486,0.16227098748949365,NTES,0.6966992227853853,-0.002097583438252511,0.1279497892214696,0.11116952178858287,0.19507085895301646,0.34256241127007686
2020-11-20,1.2143755082649883,0.6961214982624429,0.7003647774037703,0.6775850175118826,0.6775850175118826,-0.06575115551848498,NTES,1.4113985614708553,0.19769253819598206,0.18772951695569862,0.21080213463021025,0.2249607228201321,-0.2499796391479052
2020-11-23,1.249304179524765,0.7056502614713253,0.7127223744415683,0.6955259363629104,0.7048313780584455,-0.28374638366467647,NTES,-1.4473987932710248,0.19192468383220437,0.08704751228524568,0.12637670166106355,0.06712106973154613,-0.23891375912532029
2020-11-24,1.3237998636978403,0.725973314328665,0.7325243816317033,0.7189756607948404,0.7221022755735222,0.1013881375373475,NTES,-0.7326994545855547,0.12165703890671206,0.13948629809529245,0.16518099508590084,0.1431565690208169,0.42671086583030887
2020-11-25,1.2222891779306606,0.6982803675513158,0.7165190105562012,0.6894215688824757,0.7110846076158088,-0.15895096847840537,NTES,-0.018000115900084712,-0.07760898692280943,-0.11274260934898891,-0.2081804553872439,-0.19507045887988383,-0.2856452092926393
2020-11-27,1.2097367214731123,0.6948559150269593,0.6993969751180532,0.6860716325904467,0.6961214982624429,-0.8505556176682172,NTES,1.4113985614708553,-0.10540086727853769,-0.12060844722415175,-0.023597113552357354,-0.024122009503336445,-0.7615974662352573
2020-11-30,1.1286914941216215,0.6727462332669315,0.693441526510456,0.6709595475683342,0.6932926076376184,-0.19891435576926908,NTES,-1.4473987932710248,-0.01992684262683366,-0.041950468545650856,-0.1064502591073655,-0.15574166957719784,0.7208324035528986
2020-12-01,1.118049126343081,0.669842940001597,0.6803394487002881,0.6657485229371981,0.6752772861460806,-0.6425873043838127,NTES,-0.7326994545855547,-0.1269007974657759,-0.09229167091744364,-0.036706709986584776,-0.020450938431546016,-0.4879756702811253
2020-12-02,1.0675664307016006,0.6560708408554782,0.6682795758163474,0.6487009469354689,0.6667907278634254,-0.514185085290424,NTES,-0.018000115900084712,-0.05977972773422977,-0.08495032892012654,-0.12008395134630602,-0.09701133367179514,0.14337657086354844
2020-12-03,1.064694620607772,0.653837568926095,0.6598674769701109,0.6515297807643843,0.6547308549794848,-0.700656847288407,NTES,0.6966992227853853,-0.08495032892012654,-0.0592552318563833,0.0199264425536988,-0.01573127567719378,-0.20412390610467562
2020-12-04,1.0523874353835339,0.6504875758381571,0.6711084664411717,0.6482543039087739,0.6625474487220977,-0.5338421665842152,NTES,1.4113985614708553,0.05506046505301165,0.07918207448321547,-0.023072617674510885,-0.023597513625490722,0.18576924073424242
2020-12-07,1.107905536090718,0.6655996608602694,0.678478360361181,0.6612074628461043,0.663589653648325,-0.26102351904983523,NTES,-1.4473987932710248,0.007341341997317104,0.0519138898590662,0.0912426791617507,0.10645025910736475,0.302757087447829
2020-12-08,1.168071771495222,0.6819772155260477,0.6835405229153885,0.6719273498540517,0.6789250033878761,-0.6518928584641763,NTES,-0.7326994545855547,0.10802294659463817,0.03565811830402595,0.07551140348455766,0.11536428859195452,-0.4297006762053544
2020-12-09,1.0969662610297495,0.6626219081585165,0.6816049751398628,0.6594952365839261,0.6775106148713728,-0.2812937570078365,NTES,-0.018000115900084712,-0.009963021240282716,-0.013634092312073891,-0.08757240823622627,-0.13633972290134627,0.410669320329943
2020-12-10,1.0521143430030697,0.6504131731976471,0.6556241978287832,0.6418521554785731,0.6555497383923645,-0.46625066136483023,NTES,0.6966992227853853,-0.15469347796777314,-0.1830098542013486,-0.12427871814967767,-0.0859989206026861,-0.20245208250414123
2020-12-11,1.0764545082251962,0.6570386431411954,0.6662696254003118,0.6494453709119299,0.6498176112981148,-0.47851379464903027,NTES,1.4113985614708553,-0.04037738098524407,0.07498690760671045,0.05348697741947224,0.046670131300001604,-0.011864192043218324
2020-12-14,1.0387132302727344,0.646765399159943,0.6543586713892087,0.6376088763372455,0.6507109541474133,-0.5985842967169772,NTES,-1.4473987932710248,0.006292750314757533,-0.0839013371644336,-0.08337684128658712,-0.07236522836374484,-0.13084230494791727
2020-12-15,1.00316114274753,0.6370877738741318,0.6498920707345336,0.6312811873434634,0.6481053850359365,-0.11213465376401811,NTES,-0.7326994545855547,-0.018353755066426128,-0.031462951427520924,-0.04457254786174909,-0.06816966141410645,0.5385240204470032
2020-12-16,1.0800100508314825,0.6580063886310039,0.6606863603829907,0.6447554487439073,0.6457976536701346,-0.34347505636654496,NTES,-0.018000115900084712,-0.01625577155504025,0.07603549928927002,0.09491335016040925,0.14735173589732192,-0.253641728939552
2020-12-17,1.1483806312471243,0.6766172720220741,0.684806049354963,0.6685773567661136,0.6760961695589605,-0.29911136830899776,NTES,0.6966992227853853,0.21342421394630923,0.16990025776711895,0.1678026743288672,0.13109596434228168,0.05063016635771086
2020-12-18,1.2550402323603964,0.7056502614713253,0.710637964589114,0.6841360848149208,0.6842105442513396,1.00637130587224,NTES,1.4113985614708553,0.05715804849126416,0.18196126251878905,0.10959643422817683,0.20450978438858608,1.4424233138026084
2020-12-21,1.2041716017655955,0.6918037596846964,0.7049058374948641,0.689049328496291,0.689049328496291,-0.5437969453678599,NTES,-1.4473987932710248,0.03408463067048728,-0.04037738098524482,0.03460912654833376,-0.09753542947650823,-1.7091233945000461
2020-12-22,1.192412381855703,0.6886026854695959,0.695302614849563,0.6810838726767491,0.6926226430975762,-0.903828111376345,NTES,-0.7326994545855547,0.025170601185896018,-0.0676455656093926,-0.05610905673557271,-0.02254852186979778,-0.3956671243373325
2020-12-23,1.1946000142987194,0.6891982473691282,0.6944092720002645,0.6753517455824994,0.6908360141948878,-1.0320139222353069,NTES,-0.018000115900084712,-0.012585100556382442,-0.006292750314757533,-0.04037738098524333,0.0041951668765042765,-0.13979850280792305
2020-12-24,1.1967874241725587,0.6897938092686606,0.69232486214781,0.6770639150487691,0.6815305724993527,-1.1249612589217288,NTES,0.6966992227853853,-0.06554798217114084,-0.014682683994634209,0.012060604678535973,0.0041951668765057674,-0.10090870143358685
2020-12-28,1.1549444188528826,0.6784039009247622,0.6952281554131442,0.6713317879545192,0.6897193498322419,-0.7453812157366662,NTES,-1.4473987932710248,0.057682144295978004,0.02045093843154527,-0.04037738098524482,-0.08023106623890916,0.4205808459616827
2020-12-29,1.2181204572410993,0.6956003957993291,0.7072135688606661,0.6872626995936025,0.6872626995936025,-0.5858162108857807,NTES,-0.7326994545855547,-0.01730476331073319,0.08442583304228006,0.11221811347114244,0.12113294310199896,0.1777683706459706
2020-12-30,1.2862172775687453,0.7141368197539806,0.7205389681841814,0.7014069823299977,0.7064691448842051,-0.6657790535065793,NTES,-0.018000115900084712,0.1352911312187867,0.09386475847784968,0.09963301291476075,0.13057146846443596,-0.08657878485757761
2020-12-31,1.2818411224060036,0.7129456959549159,0.7224000565232884,0.7066924663975525,0.715030162603279,-0.8589955388108724,NTES,0.6966992227853853,0.0603042236120755,0.013109596434228167,0.03723120586443199,-0.008390333753010045,-0.211567501659436
2021-01-04,1.3083691426403237,0.7201667277979964,0.7305143744197586,0.7094468975859579,0.7151045652437892,-0.5793239638529689,NTES,-1.4473987932710248,0.0005240958047145915,0.05715764841813005,0.019402346748984955,0.05086529817650588,0.31032009897405605
2021-01-05,1.4404621687742873,0.7561229681405621,0.7582818374294353,0.7206878302611102,0.7215811731104086,-0.2997605930122789,NTES,-0.7326994545855547,0.04562153961744129,0.19559535483086368,0.0791816744100836,0.25327749912684094,0.31020068300258935
2021-01-06,1.496252694154404,0.7713094558031844,0.7876126078284527,0.7441375546930402,0.7441375546930402,-0.04158556934079664,NTES,-0.018000115900084712,0.15888824477114405,0.20660736782683783,0.16518099508590084,0.10697435491207785,0.2865961259759963
2021-01-07,1.72269746846987,0.8329486925070634,0.8393508409372643,0.779423773699655,0.7804659786258821,0.27303593547707705,NTES,0.6966992227853853,0.2558991783698058,0.36444662084229046,0.24855783637248946,0.4341897698899356,0.34889145775781427
2021-01-08,1.7959912790858903,0.852899561774127,0.8546117880363052,0.8250576961239404,0.8309387420910278,-0.13976277169253942,NTES,1.4113985614708553,0.35553259135770066,0.10749885078992358,0.32144756061407853,0.14053488977785128,-0.45390231308928114
2021-01-11,1.6491301203350313,0.8129233638035812,0.8335442544065957,0.8117322968004252,0.8263232225635152,-0.14015952012232236,NTES,-1.4473987932710248,-0.03251194318321461,-0.14840072765301413,-0.09386475847784893,-0.2815942754335483,0.0012317594943012304
2021-01-12,1.601270402447234,0.7998957454298321,0.8193999716702007,0.7895480988080698,0.809573427511552,-0.49319348655099915,NTES,-0.7326994545855547,-0.1179863679080535,-0.09963301291476075,-0.1562665655281777,-0.09176717503959717,-0.3879448915158164
2021-01-13,1.590331127386265,0.7969180495239877,0.8024268551048901,0.7854537385395797,0.7861237030796219,-0.3758280874133904,NTES,-0.018000115900084712,-0.1651809950859016,-0.11955945546845954,-0.028840872111421948,-0.020975034236259862,0.13119614177394057
2021-01-14,1.5279768144003896,0.7799448761627684,0.8079356606857925,0.7789771306729599,0.8076378797360262,-0.06910548315210441,NTES,0.6966992227853853,0.1515469027738262,0.03880429342483803,-0.04562153961744278,-0.11955985554159217,0.340174091840742
2021-01-15,1.5364549194995234,0.782252664324479,0.794312480412511,0.775180494558327,0.7841137526635861,-0.8861547722314684,NTES,1.4113985614708553,-0.1657050908906147,-0.09596234191610145,-0.02674368874630355,0.01625617162817287,-0.9000403824890354
2021-01-19,1.6737440456451527,0.8196232931835481,0.8216333003954928,0.8005657667657831,0.8020546147187051,-0.5522729345495865,NTES,-0.7326994545855547,0.12637630158793017,0.19244917971005085,0.17881508739797697,0.26324052036712364,0.3701475006788946
2021-01-20,1.7516866586660251,0.8408396888901865,0.8455296678541175,0.8268443250266287,0.8392019788603355,-0.4521480580880002,NTES,-0.018000115900084712,0.261667832879851,0.16832717020671217,0.1851074376396004,0.14944931933557518,0.11216919698690608
2021-01-21,1.835919521773837,0.8637683108590029,0.8642149538856978,0.8430730176154783,0.8561006359892274,-0.41243714707063467,NTES,0.6966992227853853,0.11903495959061308,0.1316200601469955,0.11431569690939496,0.16151032408724228,0.045495279584640884
2021-01-22,1.855884644679108,0.8692027137993954,0.8751581624069925,0.8470929752434585,0.8537929046234254,-0.6981320845534247,NTES,1.4113985614708553,-0.016255771555040995,0.0770844910449637,0.028316776306708844,0.038280197620125675,-0.3136283519396796
2021-01-25,2.06181766619002,0.9252586854859531,0.9557061202476166,0.919377639518866,0.9367973991108715,0.095977931676671,NTES,-1.4473987932710248,0.5846876809080703,0.5673837177436024,0.509176677496646,0.39486098058725033,0.8780634326507778
2021-01-26,1.997275275622775,0.9076900070211102,0.9144643390415872,0.8942157456206664,0.910369978773097,-0.664480604100017,NTES,-0.7326994545855547,-0.18615602932215997,-0.2905091050644056,-0.17724159976443607,-0.12375462234496457,-0.8375858294119284
2021-01-27,1.9196064226898986,0.886548013954982,0.9106677597228631,0.8808903462971509,0.8898980070429199,-0.6210186170192491,NTES,-0.018000115900084712,-0.14420556077650984,-0.02674328867317018,-0.09386475847785117,-0.14892522353086132,0.04963503326215466
2021-01-28,1.869011329613916,0.8727759716047717,0.8796248198575763,0.8568450599656885,0.8779870530318166,-0.5710643829056695,NTES,0.6966992227853853,-0.08390133716443435,-0.21866797250537306,-0.16937616196240585,-0.0970109335986625,0.05679999155015928
2021-01-29,1.8074778517536731,0.8560261765528085,0.8699471377758563,0.8447107844412379,0.8543140070865393,-0.29294373362782655,NTES,1.4113985614708553,-0.16675408264630612,-0.06817006148723982,-0.08547442472483964,-0.1179863679080535,0.30860847004969943
2021-02-01,1.8966337224926866,0.8802947843976187,0.8905679715829621,0.8650338372985776,0.8650338372985776,-0.8077789233298017,NTES,-1.4473987932710248,0.07551100341142356,0.14525415245906867,0.14315656902081764,0.1709492495228134,-0.5665115741824204
2021-02-02,2.0366571109806157,0.9184098940290576,0.9193031800824472,0.8942157456206664,0.8966723390633969,-0.5226250064330793,NTES,-0.7326994545855547,0.22286313938187885,0.20241220095033358,0.20555877614427903,0.2684846789993216,0.31637050819503776
2021-02-03,2.0246243535519053,0.9151343603775383,0.9204943038815119,0.9041911518562437,0.9137943745015449,-0.8081035356814422,NTES,-0.018000115900084712,0.12060844722415175,0.008390333753010789,0.07026724485235822,-0.023073017747644996,-0.3133895199967461
2021-02-04,2.0068475307971823,0.9102955193366783,0.9148365794277721,0.899501229688221,0.901362318027328,-0.4564401547374702,NTES,0.6966992227853853,-0.0875720081630929,-0.039853285180530974,-0.033036038987927716,-0.03408503074361991,0.38977152532326287
2021-02-05,2.0544337111661615,0.9232486782740087,0.9379885229099361,0.9063500211451169,0.9091788549740323,-0.5863572314718484,NTES,1.4113985614708553,0.05506006497987828,0.16308341164764906,0.048243218860408395,0.0912426791617507,-0.14170915835139095
2021-02-08,2.057441511027279,0.9240675616868884,0.944390671340137,0.9195265015957946,0.9290553216005858,-0.6323800493266698,NTES,-1.4473987932710248,0.14001079397313818,0.04509704373959556,0.09281576672215675,0.005768254436910318,-0.04912197514084235
2021-02-09,2.2841609357074497,0.9857812578271862,0.9956822614222536,0.9670214555632786,0.9737958443796643,-0.0019828624406447062,NTES,-0.7326994545855547,0.31515441022618984,0.3613004457214776,0.3345567569751748,0.43471426576778277,0.6973870678215945
2021-02-10,2.246693417842984,0.9755825300782613,0.9915878443578546,0.9490061908676495,0.9915878443578546,-0.699610874155343,NTES,-0.018000115900084712,0.12532770990537062,-0.028841272184555317,-0.12690039739264328,-0.071840332412765,-0.7682449553135727
2021-02-11,2.2855281781631875,0.9861534982133711,1.0,0.9818357596356247,0.9853346148004913,-1.004890756853782,NTES,0.6966992227853853,-0.044048051983902624,0.05925563192951667,0.23125307306175552,0.07446241172886398,-0.3352426427751602
2021-02-12,2.275955700419602,0.9835479291018943,0.9918111658712021,0.9720092722728848,0.9765502187721611,-0.9801120140118836,NTES,1.4113985614708553,-0.061877711245615655,-0.05768254436911063,-0.06921825309666602,-0.018353755066426128,0.029015875522230256
2021-02-16,2.135385236894037,0.9452840141894355,0.9644160000436193,0.9332241413054948,0.9568227278143537,-0.37023754135735804,NTES,-0.7326994545855547,-0.13896140214431188,-0.19297287544163058,-0.27320434175367236,-0.2695328706087471,0.6747378385667355
2021-02-17,2.133196714174312,0.9446884522899032,0.9571205655600287,0.9202709823681646,0.9387329468863972,-0.6763830569935052,NTES,-0.018000115900084712,-0.12742529334362312,-0.05138939398121973,-0.09124267916174995,-0.004195166876505022,-0.33619797054689415
2021-02-18,2.0626385013156536,0.9254820069993006,0.9289064027277485,0.8847613850522937,0.9044889328060098,-0.5657263131231354,NTES,0.6966992227853853,-0.2412164943751716,-0.1987419300248084,-0.2501313240060289,-0.1352911312187867,0.12379235154300247
2021-02-19,2.050877945990697,0.9222809327842002,0.9423062614876824,0.9135710529881975,0.9289064027277485,-0.7099263333296995,NTES,1.4113985614708553,0.1719978412053722,0.09438925435569541,0.20293669682818005,-0.02254852186979778,-0.1574720665850011
2021-02-22,1.8750282647512144,0.8744137384305314,0.9007667561277958,0.8740415548402553,0.8945879292109425,-0.359813878065788,NTES,-1.4473987932710248,-0.24174099025301732,-0.29260628842952396,-0.2784477002396036,-0.3371788362912738,0.3880598963989062
2021-02-23,1.9513298752283528,0.8951834911104748,0.899501229688221,0.8371175122119724,0.8559517739122987,-0.4058727639596805,NTES,-0.7326994545855547,-0.2721549499248468,-0.008914429557723891,-0.26009474531944343,0.14630314421476234,-0.049161780464664594
2021-02-24,1.8761221922573112,0.8747115193802976,0.880964748937661,0.8348842402825892,0.8504429115354876,0.2646320823734929,NTES,-0.018000115900084712,-0.038804693497972144,-0.13057186853756783,-0.015731275677194526,-0.14420556077650984,0.7416505879119342
2021-02-25,1.6343626554256665,0.8089034629715097,0.8546861906768154,0.7981835759635625,0.8543884097270491,0.2781575970251841,NTES,0.6966992227853853,0.02779228042886312,-0.18510743763959964,-0.2585212576859048,-0.463555137879204,0.016596614489688917
2021-02-26,1.6669062753822221,0.8177622048444411,0.8210377384959603,0.7761482968440445,0.8039901624942309,0.5331225652193317,NTES,1.4113985614708553,-0.35500769540672006,-0.23702132749866733,-0.15521757377248474,0.06240140697719539,0.2830534521558163
2021-03-01,1.6871442680987794,0.8232710104253435,0.8299709398053103,0.805404607806643,0.8298965371648005,-0.03484084603448661,NTES,-1.4473987932710248,0.18248575839663478,0.06292590285504111,0.20608287194899064,0.03880429342483803,-0.6251448161725915
2021-03-02,1.674564213063254,0.8198466146968955,0.8425519151523647,0.8172411023813275,0.8293754347016868,-0.15949198906447304,NTES,-0.7326994545855547,-0.003670670998658552,0.08862099991878583,0.08337684128658787,-0.02412160943020457,-0.13589758107334277
2021-03-03,1.5952541350174663,0.7982580353999812,0.8310131447315375,0.794238077772001,0.8176877454080224,-0.27173572665397466,NTES,-0.018000115900084712,-0.08232864967716093,-0.08127965792146873,-0.16203441989195688,-0.15207099857853928,-0.12220454967848948
2021-03-04,1.5687254470756142,0.7910370035569007,0.813295604189766,0.7813593214751806,0.7907392226071344,-0.22784092310435272,NTES,0.6966992227853853,-0.1898267003208185,-0.1248032140275234,-0.09071858335703685,-0.05086529817650588,0.050112697148021634
2021-03-05,1.6234229352263434,0.8059257102697568,0.8121044803907014,0.7831459503778689,0.8007146288427119,-0.4732478609446385,NTES,1.4113985614708553,0.0702672448523597,-0.008390333753010045,0.012585100556382442,0.10487677147382533,-0.2691658052302287
2021-03-08,1.4544092436963736,0.7599196042551948,0.7955780636479945,0.7574629540165555,0.7870170459289204,-0.2993277765434248,NTES,-1.4473987932710248,-0.09648643772081604,-0.11641288027451335,-0.1809122707630961,-0.3240692398570471,0.19361088952722527
2021-03-09,1.6896058831989686,0.8239410317612945,0.8274398869261611,0.7757015970214409,0.7854537385395797,0.15127023557278477,NTES,-0.7326994545855547,-0.011012012995974912,0.22443622694228413,0.12847388502618343,0.45097003732282304,0.4989575285676888
2021-03-10,1.5534113522669677,0.786868127056083,0.8419563532528324,0.7832204098142876,0.83644754767193,-0.36461092726225447,NTES,-0.018000115900084712,0.35920286228322434,0.10225469215772635,0.05296288161475839,-0.26114333700200304,-0.5676659285732656
2021-03-11,1.6286617685200377,0.8068934557595652,0.8264720846404439,0.8063723532964516,0.8210377384959603,-0.3710671062559951,NTES,0.6966992227853853,-0.1085474424724839,-0.10907193835033036,0.16308341164764906,0.141059385655697,-0.005455534907836414
2021-03-12,1.616621443739301,0.8036179221080462,0.8045857243937632,0.7821782048880603,0.79274917302317,-0.7895645635988575,NTES,1.4113985614708553,-0.19926602582952224,-0.1541685820167933,-0.17042475364496618,-0.023073017747643507,-0.4601915542531963
2021-03-15,1.592815221973355,0.7971413710373352,0.8013101907422442,0.7844859362538622,0.7938658373858161,-0.939355129861454,NTES,-1.4473987932710248,0.00786583787516432,-0.023073017747643507,0.016255771555039503,-0.04562113954431016,-0.16364189177744953
2021-03-16,1.6261990405739621,0.8062234912195227,0.8179111237172787,0.7997468833529033,0.8032457385177699,-0.7598084313651368,NTES,-0.7326994545855547,0.0660724780489873,0.11693777622549467,0.10749885078992506,0.0639748946107348,0.19982052004349593
2021-03-17,1.625104445360334,0.8059257102697568,0.8094989680751331,0.7811359999618331,0.8022035335915428,-0.3470457922345915,NTES,-0.018000115900084712,-0.007341341997316359,-0.05925563192951816,-0.13109596434228168,-0.0020975834382510206,0.45720174387815077
2021-03-18,1.535623846191738,0.7815826429885279,0.7888036748316086,0.7788282685960314,0.7847837172036285,-0.589531218910112,NTES,0.6966992227853853,-0.122706030662405,-0.14577864833691515,-0.016255771555039503,-0.1714737454006606,-0.2659415740006266
2021-03-19,1.6472689968750143,0.8119556183137726,0.8165711378412851,0.7796471520089111,0.7805404380623008,0.3008804616400254,NTES,1.4113985614708553,-0.029889863867115632,0.19559535483086218,0.005768254436910318,0.21394870982415645,0.9843436472561796
2021-03-22,1.6743594494202003,0.819325512233782,0.8337675759199432,0.8136678445759509,0.8136678445759509,-0.5953021051615002,NTES,-1.4473987932710248,0.23335105657314065,0.12113254302886634,0.23964340681476481,0.05191388985906694,-0.9873732629550472
2021-03-23,1.577765094208905,0.7930469539729363,0.8079356606857925,0.792004749046709,0.807712339172445,-0.7296194826625619,NTES,-0.7326994545855547,-0.041950868618782736,-0.1819612625187883,-0.15259589452951913,-0.18510743763960114,-0.1465654078577052
2021-03-24,1.4726872922382233,0.7644606643462887,0.7928236324595889,0.7615573710809544,0.7895480988080698,-0.624877897199865,NTES,-0.018000115900084712,-0.12794978922146885,-0.10644985903423138,-0.21447280562886956,-0.20136320919464137,0.11726427843615381
2021-03-25,1.4414926640648726,0.7559741060636334,0.7697461484138436,0.7489763957339003,0.7512097244591922,-0.46376196666891906,NTES,0.6966992227853853,-0.2700573664865943,-0.1625589157698026,-0.08862099991878435,-0.05977972773422977,0.17947999957032726
2021-03-26,1.5068921685336407,0.7737661060418237,0.7789771306729599,0.7399687349881313,0.757686275529903,-0.3444128253823956,NTES,1.4113985614708553,0.045621139544308666,0.06502348629329437,-0.06345039873288832,0.12532770990537062,0.13338543458416421
2021-03-29,1.4836321315286227,0.767438360252133,0.7757760564578595,0.7550063037779163,0.7623017950574156,-0.5586209094261135,NTES,-1.4473987932710248,0.03251194318321387,-0.02254852186979778,0.10592536315638565,-0.044572947934881715,-0.23473420012398427
2021-03-30,1.4784335832560078,0.7660239717356296,0.7719794203432269,0.7511352650227735,0.7646839858596362,-0.7930992314278328,NTES,-0.7326994545855547,0.016780267432886718,-0.02674368874630206,-0.027267784551016652,-0.009963021240282716,-0.2571047921120876
2021-03-31,1.4882844950403098,0.7687039434876165,0.7861237030796219,0.7672150387387856,0.7726494416791778,-0.5729759889764419,NTES,-0.018000115900084712,0.05610905673557122,0.09963301291476,0.11326670515370275,0.018877850871139974,0.24460150934352481
2021-04-01,1.5796803019789896,0.7935680564360499,0.816273356891519,0.7926003109462414,0.7981835759635625,-0.8211601658252082,NTES,0.6966992227853853,0.1798636790805358,0.21237562226374965,0.17881508739797547,0.17514401632618354,-0.2722308151645418
2021-04-05,1.5506741965253652,0.7856770600529269,0.8002679858160169,0.7742872085049376,0.8002679858160169,-1.0558188280222833,NTES,-1.4473987932710248,0.014682683994634209,-0.11274260934898891,-0.1289983809040284,-0.05558456085772475,-0.25730381873119884
2021-04-06,1.5980135476767925,0.7985557595538386,0.8014591096150816,0.782699307351174,0.7856770600529269,-0.9836827498799301,NTES,-0.7326994545855547,-0.10277918803557283,0.008390333753010045,0.05925523185638256,0.09071818328390423,0.08128026570084174
2021-04-07,1.4918420407691912,0.7696716889774249,0.7763716183573919,0.7481575123210205,0.7692250459507299,-0.4655653686224779,NTES,-0.018000115900084712,-0.11588878446980173,-0.17671750395972372,-0.24331407781342412,-0.20346079263289313,0.5734730947629368
2021-04-08,1.5339823985096497,0.7811359999618331,0.7902181201440208,0.775552734944512,0.7788282685960314,-0.9645666891722064,NTES,0.6966992227853853,0.06764556560939483,0.09753542947650823,0.19297327551476395,0.08075516204362151,-0.5490370370244536
2021-04-09,1.5068921685336407,0.7737661060418237,0.7852304170262321,0.7601429257685424,0.7836670528409825,-0.810700434494567,NTES,1.4113985614708553,0.0340846306704858,-0.03513362242617948,-0.1085474424724839,-0.05191388985906694,0.17147912948205543
2021-04-12,1.5290569426174985,0.7797960140858398,0.782252664324479,0.7611851306947696,0.7618550952348119,-0.7054899645239447,NTES,-1.4473987932710248,-0.15364448621207946,-0.020975434309392485,0.007341341997317104,0.04247496442349733,0.11778174764584304
2021-04-13,1.5690085550690542,0.7906647631707157,0.7981091165271438,0.7718305582662981,0.7728727631925253,-0.8928994955377785,NTES,-0.7326994545855547,0.07760898692280943,0.11169361759329671,0.07498690760671045,0.07655999516711649,-0.20515884452405408
2021-04-14,1.5878895435120264,0.7958013851613418,0.8173155618177462,0.7939402968222349,0.8065212153733803,-0.6626411341073869,NTES,-0.018000115900084712,0.23702132749866658,0.1352911312187867,0.15574206965033197,0.03618261418187242,0.2557868053375765
2021-04-15,1.558883660627579,0.7879103319823101,0.7940147562586536,0.7810615405254145,0.7911858656338293,-0.9147206591758403,NTES,0.6966992227853853,-0.10802294659463742,-0.16413200333020864,-0.09071858335703685,-0.05558496093085812,-0.2765297901373445
2021-04-16,1.5851532780471322,0.7950569611848807,0.7990024593764422,0.7866448055427355,0.7884314912413325,-0.9114745356594345,NTES,1.4113985614708553,-0.019401946675852332,0.035133622426178734,0.0393287893026845,0.05034120237179278,0.005252097200348267
2021-04-19,1.5859738906035874,0.7952802826982281,0.8122533992635388,0.793121413409355,0.7988535405036049,-0.8479226508160213,NTES,-1.4473987932710248,0.07341341997317179,0.09334026260000396,0.04562153961744129,0.0015730875604060412,0.07180659863114673
2021-04-20,1.5832380702770477,0.7945358587217671,0.7954291447751569,0.7855281411800895,0.7952802826982281,-0.6337145667723033,NTES,-0.7326994545855547,-0.025170201112764884,-0.11851086378589998,-0.05348737749260561,-0.005243758559063848,0.23807343623667615
2021-04-21,1.6434383587656687,0.8109134133875454,0.8121789398271201,0.7891759152177936,0.7898458797578358,-0.7695107338752832,NTES,-0.018000115900084712,-0.03828019762012418,0.1179863679080535,0.02569509706374398,0.11536428859195452,-0.14819742613441736
2021-04-22,1.7096589209292463,0.8289287348790833,0.8373408905212285,0.8114345158506591,0.8129233638035812,-0.4191097342988024,NTES,0.6966992227853853,0.16255891576980333,0.17724199983757016,0.1567906613328908,0.12690079746577665,0.3883783389894842
2021-04-23,1.7444104271239462,0.8383830954474559,0.8553562120127663,0.8369686501350436,0.8452318869043515,-0.9512575827549423,NTES,1.4113985614708553,0.22758280213622958,0.12690079746577665,0.1798636790805358,0.06659697392683452,-0.5856181296170994
2021-04-26,1.737843523549707,0.8365964097488586,0.8375642120345761,0.8196232931835481,0.8226010458853011,-0.9632682397656441,NTES,-1.4473987932710248,-0.15941274064899053,-0.12532770990536987,-0.12218153478455852,-0.012585500629516556,-0.01158555477646259
2021-04-27,1.7192362951947302,0.8315342471946514,0.8384574980879657,0.8247599151741744,0.8275887490030899,-0.7187630029021378,NTES,-0.7326994545855547,0.035133622426180226,0.006292350241622674,0.03618261418187242,-0.03565811830402446,0.2715099082473644
2021-04-28,1.7895617006940034,0.850666233048835,0.8583339647145193,0.8351820212323553,0.8374152931617383,-0.7379872677270749,NTES,-0.018000115900084712,0.0692186531697979,0.14001079397313818,0.07341382004630366,0.13476663534093947,-0.019546619540912167
2021-04-29,1.8122733272463212,0.8568450599656885,0.8695748973896715,0.8490285230189841,0.8662994205340612,-0.8371383071337395,NTES,0.6966992227853853,0.203461192706028,0.0791816744100836,0.09753542947650823,0.04352395617918953,-0.10775521713101349
2021-04-30,1.72908742954821,0.8342142189466382,0.842477455715946,0.8313109256813039,0.8362986287990926,-0.7849117865586757,NTES,1.4113985614708553,-0.21132703058119082,-0.19087569207651145,-0.12480361410065602,-0.15941274064898978,0.0593077269509609
2021-05-03,1.6839368236856844,0.8219310813452588,0.8435941200785919,0.8211121979323789,0.8326509115572972,-1.033492711837225,NTES,-1.4473987932710248,-0.025694696990609864,0.007865837875162828,-0.0718403324127665,-0.08652301640739996,-0.2726686737265865
2021-05-04,1.6483642597961745,0.8122533992635388,0.8351075617959366,0.8067445936826366,0.8252065582008692,-0.6778257785563523,NTES,-0.7326994545855547,-0.05243838573691267,-0.05977972773422977,-0.10120610047516529,-0.06817006148723982,0.39418991626753236
2021-05-05,1.6095072425582466,0.801682431128429,0.8164966784048665,0.8007890882791305,0.8121789398271201,-1.0538350858733687,NTES,-0.018000115900084712,-0.09176717503959717,-0.13109596434228168,-0.04195086861878423,-0.07446241172886472,-0.4133008827905883
2021-05-06,1.6661504304563408,0.8170922403043989,0.8172411023813275,0.7966946712147316,0.8014591096150816,-0.9228359679668551,NTES,0.6966992227853853,-0.07551100341142356,0.0052437585590645935,-0.028841272184555317,0.10854744247248538,0.1462425541787503
2021-05-07,1.668886918490412,0.8178366642808599,0.8336187138430146,0.8161244380186814,0.822303264935535,-0.8957849386634726,NTES,1.4113985614708553,0.14682724001947545,0.1153646886650879,0.136864218779192,0.005243758559063848,0.031523610923031874
2021-05-10,1.5506741965253652,0.7856770600529269,0.8158266570689153,0.7851559575898134,0.815156692528873,-0.7188712070193513,NTES,-1.4473987932710248,-0.050340802298660156,-0.12532810997850397,-0.21814347662752662,-0.22653381038053738,0.19691473140447183
2021-05-11,1.5755761263508254,0.7924513920734041,0.7969180495239877,0.7605151661547273,0.7672150387387856,-0.7725765171963332,NTES,-0.7326994545855547,-0.3377033321691195,-0.13319314770740157,-0.17357092876577826,0.04771872298256192,-0.05760050911498115
2021-05-12,1.5257731569766129,0.7789026712365411,0.8022779362320527,0.774882713608561,0.7864959434658068,-0.6033092098353013,NTES,-0.018000115900084712,0.13581562709663242,0.037755301669145834,0.10120570040203342,-0.09543784603825721,0.1884760027541553
2021-05-13,1.4403978462820672,0.7556763251138674,0.7870915053653391,0.7552296252912637,0.7709372154169997,-0.5567093033553412,NTES,0.6966992227853853,-0.10959643422817608,-0.10697395483894448,-0.13843730633959803,-0.1636075074523607,0.053098096434690226
2021-05-14,1.5452021107339309,0.7841881553040961,0.7883570318049138,0.7659495122992108,0.7670661766618568,-0.6650576927251558,NTES,1.4113985614708553,-0.027267784551016652,0.008914429557723145,0.07551140348455618,0.20083871331679343,-0.11790557470568672
2021-05-17,1.5331615633840168,0.7809126784484857,0.7815826429885279,0.7671406360982754,0.7810615405254145,-0.5667362182171283,NTES,-1.4473987932710248,0.09858402115906854,-0.04771912305569529,0.008390333753009299,-0.023072617674510885,0.11017893079579369
2021-05-18,1.634681374487463,0.8085312225853247,0.8161244380186814,0.7771905017702717,0.7996724239164846,-0.38993069069022046,NTES,-0.7326994545855547,0.13109596434228168,0.24331407781342412,0.07079174073020618,0.19454636307517,0.1967953154330051
2021-05-19,1.6798324254883432,0.8208144169826129,0.8262487631270963,0.789697017680907,0.7945358587217671,-0.7082672035324253,NTES,-0.018000115900084712,-0.0361822141087398,0.0713162366080519,0.08809650404093787,0.08652341648053333,-0.34965216999881393
2021-05-20,1.920908897515062,0.8863991518780533,0.8879624592673941,0.8494007066092604,0.8517828974114812,-0.1454975899048565,NTES,0.6966992227853853,0.4032509142671285,0.43471426576778277,0.42055567757786166,0.4619820503187972,0.6227520856548797
2021-05-21,1.8749372339577264,0.8738926359674177,0.8995756323287311,0.8729992931181193,0.8933224027713678,-0.7537850688402503,NTES,1.4113985614708553,0.29260628842952396,0.08180375372618108,0.16622958676846114,-0.08809650404093862,-0.6696471682058647
2021-05-24,1.7684917443929515,0.8449341059545853,0.8662249610976422,0.8421796747661796,0.8630238868825418,-0.38830762893201753,NTES,-1.4473987932710248,-0.21342421394630923,-0.23492374406041408,-0.21709488494496854,-0.2039852885107396,0.4050169643471838
2021-05-25,1.795034454192969,0.8521551377976659,0.8618327630834771,0.8394253003736831,0.8611627985434348,-0.5851309181434283,NTES,-0.7326994545855547,-0.013109596434228167,-0.030938855622807827,-0.01940194667585084,0.050865298176506625,-0.21554803404166079
2021-05-26,1.8456578135544601,0.8659271801478761,0.8745626573033689,0.8619072225198959,0.8671927065874506,-0.7462829167134455,NTES,-0.018000115900084712,0.04247496442349584,0.08966999167447803,0.15836374889329682,0.09701093359866177,-0.17618056878145763
2021-05-27,1.8467524087680887,0.8662249610976422,0.8712871236518497,0.8497729469954453,0.8637683108590029,0.03505901368545369,NTES,0.6966992227853853,-0.024121609430203077,-0.023073017747644253,-0.08547442472483964,0.002097583438252511,0.8639723480177021
2021-05-28,1.88971360163418,0.877912593595398,0.8820070106597969,0.8647361131447202,0.8697982189030188,-0.7603855199902756,NTES,1.4113985614708553,0.04247496442349658,0.07551140348455693,0.10540126735167181,0.08232824960402756,-0.8761969935195089
2021-06-01,1.9074999948635236,0.8827514346362578,0.8904191095060335,0.8575894839421496,0.8842402825891801,-0.38581893423610636,NTES,-0.7326994545855547,0.10173059635301325,0.0592552318563833,-0.05034120237179278,0.03408503074361916,0.41504790595039026
2021-06-02,1.828766816125122,0.8591528481273991,0.881262529887427,0.8515595758981336,0.8756048622295962,-0.7093492447045606,NTES,-0.018000115900084712,-0.060828319416788595,-0.06449939048858201,-0.04247496442349733,-0.16622958676846042,-0.3553841366292176
2021-06-03,1.7807577543194018,0.84612522975365,0.8602694556941364,0.8427007772292935,0.8468696537301111,-0.544806850461853,NTES,0.6966992227853853,-0.20241220095033358,-0.1478762317751669,-0.06240180705032801,-0.09176717503959717,0.18326150533344082
2021-06-04,1.8021562227260488,0.8519318162843184,0.8552072931399287,0.8407652862496763,0.842403053075436,-0.756598375887802,NTES,1.4113985614708553,-0.031462951427521674,-0.03565811830402744,-0.013633692238942759,0.0409018768630898,-0.23206724342789364
2021-06-07,1.7870680356322926,0.8478373992199195,0.8500707279452114,0.8351075617959366,0.8500707279452114,-0.9429619337685716,NTES,-1.4473987932710248,0.054011473297317966,-0.03618221410873905,-0.039853285180530225,-0.02884127218455457,-0.2040044901332089
2021-06-08,1.7689620330644433,0.8429241555385496,0.8600461341807889,0.8379363956248522,0.8572917597882921,-0.668375952319704,NTES,-0.7326994545855547,0.050865298176507374,0.0702672448523597,0.019926442553699547,-0.03460912654833301,0.3047075483151191
2021-06-09,1.6891306980055778,0.8212610600093078,0.8466463322167637,0.8197722120563857,0.8466463322167637,-0.49874796456796033,NTES,-0.018000115900084712,-0.07498690760671045,-0.09438885428256279,-0.12794938914833623,-0.15259589452951988,0.18887405599237778
2021-06-10,1.7656697897948228,0.8420308126892511,0.8482840422466146,0.8215588409590739,0.8253554770737068,-0.5892787426366137,NTES,0.6966992227853853,-0.14997381521342015,0.011536108800689502,0.012585100556380952,0.14630314421476234,-0.09824174473749624
2021-06-11,1.7651207116345908,0.8418818938164135,0.8482840422466146,0.8355542048226314,0.8434452580016631,-0.5859965510811366,NTES,1.4113985614708553,0.12742529334362163,0.0,0.09858402115906706,-0.0010489917556929399,0.005291902524170515
2021-06-14,1.7944746927122301,0.8498474064318641,0.8517084947709711,0.8339164379968719,0.844264141414543,-0.7507914215973426,NTES,-1.4473987932710248,0.005768254436911808,0.024122009503336445,-0.01153650887382138,0.05610945680870459,-0.18020090648750464
2021-06-15,1.7113511143837437,0.8272909680533236,0.8450085653910041,0.8224521838083724,0.8403185864270727,-0.8272917324673082,NTES,-0.7326994545855547,-0.02779268050199649,-0.04719462717784733,-0.08075476197048814,-0.15888864484427817,-0.08275747377064181
2021-06-16,1.649900654826609,0.8106156324377792,0.819325512233782,0.8019057526417765,0.8147844521426882,-0.6701793542732628,NTES,-0.018000115900084712,-0.1798636790805343,-0.18091267083622872,-0.14473005665435631,-0.11746187203020629,0.17506160862605774
2021-06-17,1.7036702520774563,0.8252065582008692,0.8272165654128137,0.8106156324377792,0.8164966784048665,-0.7089524962747777,NTES,0.6966992227853853,0.012061004751667851,0.05558496093085812,0.061352815294635814,0.10277918803557283,-0.04112110505257052
2021-06-18,1.6092995855158894,0.7995980212759746,0.8287798728021544,0.7891014557813748,0.8235687913751095,1.5964444250766898,NTES,1.4113985614708553,0.049816306420812945,0.011012012995974166,-0.15154690277382693,-0.1803877748852489,2.5459463061267864
2021-06-21,1.6238393621569451,0.803543519467536,0.8100945299746656,0.7958758445977606,0.801012409792478,-0.877678783049742,NTES,-1.4473987932710248,-0.1588882447711433,-0.13162046022012738,0.04771912305569455,0.02779228042886163,-2.72881637485457
2021-06-22,1.5686980710668155,0.7885803533182613,0.8080101201222112,0.7879847914187289,0.7935680564360499,-0.6721991644612487,NTES,-0.7326994545855547,-0.05243838573691267,-0.014682683994634209,-0.05558496093085812,-0.10540126735167106,0.22844054787169216
2021-06-23,1.585158619707386,0.7930469539729363,0.8107645513106168,0.7910370035569007,0.7910370035569007,-0.6623886578338887,NTES,-0.018000115900084712,-0.017828859115445544,0.0194023467489857,0.021499930187238957,0.031462951427520924,0.012496666135997384
2021-06-24,1.614511933077493,0.801012409792478,0.8089778656120198,0.7972157736778452,0.8011613286653155,-0.5275302597467593,NTES,0.6966992227853853,0.0713162366080519,-0.01258550062951432,0.04352355610605541,0.05610905673557122,0.1505017238277308
2021-06-25,1.5925657219256775,0.7950569611848807,0.8066701342462178,0.78381597171382,0.8033946005946987,-0.45896491747245255,NTES,1.4113985614708553,0.01573127567719378,-0.016255771555040995,-0.09438885428256279,-0.041950468545650856,0.0773395386424392
2021-06-28,1.7160154966310013,0.828556551288807,0.8363730882355113,0.804734586470692,0.8056279293199905,-0.1984454712613438,NTES,-1.4473987932710248,0.015731675750326402,0.2092290470698042,0.14735173589732192,0.235972735816107,0.28918347202444245
2021-06-29,1.810385940623391,0.8541650882137015,0.854760650113234,0.8188788692070871,0.828556551288807,-0.610775293923035,NTES,-0.7326994545855547,0.16151032408724228,0.12952287678187563,0.09963301291476075,0.1803877748852489,-0.45338484387959194
2021-06-30,1.824377306811746,0.8579617243283344,0.8607905581572498,0.8465718727803448,0.8502195900221402,-0.42098527233050353,NTES,-0.018000115900084712,0.15259549445638726,0.04247496442349584,0.19507085895301646,0.02674368874630355,0.21112523200901434
2021-07-01,1.7821296707278618,0.8464974133439261,0.8674160281007982,0.8437429821555206,0.8561006359892274,-0.7775899746272268,NTES,0.6966992227853853,0.04142637274093701,0.04667013130000235,-0.01992684262683217,-0.08075516204362151,-0.39188561857421894
2021-07-02,1.7711563425827768,0.8435196606421733,0.8571428409154547,0.8377875335479235,0.8449341059545853,-0.7955157900456016,NTES,1.4113985614708553,-0.078657578605369,-0.07236482829061147,-0.04195046854565011,-0.020975434309390997,-0.018113627883311244
2021-07-06,1.6699276519631505,0.8160500353781717,0.8263232225635152,0.80815898219914,0.8260999010501677,-0.5729038528982995,NTES,-0.7326994545855547,-0.1326690519026877,-0.2170948849449678,-0.20870495126509037,-0.19349737131947706,0.24734807668725992
2021-07-07,1.6092995855158894,0.7995980212759746,0.8261743604865864,0.7936425158724687,0.824536593660827,-0.7217566501450454,NTES,-0.018000115900084712,-0.011012012995974912,-0.0010485916825595711,-0.1022546921577271,-0.11588878446980173,-0.1626069533580711
2021-07-08,1.553061250951181,0.7843370741769335,0.7900692012711832,0.7757760564578595,0.7856770600529269,-0.3920226369563487,NTES,0.6966992227853853,-0.2737284375583862,-0.2543264908825339,-0.12585220578321707,-0.10749885078992431,0.36556988843933613
2021-07-09,1.634538262506503,0.8064468127328702,0.8079356606857925,0.7846348551266997,0.7954291447751569,-0.5272056473951187,NTES,1.4113985614708553,0.06869415729195291,0.12585220578321782,0.06240180705032875,0.15574206965033122,-0.14752073562943913
2021-07-12,1.6509985885778962,0.8109134133875454,0.8215588409590739,0.8067445936826366,0.8118067562368438,-0.9196259124895204,NTES,-1.4473987932710248,0.11536468866508715,0.09596234191610219,0.15574206965033272,0.031462951427521674,-0.43141230512971107
2021-07-13,1.7398822572131547,0.835033102359518,0.8458274488038839,0.8179111237172787,0.82185662190884,-0.7809803702999174,NTES,-0.7326994545855547,0.07079174073020618,0.1709492495228134,0.078657578605369,0.16990025776712045,0.15468128282906682
2021-07-14,1.7579880372118266,0.8399464028367966,0.848805144709728,0.8379363956248522,0.843221879692407,-0.9116909438938615,NTES,-0.018000115900084712,0.150497911018134,0.020975034236257628,0.14105898558256438,0.03460952662146489,-0.1425848754754804
2021-07-15,1.8013331619086437,0.8517084947709711,0.852899561774127,0.8373408905212285,0.8373408905212285,-0.7282488971778572,NTES,0.6966992227853853,-0.041425972667803644,0.028841272184555317,-0.004194766803372398,0.08285274548187477,0.2041194950162987
2021-07-16,1.7379623754903486,0.8345119998964042,0.8543884097270491,0.828556551288807,0.8537184451870068,-0.931203753031368,NTES,1.4113985614708553,0.11536428859195452,0.010487517118129187,-0.06187731117248303,-0.12113294310199896,-0.22231493909144293
2021-07-19,1.7420772344390199,0.8356286642590502,0.8395741624506117,0.8189533286435059,0.8242388127110607,-0.9341252641961334,NTES,-1.4473987932710248,-0.20765595950939816,-0.10435227559597887,-0.06764556560939186,0.007865837875163574,-0.001554613173256122
2021-07-20,1.7686873826997387,0.8428496961021309,0.8489540635825655,0.8271421059763949,0.838680876397222,-0.9058479215643309,NTES,-0.7326994545855547,0.10173059635301325,0.0660724780489873,0.05768214429597652,0.050865298176506625,0.0328769919329883
2021-07-21,1.7637496855028396,0.8415097102261374,0.842477455715946,0.8204421765964279,0.8370431095714622,-0.9235212607092075,NTES,-0.018000115900084712,-0.01153650887382287,-0.04562153961744129,-0.04719462717784807,-0.009438925435569616,-0.017834990616555507
2021-07-22,1.7503069523363621,0.837861992984342,0.8440407631052866,0.8310876041679565,0.8435196606421733,-1.009218921542323,NTES,0.6966992227853853,0.04562113954431016,0.011012012995974166,0.07498690760671045,-0.02569469699061061,-0.09290783134531502
2021-07-23,1.502858324765482,0.7707138939036521,0.8112856537737303,0.7661728338125584,0.807712339172445,1.1162706209221154,NTES,1.4113985614708553,-0.252228507371148,-0.2307285771839083,-0.45726278763757905,-0.47299446338790624,2.347397350901414
2021-07-26,1.1152251686223573,0.6655252014238507,0.7270899786913111,0.6622496677723315,0.7209111517744575,2.784922380511031,NTES,-1.4473987932710248,-0.6114317697275057,-0.5930784147342122,-0.7320398168785256,-0.740954246436248,1.8432231193688222
2021-07-27,1.0855972048875453,0.6574852861678903,0.662398586645169,0.6141591519053153,0.6221990671612757,2.488875915814813,NTES,-0.7326994545855547,-0.695332706818806,-0.4556893000040411,-0.33875192385167985,-0.05663355261341769,-0.32505247987666475
2021-07-28,1.4098591294740208,0.7454775405690337,0.7540385582881077,0.6976103462153649,0.7067669258339712,1.8012387509228307,NTES,-0.018000115900084712,0.5957000939771778,0.6455164003979923,0.587834256102015,0.6198217034073824,-0.75721888061481
2021-07-29,1.4307085197204354,0.7511352650227735,0.7626739786476918,0.7358743179237324,0.7543363392378738,-0.14856337322590651,NTES,0.6966992227853853,0.33508125285302126,0.06082831941679009,0.26953327068188043,0.039853285180530974,-2.1501663824505526
2021-07-30,1.466646319629784,0.7608873497450034,0.7704905723903047,0.7396709540383651,0.7416065018138911,-0.4308318469969348,NTES,1.4113985614708553,-0.08966959160134316,0.055060465053010904,0.026743688746302806,0.06869415729195291,-0.30984684617656605
2021-08-02,1.5442826774627842,0.781954883374713,0.7904414416573682,0.7623017950574156,0.7658006502222823,-0.5508302129867394,NTES,-1.4473987932710248,0.17042475364496618,0.14053488977785128,0.15941274064899053,0.14840072765301485,-0.1307626943002728
2021-08-03,1.2156310209937558,0.6927715051745049,0.7186034204086557,0.6842849468918497,0.7135412578544482,1.10292544646578,NTES,-0.7326994545855547,-0.3681176919140824,-0.5060305023758339,-0.5495544585550227,-0.6282120371603918,1.8267835206302339
2021-08-04,1.2145339775191777,0.6924737242247387,0.7136901767272859,0.6865182756171415,0.6971637031886699,-0.09236936835301332,NTES,-0.018000115900084712,-0.11536428859195452,-0.034609126548332265,0.015731675750326402,-0.0020975834382532563,-1.317478813412949
2021-08-05,1.0688626735898017,0.6529442260767965,0.6651529610376657,0.64862648749905,0.6651529610376657,0.3113041249315954,NTES,0.6966992227853853,-0.22548521869797783,-0.341898499045626,-0.26691159143891485,-0.2784477002396036,0.4471708022749443
2021-08-06,1.0493849771826698,0.6476587420092416,0.6597186148931822,0.6403632507297422,0.6521253426639166,-0.3968918222309576,NTES,1.4113985614708553,-0.09176717503959717,-0.03827979754699156,-0.05820664017382373,-0.03723120586443199,-0.7799079151934913
2021-08-09,1.1988967122651895,0.6882304450834111,0.6923993215842288,0.6558475193421307,0.6581553075038414,-0.3173617960790131,NTES,-1.4473987932710248,0.042475364496629954,0.2302044813791967,0.10907193835033036,0.2857890422369214,0.08944035708440255
2021-08-10,1.1687198929393225,0.6800416677505219,0.699024791527777,0.6709595475683342,0.6888260069829434,-0.5624801896067294,NTES,-0.7326994545855547,0.21604589318927483,0.04667013130000086,0.10644985903423063,-0.057682144295978004,-0.2688473626396507
2021-08-11,1.2139855670664772,0.69232486214781,0.6932182049971086,0.677361695998535,0.6918037596846964,-0.4806778769933009,NTES,-0.018000115900084712,0.020975434309391743,-0.0409018768630898,0.04509704373959556,0.08652341648053258,0.09194809248520416
2021-08-12,1.1865523579883532,0.684880508791382,0.6862204946673753,0.6708851449278245,0.6763939505087266,-0.5403704816560981,NTES,0.6966992227853853,-0.1085474424724839,-0.04929221061610133,-0.045621139544307174,-0.05243838573691267,-0.0642081928694743
2021-08-13,1.1223578430451215,0.6674607491993765,0.6839127633015736,0.6644085370612047,0.6754262050189181,-0.5616866927471635,NTES,1.4113985614708553,-0.0068168461194706344,-0.016255771555039503,-0.04562153961744278,-0.12270563058927163,-0.021855328322602546
2021-08-16,1.0038453203983422,0.6353010881755348,0.6468398585963618,0.6267401272523696,0.6468398585963618,0.03697061975622605,NTES,-1.4473987932710248,-0.201363609267774,-0.26114333700200454,-0.2653381038053754,-0.22653421045367075,0.6623583828580164
2021-08-17,0.9605013085474112,0.6235390530372691,0.6338866996590314,0.6072359010120009,0.6137125088786204,0.38823725227041517,NTES,-0.7326994545855547,-0.23335065650000802,-0.0912426791617507,-0.1373887146570392,-0.08285234540874066,0.3893336667612181
2021-08-18,0.9605013085474112,0.6235390530372691,0.629568961081285,0.6125958445159745,0.6206357597719349,0.06149688632462615,NTES,-0.018000115900084712,0.048767714738254114,-0.030414359744961355,0.037755701742278464,0.0,-0.35892681044939767
2021-08-19,0.8277232144859263,0.5875083532582848,0.6047048481328515,0.5804362402880416,0.6010570740951474,0.7501078882715303,NTES,0.6966992227853853,-0.13791321053488567,-0.1751440163261843,-0.22653381038053738,-0.25380199500468664,0.7616328604707027
2021-08-20,0.8746345651095369,0.6002381906822677,0.6084270248110656,0.5856472649191777,0.5878805936444697,0.935677949292734,NTES,1.4113985614708553,-0.09281576672215675,0.026219192868456333,0.03670670998658552,0.08966959160134466,0.20646800912181132
2021-08-23,0.9950671920482994,0.6329188973733142,0.6385021623906352,0.6115536395897473,0.6139358303919679,-0.049448401858313146,NTES,-1.4473987932710248,0.18353435007919433,0.21185072631276983,0.18248575839663478,0.23020448137919594,-1.0855331915007105
2021-08-24,1.2043832650531432,0.6897193498322419,0.6932926076376184,0.6646318585745522,0.6667907278634254,0.9107549342945509,NTES,-0.7326994545855547,0.3723124587174533,0.3859465510295272,0.3738855462778593,0.400105139219449,1.0613669488522293
2021-08-25,1.1851799964415388,0.6845082684051971,0.6859227137176092,0.6671629682496103,0.6748306431193858,-0.11559718551485107,NTES,-0.018000115900084712,0.05663355261341769,-0.051913889859065455,0.01782925918857966,-0.03670711005971814,-1.13103067662954
2021-08-26,1.1662513781946389,0.6793717032104797,0.68264718006609,0.6727462332669315,0.6813071941900966,-0.6553193221759381,NTES,0.6966992227853853,0.045621139544308666,-0.023073017747643507,0.03932878930268525,-0.03618221410873905,-0.5939772476197714
2021-08-27,1.2074013030964135,0.6905382332451219,0.7026725087695723,0.684880508791382,0.684880508791382,-0.45341043945549137,NTES,1.4113985614708553,0.025170601185896764,0.141059385655697,0.08547442472483889,0.078657578605369,0.22449982081328962
2021-08-30,1.1212603544321889,0.6671629682496103,0.6704384451052207,0.6294945016448663,0.6297178231582138,0.9698704503322094,NTES,-1.4473987932710248,-0.3885686303456269,-0.22705830625838386,-0.3901417179060329,-0.16465649920805586,1.57242750140607
2021-08-31,1.335240364545936,0.7252288903522041,0.7269411166143822,0.6886026854695959,0.6969403816753227,0.7251127371952049,NTES,-0.7326994545855547,0.47351895926575416,0.3980075557811965,0.4163609107744893,0.40901916870403954,-0.26844930940142825
2021-09-01,1.3209754608387623,0.7213578515970612,0.7399687349881313,0.7172634345326623,0.7252288903522041,0.06431019337217793,NTES,-0.018000115900084712,0.19926562575638812,0.09176717503959717,0.2018877050724871,-0.027267784551016652,-0.7276037196910576
2021-09-02,1.26638280277051,0.7065436043206238,0.7181567773819608,0.7023747278198061,0.7072135688606661,-0.30170826712212245,NTES,0.6966992227853853,-0.1269007974657774,-0.15364448621207946,-0.10487677147382533,-0.10435227559597887,-0.40227480809182564
2021-09-03,1.2137111392709499,0.6922504027113912,0.7023747278198061,0.6847316467144532,0.6997692155042381,-0.0941006342284298,NTES,1.4113985614708553,-0.05243838573691267,-0.11116952178858287,-0.12427871814967767,-0.10068200467045443,0.23078906197720478
2021-09-07,1.2888780920825578,0.7126479718010584,0.7264944167917786,0.7098190811762342,0.7169656535828962,-0.029791320564521884,NTES,-0.7326994545855547,0.12113254302886634,0.1699002577671197,0.17671710388659034,0.14368146497179748,0.07264251043141394
2021-09-08,1.153083295392866,0.6757983886091943,0.6982803675513158,0.6696940211287596,0.6907615547584691,0.2598350331770264,NTES,-0.018000115900084712,-0.18458294176175466,-0.1987411298785424,-0.2826428671161086,-0.25957024944159773,0.3213063683489965
2021-09-09,1.101782658025057,0.6618774841820554,0.669917342642107,0.6290478586181715,0.6352266855350248,1.0998235951056587,NTES,0.6966992227853853,-0.3911903095885925,-0.19979052170736722,-0.2863135381147672,-0.09805952528122133,0.9286958045526771
2021-09-10,1.089163653383516,0.6584530316576988,0.6753517455824994,0.6484031659857027,0.6598674769701109,0.49478223968667095,NTES,1.4113985614708553,0.17357092876577826,0.03828019762012493,0.13633972290134627,-0.02412200950333719,-0.6660646890618623
2021-09-13,1.0883383668743387,0.6564430812416631,0.6678329327896526,0.6448299081803262,0.6515297807643843,-0.07704045174776326,NTES,-1.4473987932710248,-0.0587311360516702,-0.052962881614759136,-0.025170201112763396,-0.014158188116787738,-0.6294039858215721
2021-09-14,0.9876587544149444,0.6291967206951001,0.6453510106434397,0.6283778940781292,0.6420010175555018,0.583221071489196,NTES,-0.7326994545855547,-0.06712106973154687,-0.15836374889329757,-0.115888784469801,-0.19192468383220437,0.7303458759464158
2021-09-15,0.9997627339803696,0.6324722543466192,0.6363433498976708,0.6144569328550815,0.6178813285835294,0.49301490577218327,NTES,-0.018000115900084712,-0.1699002577671197,-0.06345039873288832,-0.0980599253543547,0.023073017747644253,-0.09788349682309601
2021-09-16,0.9827077030674115,0.6278567348191068,0.6335889187092653,0.6189979929461753,0.6257723249666522,0.4460543189015113,NTES,0.6966992227853853,0.05558456085772475,-0.0194023467489857,0.0319874473053674,-0.03251194318321387,-0.05015691356022079
2021-09-17,0.9425459853125483,0.6169879857342309,0.6248045794768438,0.6067147985488872,0.6239112366275452,0.049919045782778455,NTES,1.4113985614708553,-0.013109596434228167,-0.06187731117248228,-0.08652341648053258,-0.07655999516711649,-0.4355122534834026
2021-09-20,0.8649730596950591,0.59599491154094,0.6154991377813087,0.5870617102315898,0.5986004806524169,-0.12443385508728935,NTES,-1.4473987932710248,-0.17829019144699637,-0.06554798217114084,-0.13843730633959878,-0.1478762317751684,-0.19074931730040035
2021-09-21,0.8619472317305856,0.5951760281280603,0.5998660070919916,0.589220579520463,0.5953249470008977,-0.4925081938086468,NTES,-0.7326994545855547,-0.023073017747644253,-0.11012053003288994,0.015207179872480677,-0.005768254436911063,-0.40454371154969376
2021-09-22,0.8999086305993301,0.6054492721093125,0.612372523002627,0.5992704451924592,0.5992704451924592,-0.21067253650647266,NTES,-0.018000115900084712,0.027792280428862375,0.08809650404093862,0.07079174073020543,0.07236522836374484,0.3127084184033909
2021-09-23,0.9070604459713363,0.6073847630889295,0.6108836182537961,0.6017270954310986,0.6085758868879942,-0.5971776431932013,NTES,0.6966992227853853,0.06554798217114084,-0.010487917191262556,0.01730476331073319,0.013633692238941269,-0.4248842320228624
2021-09-24,0.900183503533212,0.6055236747498225,0.6066403391124685,0.5930916182756057,0.5983026997026507,-0.20695752848214147,NTES,1.4113985614708553,-0.07236482829061147,-0.029889863867114886,-0.06082871948992271,-0.013109596434228167,0.4323234164892458
2021-09-27,0.9730793604603414,0.6252512225035387,0.6265168057390221,0.6003871095551051,0.6069381200622347,0.02625841215208659,NTES,-1.4473987932710248,0.060828319416789345,0.14001079397313818,0.051389794054353094,0.13896180221744525,0.2590508418910008
2021-09-28,0.9923353779669499,0.6304623039305836,0.6364922119745995,0.6074592225253483,0.6226457101879707,1.6606455346233844,NTES,-0.7326994545855547,0.1106450259107364,0.07026724485235895,0.04981630642081369,0.03670711005971889,1.8054080617376866
2021-09-29,0.9100862739358097,0.6082036465018094,0.6456487915932059,0.6076825440386957,0.6312067279070447,0.660803423531297,NTES,-0.018000115900084712,0.06030422361207624,0.06449939048858126,0.0015730875604060412,-0.15679106140602492,-1.1017737636201876
2021-09-30,1.0118662684074404,0.6357477879981385,0.6442343462807938,0.6178813285835294,0.6216035052617433,0.7330116377517926,NTES,0.6966992227853853,-0.06764556560939335,-0.009963421313416085,0.07184073248589837,0.1940222672704569,0.08135987634848622
2021-10-01,0.9678536587481037,0.6238368339870353,0.6365666714110182,0.6128936254657407,0.6324722543466192,-0.27783122525700354,NTES,1.4113985614708553,0.07655999516711649,-0.05401147329731871,-0.03513362242617948,-0.0839013371644336,-1.1139143873859734
2021-10-04,0.9221898083628803,0.6114791801533285,0.616169102321351,0.6018759575080272,0.6109580776902149,-0.18477568445336784,NTES,-1.4473987932710248,-0.15154690277382693,-0.14368146497179674,-0.07760898692280943,-0.08704791235837905,0.1043673535177455
2021-10-05,0.9507984052659683,0.6192213144595228,0.6251023604266099,0.6120002826164421,0.6192213144595228,-0.2833135671958224,NTES,-0.7326994545855547,0.05820664017382373,0.06292630292817522,0.0713162366080519,0.05453596917516518,-0.10707852662603529
2021-10-06,1.1029175382597645,0.6603885794332245,0.6616541058727992,0.6126703039523932,0.6145313922915002,0.7665549140879868,NTES,-0.018000115900084712,-0.033036038987926966,0.25747226593021183,0.004719662754351492,0.2899842091134257,1.1603229838743376
2021-10-07,1.3051009368418443,0.7151045652437892,0.7160723675295062,0.6696195616923408,0.6699918020785258,1.9120758349885565,NTES,0.6966992227853853,0.39066581371074605,0.38332487178656155,0.4011533308288752,0.3854220551516822,1.265886702650939
2021-10-08,1.312253197352205,0.7170401130193148,0.724782247325509,0.7063946854477863,0.7127223744415683,1.0198968205239314,NTES,1.4113985614708553,0.30099622210940064,0.061352815294636556,0.25904575356375126,0.013634092312073891,-0.9829548720107777
2021-10-11,1.3034508089618437,0.7146579222170942,0.732598841068122,0.7038636325686369,0.7290255264668367,1.194790741980067,NTES,-1.4473987932710248,0.11484019278724217,0.05506046505301165,-0.017828859115447036,-0.016780267432886718,0.19468563327042596
2021-10-12,1.2720914795973417,0.7061713639344389,0.7229211589864021,0.702746968205991,0.7136901767272859,0.22337024567606684,NTES,-0.7326994545855547,-0.10802294659463667,-0.06817006148723982,-0.007865837875162828,-0.05977972773422977,-1.0704071684482563
2021-10-13,1.296023452948424,0.7126479718010584,0.7295466289299503,0.7073624309375948,0.715476805629974,-0.5779894464073354,NTES,-0.018000115900084712,0.012585100556380952,0.046670131300001604,0.0325115431100805,0.04562153961744204,-0.8827250666263575
2021-10-14,1.2885960969350043,0.710637964589114,0.7192734417446068,0.7040869540819843,0.7162956890428538,-0.6913873612471148,NTES,0.6966992227853853,0.005768254436911063,-0.07236482829061072,-0.023072617674511627,-0.014158588189921106,-0.12347832004080142
2021-10-15,1.2913470519655958,0.7113823885655751,0.7198689468482304,0.7021514063064587,0.7080324522735459,-0.3144402849142478,NTES,1.4113985614708553,-0.05820664017382373,0.004194766803371653,-0.013634092312073891,0.005243758559065339,0.41767505732265864
2021-10-18,1.3557158385746002,0.7288022049534892,0.7414575829410535,0.7081069117099648,0.7084046926597308,-0.059691724954527306,NTES,-1.4473987932710248,0.002622079316098981,0.15207139865167266,0.04195086861878423,0.12270603066240425,0.2828146202128828
2021-10-19,1.4242106125911385,0.7473386289081407,0.7500186006601275,0.7317799576552422,0.7377354062628394,0.48381755580903324,NTES,-0.7326994545855547,0.2066069677537052,0.06030422361207624,0.16675408264630612,0.1305714684644352,0.6014960427337994
2021-10-20,1.451168636475871,0.7546341201876402,0.7682572436650128,0.7477108692943255,0.7518796889992345,0.4563337100367967,NTES,-0.018000115900084712,0.09963301291476075,0.12847388502618343,0.11221811347114244,0.05138979405435384,-0.028662038696206933
2021-10-21,1.461621820453764,0.7574629540165555,0.7635673214969902,0.7477852719348357,0.7518052295628157,-0.246884847733934,NTES,0.6966992227853853,-0.0005244958778472151,-0.033036038987927716,0.0005240958047145915,0.019926442553698055,-0.7744147805060211
2021-10-22,1.4751006098269532,0.7611106712583507,0.8039157030578121,0.7571651730667893,0.7817315618613656,-0.24969815478148577,NTES,1.4113985614708553,0.21080253470334512,0.2842159546765139,0.06607247804898655,0.02569469699060912,-0.0014351972017893782
2021-10-25,1.481702679331196,0.7628973569569479,0.7790515901093787,0.7609618091814222,0.7719050177027167,-0.6147788462599355,NTES,-1.4473987932710248,-0.06921865316980087,-0.17514401632618354,0.026743688746302806,0.01258550062951581,-0.4012398696724472
2021-10-26,1.3832236083270975,0.7362465583099174,0.7619295546712306,0.7336410459943492,0.7570907136303707,-0.4421932793043554,NTES,-0.7326994545855547,-0.10435267566911074,-0.12060844722415248,-0.19244877963691823,-0.18772951695569937,0.19213809254580208
2021-10-27,1.423110230578901,0.7470408479583746,0.7618550952348119,0.7261222332015025,0.727834402667772,-0.5115160503991569,NTES,-0.018000115900084712,-0.20608287194899286,-0.0005244958778464699,-0.05296288161475839,0.07603549928927002,-0.07483621433001449
2021-10-28,1.4129321421040677,0.7442864735658777,0.7491252578108288,0.737139844363307,0.7383309681623718,-0.7703402987739203,NTES,0.6966992227853853,0.07393831592415089,-0.08966959160134541,0.07760858684967606,-0.019401946675852332,-0.2839733856921049
2021-10-29,1.347187877979767,0.7264944167917786,0.737884325135677,0.7214323110334799,0.7314077172690573,-0.4071712133662429,NTES,1.4113985614708553,-0.048767714738254114,-0.07918167441008062,-0.11064462583760303,-0.12532810997850397,0.40246942362255994
2021-11-01,1.4872041442540245,0.76438620490987,0.7698950104907725,0.7332688056081643,0.7334176676850931,-0.5048434631709892,NTES,-1.4473987932710248,0.014158188116787738,0.22548481862484446,0.08337684128658712,0.26691159143891485,-0.10612319885430134
2021-11-02,1.4214598801297238,0.7465942049316796,0.7635673214969902,0.7446586571561539,0.7562718302174909,-0.6492238235729092,NTES,-0.7326994545855547,0.16098582820939655,-0.04457254786174984,0.08023066616577504,-0.12532770990537062,-0.15767109320411235
2021-11-03,1.4789512791622497,0.7621528761845779,0.7634184594200614,0.7445097950792253,0.7511352650227735,-0.731675360889619,NTES,-0.018000115900084712,-0.03618221410873905,-0.0010485916825603164,-0.0010485916825588258,0.10959603415504271,-0.08932535220131271
2021-11-04,1.448692776948339,0.7539640988516889,0.779721554649421,0.7526985724121142,0.7749571730449798,-0.7447319910333849,NTES,0.6966992227853853,0.1678026743288672,0.11483979271410805,0.05768214429597652,-0.05768214429597652,-0.012739909167307778
2021-11-05,1.4550197509495217,0.7556763251138674,0.7701183320041198,0.7499441412237087,0.7568673921170233,-0.8812495189177885,NTES,1.4113985614708553,-0.12742529334362238,-0.06764556560939186,-0.019402346748986447,0.012061004751669342,-0.14899353261086232
2021-11-08,1.5100359581620468,0.7705650318267235,0.7727239011155965,0.7621528761845779,0.7702672508769572,-0.8213405060205641,NTES,-1.4473987932710248,0.09438925435569541,0.01835375506642464,0.0859989206026861,0.10487677147382533,0.0677862609250997
2021-11-09,1.4363141470182088,0.7506141625596597,0.7708628127764895,0.7466686643680983,0.7675872791249704,-0.7191958193709919,NTES,-0.7326994545855547,-0.018877850871139232,-0.013109596434228167,-0.109071538277197,-0.14053488977785278,0.11439829512095197
2021-11-10,1.5009582516994497,0.768108381588084,0.7877614699053814,0.7657261907858635,0.7818059645018754,-0.44670178418825246,NTES,-0.018000115900084712,0.10015710871947385,0.11903495959061382,0.1342421394630945,0.12323012646711884,0.3023988395334287
2021-11-11,1.6959893897711689,0.8208888196231228,0.8231221483484147,0.7946102613622771,0.796173568751618,-0.13384761328486644,NTES,0.6966992227853853,0.10120610047516752,0.2490823322503352,0.2034607926328924,0.3717879628396068,0.3469409968905241
2021-11-12,1.7201964586253105,0.8274398869261611,0.836894190698625,0.8176877454080224,0.8289287348790833,-0.24634382714786635,NTES,1.4113985614708553,0.23072897725704167,0.0970109335986625,0.16255891576980333,0.04614603549528851,-0.12248318694524522
2021-11-15,1.7210219677036651,0.8276632084395086,0.8423285936390172,0.8155289329150579,0.8377130741115046,-0.4130863717739159,NTES,-1.4473987932710248,0.06187731117248228,0.03828019762012418,-0.015206779799348055,0.0015730875604060412,-0.18235039397390604
2021-11-16,1.721296840637547,0.8277376678759272,0.8737437738904892,0.813295604189766,0.8644383321949541,0.6210203764357891,NTES,-0.7326994545855547,0.18825401283354656,0.22129005182147354,-0.015731675750326402,0.0005244958778457248,1.1429280573640153
2021-11-17,1.757057698050996,0.8374152931617383,0.8543140070865393,0.8301198586781481,0.8384574980879657,-0.2964423334177307,NTES,-0.018000115900084712,-0.18301025427448273,-0.13686421877919275,0.11851086378590071,0.06816966141410645,-1.0108584040101736
2021-11-18,1.7556819979665221,0.8370431095714622,0.8456040704946276,0.8207399575461941,0.8301942613186579,-0.43490753541197774,NTES,0.6966992227853853,-0.05820664017382299,-0.06135321536776993,-0.06607247804898805,-0.002621679242965612,-0.1511430200972637
2021-11-19,1.8412318028960182,0.8601950530536262,0.8654805371211813,0.8410630671994426,0.8447852438776566,-0.5999548822016819,NTES,1.4113985614708553,0.10277958810870619,0.14001079397313893,0.14315696909395026,0.16308341164764906,-0.1804795437542604
2021-11-22,1.778238271233132,0.8431474770518972,0.8798481413709236,0.8351820212323553,0.8652572156078338,-0.46772945096674845,NTES,-1.4473987932710248,0.14420556077650984,0.10120610047516529,-0.04142637274093776,-0.12008395134630452,0.1475959351887067
2021-11-23,1.731474929112381,0.8304920422684242,0.8598228126674414,0.8259509821773303,0.848805144709728,-0.2604464304246964,NTES,-0.7326994545855547,-0.11588918454293436,-0.141059385655697,-0.06502388636642624,-0.08914549579663156,0.23043081406280455
2021-11-24,1.7889665507140842,0.8460507703172313,0.8579617243283344,0.8260999010501677,0.8365964097488586,-0.48583560658047914,NTES,-0.018000115900084712,-0.08599892060268685,-0.013109596434228167,0.0010489917556921948,0.10959643422817608,-0.24707385050888112
2021-11-26,1.80767193207622,0.8511129328714386,0.8536439857505882,0.8356286642590502,0.8419563532528324,-0.6638313793967358,NTES,1.4113985614708553,0.037755701742279206,-0.030414359744960612,0.06712106973154687,0.0356581183040252,-0.19476965500644738
2021-11-29,1.6918636249328134,0.8197722120563857,0.8524529187474322,0.8022779362320527,0.8493262471728417,-0.3127450870779025,NTES,-1.4473987932710248,0.0519138898590662,-0.008389933679876675,-0.23492414413354742,-0.22076555594362485,0.3891346401421069
2021-11-30,1.6321870417182205,0.8019802120781953,0.8305665017048428,0.7986302189902573,0.8012357313058253,0.6279093718983839,NTES,-0.7326994545855547,-0.33875192385168057,-0.15416898208992666,-0.025694696990609864,-0.12532770990537134,1.0397924633405708
2021-12-01,1.744649243851117,0.8323531306075311,0.8535695831100781,0.826025441613749,0.8317576255039075,-0.3622304366835568,NTES,-0.018000115900084712,0.21499770157984938,0.1620348199650895,0.19297327551476395,0.21394830975102308,-1.091066131512003
2021-12-02,1.6250198690729853,0.8000446643026695,0.8467207348572735,0.78872921539519,0.8389786005510794,0.2490867575338158,NTES,0.6966992227853853,0.050864898103374,-0.04824361893354176,-0.26271642456240907,-0.2275824020630977,0.6763300515196254
2021-12-03,1.4204928170546496,0.7448075760289913,0.7814337809115993,0.7354276748970375,0.7685550246147788,1.227504453417624,NTES,1.4113985614708553,-0.4960670810624193,-0.4598844668805447,-0.3754586338382661,-0.38909272615034074,1.0814686373824645
2021-12-06,1.5315773159804773,0.7748083109680509,0.7781582472600802,0.729695491006879,0.7430208903303944,0.17392096410948368,NTES,-1.4473987932710248,-0.1798636790805343,-0.023073017747644253,-0.04037778105837744,0.21132663050805672,-1.161083696115337
2021-12-07,1.6214365053195454,0.7990768620169522,0.8103923109244318,0.7899203391942546,0.8078612012493737,-0.16086257454917774,NTES,-0.7326994545855547,0.4567382917597326,0.22705830625838386,0.4242267486496528,0.17094884944968003,-0.36780339766175896
2021-12-08,1.5781603770676704,0.7873892295191965,0.7928980918960077,0.7795726925724923,0.7902925795804395,-0.07577807038027208,NTES,-0.018000115900084712,-0.1237542222718312,-0.12323012646711735,-0.07288932416845793,-0.08232824960402756,0.09557037695302872
2021-12-09,1.5100766883214807,0.7690017244373825,0.7853792791031607,0.7598451448187762,0.7722772012929928,-0.06405595768213967,NTES,0.6966992227853853,-0.12690119753891077,-0.052962881614759885,-0.13896180221744525,-0.129522476708743,0.014606348298576521
2021-12-10,1.4973971448637327,0.7655772719130259,0.785974841002693,0.7593985017920815,0.7757760564578595,1.1532403609700714,NTES,1.4113985614708553,0.024646105308051038,0.0041951668765042765,-0.003146175120811337,-0.024122009503336445,1.3450992970572122
2021-12-13,1.5020828937520043,0.7668428551485095,0.7719794203432269,0.7465942049316796,0.7590262614058964,-0.41095835746871645,NTES,-1.4473987932710248,-0.1179863679080535,-0.09858442123219968,-0.09019408747919187,0.00891482963085726,-1.7246076654669005
2021-12-14,1.497672462935969,0.7656517313494446,0.7704905723903047,0.7500186006601275,0.756569611167257,-0.7022799090466101,NTES,-0.7326994545855547,-0.017304763310733936,-0.010487517118129931,0.024121609430203823,-0.008390333753010789,-0.31983798245595024
2021-12-15,1.4317942121669747,0.7478597313712543,0.7636417809334088,0.7346087914841577,0.7610362686178409,0.07704221116430328,NTES,-0.018000115900084712,0.03146335150065504,-0.048243218860408395,-0.1085474424724839,-0.12532770990537062,0.8617432498836561
2021-12-16,1.3871399355696772,0.7357998584873137,0.7625995760071816,0.7299932719566453,0.7518796889992345,-0.09619258049455805,NTES,0.6966992227853853,-0.06449939048858126,-0.007341341997317104,-0.03251194318321312,-0.08495032892012654,-0.18951535226191066
2021-12-17,1.2468374453334994,0.6979081271651311,0.7220278161371034,0.6832427419656223,0.7220278161371034,1.3607758577856217,NTES,1.4113985614708553,-0.2102780388254979,-0.28578944231005404,-0.32931299841611095,-0.26691119136578145,1.6096056738560496
2021-12-20,1.1511894542637962,0.6720762119309802,0.6951536959767254,0.6685029541256037,0.6883793639562485,0.9059578850980845,NTES,-1.4473987932710248,-0.23702132749866583,-0.1893026045161054,-0.1038277797181324,-0.1819612625187883,-0.5002755153421999
2021-12-21,1.3435884892455658,0.7240378233490481,0.7295466289299503,0.6910593357082352,0.6987270105780108,1.3154022646340815,NTES,-0.7326994545855547,0.07288932416845793,0.2422654861308653,0.1588882447711433,0.36602010847582983,0.453539654086504
2021-12-22,1.3535119585816457,0.726717795101035,0.7311099363192911,0.7072135688606661,0.7109357455388802,-0.6718745521096081,NTES,-0.018000115900084712,0.0859989206026861,0.011012012995975656,0.11379120103154923,0.018877850871139232,-2.191524113901868
2021-12-23,1.3595754106769862,0.7283555051308856,0.7313332578326385,0.7083302332233121,0.7194967632579542,-0.5874392726439837,NTES,0.6966992227853853,0.06030422361207624,0.0015730875604052959,0.007865837875163574,0.011536108800688012,0.09485388112422827
2021-12-27,1.348550223913606,0.7253778092250412,0.7369909822863784,0.7192734417446068,0.7208367491339475,-1.0271447369606979,NTES,-1.4473987932710248,0.00943892543556887,0.03985328518053172,0.0770844910449637,-0.020975034236259116,-0.4835970846606781
2021-12-28,1.3405562067749532,0.7232189399361683,0.7280577809770281,0.7094468975859579,0.7212833921606424,-0.6892954149809865,NTES,-0.7326994545855547,0.0031461751208128274,-0.0629259028550426,-0.06921865316980087,-0.015207179872479933,0.3745260862993419
2021-12-29,1.2881841213879472,0.7090746571997731,0.7231444804997494,0.7007369609940465,0.7195712226943729,-0.8760917893306102,NTES,-0.018000115900084712,-0.012060604678535227,-0.03460952662146563,-0.061353215367769186,-0.09963301291476075,-0.20448215401907588
2021-12-30,1.522480691137815,0.7723516607294116,0.7880592508551476,0.7168167915059673,0.7204645087477627,-0.13972670365346823,NTES,0.6966992227853853,0.006292350241624165,0.4572627876375798,0.11326710522683613,0.4457262787637577,0.8143351092113589
2021-12-31,1.4681789309842055,0.757686275529903,0.7705650318267235,0.7515819080494683,0.7570907136303707,-0.7379872677270749,NTES,1.4113985614708553,0.2579967618080591,-0.12323012646711735,0.24488716537383015,-0.10330368391341929,-0.6585812881832798
2022-01-03,1.4367559468350153,0.7491997172472477,0.7571651730667893,0.7349810318703427,0.7550063037779163,-0.9067135545020392,NTES,-1.4473987932710248,-0.014682683994634209,-0.0943892543556969,-0.11693737615236056,-0.05977972773422977,-0.1845396867841297
2022-01-04,1.3529602095912872,0.7265688762281973,0.7386287491121379,0.7158490460161588,0.7386287491121379,-0.5268810350434782,NTES,-0.7326994545855547,-0.11536428859195527,-0.1305714684644352,-0.13476663534094022,-0.15941274064899053,0.42085948322843847
2022-01-05,1.2939724779802282,0.710637964589114,0.7333432650445831,0.7099680000490718,0.714062360317562,-0.7782031312914368,NTES,-0.018000115900084712,-0.1730468329610644,-0.037231205864431245,-0.04142637274093627,-0.11221811347114244,-0.2756938783370773
2022-01-06,1.3424856589723797,0.7237400423992818,0.7346832509205764,0.7110846076158088,0.7197945442077203,-0.8861187041923974,NTES,0.6966992227853853,0.04037778105837595,0.009438925435568124,0.00786543780202946,0.09229167091744364,-0.11742791081981974
2022-01-07,1.4111208741397507,0.7422764663539333,0.7568673921170233,0.7335665865579305,0.7362465583099174,-0.45539418160440603,NTES,1.4113985614708553,0.11588878446980173,0.15626616545504657,0.15836414896643095,0.1305714684644352,0.4770247951416302
2022-01-10,1.421871187969249,0.7451797596192675,0.7515819080494683,0.7273877596410772,0.7484552932707866,-0.1961010487217173,NTES,-1.4473987932710248,0.0859989206026861,-0.03723120586443274,-0.04352395617918953,0.02045093843154527,0.28783009101448603
2022-01-11,1.5194488538055568,0.7715327773165319,0.7838904311502386,0.7463708834183324,0.7518796889992345,-0.6449317269234393,NTES,-0.7326994545855547,0.024121609430203823,0.22758280213622958,0.13371804365838139,0.18563193351744686,-0.4936678315877068
2022-01-12,1.584776690999255,0.7891759152177936,0.805404607806643,0.7683317031014315,0.8036179221080462,-0.513788336860641,NTES,-0.018000115900084712,0.36444662084229046,0.15154690277382693,0.1546930778946383,0.12427911822281178,0.14640177547403926
2022-01-13,1.4513649424901898,0.7531452154388093,0.7774138232836191,0.750241922173475,0.7687783461281263,-0.6843540936282353,NTES,0.6966992227853853,-0.24541166125167738,-0.19716844239126824,-0.12742529334362312,-0.25380199500468664,-0.1865697582990643
2022-01-14,1.5117303773083168,0.7694483674640774,0.7771905017702717,0.7585796183792015,0.7604407067183085,-0.9220424711072892,NTES,1.4113985614708553,-0.058730735978536834,-0.0015730875604060412,0.0587311360516702,0.11484019278724068,-0.2606474659322676
2022-01-18,1.4670765458493737,0.7573884945801367,0.7748083109680509,0.7518796889992345,0.7612595901311884,-0.6439578898685174,NTES,-0.7326994545855547,0.005768254436911808,-0.016780267432887463,-0.04719462717784807,-0.08495032892012729,0.3085686647258772
2022-01-19,1.5144868965683391,0.7701927914405385,0.7842626147405148,0.7651306288863311,0.7765949398707394,-0.8516376588403525,NTES,-0.018000115900084712,0.10802294659463667,0.06659657385370116,0.09334026260000321,0.09019408747919187,-0.2275294365121574
2022-01-20,1.5117303773083168,0.7694483674640774,0.8060745723466854,0.7678850600747366,0.7979602544502149,0.10715902378873576,NTES,0.6966992227853853,0.15049831109126663,0.15364448621207946,0.0194023467489857,-0.0052437585590645935,1.0598145412231617
2022-01-21,1.3361464436664487,0.7220278161371034,0.775180494558327,0.7193478443851166,0.764013964523685,0.4598323098267008,NTES,1.4113985614708553,-0.23911931101005246,-0.21761938082281498,-0.341898499045626,-0.33403266117046243,0.3908860743902858
2022-01-24,1.2892867290919563,0.7093724381495393,0.7146579222170942,0.6828705583753462,0.7126479718010584,-0.02939457213473894,NTES,-1.4473987932710248,-0.36182454152619,-0.42632393201477126,-0.25694777005236463,-0.08914509572349745,-0.5382497942686244
2022-01-25,1.381076038335983,0.734162148457463,0.7400431944245501,0.7083302332233121,0.7095213002264681,-0.5867179118625602,NTES,-0.7326994545855547,-0.022024426065083934,0.17881508739797622,0.17933918320268932,0.17461992052147193,-0.6134022456450284
2022-01-26,1.329806560652986,0.720315646670834,0.7477852719348357,0.7130946148277534,0.7443608762063876,-0.39447526361318874,NTES,-0.018000115900084712,0.24541166125167513,0.054535569102032555,0.033560534865773435,-0.09753542947650823,0.2138319940289272
2022-01-27,1.2686138362030868,0.7037891731322182,0.7255266713019701,0.6999180775811668,0.7164445511197823,-0.48994736303459324,NTES,0.6966992227853853,-0.1966439465134225,-0.15679066133289227,-0.0928161667952901,-0.11641328034764821,-0.1036950741011442
2022-01-28,1.3198833138860833,0.7176356749188472,0.7179334558686132,0.6920270811980438,0.7083302332233121,-0.739429989289922,NTES,1.4113985614708553,-0.05715764841813005,-0.05348697741947298,-0.05558456085772475,0.09753542947650823,-0.2736638068221427
2022-01-31,1.5117303773083168,0.7694483674640774,0.7698950104907725,0.7296210883663692,0.7309610742423623,-0.637537778913848,NTES,-1.4473987932710248,0.15941274064898978,0.3660197084026972,0.26481400800066307,0.36497111672013616,0.11411965785419623
2022-02-01,1.4775513190374585,0.7602173852049612,0.7697461484138436,0.7510608055863547,0.7626739786476918,-0.9403289669163758,NTES,-0.7326994545855547,0.22338723518659342,-0.0010485916825603164,0.15102240689597973,-0.06502348629329362,-0.33249607543142506
2022-02-02,1.4703841463922234,0.7582818374294353,0.7678106006383179,0.7452542190556862,0.7593240423556625,-0.8988507219845226,NTES,-0.018000115900084712,-0.0235971135523581,-0.013634092312074637,-0.04090187686309054,-0.013634092312075382,0.04744574045193103
2022-02-03,1.422698032462667,0.7454030811326148,0.7609618091814222,0.7439142331796929,0.7518052295628157,-0.9415913482838669,NTES,0.6966992227853853,-0.052962881614759885,-0.048243218860407645,-0.009438925435569616,-0.09071858335703835,-0.04549969067301779
2022-02-04,1.4356528939926514,0.7489019362974815,0.7542618798014551,0.7309610742423623,0.7332688056081643,-0.7390693088992102,NTES,1.4113985614708553,-0.13057146846443446,-0.04719462717784807,-0.09124267916175144,0.024646105308051038,0.22517651131826782
2022-02-07,1.3940311224351443,0.7376609468264207,0.7512841270997023,0.7366187419001936,0.744212014129459,-0.7330459463743237,NTES,-1.4473987932710248,0.07708449104496296,-0.020975434309390997,0.039852885107399094,-0.07918207448321547,0.008317107134661354
2022-02-08,1.5194488538055568,0.7715327773165319,0.7770415828974341,0.7303655123428301,0.7369909822863784,-0.4522562622052137,NTES,-0.7326994545855547,-0.050865298176506625,0.18143676664094033,-0.04404805198390337,0.23859481513220598,0.31155406401254576
2022-02-09,1.6357701829024835,0.8029479575680037,0.8048090459071108,0.7735427845284764,0.7861981625160406,-0.40753189375695464,NTES,-0.018000115900084712,0.3466177617268434,0.19559535483086368,0.3041427973033468,0.2212900518214728,0.05102821959593334
2022-02-10,1.5100766883214807,0.7690017244373825,0.7947591802351147,0.7646095264232174,0.775254953994746,-0.6042830468902232,NTES,0.6966992227853853,-0.07708449104496296,-0.07079174073020468,-0.06292630292817522,-0.23911891093691984,-0.21546842339401628
2022-02-11,1.3926529740897218,0.7372887632361446,0.7664706147623245,0.7338643675076966,0.7660984311720483,-0.6515682461125357,NTES,1.4113985614708553,-0.06449899041544789,-0.19926602582952224,-0.21657038906712206,-0.22338763525972458,-0.050515161474621026
2022-02-14,1.3637105234207858,0.7294721694935314,0.7336410459943492,0.7218044946237561,0.7268666571779635,-0.5676379191939077,NTES,-1.4473987932710248,-0.2763505168744845,-0.23125307306175627,-0.08495032892012579,-0.055060465053012396,0.0942966065907168
2022-02-15,1.4158068455972,0.7435419927935079,0.7448075760289913,0.7286532860806517,0.7367676607730309,-0.9206718856225845,NTES,-0.7326994545855547,0.06974314904764586,0.078657578605369,0.0482432188604069,0.09910851703691427,-0.3879448915158164
2022-02-16,1.4249028027323305,0.7459986430321472,0.7515074486130497,0.7362465583099174,0.7467430670086085,-0.7252913179740207,NTES,-0.018000115900084712,0.0702672448523597,0.0471942271047162,0.053487377492606354,0.017304763310733936,0.21729505720146275
2022-02-17,1.414704237893191,0.7432442118437418,0.7649073073729836,0.7415320423774722,0.7495719576334325,-0.6578440849109204,NTES,0.6966992227853853,0.01992684262683068,0.09438925435569541,0.03723120586443199,-0.0194023467489857,0.07610557360394951
2022-02-18,1.3783195190759605,0.7334176676850931,0.7409364804779398,0.7221022755735222,0.7386287491121379,-0.4355206920761877,NTES,1.4113985614708553,-0.07708449104496222,-0.16885166608456012,-0.13686421877919275,-0.06921865316979939,0.24702963409668194
2022-02-22,1.1812347352059187,0.6801905866233595,0.7159979080930876,0.6662696254003118,0.7100424026895815,0.39004065422397405,NTES,-0.7326994545855547,-0.20136360926777475,-0.17566851220403076,-0.393287893026845,-0.37493413796041813,0.9127736750237779
2022-02-23,1.1864720105153723,0.6816049751398628,0.7130946148277534,0.6788506007473659,0.6992481130411244,-0.018033139827318304,NTES,-0.018000115900084712,-0.07603549928926928,-0.02045093843154527,0.08862099991878435,0.009963021240282716,-0.44868781566856664
2022-02-24,1.2206515139245853,0.6908360141948878,0.691580438171349,0.6513809186874556,0.6551030953656697,-0.25128514850061756,NTES,0.6966992227853853,-0.31095964342281746,-0.15154690277382693,-0.19349777139260968,0.06502388636642624,-0.2557514111021311
2022-02-25,1.4113968599195192,0.742350925790352,0.744212014129459,0.6980569892420597,0.7012580634571602,-0.038303377785319566,NTES,1.4113985614708553,0.32511783153960594,0.37073937115704725,0.32878850253826375,0.36287353328188443,0.23672005522671974
2022-02-28,1.2906644322990244,0.7097446217398155,0.7281321836175383,0.6952281554131442,0.7221022755735222,-0.2335757413166698,NTES,-1.4473987932710248,0.14682764009260807,-0.11326710522683464,-0.0199264425536988,-0.22968038557448284,-0.21383640511730412
2022-03-01,1.239670940395796,0.6959725793896052,0.7379587277761868,0.6887515475465247,0.7092235192767018,-0.18225092171838547,NTES,-0.7326994545855547,-0.0907185833570376,0.0692186531697979,-0.04562153961744204,-0.0970109335986625,0.0583125938554047
2022-03-02,1.209074355601669,0.6877093426202974,0.6956003957993291,0.6667162684270066,0.6956003957993291,-0.11837442452333168,NTES,-0.018000115900084712,-0.09596194184296956,-0.2983741427933024,-0.1552175737724855,-0.05820664017382373,0.07216484654554697
2022-03-03,1.0480991950457987,0.6442343462807938,0.6900915334225182,0.6393955052399337,0.6868160565669078,0.28811237580882887,NTES,0.6966992227853853,-0.06187731117248079,-0.03880469349796991,-0.19244877963691748,-0.3062399806684652,0.45027561753307965
2022-03-04,1.0194318398799214,0.6364922119745995,0.6457231942337158,0.6279311942555255,0.6338122402226127,-0.18722831111020785,NTES,1.4113985614708553,-0.37336145047314695,-0.31253273098322426,-0.08075516204362151,-0.05453596917516518,-0.522924744597059
2022-03-07,0.9177197290073464,0.6090225299146892,0.6459465157470633,0.6069381200622347,0.6349289045852586,-0.23757929365357042,NTES,-1.4473987932710248,0.007865837875163574,0.0015730875604060412,-0.1478762317751684,-0.19349777139261043,-0.053898613999512096
2022-03-08,0.997656339287043,0.6306111660075123,0.6492220493985824,0.6059703745724262,0.6120747420528608,-0.1157053896320646,NTES,-0.7326994545855547,-0.16098582820939655,0.023073017747644253,-0.0068168461194706344,0.1520713986516734,0.13617180725172157
2022-03-09,1.1043304073968352,0.6594208339434161,0.6830938798886937,0.6423732579416868,0.6463932155696669,-0.039890371504451336,NTES,-0.018000115900084712,0.24174099025301807,0.23859481513220673,0.2564236742476523,0.20293669682818005,0.08534040873071101
2022-03-10,0.9258626449255681,0.6084270248110656,0.6253256819399574,0.572842968058776,0.6253256819399574,0.6609116276485105,NTES,0.6966992227853853,-0.14840072765301485,-0.4069219853389204,-0.4897747308207937,-0.3592028622832251,0.7750870599226224
2022-03-11,0.8527580181101949,0.5887738796978594,0.6273356323559931,0.5862428268187101,0.617285766683997,0.35252989358995035,NTES,1.4113985614708553,-0.05663355261341769,0.014158188116787738,0.09438925435569614,-0.13843770641273215,-0.3386659006238735
2022-03-14,0.6434152368040832,0.532494586497954,0.5641330882627733,0.5108315477646209,0.530633498158847,0.8633615309550249,NTES,-1.4473987932710248,-0.6103827779718128,-0.4452017828859112,-0.5312007034885973,-0.3964340681476571,0.5654324193508428
2022-03-15,0.7184575508764409,0.552668777278365,0.564207547699192,0.5151492295464586,0.5175314203486792,0.31981618215239316,NTES,-0.7326994545855547,-0.09229167091744364,0.0005244958778464699,0.030413959671827986,0.14210797733825734,-0.5981966119449297
2022-03-16,1.2465231776552472,0.694632593513612,0.7008114204304653,0.6182535689697143,0.6524975830501016,1.9725619365109197,NTES,-0.018000115900084712,0.9507081894570321,0.9622442982577208,0.7262719625147471,1.0,1.8256689715632108
2022-03-17,1.0191805592788261,0.6335144592728466,0.6699918020785258,0.6108836182537961,0.661728565309218,0.6156101705751126,NTES,0.6966992227853853,0.06502348629329437,-0.2170948849449678,-0.05191428993219957,-0.43051909889127776,-1.495886274784264
2022-03-18,1.1598505112266146,0.6713317879545192,0.6844338657646869,0.6306111660075123,0.6365666714110182,1.4285837712394338,NTES,1.4113985614708553,-0.17724159976443682,0.10173059635301251,0.13896180221744525,0.2663870955610684,0.8988816170098134
2022-03-21,1.1246830232396676,0.6618774841820554,0.6776594769483013,0.6422987985052679,0.6469143180327805,-0.4473149408524625,NTES,-1.4473987932710248,0.07288932416845793,-0.0477191230556938,0.08232824960402756,-0.06659657385370041,-2.0686052739387666
2022-03-22,1.2852902769455727,0.7050546995717929,0.7209856112108762,0.6799672083141032,0.7049802401353743,-0.12659793743155995,NTES,-0.7326994545855547,0.40901916870403954,0.3051913889859064,0.2653381038053754,0.30414239723021347,0.3556185574837742
2022-03-23,1.306335973206306,0.7107124240255327,0.7314821767054762,0.6942604099233358,0.7037147136957995,-0.5786747391496877,NTES,-0.018000115900084712,-0.008914429557723891,0.07393831592415162,0.10068200467045443,0.039853285180530974,-0.4972503107317091
2022-03-24,1.2146784249152014,0.6860716325904467,0.6981314486784784,0.6711829258775905,0.6926971025339947,-0.1519898369376683,NTES,0.6966992227853853,-0.07760858684967681,-0.23492414413354817,-0.16255891576980333,-0.17357092876577826,0.47256659887353847
2022-03-25,1.2562151750470059,0.6972381626250888,0.6982803675513158,0.6720017524945615,0.6720017524945615,-0.703686562570386,NTES,1.4113985614708553,-0.1457790484100485,0.0010489917556921948,0.005767854363777694,0.078657578605369,-0.6071926151287578
2022-03-28,1.260645191950638,0.6984292296282446,0.721060070647295,0.6862949541037939,0.7100424026895815,-0.45900098551152374,NTES,-1.4473987932710248,0.2679601831214737,0.16046133233155083,0.10068200467045293,0.008389933679876675,0.2717089348664756
2022-03-29,1.2634146202229397,0.6991736536047058,0.7332688056081643,0.6933670670740372,0.7073624309375948,-0.7056703047193007,NTES,-0.7326994545855547,-0.018877850871138486,0.0859989206026861,0.04981630642081443,0.005243758559065339,-0.27055899156400737
2022-03-30,1.2108019375553463,0.6850293708683106,0.7017047632797639,0.6816794345762816,0.6853271518180769,-0.8380039400714477,NTES,-0.018000115900084712,-0.15521757377248474,-0.22233864350403162,-0.08232824960402756,-0.0996330129147615,-0.14437611504748155
2022-03-31,1.1462820264750007,0.667684070712724,0.6833172014020411,0.6579319291945852,0.6763194910723079,-0.6771044177749288,NTES,0.6966992227853853,-0.06345039873288907,-0.12952287678187638,-0.1672785785241541,-0.12218113471142515,0.17924116762739378
2022-04-01,1.3157499816957015,0.7132434769046821,0.7442864735658777,0.7104891025121852,0.7169656535828962,-0.3746378421240416,NTES,1.4113985614708553,0.2863135381147679,0.42947050720871743,0.3702152753523334,0.32092266466310093,0.33547706362971674
2022-04-04,1.3783317603807081,0.7300677313930639,0.7409364804779398,0.7189756607948404,0.7402665159378974,-0.5551583776752806,NTES,-1.4473987932710248,0.1641324034033405,-0.023597513625490722,0.05977972773422977,0.11851086378589923,-0.19755602767400474
2022-04-05,1.3254424242258145,0.7158490460161588,0.7241866854259768,0.708776876250007,0.7200178657210677,-0.901159076485078,NTES,-0.7326994545855547,-0.14263247321610306,-0.1179863679080535,-0.07184073248589762,-0.10015710871947385,-0.380182853370478
2022-04-06,1.2886132347616512,0.7059480424210913,0.7136901767272859,0.6912826572215828,0.7095213002264681,-0.8157138919254605,NTES,-0.018000115900084712,-0.07393831592415014,-0.07393791585101676,-0.1232301264671181,-0.0697431490476466,0.0959684301912512
2022-04-07,1.2371080563199657,0.6921015406344626,0.7062458233708577,0.690017130782008,0.6979081271651311,-0.7811607104952734,NTES,0.6966992227853853,-0.08180375372618183,-0.05243838573691267,-0.008914429557723891,-0.0975354294765075,0.039803118278059435
2022-04-08,1.2390466338536592,0.6926226430975762,0.7078835334007084,0.6868904592074176,0.6899426713455894,-0.9447292676830593,NTES,1.4113985614708553,-0.05610905673557122,0.011536108800688012,-0.022024426065083934,0.003670670998658552,-0.17884752547754823
2022-04-11,1.293597671485769,0.7072880282970849,0.7532196748752279,0.705724720907744,0.7532196748752279,0.1269964452778829,NTES,-1.4473987932710248,0.4457262787637577,0.3193499771758275,0.13266945197582033,0.10330368391342004,1.1844450101106199
2022-04-12,1.2168936559361947,0.6866671376940701,0.7195712226943729,0.6846571872780345,0.7178589964321946,-0.8784722799093079,NTES,-0.7326994545855547,-0.2490823322503352,-0.23702132749866658,-0.14840072765301413,-0.14525455253220426,-1.1079833941364583
2022-04-13,1.3124279141563322,0.7123501908512921,0.7252288903522041,0.6880815830064824,0.6963448197757902,-0.8037753709929011,NTES,-0.018000115900084712,-0.15154690277382693,0.039852885107398345,0.024121609430203823,0.18091267083622872,0.08410644369222134
2022-04-14,1.294982051768154,0.7076602118873611,0.7104891025121852,0.6970147843158324,0.7085535547366595,-0.8840628259653402,NTES,0.6966992227853853,0.0859989206026861,-0.10382777971813388,0.06292590285504111,-0.033036439061058846,-0.08693703277197784
2022-04-18,1.2512302931845336,0.6958981767490954,0.6999925370175855,0.6783294982842525,0.6931437455606898,-0.9813022593012324,NTES,-1.4473987932710248,-0.1085474424724839,-0.07393831592415014,-0.1316200601469933,-0.0828523454087414,-0.10564553496843436
2022-04-19,1.2559380764213517,0.6971637031886699,0.6977592650882023,0.6703640424647107,0.6764684099451455,-0.9226916958105704,NTES,-0.7326994545855547,-0.11746187203020629,-0.01573127567719378,-0.05610905673557197,0.008914429557723145,0.06635326926749878
2022-04-20,1.1263445021477068,0.6623241272087503,0.6887515475465247,0.6559964382149682,0.6872626995936025,-0.7566705119659444,NTES,-0.018000115900084712,0.07603549928926928,-0.0634507988060217,-0.10120610047516679,-0.24541166125167663,0.184893523610153
2022-04-21,1.0357953483592188,0.6379810599275216,0.6658229823736169,0.636715533487947,0.6555497383923645,-0.8136940817374746,NTES,0.6966992227853853,-0.2233876352597253,-0.16150992401410966,-0.13581562709663317,-0.1714737454006591,-0.061262598906627955
2022-04-22,1.0402258104012054,0.6391721837265864,0.6792972437740609,0.6354500070483723,0.6462442966968295,-0.20436062966901675,NTES,1.4113985614708553,-0.06554798217114084,0.09491335016040925,-0.008914429557723145,0.008390333753010045,0.6741407587094018
2022-04-25,1.1097301582056687,0.6578575265540753,0.6621008056954029,0.6311322684706259,0.6320256113199244,-0.5071878857106157,NTES,-1.4473987932710248,-0.10015710871947385,-0.12113254302886559,-0.030414359744961355,0.13162046022012813,-0.3325358807552473
2022-04-26,1.0850850732107338,0.651232056610527,0.6658973850141269,0.6495942897847674,0.6556241978287832,-0.764353004288105,NTES,-0.7326994545855547,0.16622958676846114,0.026743288673169434,0.1300473726597221,-0.046670131300001604,-0.2821423407962815
2022-04-27,1.1288363866559998,0.6629940917487926,0.6862204946673753,0.6560708408554782,0.6597186148931822,-0.7357871173437331,NTES,-0.018000115900084712,0.028841272184555317,0.14315696909395026,0.045621139544308666,0.08285234540874066,0.03319543452356628
2022-04-28,1.190587314602398,0.679595024723827,0.683763844428736,0.665078501601247,0.6749051025558045,-0.7728289934698315,NTES,0.6966992227853853,0.10697435491207785,-0.01730476331073319,0.06345039873288832,0.11693777622549394,-0.03921044950910262
2022-04-29,1.3024588181389194,0.7096702190993054,0.739373173088599,0.7085535547366595,0.7146579222170942,-0.3681455950912298,NTES,1.4113985614708553,0.2800207878000096,0.391714805466439,0.3062403807415993,0.21185112638590245,0.44828535134196723
2022-05-02,1.2736599245892979,0.7019280847931112,0.7240378233490481,0.6945581908731018,0.6998436749406569,-0.5468266606498388,NTES,-1.4473987932710248,-0.10435227559597812,-0.10802294659463667,-0.09858402115906854,-0.054535969175164435,-0.1955259561590701
2022-05-03,1.3196271367630892,0.7142856818309093,0.7218789540601748,0.7011092013802315,0.7116801695153412,-0.8137301497765458,NTES,-0.7326994545855547,0.08337684128658639,-0.015207179872481423,0.046145635422155884,0.08704751228524642,-0.29288977822828843
2022-05-04,1.3481489316870556,0.7219534134965936,0.7244844663757429,0.696047038826024,0.7031936112326859,-0.6187823985968361,NTES,-0.018000115900084712,-0.05977972773422977,0.01835335499329276,-0.03565811830402595,0.05401187337045133,0.21681739331559577
2022-05-05,1.1878185540376278,0.6788506007473659,0.6959725793896052,0.6641107561114385,0.6885282260331771,-0.5435444690943617,NTES,0.6966992227853853,-0.10330368391342004,-0.20083911338992827,-0.22496072282013135,-0.3036183014255011,0.08470352354955506
2022-05-06,1.1108378850007539,0.6581553075038414,0.6768405935354216,0.6565175406780818,0.6711084664411717,-0.7743077830717497,NTES,1.4113985614708553,-0.12270563058927088,-0.13476663534093875,-0.05348697741947224,-0.14577864833691515,-0.25300484375839605
2022-05-09,1.0031197448805647,0.6291967206951001,0.6495942897847674,0.6268145298928796,0.643415462867914,-0.4846453612911303,NTES,-1.4473987932710248,-0.19507085895301646,-0.19192428375907175,-0.20922944714293756,-0.20398568858387298,0.32134617367281876
2022-05-10,1.0994841861317788,0.6551030953656697,0.6683540352527663,0.6403632507297422,0.6575597456043091,-0.4909933361676574,NTES,-0.7326994545855547,0.09963301291476075,0.13214455602484124,0.09543784603825572,0.18248575839663478,-0.005336118936369671
2022-05-11,1.0950539466589695,0.653911971566605,0.6805627702136356,0.6503387137612284,0.6607608198194095,-0.5443018979148564,NTES,-0.018000115900084712,0.02254852186979778,0.08599892060268685,0.07026764492549233,-0.008390333753010045,-0.05716265055293642
2022-05-12,1.0983764593366936,0.6548053144159035,0.6658229823736169,0.6287500776684053,0.6384277597501252,-0.5850948501043572,NTES,0.6966992227853853,-0.157315157210738,-0.10382777971813315,-0.1520713986516734,0.006292750314757533,-0.04335020318661641
2022-05-13,1.2229855968862207,0.6883049045198297,0.6926971025339947,0.6744584027332009,0.6744584027332009,-0.6263566868017832,NTES,1.4113985614708553,0.2538015949315533,0.18930260451610464,0.3219716564187931,0.235972735816107,-0.043867672396305624
2022-05-16,1.2448612536088535,0.694185950486917,0.7069902473473186,0.68748602110695,0.6941114910504982,-0.8904108008418673,NTES,-1.4473987932710248,0.13843730633959803,0.10068160459732106,0.09176717503959717,0.04142637274093701,-0.28974515764633085
2022-05-17,1.2822444177551484,0.7042358161589132,0.7286532860806517,0.6932926076376184,0.7212833921606424,-0.7434335416268226,NTES,-0.7326994545855547,0.19140018795435865,0.15259549445638576,0.0409018768630898,0.07079174073020543,0.16387631263200608
2022-05-18,1.2539994988876582,0.6966426007255563,0.7155512650663928,0.6928459646109236,0.7046080565450981,-0.6422987600712433,NTES,-0.018000115900084712,-0.11746187203020704,-0.09229127084430878,-0.003146175120811337,-0.05348697741947298,0.11328374605392902
2022-05-19,1.3030123476826962,0.7098190811762342,0.7221022755735222,0.7055013425984878,0.7085535547366595,-0.44525906262540543,NTES,0.6966992227853853,0.027792280428862375,0.04614563542215439,0.08914509572349819,0.09281576672215748,0.21912610209728617
2022-05-20,1.3451026273582773,0.7211345300837139,0.7415320423774722,0.7065436043206238,0.7294721694935314,-0.5843013532447913,NTES,1.4113985614708553,0.14735173589732117,0.13686421877919275,0.007341742070450473,0.07970657036106268,-0.15177990527841967
2022-05-23,1.3498101880259181,0.7224000565232884,0.7234422614495156,0.6999180775811668,0.7221022755735222,-0.6444267743764427,NTES,-1.4473987932710248,-0.051913889859065455,-0.12742529334362312,-0.046670531373134976,0.0089144295577224,-0.06468585675534128
2022-05-24,1.3046738265907354,0.7102657809988379,0.7398198161152938,0.6981314486784784,0.7384798302393005,-0.5426788361566535,NTES,-0.7326994545855547,0.11536428859195527,0.11536428859195377,-0.012585100556381698,-0.08547442472483964,0.11396043655890724
2022-05-25,1.3622709459824467,0.7257499928153174,0.7401920565014788,0.7097446217398155,0.7284299645673044,-0.48882925382338677,NTES,-0.018000115900084712,-0.07079174073020618,0.002622079316099726,0.08180375372618108,0.10907153827719625,0.06109896652296205
2022-05-26,1.473034722723883,0.7555274062410297,0.7618550952348119,0.7352787560242,0.7369909822863784,-0.2540984555481693,NTES,0.6966992227853853,0.06030422361207624,0.1525954944563865,0.1798636790805358,0.20975354294765067,0.2607226654915352
2022-05-27,1.5425390705283466,0.7742127490685187,0.774882713608561,0.7550807632143349,0.7675872791249704,-0.48424861286134735,NTES,1.4113985614708553,0.21552179738456173,0.09176717503959717,0.13948629809529173,0.13162046022012888,-0.25232815325341784
2022-05-31,1.5350625267267581,0.772202798652483,0.7976624735004488,0.768108381588084,0.794312480412511,-0.31501737353938664,NTES,-0.7326994545855547,0.18825361276041322,0.16046173240468345,0.09176717503959717,-0.014158188116787738,0.18843619743033305
2022-06-01,1.452820322340112,0.7500930600965463,0.7725005228063404,0.7332688056081643,0.7700439293636097,-0.5102536690316657,NTES,-0.018000115900084712,-0.17094884944968075,-0.17724199983757016,-0.24541166125167663,-0.15574206965033122,-0.21379659979348187
2022-06-02,1.5525079439765819,0.7768927208205055,0.7844115336133524,0.7514330459725396,0.7556018656774486,-0.6185299223233379,NTES,0.6966992227853853,-0.10173059635301251,0.0839017372375677,0.12794978922146885,0.1887781086382582,-0.11782596405804222
2022-06-03,1.4979566837752942,0.7622273356209968,0.767438360252133,0.7544852013148026,0.7673639576116229,-0.994070345132429,NTES,1.4113985614708553,0.08285274548187328,-0.11955985554159367,0.02149953011410559,-0.10330368391341929,-0.41278341358089904
2022-06-06,1.5361698083834885,0.7725005228063404,0.798332438040491,0.7637161835739189,0.791260325070248,-0.7861020318480245,NTES,-1.4473987932710248,0.1683271702067144,0.2176193808228135,0.06502348629329437,0.07236482829061147,0.23118711521542726
2022-06-07,1.5376142823437267,0.7704905723903047,0.7712349963667657,0.7525496535392768,0.7691505865143112,-0.6855804069566552,NTES,-0.7326994545855547,-0.15574206965033197,-0.1908756920765107,-0.078657578605369,-0.014158188116787738,0.11260705554895081
2022-06-08,1.6303900181812467,0.7953546853387382,0.7979602544502149,0.7765949398707394,0.7965458091378029,-0.5054566198351992,NTES,-0.018000115900084712,0.19297327551476395,0.1882540128335451,0.1693761619624066,0.1751440163261843,0.20045740522465189
2022-06-09,1.5448366521449155,0.7724261201658306,0.7884314912413325,0.7719050177027167,0.7787538091596126,-0.5958070577084966,NTES,0.6966992227853853,-0.12532770990537062,-0.06712106973154613,-0.033036038987927716,-0.1615099240141089,-0.098042718118385
2022-06-10,1.5973353793937657,0.7864959434658068,0.8097222895884807,0.7862726219524594,0.8039901624942309,-0.07047606863680912,NTES,1.4113985614708553,0.17776609564228327,0.14997341514028753,0.10120610047516827,0.09910851703691353,0.5814341595273864
2022-06-13,1.4776156415296782,0.7544107418783839,0.7739149681187525,0.7432442118437418,0.770341710313376,-0.4966560183018321,NTES,-1.4473987932710248,-0.23702132749866658,-0.25222850737114727,-0.303094205620788,-0.2260097145758243,-0.4686700882273351
2022-06-14,1.5834466175961153,0.7827737667875927,0.7971413710373352,0.7626739786476918,0.76929944859124,-0.5557715343394906,NTES,-0.7326994545855547,-0.007341742070450473,0.16360790752549478,0.13686421877919347,0.19979052170736797,-0.06357130768831833
2022-06-15,1.5181704164515335,0.7652795477591684,0.7707883533400709,0.7444353356428064,0.766247293248977,-0.37820857799208807,NTES,-0.018000115900084712,-0.021499530114104843,-0.1856319335174461,-0.12847388502618343,-0.12323012646711884,0.1976312272332723
2022-06-16,1.2951202672272153,0.7055013425984878,0.7310354768828725,0.6975358867789462,0.7281321836175383,-0.28068060034362646,NTES,0.6966992227853853,-0.2684846789993201,-0.28002118787314223,-0.3303619901718024,-0.42108057352884004,0.10930321367170423
2022-06-17,1.250676986209934,0.6935903885873848,0.7235911235264445,0.690910416835398,0.7219534134965936,0.5025729361260451,NTES,1.4113985614708553,-0.0435235561060569,-0.05243838573691267,-0.046670131300001604,-0.08390133716443285,0.8660820301802812
2022-06-21,1.218455423852834,0.6849549682278008,0.6947815123864493,0.6724484523171651,0.6794461058509895,-0.1970388177375679,NTES,-0.7326994545855547,-0.29942353462212873,-0.20293629675504815,-0.13004697258659023,-0.060828319416789345,-0.7704342481237964
2022-06-22,1.2087333796221489,0.6823494559122326,0.6950792933362157,0.6626219081585165,0.6653018799105033,-0.6425512363447415,NTES,-0.018000115900084712,-0.09963261284162737,0.0020975834382540013,-0.06921865316979864,-0.018353354993293505,-0.49000574179606
2022-06-23,1.186511850398097,0.6763939505087266,0.6910593357082352,0.6694706996154122,0.6827216395025087,-0.6978435402408554,NTES,0.6966992227853853,0.12270563058927163,-0.028316776306710336,0.048243218860407645,-0.041950868618783485,-0.059351943363160055
2022-06-24,1.2626209385369294,0.696791462802485,0.6976103462153649,0.6843594063282683,0.6910593357082352,-0.6269698434659933,NTES,1.4113985614708553,0.05873113605166946,0.046145635422155884,0.10487677147382533,0.14368106489866336,0.07988707936706306
2022-06-27,1.3259529979183857,0.7137645793677956,0.7269411166143822,0.7068413284744813,0.7221022755735222,-0.5250054970117769,NTES,-1.4473987932710248,0.21866797250537456,0.20660736782683858,0.15836374889329832,0.1195594554684588,0.11419926850184073
2022-06-28,1.2659543571043377,0.6976848056517836,0.7201667277979964,0.6897938092686606,0.7158490460161588,-0.6095129125555437,NTES,-0.7326994545855547,-0.044048051983902624,-0.04771912305569529,-0.1200835512731734,-0.11326670515370127,-0.09159425565918085
2022-06-29,1.2326217294144939,0.6887515475465247,0.6967170033660663,0.6839871659420833,0.6868904592074176,-0.6304684432558973,NTES,-0.018000115900084712,-0.20398568858387298,-0.16518099508590084,-0.040902276936224655,-0.06292630292817522,-0.021457275084380067
2022-06-30,1.255954769109644,0.6950048338997968,0.6956747984398393,0.6722995334443278,0.6841360848149208,-0.6595032147081946,NTES,0.6966992227853853,-0.019401946675852332,-0.007341341997316359,-0.08232824960402607,0.044048452057035996,-0.030373667620563594
2022-07-01,1.2590101987746893,0.6958237173126766,0.7113823885655751,0.6886771449060148,0.6908360141948878,-0.8692749299461578,NTES,1.4113985614708553,0.04719462717784733,0.1106450259107364,0.1153646886650879,0.005768254436911063,-0.22983814529384777
2022-07-05,1.2270664027507752,0.6872626995936025,0.6907615547584691,0.6693962401789935,0.6856993922042617,-0.7129199805726072,NTES,-0.7326994545855547,-0.03618261418187167,-0.14525415245907017,-0.13581562709663392,-0.06030422361207624,0.17422569682579053
2022-07-06,1.1412350478120807,0.6642596749842761,0.6779572578980675,0.6478076040861703,0.6775106148713728,-0.5788911473841148,NTES,-0.018000115900084712,-0.05768214429597652,-0.09019408747919112,-0.1520713986516734,-0.16203441989195613,0.1495862013798191
2022-07-07,1.123735991390544,0.6595696960203448,0.6659718444505456,0.647882063522589,0.662472989285679,-0.49950539338845507,NTES,0.6966992227853853,-0.10592576322951902,-0.08442583304228006,0.0005244958778464699,-0.03303643906106034,0.08928113578911356
2022-07-08,1.1895672800631423,0.6772128339216065,0.6807860917269831,0.6502642543248097,0.655773059905712,-0.7253634540521631,NTES,1.4113985614708553,-0.04719462717784807,0.10435227559597961,0.016780267432886718,0.12427911822281104,-0.24759131971857032
2022-07-11,1.071236819003339,0.6454998727203685,0.6572619646545429,0.6403632507297422,0.6528697666403778,-0.6990698535692753,NTES,-1.4473987932710248,-0.02045093843154527,-0.16570509089061541,-0.06974314904764586,-0.2233876352597253,0.03068769912276467
2022-07-12,1.0651259596732483,0.6438621058946088,0.6540608904394425,0.6422987985052679,0.6447554487439073,-0.9422405729871481,NTES,-0.7326994545855547,-0.05715764841813079,-0.02254852186979778,0.013634092312074637,-0.011536508873822127,-0.26669787515324933
2022-07-13,1.1456795317122328,0.6654507419874319,0.6731928762936262,0.6437877032540988,0.6437877032540988,-0.7673105834919415,NTES,-0.018000115900084712,-0.0068168461194706344,0.13476663534094022,0.010487917191262556,0.1520713986516734,0.1947254385942482
2022-07-14,1.1054027456927407,0.6546564523389748,0.6639618940345099,0.6475098799323129,0.6575597456043091,-0.921573586599364,NTES,0.6966992227853853,0.09701093359866177,-0.06502348629329437,0.026219192868456333,-0.07603549928927002,-0.16857775193140828
2022-07-15,1.0634593616741328,0.643415462867914,0.6469887774691992,0.6194446359728701,0.6437877032540988,-0.8544870339269754,NTES,1.4113985614708553,-0.09701093359866177,-0.11955945546845954,-0.19769293826911544,-0.07918207448321547,0.07570752036572703
2022-07-18,1.1004025065570393,0.6533164664629814,0.6676096112763051,0.6518275617141505,0.6597186148931822,-0.781521390885985,NTES,-1.4473987932710248,0.11221811347114244,0.14525415245906942,0.22810689794094344,0.06974314904764586,0.08219578814875343
2022-07-19,1.167345528269913,0.6712573285181006,0.68257277742558,0.6595696960203448,0.6653762825510132,-0.7368691585158684,NTES,-0.7326994545855547,0.0398528851073976,0.10540126735167106,0.05453596917516518,0.12637630158793092,0.05094860894828884
2022-07-20,1.2790095973332538,0.7011836608166501,0.7025236466926437,0.6725973143940939,0.6830194204522749,-0.2005734855665432,NTES,-0.018000115900084712,0.12427911822281104,0.14053488977785278,0.09176717503959717,0.21080253470334212,0.5935349779693498
2022-07-21,1.4401169639804001,0.7443608762063876,0.7587284804561303,0.7343854699708103,0.7349810318703427,-0.34048140912363734,NTES,0.6966992227853853,0.3660201084758291,0.3959095722698106,0.43523876164562847,0.30414239723021347,-0.1527352330501536
2022-07-22,1.3028977245564215,0.7075858092468509,0.7319288197321709,0.7019280847931112,0.7203900493113439,-0.758834594310215,NTES,1.4113985614708553,-0.10277958810870619,-0.18877810863825967,-0.2286313938187899,-0.2590453534906179,-0.4600323329579073
2022-07-25,1.351785489473855,0.7206878302611102,0.7274622190774959,0.7046080565450981,0.709149116636192,-0.6538405325740199,NTES,-1.4473987932710248,-0.07918167441008137,-0.031462951427520924,0.018877850871139232,0.09229127084431177,0.11754291570290955
2022-07-26,1.2828985485670341,0.7022258657428773,0.734459929407229,0.6965681412891377,0.7220278161371034,-0.7263012230680137,NTES,-0.7326994545855547,0.09071818328390274,0.04929221061610058,-0.05663355261341769,-0.13004697258659023,-0.07829927750255004
2022-07-27,1.3323416235816623,0.715476805629974,0.7213578515970612,0.7061713639344389,0.7112335264886464,-0.8783280077530231,NTES,-0.018000115900084712,-0.07603549928926928,-0.09229167091744364,0.06764556560939335,0.09334026260000396,-0.1661098218544289
2022-07-28,1.3326193899148482,0.7155512650663928,0.7279088621041907,0.703491392182452,0.7125735123646397,-0.773947102681038,NTES,0.6966992227853853,0.009438925435569616,0.046145635422155135,-0.018877850871139232,0.0005244958778472151,0.11686622519793133
2022-07-29,1.2453994258794012,0.6921760000708813,0.7002903179673516,0.6798928056735931,0.6855504733314243,-0.5982596843653366,NTES,1.4113985614708553,-0.19035159627179835,-0.19454636307517,-0.1662295867684619,-0.16465649920805586,0.19556135039451542
2022-08-01,1.2054001836239179,0.6814561130629341,0.6819772155260477,0.6579319291945852,0.6726717738305126,-0.7034340862968878,NTES,-1.4473987932710248,-0.09071818328390423,-0.12899838090402915,-0.15469347796777164,-0.07551140348455693,-0.1144027062093289
2022-08-02,1.1792899257352627,0.6744584027332009,0.6841360848149208,0.647137639546128,0.6551030953656697,-0.607312762172202,NTES,-0.7326994545855547,-0.12375462234496457,0.015207179872480677,-0.07603549928927002,-0.04929221061610058,0.10775080604263657
2022-08-03,1.1767902513057664,0.6737884381931587,0.6798183462371745,0.6604630388696433,0.6744584027332009,-0.5707397705540289,NTES,-0.018000115900084712,0.13633972290134627,-0.030414359744961355,0.09386475847784968,-0.004719262681217378,0.04203221641210532
2022-08-04,1.1348464221488042,0.6625474487220977,0.6720017524945615,0.6521253426639166,0.6664184874772404,-0.7413415953606943,NTES,0.6966992227853853,-0.05663355261341769,-0.05506046505301165,-0.0587311360516702,-0.07918207448321622,-0.18660956362288655
2022-08-05,1.1342911120516095,0.662398586645169,0.6640362966750198,0.6498920707345336,0.6507109541474133,-0.9039363154935586,NTES,1.4113985614708553,-0.11064462583760303,-0.05610905673557122,-0.01573127567719378,-0.0010485916825595711,-0.17777278173434755
2022-08-08,1.147623673475357,0.6659718444505456,0.6742350812198534,0.6590485935572311,0.662398586645169,-0.9228359679668551,NTES,-1.4473987932710248,0.08232824960402756,0.07184073248589837,0.06449899041544789,0.025170201112763396,-0.019188371626511935
2022-08-09,1.145401765379047,0.6653762825510132,0.6709595475683342,0.6591975124300686,0.6625474487220977,-1.0152062160281385,NTES,-0.7326994545855547,0.0010485916825595711,-0.023073017747644996,0.0010489917556929399,-0.004195166876505022,-0.10027181625243088
2022-08-10,1.1576237066084052,0.6686518162025324,0.6697684805651783,0.6542842119527899,0.6542842119527899,-0.9472179623789705,NTES,-0.018000115900084712,-0.05820664017382373,-0.00838993367987593,-0.03460952662146638,0.023073017747644253,0.07670265346128323
2022-08-11,1.2048442058191915,0.6813071941900966,0.6943348125638457,0.676170628995379,0.6807860917269831,-1.0167932097472703,NTES,0.6966992227853853,0.18668052520000716,0.17304643288793178,0.1541689820899252,0.08914509572349819,-0.07511485159677021
2022-08-12,1.214844684090594,0.6839871659420833,0.6851038303047293,0.6644085370612047,0.6644085370612047,-0.9534216650992129,NTES,1.4113985614708553,-0.11536428859195527,-0.06502348629329437,-0.08285274548187328,0.018877850871138486,0.07160757201203549
2022-08-15,1.2301220549849976,0.6880815830064824,0.6906126358856317,0.6717784309812139,0.6739373002700872,-0.9937818008198596,NTES,-1.4473987932710248,0.06712106973154687,0.03880429342483803,0.051913889859065455,0.02884127218455606,-0.04287253930074943
2022-08-16,1.2509543074047655,0.6936648480238033,0.6962703603393715,0.6774361554349538,0.6774361554349538,-0.8047492080478228,NTES,-0.7326994545855547,0.02464610530805029,0.039853285180530974,0.03985328518053172,0.0393287893026845,0.21028932020874713
2022-08-17,1.2065114715258387,0.6817538940127001,0.6921760000708813,0.679595024723827,0.6858482542811903,-0.848283331206733,NTES,-0.018000115900084712,0.05925523185638256,-0.028840872111421948,0.015207179872480677,-0.08390133716443435,-0.04637540779710724
2022-08-18,1.0545706164430055,0.6410332720656934,0.7071391094242473,0.6328444947328042,0.705799123548254,-0.16713841334756246,NTES,0.6966992227853853,0.14053488977785278,0.10540086727853769,-0.3293129984161102,-0.2868380339926129,0.7533931584394973
2022-08-19,1.0154046731870798,0.6305367065710935,0.6388744027768202,0.6271123108426457,0.6358966500750671,-0.8025851257035522,NTES,1.4113985614708553,-0.49239641006376006,-0.48085990118993643,-0.04037778105837744,-0.07393831592415089,-0.6996205770440174
2022-08-22,1.043737506879577,0.638129978800359,0.6513809186874556,0.6367899929243657,0.6390232648537488,-0.5695134572256089,NTES,-1.4473987932710248,0.022024025991951312,0.08809650404093862,0.06817006148723982,0.05348737749260561,0.2588916205957118
2022-08-23,1.0945694135601347,0.6517531590736405,0.655028635929251,0.6388744027768202,0.6446809893074886,-0.8559297554898224,NTES,-0.7326994545855547,0.039853285180530974,0.025694696990609864,0.014682683994634209,0.09596234191610219,-0.31442445841612454
2022-08-24,1.112346904022389,0.6565175406780818,0.6690984592292273,0.6406610316795084,0.6414055124518783,-1.0548810590064328,NTES,-0.018000115900084712,-0.023072617674510885,0.09910851703691427,0.012585100556381698,0.033560534865773435,-0.2178965481471734
2022-08-25,1.2231774515169949,0.6862204946673753,0.6917293002482777,0.6686518162025324,0.6764684099451455,-0.748843747487499,NTES,0.6966992227853853,0.2469847488120834,0.15941274064899127,0.197168442391269,0.2092290470698042,0.3394177906881193
2022-08-26,1.164290321174045,0.6704384451052207,0.716221229606435,0.6686518162025324,0.7132434769046821,-0.6138050092050138,NTES,1.4113985614708553,0.2590453534906179,0.17252233708321793,0.0,-0.11116952178858287,0.15070075044684203
2022-08-29,1.0945694135601347,0.6517531590736405,0.671480650031448,0.6505620352745759,0.6621008056954029,-0.9807973067542359,NTES,-1.4473987932710248,-0.3602514539657854,-0.31515481029932174,-0.12742529334362312,-0.13162006014699476,-0.4033495518350263
2022-08-30,1.0779032109998012,0.6472865016230567,0.6574108267314716,0.6408099505523459,0.6501897948883909,-0.8959652788588285,NTES,-0.7326994545855547,-0.08390173723756697,-0.09910851703691502,-0.06869415729195291,-0.031463351500654296,0.095291739686273
2022-08-31,1.1314573612870875,0.6588997314803025,0.6833172014020411,0.6574852861678903,0.6738628408336685,-0.7250749097395937,NTES,-0.018000115900084712,0.16675408264630762,0.18248575839663478,0.11746187203020704,0.08180415379931445,0.19026724232615644
2022-09-01,1.1208577267905757,0.6560708408554782,0.6662696254003118,0.6509342756607608,0.6583786290171888,-0.7901777202630674,NTES,0.6966992227853853,-0.109071538277197,-0.12008395134630602,-0.046145635422155135,-0.01992684262683217,-0.07017899144281148
2022-09-02,1.1317357953278053,0.6589741341208124,0.6696195616923408,0.6570386431411954,0.6667162684270066,-0.9261902956004745,NTES,1.4113985614708553,0.058730735978536834,0.023597113552357354,0.04299946030134305,0.02045093843154527,-0.14843625807735084
2022-09-06,1.0834819074271294,0.6460954346199007,0.6641852155478574,0.6453510106434397,0.6565175406780818,-1.0154226242625655,NTES,-0.7326994545855547,-0.071840332412765,-0.03827979754699156,-0.08232824960402756,-0.09071818328390423,-0.09680875307989532
2022-09-07,1.095475937819002,0.6492965088350012,0.6510831377376894,0.638129978800359,0.6394699646763525,-0.9529167125522164,NTES,-0.018000115900084712,-0.12008395134630602,-0.09229167091744364,-0.050865298176506625,0.02254852186979778,0.07065224424030155
2022-09-08,1.0475002613898665,0.6364922119745995,0.637385554823898,0.6186257525599904,0.6278567348191068,-0.7830362485269745,NTES,0.6966992227853853,-0.08180415379931445,-0.09648643772081529,-0.1373887146570392,-0.09019408747919112,0.1891526932591335
2022-09-09,1.103007011069012,0.6513064592510369,0.6597930175336922,0.6444576677941412,0.6469143180327805,-1.0324106706650897,NTES,1.4113985614708553,0.1342425395362271,0.1578392530154511,0.1819612625187883,0.10435227559597887,-0.27354439085067594
2022-09-12,1.1021699283934412,0.6510831377376894,0.6554008763154359,0.6443088057172125,0.6514553781238743,-0.9242786895297022,NTES,-1.4473987932710248,0.0319874473053674,-0.03093845554967446,-0.0010485916825595711,-0.0015730875604060412,0.12100597887544512
2022-09-13,1.1002175515707593,0.6505620352745759,0.661281922282523,0.6462442966968295,0.6492965088350012,-0.7223337387701843,NTES,-0.7326994545855547,-0.015207179872480677,0.04142637274093701,0.013633692238941269,-0.003670670998658552,0.22453962613711187
2022-09-14,1.0452692279572897,0.6358966500750671,0.6491475899621637,0.6304623039305836,0.6448299081803262,-0.6666807544833587,NTES,-0.018000115900084712,-0.031462951427520924,-0.08547482479797301,-0.1111691217154495,-0.10330368391341929,0.06308923271407445
2022-09-15,1.0112399587427088,0.6268145298928796,0.6371621765146418,0.6250279009901912,0.6324722543466192,-0.8861187041923974,NTES,0.6966992227853853,-0.08704791235837905,-0.08442583304228006,-0.03828019762012493,-0.0639748946107348,-0.2405059720782102
2022-09-16,0.9696800614164721,0.6157224592946562,0.6261445653528372,0.6115536395897473,0.6242834770137302,-0.559522610402893,NTES,1.4113985614708553,-0.05768214429597726,-0.07760858684967606,-0.09491335016040925,-0.07813308272752253,0.36210682526680055
2022-09-19,0.9721904191664754,0.6163924806306073,0.6168391236573021,0.6020248763808648,0.6058959151360075,-1.0194983126776085,NTES,-1.4473987932710248,-0.12952287678187563,-0.06554798217114084,-0.06712106973154687,0.004719662754351492,-0.5059676766487814
2022-09-20,1.0051039490955909,0.6251768198630288,0.6330678162461516,0.6196679574862176,0.6213057243119772,-0.9882994588810406,NTES,-0.7326994545855547,0.1085474424724839,0.11431569690939496,0.12427871814967767,0.06187731117248228,0.03610122316259038
2022-09-21,0.8873975720087469,0.5937616396115569,0.6093947703008741,0.5895183604702292,0.6027693003573258,-0.7806196899092057,NTES,-0.018000115900084712,-0.1305714684644352,-0.16675408264630762,-0.21237522219061628,-0.2212900518214728,0.23086867262484928
2022-09-22,0.8648039071203625,0.5877316747716321,0.6039603673604818,0.5877316747716321,0.5946549256649466,-0.9809776469495918,NTES,0.6966992227853853,-0.05715804849126416,-0.03828019762012493,-0.012585500629515066,-0.042475364496629954,-0.21944895577624107
2022-09-23,0.8257543675441292,0.5773096255093599,0.5812551237009214,0.5677064028640586,0.5795428974387431,-0.8466242014094589,NTES,1.4113985614708553,-0.10644985903423138,-0.15993683645370363,-0.14105898558256438,-0.07341341997317104,0.14994444929421932
2022-09-26,0.834958938437749,0.5797662189520905,0.5889227985706968,0.579170713848467,0.5803617808516228,-0.9358925981106211,NTES,-1.4473987932710248,0.005768254436911063,0.05401147329731871,0.08075516204362151,0.01730436323759982,-0.09684855840371756
2022-09-27,0.8374695187569297,0.5804362402880416,0.5958460494640113,0.5767885230462463,0.5844561979160218,-1.023718273248936,NTES,-0.7326994545855547,0.028841272184555317,0.048767714738254114,-0.016780267432886718,0.004719662754351492,-0.09525634545082765
2022-09-28,0.8397005521895065,0.5810318021875739,0.5841584169662556,0.5665897385014127,0.5680041838138248,-0.876668877955749,NTES,-0.018000115900084712,-0.115888784469801,-0.08232824960402756,-0.07184073248589837,0.004195166876505022,0.16395592327965058
2022-09-29,0.759649096214358,0.5596664876080982,0.5661430954747179,0.5539343605138485,0.5610809329205104,-0.7799704652059245,NTES,0.6966992227853853,-0.048767714738254114,-0.12690079746577665,-0.08914509572349819,-0.15049831109126738,0.10838769122379253
2022-09-30,0.7713633571504495,0.5627931023867799,0.5714285795422727,0.5594431660947508,0.5606342330979067,-0.9185438713173851,NTES,1.4113985614708553,-0.003146575193945451,0.03723120586443199,0.03880429342483803,0.022024025991951312,-0.15126243606873044
2022-10-03,0.7953514179341944,0.5691952508169807,0.5738107703444933,0.5585498232454522,0.5592942472219133,-0.9682456291574665,NTES,-1.4473987932710248,-0.009438925435569616,0.016780267432886718,-0.006292750314757533,0.04509704373959556,-0.05318211817071163
2022-10-04,0.8918598614430777,0.5949527066147128,0.6041092862333192,0.5783518304355871,0.5814784452142688,-0.8997524229613021,NTES,-0.7326994545855547,0.15626656552817844,0.21342421394630923,0.13948629809529173,0.18143676664094183,0.0772599279947947
2022-10-05,0.8971596786913337,0.596367151927125,0.6087992084013417,0.5902627844466903,0.5966649328768912,-1.0739610516750853,NTES,-0.018000115900084712,0.10697435491207785,0.033036038987926966,0.0839013371644336,0.009963421313416085,-0.19059009600511134
2022-10-06,0.8885126435866809,0.5940594205613231,0.6067147985488872,0.5933149397889532,0.596367151927125,-0.9494181127623122,NTES,0.6966992227853853,-0.002097583438252511,-0.014682683994634209,0.021499530114104843,-0.01625577155504025,0.1391174012145679
2022-10-07,0.8388636920831128,0.5808084238783178,0.5895927631107392,0.5760440422738765,0.5854239434058303,-1.046765750215418,NTES,1.4113985614708553,-0.07708449104496296,-0.12060844722415248,-0.12165703890671206,-0.09334066267313658,-0.1057649509399011
2022-10-10,0.7590908927178593,0.5595176255311696,0.5761185017102952,0.558252042295686,0.5752251588609967,-0.9587236668426758,NTES,-1.4473987932710248,-0.07184073248589837,-0.09491335016040925,-0.12532770990537062,-0.14997341514028753,0.09883441350645306
2022-10-11,0.695495533999737,0.5425444521699502,0.5508821483756767,0.532866826884139,0.5484254981370374,-0.7611068807716991,NTES,-0.7326994545855547,-0.18877810863825895,-0.17776609564228327,-0.17881468732484285,-0.11955985554159292,0.21976298727844212
2022-10-12,0.6678824890264092,0.5351745582499409,0.5477555335969951,0.532494586497954,0.5381523109516938,-0.9382730886893187,NTES,-0.018000115900084712,-0.07236482829061147,-0.022024025991951312,-0.002622079316098981,-0.0519138898590662,-0.19385413255853567
2022-10-13,0.6477998495955598,0.5298146147459672,0.5348767773001747,0.5045782614113488,0.5084493569624003,-0.9298692355857345,NTES,0.6966992227853853,-0.2092290470698042,-0.0907185833570376,-0.1966439465134225,-0.037755701742278464,0.010944258506929715
2022-10-14,0.5761156592692833,0.5106826288917835,0.5302613145685708,0.5048760423611149,0.5264646784539381,-0.84052870280643,NTES,1.4113985614708553,0.12690079746577665,-0.0325115431100805,0.002097583438252511,-0.13476663534094022,0.10026740516405398
2022-10-17,0.6477998495955598,0.5298146147459672,0.5411300636534468,0.5184247631979777,0.5184247631979777,-0.8271835283500947,NTES,-1.4473987932710248,-0.05663355261341769,0.07655999516711649,0.09543784603825572,0.13476663534094022,0.016397587870577678
2022-10-18,0.6341323215600776,0.5261668975041719,0.5447033214588234,0.5199136111508998,0.541055604217028,-0.913818958199061,NTES,-0.7326994545855547,0.15941274064899053,0.025170201112763396,0.010487517118129187,-0.025694696990609864,-0.09394276976469347
2022-10-19,0.5326029399820104,0.4990694558304465,0.5173080988353317,0.49765501051803435,0.5118737526908481,-0.8944864892569103,NTES,-0.018000115900084712,-0.20555837607114566,-0.19297327551476395,-0.15679066133289155,-0.19087569207651145,0.023005271625070826
2022-10-20,0.4670557608641489,0.4815752368020223,0.500707222656206,0.46921758296831556,0.4792674486403116,-0.1010617657691669,NTES,0.6966992227853853,-0.22968038557448284,-0.11693737615236056,-0.20031461751208068,-0.1232301264671181,0.8773071314981551
2022-10-21,0.4040183830733482,0.4647509823136404,0.46713317311586106,0.4502344875890148,0.45194668545323874,0.009090025554206517,NTES,1.4113985614708553,-0.19244877963691748,-0.23649723169395348,-0.13371784362181435,-0.11851086378589998,0.12323507700949099
2022-10-24,0.2324788652355573,0.4189681978124261,0.4261147986170423,0.3952207208286841,0.41390603525821856,0.7722536642612328,NTES,-1.4473987932710248,-0.2679601831214748,-0.28893541739429945,-0.38751963858993393,-0.3224961522966392,0.8439104648112891
2022-10-25,0.2614871963809544,0.4267103321186203,0.4425668127192393,0.42492370321593204,0.43162360419794465,-0.32457540389324846,NTES,-0.7326994545855547,0.12480341406409119,0.115888784469801,0.2092292471063709,0.05453596917516481,-1.2088102793782123
2022-10-26,0.303326306740029,0.4378768621532624,0.4462889893974533,0.4260403391806236,0.4270081130683865,0.11022480710978577,NTES,-0.018000115900084712,-0.03251174314664718,0.026219192868456333,0.00786563783859689,0.078657578605369,0.48152279673354426
2022-10-27,0.24475166352191324,0.4222437314639452,0.4363135547639216,0.418223773835965,0.4264870106052729,-0.676743737384217,NTES,0.6966992227853853,-0.003670670998658552,-0.07026744488892564,-0.05506026501644497,-0.11012053003288994,-0.8668427424212807
2022-10-28,0.2082122591265061,0.41249161834376086,0.4134593922315237,0.4009528763208883,0.40288839569845963,-0.47945156366488084,NTES,1.4113985614708553,-0.16622978680502784,-0.16098582820939655,-0.12165703890671206,-0.0686943573285196,0.2194047393640419
2022-10-31,0.21406961216372905,0.4140549257331017,0.421201526537718,0.4073550247510891,0.40951386564200787,-0.6853639987222282,NTES,-1.4473987932710248,0.046670131300001604,0.05453596917516518,0.04509704373959556,0.011012012995975656,-0.22557897564486726
2022-11-01,0.32424558370809464,0.4434601271705834,0.44785229678679417,0.43192138514771083,0.4418223603448238,-0.30628890808416187,NTES,-0.7326994545855547,0.22758260209966327,0.18772931691913267,0.17304663292449846,0.2071316636681184,0.42002357142817126
2022-11-02,0.3164356312790126,0.44137571731812897,0.4538822332287645,0.43914241699079143,0.44450233209681067,-0.3700932692010733,NTES,-0.018000115900084712,0.018877850871139603,0.04247516446006327,0.050865298176506625,-0.014682683994634209,-0.06874599978521055
2022-11-03,0.31253076634906013,0.44033351239190177,0.4477034063119111,0.4265614416437372,0.4268592225935034,-0.8154974836910335,NTES,0.6966992227853853,-0.12427891818624436,-0.04352395617918953,-0.08862099991878508,-0.007341341997317104,-0.48988632582459324
2022-11-04,0.4065287408233515,0.4654209752516371,0.47829970315050313,0.45730662895721236,0.47293975964652957,-0.08858222425053978,NTES,1.4113985614708553,0.3245935356983258,0.21552179738456173,0.21657058910368798,0.17671730392315702,0.8039061143699299
2022-11-07,0.40959696821608765,0.4662398586645169,0.4812774558522561,0.4596143887209686,0.4748753074220553,-0.7833969289176863,NTES,-1.4473987932710248,0.013634092312074264,0.020975434309391743,0.016255971591606935,0.005768254436911063,-0.7651401400554374
2022-11-08,0.39565078357071054,0.4625176819863029,0.46921758296831556,0.4439067985952327,0.4543288762554594,-0.8712226040560014,NTES,-0.7326994545855547,-0.14473005665435593,-0.08495032892012616,-0.1106450259107364,-0.026219192868456333,-0.09525634545082765
2022-11-09,0.3144832544563307,0.44085461485501537,0.4555199716565696,0.4392168480292558,0.45231889744146925,-0.7527030276681149,NTES,-0.018000115900084712,-0.014158388153354795,-0.09648663775738273,-0.03303623902449365,-0.1525956944929532,0.1324699121362525
2022-11-10,0.3995557597852514,0.4635598869125301,0.47122756178230557,0.4603588126974297,0.462294332075001,-0.6670414348740705,NTES,0.6966992227853853,0.07026744488892527,0.11064502591073677,0.14892502349429465,0.1599370364902703,0.09620726213418469
2022-11-11,0.46900824897141963,0.4820963392651359,0.4877540069229669,0.4757686218733994,0.4808307560296525,-0.7971388518038046,NTES,1.4113985614708553,0.13057146846443557,0.11641308031108077,0.1085474424724839,0.13057166850100188,-0.1419081849705022
2022-11-14,0.48239634140488674,0.48566959707051244,0.4979527914678005,0.48016079148961016,0.49132732152425224,-0.8779312593232402,NTES,-1.4473987932710248,0.07393831592415089,0.07184073248589837,0.03093865558624114,0.025170201112763396,-0.08749430730548931
2022-11-15,0.6597934348490778,0.5330156889610677,0.5411300636534468,0.5161914344726858,0.5187225441477439,-0.2323494279882498,NTES,-0.7326994545855547,0.19297327551476395,0.3041427973033468,0.2538015949315533,0.33350816529261523,0.7141451091507609
2022-11-16,0.6522623615990678,0.531005738545032,0.5580287207823387,0.5268368620442142,0.5565398728294165,-0.06492159061984791,NTES,-0.018000115900084712,0.2663870955610684,0.11903495959061308,0.07498690760671045,-0.014158188116787738,0.18644593123922065
2022-11-17,0.643057790705448,0.5285490883063926,0.5581776396551761,0.5170847773219843,0.5411300636534468,0.26870777078853586,NTES,0.6966992227853853,-0.1085474424724839,0.0010489917556929399,-0.06869415729195291,-0.01730476331073319,0.3698688634121389
2022-11-18,0.5437605554058438,0.5020472085321995,0.5138092436704651,0.4937839717628916,0.5136603815935364,-0.44334745655463303,NTES,1.4113985614708553,-0.19349777139261043,-0.3125331310563569,-0.16413200333020864,-0.18668052520000641,-0.7841670848424719
2022-11-21,0.5114047838348725,0.4934117313767067,0.4992927773437939,0.4832874062682918,0.49177396455094713,-0.8202223968093576,NTES,-1.4473987932710248,-0.1541689820899259,-0.10225469215772635,-0.07393831592415089,-0.06082871948992271,-0.41425621056232226
2022-11-22,0.48964842419123605,0.48760514484603823,0.4897640141349114,0.47085534979407506,0.47681085519758104,-0.9391747896660981,NTES,-0.7326994545855547,-0.10540086727853844,-0.06712106973154687,-0.08757200816309214,-0.04090187686309054,-0.12960833990942758
2022-11-23,0.5211670018020479,0.4960172436922748,0.5063648903140371,0.4928906289135931,0.4987716748806803,-0.9242786895297022,NTES,-0.018000115900084712,0.15469307789463901,0.11693737615236056,0.1552175737724855,0.0592552318563833,0.018109216794934335
2022-11-25,0.493274521226705,0.4885728903358467,0.49765501051803435,0.48760514484603823,0.48767960428245694,-0.9992641427586784,NTES,1.4113985614708553,-0.07813308272752253,-0.061352815294635814,-0.03723120586443199,-0.05243838573691267,-0.0810856501701074
2022-11-28,0.5303719065494336,0.4984738939309141,0.5112781907913159,0.4855951944300025,0.4855951944300025,-0.7839740175428251,NTES,-1.4473987932710248,-0.014682683994634209,0.09596234191610219,-0.014158188116787738,0.06974314904764586,0.2392675959513436
2022-11-29,0.5811365973384671,0.5120226147677769,0.531005738545032,0.5094171024522088,0.5184247631979777,-0.47559228348426497,NTES,-0.7326994545855547,0.23125307306175552,0.13896180221744525,0.1678026743288672,0.09543784603825572,0.3420051367365654
2022-11-30,0.6464052311310221,0.5294424311556911,0.5358445795858919,0.514553724442835,0.5255713356046396,-0.13951029541904117,NTES,-0.018000115900084712,0.050340802298660156,0.03408503074361991,0.03618261418187242,0.122706030662405,0.37257562543205175
2022-12-01,0.5780687037994969,0.5080771165762153,0.516489215422452,0.5013027277598296,0.5129904170534941,-0.7180416421207142,NTES,0.6966992227853853,-0.08862059984565172,-0.13634012297447964,-0.09334066267313658,-0.15049831109126738,-0.6368077760525102
2022-12-02,0.652438858956613,0.5278046643299316,0.5345045937098986,0.5019727490957807,0.5030894134584267,-0.5996663378891125,NTES,1.4113985614708553,-0.06974314904764586,0.12690119753891002,0.004719662754351492,0.13896180221744525,0.1323106908409635
2022-12-05,0.5996775000786283,0.5138092436704651,0.5389711943645736,0.5089704594255139,0.5307824170316845,-0.4710837786003679,NTES,-1.4473987932710248,0.19507085895301646,0.031462951427520924,0.04929221061610058,-0.09858442123220117,0.14357559748265966
2022-12-06,0.5769462874387143,0.5077793356264492,0.516489215422452,0.5008560847331348,0.5135859221571177,-0.641000310664681,NTES,-0.7326994545855547,-0.12113294310199896,-0.15836414896643095,-0.05715804849126416,-0.04247496442349658,-0.18585326247026385
2022-12-07,0.5822781546484918,0.5091937809388614,0.5174570177081692,0.49370951232647287,0.4942306147895865,-0.7059588490318701,NTES,-0.018000115900084712,-0.13633972290134627,0.006817246192604003,-0.050340802298660156,0.009963421313416085,-0.07001977014752249
2022-12-08,0.6611388655254472,0.5301123956957334,0.5429911519925539,0.5272835618668179,0.5327923674477202,-0.6865181759725059,NTES,0.6966992227853853,0.27163085412013294,0.1798636790805358,0.23649723169395348,0.14735173589732192,0.02312468759653757
2022-12-09,0.6319520338999097,0.5223702613895391,0.5366634062028629,0.5214025158997306,0.5301123956957334,-0.9356401218371229,NTES,1.4113985614708553,-0.018877850871139232,-0.044572947934882465,-0.04142637274093701,-0.05453596917516518,-0.2732657535839202
2022-12-12,0.6089390486816196,0.5162658939091045,0.5243802686014837,0.5056204663375761,0.5217746994900068,-0.7956600622018863,NTES,-1.4473987932710248,-0.0587311360516702,-0.0865230164073992,-0.11116952178858287,-0.04299946030134305,0.15615407981049
2022-12-13,0.6269003812842678,0.5210302755135457,0.5420978091432553,0.5173080988353317,0.5331646078339052,-0.745561555932022,NTES,-0.7326994545855547,0.08023106623890841,0.12480321402752415,0.08232824960402756,0.033560534865773435,0.056959212845448276
2022-12-14,0.710812522207688,0.5432889329423201,0.5479043956739238,0.5273579645073279,0.5295912932326198,-0.5583323651135441,NTES,-0.018000115900084712,-0.025170601185896764,0.04090187686309054,0.07079174073020543,0.15679106140602492,0.20829905401763474
2022-12-15,0.6636645805486796,0.5307824170316845,0.5577309398325725,0.5288468692561588,0.5476066147241576,-0.5536435200342912,NTES,0.6966992227853853,0.12690079746577665,0.06921865316979939,0.010487917191262556,-0.08809650404093862,0.006844310153238183
2022-12-16,0.6636645805486796,0.5307824170316845,0.5363656820490056,0.5231146853660003,0.5307824170316845,2.083146544303147,NTES,1.4113985614708553,-0.1185104637127666,-0.150497911018134,-0.04037778105837744,0.0,2.9116776214056
2022-12-19,0.6541228173515528,0.5282513073566264,0.5340578938872949,0.5237102472655326,0.5308568196721944,-0.8839906898871979,NTES,-1.4473987932710248,0.0005240958047131012,-0.016256171628173617,0.004195166876505022,-0.01782925918857966,-3.2729153461808767
2022-12-20,0.6190421313437263,0.5189458656610914,0.5195414275606237,0.5059182472873422,0.5073326925997543,-0.7314228846161207,NTES,-0.7326994545855547,-0.1657050908906147,-0.10225469215772635,-0.12532770990537062,-0.06554798217114084,0.17004613782445452
2022-12-21,0.6911674537792774,0.5380778515152751,0.5406089611903332,0.5189458656610914,0.5207324945637796,-0.7963814229833098,NTES,-0.018000115900084712,0.09438885428256279,0.14840072765301485,0.09176717503959717,0.13476663534094022,-0.07001977014752249
2022-12-22,0.688361079023555,0.5373334275388141,0.5514032508387904,0.5330156889610677,0.54336333558283,-0.9800759459728124,NTES,0.6966992227853853,0.15941274064899053,0.07603549928927002,0.09910851703691427,-0.0052437585590645935,-0.20105889617036254
2022-12-23,0.6577711713047449,0.5292190528464349,0.5415767066801417,0.5254968761682208,0.5370356465890479,-0.957713761748683,NTES,1.4113985614708553,-0.04457254786174909,-0.06921865316979939,-0.052962881614759136,-0.05715804849126416,0.02634891882613965
2022-12-27,0.71530285535835,0.5444799999454759,0.5506588268623294,0.5357701201494732,0.5373334275388141,-0.8292033385380806,NTES,-0.7326994545855547,0.002097583438252511,0.0639748946107348,0.07236522836374484,0.10749885078992431,0.14349598683501516
2022-12-28,0.6740483229432762,0.5335367914241813,0.5534132012548261,0.5310801411855419,0.5487232790868036,-0.7048407398206636,NTES,-0.018000115900084712,0.08023066616577504,0.019401946675852332,-0.03303643906106034,-0.07708449104496296,0.13891837459545667
2022-12-29,0.7155832925216628,0.5445544593818946,0.5468621907476966,0.5315268410081455,0.5345789963504085,-0.8773541706981014,NTES,0.6966992227853853,-0.09963301291476075,-0.046145635422155135,0.003146575193945451,0.07760898692280943,-0.1887192457854657
2022-12-30,0.700989876708894,0.5406833638308431,0.5504355053489819,0.536589003562353,0.540385582881077,-0.9573891493970423,NTES,1.4113985614708553,0.04090187686309054,0.025170601185896764,0.03565811830402595,-0.027268184624149275,-0.0866583955052221
2023-01-03,0.8081954400139171,0.569120791380562,0.5803617808516228,0.5611553355610204,0.5673341624778737,-0.5009120469122309,NTES,-0.7326994545855547,0.18982710039395187,0.21080213463021025,0.17304643288793178,0.20031461751208107,0.5054457963507152
2023-01-04,0.9799485129772624,0.6146802543684289,0.6174346855568345,0.5913794488093362,0.5992704451924592,-0.6022993047413084,NTES,-0.018000115900084712,0.22496072282013135,0.26114333700200376,0.21290011814159612,0.32092306473623355,-0.11022314720799287
2023-01-05,0.9656357568969837,0.6108836182537961,0.6162435617577697,0.5972604947764235,0.5998660070919916,-0.9523035558880064,NTES,0.6966992227853853,0.004195166876505022,-0.008390333753010045,0.04142637274093701,-0.026743688746302806,-0.38460124431474757
2023-01-06,0.9502005844559223,0.606789257985306,0.6178813285835294,0.603811505283553,0.604928169646199,-0.5767992011179865,NTES,1.4113985614708553,0.03565811830402595,0.011536508873822127,0.046145635422155135,-0.028840872111421948,0.4160828443697687
2023-01-09,0.8943526362280797,0.5919749539129598,0.6194446359728701,0.5913794488093362,0.6178813285835294,-0.46603425313040314,NTES,-1.4473987932710248,0.0912426791617507,0.011012012995975656,-0.08757200816309214,-0.10435267566911223,0.12391176751446921
2023-01-10,0.9807907147439096,0.6149035758817764,0.6185512931235716,0.6024715194075596,0.6037370458471343,-0.6692415852574123,NTES,-0.7326994545855547,-0.09963301291476075,-0.006292750314757533,0.07813308272752253,0.16151032408724303,-0.22259357635819865
2023-01-11,1.0228867812180988,0.6260701059164184,0.6315789114973208,0.6053748126728938,0.6062681555221924,-0.2689224196064229,NTES,-0.018000115900084712,0.01782925918857966,0.09176717503959717,0.02045093843154527,0.078657578605369,0.44346890715947523
2023-01-12,1.0557221893660056,0.6347799857124212,0.6361944310248333,0.622124607724857,0.6259212438394898,-0.9484803437464617,NTES,0.6966992227853853,0.13843730633959878,0.03251194318321387,0.1179863679080535,0.061352815294635814,-0.7483024880786265
2023-01-13,1.1424404824759709,0.6577830671176564,0.6659718444505456,0.6402143886528135,0.6418521554785731,-0.508883083546961,NTES,1.4113985614708553,0.11221811347114244,0.20975354294765067,0.12742529334362312,0.1620348199650895,0.4868169048019032
2023-01-17,1.1620853283352044,0.6629940917487926,0.6688006782794611,0.6476587420092416,0.6484031659857027,0.07816032037550975,NTES,-0.7326994545855547,0.046145635422155135,0.0199264425536988,0.05243838573691267,0.03670670998658552,0.6495410685872526
2023-01-18,1.146369496161653,0.6588252720438837,0.6845827278416158,0.658676409966955,0.6798928056735931,-0.8126120405653393,NTES,-0.018000115900084712,0.22181454769931852,0.11116952178858287,0.07760898692280943,-0.029365367989268417,-0.9814024643817101
2023-01-19,1.1674176406833363,0.6644085370612047,0.6735651166798111,0.6595696960203448,0.6595696960203448,-1.0483166758954785,NTES,0.6966992227853853,-0.1431569690939495,-0.07760858684967606,0.006292350241624165,0.0393287893026845,-0.258458173122044
2023-01-20,1.1629275301018513,0.66321741326214,0.6722251308038176,0.6562197597283156,0.669172918665646,-0.8680486166177378,NTES,1.4113985614708553,0.06764556560939335,-0.00943892543557036,-0.023597113552357354,-0.008390333753010045,0.2006166265199409
2023-01-23,1.196324035145561,0.6720762119309802,0.6821260776029763,0.6662696254003118,0.6667162684270066,-1.0291645471486839,NTES,-1.4473987932710248,-0.01730476331073319,0.06974274897451249,0.07079174073020543,0.06240180705032875,-0.17614076345763538
2023-01-24,1.1870624865425696,0.6696195616923408,0.6792972437740609,0.667311830326539,0.6689495971522986,-1.0174424344505515,NTES,-0.7326994545855547,0.015731675750327148,-0.019926442553698055,0.007341341997317104,-0.01730476331073319,0.014606348298576521
2023-01-25,1.1968851320413636,0.6722251308038176,0.673341738370555,0.6614307843594518,0.6681307137394188,-1.0430146741520157,NTES,-0.018000115900084712,-0.005768254436911063,-0.041950868618782736,-0.04142637274093701,0.018353755066425385,-0.026552356533627794
2023-01-26,1.2527333028383836,0.6870393780802552,0.693739307460222,0.6780317173344861,0.6899426713455894,-0.9715999567910859,NTES,0.6966992227853853,0.15364448621207946,0.14368146497179524,0.11693777622549319,0.10435227559597961,0.08048415922439678
2023-01-27,1.2347719702357354,0.6822749964758139,0.6859227137176092,0.6771383744851877,0.6836893849923172,-1.0638259326960846,NTES,1.4113985614708553,-0.044048452057035996,-0.055060465053010904,-0.006292750314756788,-0.033560534865773435,-0.10011259495714189
2023-01-30,1.1766789667171502,0.6668651872998441,0.675202826709662,0.6631430106216301,0.6671629682496103,-0.865848466234396,NTES,-1.4473987932710248,-0.11641288027451409,-0.07551140348455618,-0.09858402115906781,-0.1085474424724839,0.2201610405166646
2023-01-31,1.1494565306498654,0.6596441554567635,0.6685029541256037,0.6580808480674226,0.6667907278634254,-0.9027100021651385,NTES,-0.7326994545855547,-0.002622079316098981,-0.04719422710471545,-0.03565811830402595,-0.050865298176506625,-0.03901142288999138
2023-02-01,1.2381394418872602,0.6831682825292036,0.6882304450834111,0.6696940211287596,0.6795205652874083,-0.9410142596587281,NTES,-0.018000115900084712,0.08966959160134466,0.13896140214431263,0.08180375372618108,0.1657050908906147,-0.0406036358428813
2023-02-02,1.2089528328309,0.6754262050189181,0.6824983179891613,0.6677584733532339,0.6766172720220741,-0.8807084983317208,NTES,0.6966992227853853,-0.02045093843154527,-0.04037738098524482,-0.013634092312074637,-0.05453556910203181,0.06822411948714442
2023-02-03,1.1856594104492972,0.6692473781020647,0.6815305724993527,0.6688751377158798,0.6793717032104797,-0.9814825994965883,NTES,1.4113985614708553,0.019402346748986447,-0.0068168461194713795,0.007865837875163574,-0.04352395617918953,-0.10954645670301465
2023-02-06,1.1424404824759709,0.6577830671176564,0.662398586645169,0.6497431518616961,0.6507853567879233,-0.6513518378781087,NTES,-1.4473987932710248,-0.20136360926777475,-0.13476663534093947,-0.13476663534094022,-0.08075516204362151,0.3660077470013809
2023-02-07,1.1413180661151883,0.6574852861678903,0.6708106854914055,0.6500409328114622,0.6685773567661136,-0.6749403354306581,NTES,-0.7326994545855547,0.12532770990537062,0.0592552318563833,0.002097583438252511,-0.002097583438252511,-0.02436306372340416
2023-02-08,1.1424404824759709,0.6577830671176564,0.6725228549576752,0.6533164664629814,0.6708851449278245,-0.49748558320046915,NTES,-0.018000115900084712,0.016256171628174363,0.012060604678535227,0.023073017747644253,0.002097583438252511,0.19751181126180556
2023-02-09,1.1660145645900637,0.6640362966750198,0.6833916608384597,0.6618030247456367,0.675202826709662,-0.7867873245903769,NTES,0.6966992227853853,0.030413959671827986,0.07656039524024912,0.05977972773422977,0.044048051983902624,-0.3176088843219044
2023-02-10,1.0958538602819423,0.6454254132839496,0.6592719150705786,0.6449043108208361,0.6533908691034913,-1.0316171738055238,NTES,1.4113985614708553,-0.1536444862120802,-0.16990065784025232,-0.11903535966374644,-0.13109596434228168,-0.2685289200490727
2023-02-13,1.1284086086973593,0.6540608904394425,0.6631430106216301,0.6535397879763288,0.6577830671176564,-0.9429619337685716,NTES,-1.4473987932710248,0.030938855622807827,0.027268184624149275,0.06082871948992271,0.06082871948992271,0.09951110401143126
2023-02-14,1.097537818676882,0.6458721131065533,0.6505620352745759,0.6399910671394661,0.6505620352745759,-0.9904996092643824,NTES,-0.7326994545855547,-0.050865298176506625,-0.08862099991878508,-0.09543784603825572,-0.05768214429597726,-0.05079379874137676
2023-02-15,1.0865927568173055,0.6429688198412191,0.64453212723056,0.6313555899839733,0.6369388550012943,-0.9345580806649875,NTES,-0.018000115900084712,-0.09596234191610219,-0.04247496442349658,-0.06082871948992271,-0.02045093843154527,0.06340767530465242
2023-02-16,1.1270053100349096,0.6536886500532575,0.6618030247456367,0.6490731873216538,0.6506364947109946,-0.7138216815493865,NTES,0.6966992227853853,0.09648683779394866,0.12165703890671206,0.1248036141006575,0.07551100341142356,0.24527819984850302
2023-02-17,1.071718681272047,0.6390232648537488,0.6469143180327805,0.6351522260986061,0.6424477173781055,-1.0997496996109764,NTES,1.4113985614708553,-0.05768214429597726,-0.10487677147382533,-0.0980599253543547,-0.10330368391341929,-0.42424734684170645
2023-02-21,1.0540382309710659,0.6343333426857263,0.6424477173781055,0.6245812579634964,0.6309834063936972,-0.6792324320801282,NTES,-0.7326994545855547,-0.08075516204362151,-0.031462951427520924,-0.07446241172886398,-0.033036038987926966,0.46575988849993405
2023-02-22,1.0776123130851587,0.6405866290389984,0.643415462867914,0.6320256113199244,0.6350777666621874,-0.7852003308712451,NTES,-0.018000115900084712,0.028840872111421948,0.0068168461194706344,0.05243838573691267,0.044048452057035996,-0.11527842333341835
2023-02-23,0.9889291792785865,0.6170624451706496,0.6685029541256037,0.5967393923133099,0.6551030953656697,-0.06672499257340675,NTES,0.6966992227853853,0.14105938565569776,0.17671750395972372,-0.2485578363724887,-0.16570549096374804,0.7945916685955239
2023-02-24,0.8696559151840271,0.5854239434058303,0.6009826714546375,0.5782029115627496,0.5881039151578171,-0.3476589488988015,NTES,1.4113985614708553,-0.471945471632214,-0.4756161426308726,-0.13057186853756858,-0.22286313938187885,-0.30837404919514283
2023-02-27,0.8791981235195083,0.5879550530808884,0.5951760281280603,0.58140398577785,0.5925705158124922,-0.820510941121927,NTES,-1.4473987932710248,0.031462951427520924,-0.04090227693622391,0.02254852186979778,0.01782925918857966,-0.5201781772533238
2023-02-28,0.8415919450576267,0.5779795900494022,0.582520650140496,0.572098544082315,0.5743318728076069,-0.8056869770636734,NTES,-0.7326994545855547,-0.12847388502618268,-0.08914509572349819,-0.06554798217114084,-0.07026764492549233,0.01802960614728984
2023-03-01,0.9504812441884122,0.606863660625816,0.6204868408990974,0.605002572286709,0.6189979929461753,-0.008727585746954735,NTES,-0.018000115900084712,0.314630314421476,0.26743568724362793,0.231777568939602,0.20346079263289313,0.8812080532327353
2023-03-02,1.0647019653906207,0.6371621765146418,0.6444576677941412,0.6165413427075359,0.6189979929461753,-0.33597290423974024,NTES,0.6966992227853853,0.0,0.16885166608456012,0.08127965792146799,0.21342421394630923,-0.3594840849829091
2023-03-03,1.0734026396669867,0.6394699646763525,0.6542097525163711,0.638576621827054,0.641182134142622,-0.8597890356704384,NTES,1.4113985614708553,0.15626616545504507,0.06869415729195291,0.1552175737724855,0.016256171628173617,-0.5764230998141602
2023-03-06,1.089118694409715,0.6436387843812614,0.6497431518616961,0.6370133144377131,0.6420010175555018,-0.9930243719993648,NTES,-1.4473987932710248,0.005768254436911063,-0.031462951427520924,-0.011012012995975656,0.029365367989268417,-0.14537124814303776
2023-03-07,1.014467879520109,0.6238368339870353,0.6372366359510605,0.6195935548457077,0.6369388550012943,-0.6519289265032475,NTES,-0.7326994545855547,-0.03565811830402595,-0.08809650404093862,-0.12270563058927163,-0.13948589802215836,0.3781085654433442
2023-03-08,1.001234583949407,0.6183279716102242,0.6220501482884383,0.6110325371266336,0.6111069397671436,-1.0136552903480778,NTES,-0.018000115900084712,-0.1819612625187883,-0.10697435491207785,-0.06030422361207624,-0.0388046934979714,-0.39753797455697815
2023-03-09,0.9547790550007683,0.6060448340088449,0.619519095409289,0.6044070671830853,0.6055981341862413,-0.7623692621391903,NTES,0.6966992227853853,-0.03880429342483803,-0.01782885911544629,-0.046670131300001604,-0.0865230164073992,0.278993309125947
2023-03-10,0.9947589337378326,0.6166158021439547,0.6222734698017857,0.6058214556995887,0.6058214556995887,-0.9879027104512578,NTES,1.4113985614708553,0.0015730875604060412,0.019401946675852332,0.009963021240282716,0.07446241172886398,-0.2472330718041701
2023-03-13,1.0212246346025278,0.623613455677779,0.6321744733968531,0.6144569328550815,0.6144569328550815,-1.031040085180385,NTES,-1.4473987932710248,0.06082871948992271,0.06974314904764586,0.06082871948992271,0.04929181054296722,-0.04593754923506252
2023-03-14,1.064583336019156,0.6350777666621874,0.6352266855350248,0.6155735972177274,0.6174346855568345,-1.066783511899921,NTES,-0.7326994545855547,0.020975434309391743,0.02149993018723821,0.007865837875163574,0.08075516204362151,-0.0377774578515017
2023-03-15,1.0229141572268983,0.6240601555003827,0.6315789114973208,0.6141591519053153,0.6233901341644317,-0.9174978981843209,NTES,-0.018000115900084712,0.04195046854565011,-0.025695097063743233,-0.009963421313416085,-0.07760858684967606,0.16642385335662996
2023-03-16,1.0702145587723109,0.6365666714110182,0.6367899929243657,0.6169135830937209,0.6169135830937209,-1.0092549895813943,NTES,0.6966992227853853,-0.045621139544308666,0.03670711005971889,0.0194023467489857,0.08809650404093862,-0.09959512574745268
2023-03-17,1.0803503591034707,0.6392466431630051,0.6511575971741081,0.6339611590954501,0.6469143180327805,-0.9275248130461081,NTES,1.4113985614708553,0.21132663050805672,0.10120610047516679,0.12008395134630602,0.018877850871139232,0.09186848183755968
2023-03-20,1.0803503591034707,0.6392466431630051,0.64453212723056,0.628824537104824,0.6298667420310512,-1.001861041571803,NTES,-1.4473987932710248,-0.12008395134630602,-0.046670131300001604,-0.03618261418187242,0.0,-0.08036915434130694
2023-03-21,1.08626268672747,0.6408099505523459,0.6419266149149918,0.6332166783230804,0.6370877738741318,-1.1117603566216783,NTES,-0.7326994545855547,0.050865298176506625,-0.01835335499329276,0.03093845554967446,0.011012012995975656,-0.11961720363004337
2023-03-22,1.0606416358903716,0.6340355617359601,0.6452020917706023,0.6320256113199244,0.640437710166161,-1.0607601493750345,NTES,-0.018000115900084712,0.023597113552357354,0.023072617674510885,-0.008389933679876675,-0.04771912305569455,0.05795434594100447
2023-03-23,1.1994455678562443,0.6707362260549868,0.6766172720220741,0.658676409966955,0.6618030247456367,-0.7948304973032493,NTES,0.6966992227853853,0.15049831109126738,0.2212900518214728,0.18772951695569937,0.2585212576859048,0.2951542705977796
2023-03-24,1.1797372897814997,0.6655252014238507,0.6734161978069737,0.661356324923033,0.6628452296718639,-1.1071436476205676,NTES,1.4113985614708553,0.007341341997317104,-0.02254852186979778,0.01887745079800586,-0.03670670998658552,-0.3430046809204985
2023-03-27,1.1501743162464395,0.6577086076812377,0.6588252720438837,0.6507109541474133,0.652720904563449,-1.0521398880370234,NTES,-1.4473987932710248,-0.0713162366080519,-0.10277918803557283,-0.07498650753357708,-0.05506046505301165,0.062372736885273984
2023-03-28,1.2160570183989785,0.6751284240691519,0.6788506007473659,0.6658229823736169,0.6699918020785258,-0.8981293612030992,NTES,-0.7326994545855547,0.12165703890671206,0.141059385655697,0.10644985903423138,0.12270603066240425,0.17163835077734443
2023-03-29,1.1510191888432135,0.6579319291945852,0.661728565309218,0.6507853567879233,0.6606863603829907,-0.7389250367429255,NTES,-0.018000115900084712,-0.06554798217114084,-0.12060844722415175,-0.10592576322951827,-0.12113294310199821,0.1773703174077481
2023-03-30,1.1569312938980356,0.6594952365839261,0.6632918726985588,0.6522742615367542,0.6524231236136828,-0.9587236668426758,NTES,0.6966992227853853,-0.05820664017382373,0.011012012995975656,0.010487917191262556,0.011012012995975656,-0.24090402531643268
2023-03-31,1.1527084888984067,0.6583786290171888,0.666195165963893,0.655698657265202,0.655698657265202,-1.0287317306798296,NTES,1.4113985614708553,0.023073017747644253,0.02045093843154527,0.024121609430203823,-0.007865437802030206,-0.0755925154826372
2023-04-03,1.189872644974305,0.6682051731758375,0.6706617666185681,0.6583786290171888,0.6583786290171888,-0.8553526668646836,NTES,-1.4473987932710248,0.018877850871139232,0.031462951427520924,0.018877850871139232,0.06921865316979939,0.19301380966989154
2023-04-04,1.2047952406002003,0.672150671367399,0.6765428125856552,0.6662696254003118,0.6662696254003118,-0.900762328055295,NTES,-0.7326994545855547,0.05558456085772475,0.04142637274093627,0.05558456085772475,0.027792280428862375,-0.04844528463586413
2023-04-05,1.1580579390731855,0.6597930175336922,0.674011759706506,0.6570386431411954,0.6722251308038176,-1.0377487404476238,NTES,-0.018000115900084712,0.041950868618782736,-0.017828859115445544,-0.06502348629329437,-0.08704791235837905,-0.14951100182055152
2023-04-06,1.189872644974305,0.6682051731758375,0.6704384451052207,0.6604630388696433,0.6640362966750198,-1.065340790337074,NTES,0.6966992227853853,-0.057682544369109884,-0.025170601185896764,0.024121609430203823,0.05925563192951667,-0.028781454667673678
2023-04-10,1.169038389431942,0.6626963107990265,0.6667907278634254,0.6588252720438837,0.6609096818963381,-1.0983069780481294,NTES,-1.4473987932710248,-0.022024025991951312,-0.025694696990609864,-0.011536508873822127,-0.0388046934979714,-0.03471244791718861
2023-04-11,1.168475066844367,0.6625474487220977,0.6705129045416394,0.6618774841820554,0.6685773567661136,-1.1026712107757417,NTES,-0.7326994545855547,0.05401147329731871,0.026219192868456333,0.02149993018723821,-0.0010485916825595711,-0.0031468261261460373
2023-04-12,1.1414464885304514,0.6554008763154359,0.6677584733532339,0.6529442260767965,0.6621008056954029,-0.9076513235178898,NTES,-0.018000115900084712,-0.045621139544308666,-0.0194023467489857,-0.06292630292817522,-0.050340802298660156,0.21689700396324027
2023-04-13,1.1983193678194488,0.6704384451052207,0.6740862191429247,0.6669395899403541,0.6685029541256037,-0.7268422436540813,NTES,0.6966992227853853,0.04509704373959556,0.044572947934881715,0.09858402115906781,0.10592536315638491,0.20121370637727462
2023-04-14,1.2090182681690063,0.6732673357300448,0.6877838020567162,0.6700662615149445,0.684880508791382,-0.7312425444207649,NTES,1.4113985614708553,0.11536428859195452,0.09648643772081604,0.02202442606508468,0.019926842626831424,-0.0031866314499682854
2023-04-17,1.3233277944729307,0.703491392182452,0.7071391094242473,0.6871882401571839,0.6886771449060148,-0.7472567537683673,NTES,-1.4473987932710248,0.02674368874630355,0.13633972290134552,0.12060804715101986,0.2128997180684635,-0.016003945720732105
2023-04-18,1.2684255426791482,0.6889749258557808,0.7022258657428773,0.686741597130489,0.7005880989171178,-0.8193206958325782,NTES,-0.7326994545855547,0.08390133716443285,-0.03460912654833301,-0.0031461751208128274,-0.1022546921577271,-0.07786141894050533
2023-04-19,1.2301345188589228,0.6788506007473659,0.689049328496291,0.6675351518398864,0.6706617666185681,-0.7249667056223802,NTES,-0.018000115900084712,-0.21080253470334362,-0.09281616679528862,-0.1352911312187867,-0.0713162366080519,0.10580034517534642
2023-04-20,1.2337946689785082,0.6798183462371745,0.6897938092686606,0.6755750670958468,0.6796694841602456,-1.1510384511701897,NTES,0.6966992227853853,0.06345079880602095,0.005244158632197217,0.05663355261341769,0.0068168461194713795,-0.4685506722558684
2023-04-21,1.202261067948233,0.671480650031448,0.6783294982842525,0.6693962401789935,0.6716295689042854,-1.0456476410042115,NTES,1.4113985614708553,-0.056633552613416946,-0.08075516204362077,-0.04352395617918953,-0.05873113605166946,0.11798077426495428
2023-04-24,1.2045134680218241,0.6720762119309802,0.6830194204522749,0.671480650031448,0.6795205652874083,-0.9810497830277342,NTES,-1.4473987932710248,0.05558456085772475,0.033036038987926224,0.014682683994634953,0.0041951668765042765,0.07296095302199193
2023-04-25,1.0431855353200408,0.6294200990043564,0.6543586713892087,0.6234645936008504,0.6540608904394425,-0.5698741376163207,NTES,-0.7326994545855547,-0.17933918320268932,-0.2018877050724871,-0.3382274279738341,-0.3004717262315549,0.45545030962997185
2023-04-26,1.0806316865434924,0.639321045803515,0.6466909965194331,0.6378321978505929,0.6417776960421544,-1.0507693025523186,NTES,-0.018000115900084712,-0.08652341648053258,-0.05401147329731871,0.10120610047516679,0.06974274897451249,-0.5290547644656851
2023-04-27,1.1552424389811966,0.6590485935572311,0.662398586645169,0.639321045803515,0.639321045803515,-0.8286262499129418,NTES,0.6966992227853853,-0.01730476331073319,0.1106450259107364,0.010487517118129187,0.13896180221744525,0.24683060747757068
2023-04-28,1.1721354395331298,0.6635151942119062,0.6693962401789935,0.6580808480674226,0.6595696960203448,-1.069849295220971,NTES,1.4113985614708553,0.1426324732161038,0.04929181054296722,0.1321449560979746,0.031462951427520924,-0.2645483876668479
2023-05-01,1.1693197168719636,0.6627707702354452,0.6667907278634254,0.6564430812416631,0.6564430812416631,-1.2026518150810435,NTES,-1.4473987932710248,-0.022024025991951312,-0.01835335499329276,-0.011536508873822127,-0.0052437585590645935,-0.14489358425717078
2023-05-02,1.1698830394595388,0.6629196891082827,0.6645573991381335,0.6534653285399101,0.6592719150705786,-0.8677600723051684,NTES,-0.7326994545855547,0.0199264425536988,-0.015731675750327148,-0.020975434309391743,0.0010489917556929399,0.3712620497459176
2023-05-03,1.1400385159152797,0.655028635929251,0.6621008056954029,0.6492220493985824,0.661728565309218,-1.0719773095261704,NTES,-0.018000115900084712,0.01730476331073319,-0.01730436323759982,-0.029889863867114886,-0.05558496093085812,-0.2237081254252216
2023-05-04,1.1631256166695882,0.6611330034096856,0.6675351518398864,0.6527953639998678,0.6545075334661373,-0.921393246404008,NTES,0.6966992227853853,-0.050865298176506625,0.03827979754699156,0.025170601185896764,0.04299946030134305,0.16785684501423087
2023-05-05,1.1653780167431793,0.661728565309218,0.6652274204740846,0.6522742615367542,0.6580063886310039,-1.1385228416124913,NTES,1.4113985614708553,0.02464610530805029,-0.01625577155504025,-0.003670670998658552,0.004195166876505022,-0.23795843135358635
2023-05-08,1.228726546243751,0.678478360361181,0.6792972437740609,0.6676096112763051,0.6682795758163474,-1.08882108377241,NTES,-1.4473987932710248,0.07236482829061147,0.09910851703691427,0.10802294659463742,0.1179863679080535,0.056521354283403547
2023-05-09,1.1214564378773306,0.650115392247881,0.6585274910941176,0.6446065298710699,0.6524231236136828,-0.97203277325994,NTES,-0.7326994545855547,-0.11169361759329598,-0.14630314421476234,-0.1620348199650895,-0.1997901216342346,0.1305592565927846
2023-05-10,1.161154766605196,0.660611900946572,0.6688006782794611,0.6504875758381571,0.6591230529936499,-0.9573170133189,NTES,-0.018000115900084712,0.04719462717784807,0.07236482829061147,0.04142637274093701,0.07393791585101751,0.017910190175823095
2023-05-11,1.1513007388524124,0.6580063886310039,0.6601652579198771,0.64453212723056,0.6559964382149682,-0.8720161009155672,NTES,0.6966992227853853,-0.022024025991951312,-0.060828319416789345,-0.04195046854565011,-0.01835335499329276,0.09580920889596221
2023-05-12,1.0609234084687478,0.6341100211723789,0.6487754063718876,0.6319511518835057,0.6473609610594754,-0.9872895537870477,NTES,1.4113985614708553,-0.06082871948992271,-0.08023066616577504,-0.08862099991878508,-0.16832717020671367,-0.12554819687955832
2023-05-15,1.1932516902230461,0.6690984592292273,0.6704384451052207,0.6484776254221214,0.6529442260767965,-0.6347244718662962,NTES,-1.4473987932710248,0.0393287893026845,0.1525954944563865,0.11641328034764746,0.2464602529342362,0.3907666584188191
2023-05-16,1.1864942674330956,0.667311830326539,0.6675351518398864,0.6565919433185917,0.6568897242683579,-1.0527530447012332,NTES,-0.7326994545855547,0.027792280428862375,-0.02045093843154527,0.05715764841813079,-0.012585100556381698,-0.4596740850435071
2023-05-17,1.1451061935116824,0.6563686218052444,0.6610586007691757,0.6510831377376894,0.6579319291945852,-1.0685508458144086,NTES,-0.018000115900084712,0.007341341997317104,-0.045621139544308666,-0.03880429342483803,-0.07708449104496296,-0.015765113777798618
2023-05-18,1.1132914876105628,0.6479565229590077,0.6651529610376657,0.6455743321567872,0.6647063180109709,-1.0473428388405568,NTES,0.6966992227853853,0.04771912305569455,0.028840872111421948,-0.03880429342483803,-0.0592552318563833,0.025075148463827714
2023-05-19,1.1242719379693193,0.650859816224342,0.6570386431411954,0.646765399159943,0.6559219787785494,-0.8249112418886105,NTES,1.4113985614708553,-0.06187731117248228,-0.05715764841813079,0.008389933679876675,0.02045093843154527,0.24714905006814866
2023-05-22,1.1552424389811966,0.6590485935572311,0.6692473781020647,0.6590485935572311,0.6672373708901203,-0.9749182163856341,NTES,-1.4473987932710248,0.07970617028792858,0.0859989206026861,0.08652341648053258,0.05768214429597726,-0.163880723720383
2023-05-23,1.0212246346025278,0.623613455677779,0.6422243390688492,0.6227946290608081,0.641182134142622,-0.8416107439785654,NTES,-0.7326994545855547,-0.18353435007919433,-0.19035159627179835,-0.2553746824919593,-0.24960682812818163,0.14879009490337414
2023-05-24,1.0133414569141364,0.6215290458253246,0.6259212438394898,0.6130424875426693,0.619519095409289,-0.652433879050244,NTES,-0.018000115900084712,-0.1525954944563865,-0.11483979271410805,-0.06869455736508628,-0.014682683994634209,0.2104485415040361
2023-05-25,1.0764082138363318,0.6382044382367779,0.6513809186874556,0.6014293144813324,0.6216035052617433,-0.6722713005393911,NTES,0.6966992227853853,0.014682683994634209,0.17933918320268932,-0.08180375372618108,0.1174622721033404,-0.02022331004589038
2023-05-26,1.1828341173135102,0.6663440848367305,0.6775850175118826,0.6505620352745759,0.6511575971741081,-0.9253967987409086,NTES,1.4113985614708553,0.20818045538724464,0.1845829417617539,0.3460932658489969,0.19821703407382854,-0.27768414452818974
2023-05-30,1.055010635706394,0.6325467137830381,0.668428494689185,0.6262934274297659,0.6532420070265627,-0.6515321780734645,NTES,-0.7326994545855547,0.014682683994634209,-0.06449899041544789,-0.17094924952281265,-0.2380703192543595,0.30391144183867413
2023-05-31,1.0581079083767588,0.6333655971959178,0.6341100211723789,0.6170624451706496,0.6308344875208597,-0.9090579770416657,NTES,-0.018000115900084712,-0.15783965308858447,-0.24174099025301807,-0.06502348629329437,0.005768254436911063,-0.282540394034504
2023-06-01,1.0778161864515035,0.638576621827054,0.6423732579416868,0.6245812579634964,0.6245812579634964,-0.7959486065144558,NTES,0.6966992227853853,-0.044048051983902624,0.05820664017382373,0.052962881614759136,0.03670670998658552,0.12649911356291532
2023-06-02,1.1011848372150108,0.6447554487439073,0.6603885794332245,0.6433410034314953,0.6525720424865203,-0.9451260161128423,NTES,1.4113985614708553,0.197168442391269,0.12690079746577665,0.13214455602484124,0.04352395617918953,-0.16296520127247133
2023-06-05,1.1045634373253974,0.6456487915932059,0.6505620352745759,0.6344078021221451,0.6382044382367779,-1.0601469927108245,NTES,-1.4473987932710248,-0.10120610047516679,-0.06921865316979939,-0.06292590285504185,0.006292750314757533,-0.12526955961280256
2023-06-06,1.2354837464645243,0.6802649892638692,0.6822005370393951,0.6519020211505693,0.6548797738523222,-0.8829086487150626,NTES,-0.7326994545855547,0.11746187203020704,0.22286313938187885,0.1232301264671181,0.24383817361813648,0.19727297931887205
2023-06-07,1.2366099465013198,0.6805627702136356,0.6995458939908906,0.6789994628242947,0.6789994628242947,-1.005107165088209,NTES,-0.018000115900084712,0.1699002577671197,0.12218153478455852,0.19087569207651145,0.0020975834382540013,-0.1331908190534299
2023-06-08,1.2718422021188416,0.6863693567443041,0.6876349399797875,0.6790739222607134,0.6790739222607134,-1.1683150418852832,NTES,0.6966992227853853,0.0005244958778464699,-0.08390133716443285,0.0005244958778464699,0.04090187686309054,-0.17844947223932575
2023-06-09,1.2746721692073504,0.6871138375166738,0.6969403816753227,0.6856993922042617,0.6948559150269593,-0.9980378294302583,NTES,1.4113985614708553,0.1111691217154495,0.06554798217114084,0.046670131300001604,0.005244158632196472,0.18959055182117823
2023-06-12,1.3049520380622759,0.6950792933362157,0.6972381626250888,0.6865927350535602,0.6865927350535602,-1.1589373517267774,NTES,-1.4473987932710248,-0.058206240100690365,0.0020975834382517657,0.006292750314757533,0.05610905673557271,-0.17590193151470188
2023-06-13,1.3629649166770572,0.7103401836393479,0.7218044946237561,0.7049058374948641,0.7130201553913346,-1.0244757020694308,NTES,-0.7326994545855547,0.18615602932215997,0.17304643288793178,0.1289983809040284,0.10749845071679096,0.15006386526568607
2023-06-14,1.4540871860969184,0.7343110105343915,0.7376609468264207,0.7182312368183795,0.7223255970868697,-0.7423154324156161,NTES,-0.018000115900084712,0.06554798217114084,0.11169361759329598,0.09386475847785043,0.1688516660845594,0.3130666663177912
2023-06-15,1.4399377957927282,0.7305888338561776,0.7390753921388328,0.7268666571779635,0.7324499221952846,-0.7132085248851766,NTES,0.6966992227853853,0.0713162366080519,0.009963421313416085,0.060828319416789345,-0.026219192868456333,0.0337925143809
2023-06-16,1.44871035991334,0.7328965652219795,0.7427975688170468,0.7288022049534892,0.7305888338561776,-0.8630712272259154,NTES,1.4113985614708553,-0.013109596434228167,0.026219192868456333,0.013634092312074637,0.016255771555040995,-0.16372150242509403
2023-06-20,1.3581538613420034,0.7090746571997731,0.7218044946237561,0.7081069117099648,0.7206134276206,-1.0166489375909855,NTES,-0.7326994545855547,-0.0702672448523597,-0.1478762317751684,-0.14577864833691515,-0.16780267432886795,-0.16782145077878557
2023-06-21,1.350513284056795,0.7070647067837375,0.7157745865797401,0.7063202260113675,0.7063202260113675,-1.1163409975837177,NTES,-0.018000115900084712,-0.10068200467045368,-0.04247496442349658,-0.012585500629516556,-0.014158188116787738,-0.10835229698834721
2023-06-22,1.3363638937526048,0.7033425301055234,0.7080324522735459,0.7009603393033028,0.7069157879108999,-0.9956934068906319,NTES,0.6966992227853853,0.0041951668765057674,-0.05453596917516518,-0.03775530166914435,-0.026219192868456333,0.13481842624176513
2023-06-23,1.2964623593659261,0.6928459646109236,0.6938881695371508,0.68748602110695,0.69232486214781,-1.1263318444064336,NTES,1.4113985614708553,-0.10277918803557283,-0.09963301291476075,-0.09491375023354262,-0.07393831592415089,-0.1425052648278359
2023-06-26,1.2803321033843684,0.6886026854695959,0.7017791659202738,0.6868160565669078,0.6907615547584691,-1.1270532051878572,NTES,-1.4473987932710248,-0.011012012995975656,0.05558456085772475,-0.004719262681217378,-0.029889863867114886,0.0008735115799009993
2023-06-27,1.4031488913496435,0.7209111517744575,0.7255266713019701,0.7138390388042144,0.722474515959707,-0.35389871965811504,NTES,-0.7326994545855547,0.22338763525972458,0.1672785785241541,0.19035119619866422,0.22758240206309696,0.8549365395100518
2023-06-28,1.3833400120067898,0.7157001271433214,0.7279833215406095,0.7130201553913346,0.7183056394588894,-0.8119628158620582,NTES,-0.018000115900084712,-0.029365768062401786,0.01730476331073319,-0.005768254436911063,-0.03670670998658552,-0.5038579944862023
2023-06-29,1.4356929564445533,0.7294721694935314,0.7297699504432977,0.717337893969081,0.718082317945542,-0.8498703249258648,NTES,0.6966992227853853,-0.0015730875604052959,0.012585100556381698,0.030414359744961355,0.09701093359866102,-0.040165777280836576
2023-06-30,1.398904274570646,0.7197945442077203,0.7309610742423623,0.716891250942386,0.7256011307383888,-0.8438469624009783,NTES,1.4113985614708553,0.052962881614759136,0.008390333753009299,-0.0031461751208128274,-0.06816966141410645,0.008317107134661354
2023-07-03,1.4730471865978076,0.7392987136521804,0.7493486361200852,0.7355765369739663,0.7387776111890666,-1.081896020270744,NTES,-1.4473987932710248,0.092815766722156,0.12952287678187638,0.13162006014699626,0.13738831458390732,-0.2610455191704901
2023-07-05,1.439654687799289,0.7305143744197586,0.7331943461717455,0.7264944167917786,0.7305888338561776,-1.0934017247344494,NTES,-0.018000115900084712,-0.05768214429597652,-0.1137916011046826,-0.06397489461073554,-0.061877311172483775,-0.011028280242951119
2023-07-06,1.3731525756265117,0.7130201553913346,0.7223255970868697,0.7095213002264681,0.7223255970868697,-1.0428343339566597,NTES,0.6966992227853853,-0.05820664017382373,-0.07655999516711574,-0.1195594554684588,-0.12323012646711735,0.0574766820551375
2023-07-07,1.392112353558225,0.7180078585091234,0.7214323110334799,0.7083302332233121,0.7099680000490718,-1.0117797523163767,NTES,1.4113985614708553,-0.08704751228524493,-0.006292350241624165,-0.00838993367987742,0.035133622426180226,0.03594200186730139
2023-07-10,1.4178644976407129,0.724782247325509,0.7282811024903756,0.7153278867571365,0.7165934699926201,-1.0826173810521675,NTES,-1.4473987932710248,0.046670131300001604,0.0482432188604069,0.04929181054296722,0.0477191230556938,-0.07650803793054889
2023-07-11,1.4543702940903578,0.7343854699708103,0.74495643810592,0.724782247325509,0.724782247325509,-1.051274255099315,NTES,-0.7326994545855547,0.05768214429597652,0.11746187203020778,0.06659697392683378,0.06764556560939335,0.03626044445787937
2023-07-12,1.5718107010104092,0.7652795477591684,0.7654284098360973,0.7540385582881077,0.7579095970432506,-0.800096431007641,NTES,-0.018000115900084712,0.23335065650000877,0.14420556077650984,0.20608287194899214,0.2176193808228135,0.27887389315448025
2023-07-13,1.632653101575345,0.7812848620387619,0.7828482262240115,0.774882713608561,0.7803171165489533,-0.8205830772000694,NTES,0.6966992227853853,0.15783965308858372,0.122706030662405,0.14682724001947545,0.11274220927585703,-0.020939805874690843
2023-07-14,1.6436898619359408,0.7841881553040961,0.7899947986306735,0.7801682544720245,0.7891014557813748,-0.8166877289803823,NTES,1.4113985614708553,0.06187731117248228,0.050340802298660906,0.03723160593756462,0.020450938431544528,0.00596859302914873
2023-07-17,1.6685929046072883,0.7907392226071344,0.7914836465835955,0.7719794203432269,0.7772649612066904,-1.012465045058729,NTES,-1.4473987932710248,-0.08337684128658712,0.010487517118128441,-0.05768254436910914,0.04614603549528851,-0.2143936796508156
2023-07-18,1.5845452190549336,0.7686294840511977,0.7876126078284527,0.7596962827418474,0.7840392932271674,-0.9551168629355582,NTES,-0.7326994545855547,0.047718722982561176,-0.027267784551016652,-0.0865230164074007,-0.15574206965033197,0.0649600829337201
2023-07-19,1.5749235535231805,0.7660984311720483,0.776743801947668,0.7652050883227498,0.7723516607294116,-1.0368109714317733,NTES,-0.018000115900084712,-0.08232824960402756,-0.07656039524024912,0.03880429342483878,-0.01782885911544629,-0.0884894404010455
2023-07-20,1.5630376917514428,0.7629717595974578,0.764013964523685,0.7541874203650365,0.7591007208423152,-1.0521398880370234,NTES,0.6966992227853853,-0.09334026260000321,-0.08966959160134541,-0.07760898692280868,-0.022024426065085426,-0.015247644568109396
2023-07-21,1.5551142290419722,0.7608873497450034,0.7653539503996786,0.757686275529903,0.7617062331578832,-0.8913125018186467,NTES,1.4113985614708553,0.01835335499329276,0.009438925435571106,0.02464610530804955,-0.014682683994633463,0.17916155697974928
2023-07-24,1.6504815603791854,0.785974841002693,0.7873148268786867,0.7547829822645687,0.756569611167257,-0.8829447167541338,NTES,-1.4473987932710248,-0.036182614181873164,0.15469347796777239,-0.02045093843154527,0.17671750395972297,0.010904453183107468
2023-07-25,1.6677440257653238,0.7905159010937869,0.7997468833529033,0.7849326360764658,0.7965458091378029,-0.8781476675576673,NTES,-0.7326994545855547,0.2815942754335498,0.08757200816309141,0.2123756222637489,0.0319874473053674,0.006963726124704927
2023-07-26,1.746980655982625,0.8113600564142401,0.8176877454080224,0.7941636183355822,0.7965458091378029,-1.0193179724822525,NTES,-0.018000115900084712,0.0,0.12637630158793017,0.06502348629329512,0.14682724001947545,-0.1541284193839323
2023-07-27,1.6906659801901267,0.7965458091378029,0.8150078304519444,0.7933447349227025,0.813742247216461,-1.1394245425892708,NTES,0.6966992227853853,0.12113254302886634,-0.01887745079800586,-0.005768254436911063,-0.10435227559597812,-0.13088211027173952
2023-07-28,1.7331143736718746,0.807712339172445,0.810987872823964,0.7965458091378029,0.810987872823964,-0.9519428754972946,NTES,1.4113985614708553,-0.01940194667585382,-0.02831677630670959,0.02254852186979778,0.078657578605369,0.20857769128439047
2023-07-31,1.7399058495459416,0.8094989680751331,0.8179855263577884,0.8008635477155491,0.8039157030578121,-1.0919590031716022,NTES,-1.4473987932710248,-0.04981670649394706,0.04929181054296722,0.030414359744960612,0.012585100556380952,-0.15285464902162035
2023-08-01,1.766223764476954,0.8164222189684478,0.824834374610593,0.8053301483702243,0.8086800846622534,-1.125790823820366,NTES,-0.7326994545855547,0.033560534865773435,0.04824361893354102,0.031462951427521674,0.048767714738255606,-0.035667775688922564
2023-08-02,1.6852891540065476,0.7951313638253908,0.7998213427893219,0.7856770600529269,0.7972157736778452,-1.0708952683540351,NTES,-0.018000115900084712,-0.08075516204362077,-0.17619300808187724,-0.13843730633959878,-0.1499738152134209,0.062253320913807246
2023-08-03,1.7435851406147687,0.8104667703608507,0.8188788692070871,0.8103923109244318,0.8144867279888307,-1.1300468524307647,NTES,0.6966992227853853,0.12165743897984542,0.1342421394630945,0.17409542464362474,0.10802334666777079,-0.06361111301214058
2023-08-04,1.7339634750830155,0.8079356606857925,0.8249832366875217,0.8063723532964516,0.82185662190884,-1.0149537397546402,NTES,1.4113985614708553,0.0519138898590662,0.04299946030134305,-0.028316776306708844,-0.017829259188580405,0.12868840637313897
2023-08-07,1.7246242498371702,0.8054790104471532,0.8154544734786392,0.7968435900875691,0.815156692528873,-1.1385949776906337,NTES,-1.4473987932710248,-0.04719462717784807,-0.06712106973154687,-0.06712106973154687,-0.017304763310732444,-0.1347830320063198
2023-08-08,1.6892508853612833,0.796173568751618,0.8004168478929456,0.7870915053653391,0.7891759152177936,-1.1014088294082505,NTES,-0.7326994545855547,-0.18300985420134713,-0.10592576322951827,-0.06869415729195291,-0.06554798217114084,0.04270890691708353
2023-08-09,1.7019854034058075,0.7995235618395559,0.8080101201222112,0.7933447349227025,0.805851250833338,-1.074502072261153,NTES,-0.018000115900084712,0.11746187203020629,0.05348737749260561,0.044048051983902624,0.023597513625489976,0.031364389627742885
2023-08-10,1.6977407866268104,0.79840689747691,0.8186555476937396,0.7981091165271438,0.810987872823964,-0.9625468789842205,NTES,0.6966992227853853,0.03618261418187167,0.07498690760671045,0.033560534865773435,-0.007865837875163574,0.12522534320060338
2023-08-11,1.5791683928713551,0.7672150387387856,0.7774882827200378,0.7576118160934843,0.7774882827200378,-1.024692110303858,NTES,1.4113985614708553,-0.235972735816107,-0.2899842091134265,-0.2852649464322076,-0.21971696426106602,-0.06691495488938716
2023-08-14,1.5780361834667749,0.7669172577890193,0.7708628127764895,0.7588773993289676,0.7654284098360973,-1.1038253880260194,NTES,-1.4473987932710248,-0.08495032892012579,-0.046670131300001604,0.00891482963085577,-0.0020975834382532563,-0.0856632624096659
2023-08-15,1.5681318550799357,0.7643117454734514,0.7717560988298794,0.7617806925943018,0.771160536930347,-1.1486940286305631,NTES,-0.7326994545855547,0.04037738098524407,0.006292350241625655,0.02045093843154527,-0.018353354993292013,-0.04784820477853041
2023-08-16,1.5358711205476432,0.7558251871907959,0.7624506571343443,0.7486786147841341,0.7548574417009875,-1.1411197404256161,NTES,-0.018000115900084712,-0.11483979271410805,-0.06554798217114084,-0.09229167091744289,-0.059779727734230514,0.010028736059018014
2023-08-17,1.5333244840217513,0.7551552226507535,0.7681828410245026,0.7534429963885754,0.7668428551485095,-0.9603106605618076,NTES,0.6966992227853853,0.08442583304228081,0.04037778105837595,0.033560534865773435,-0.004719262681218869,0.20121370637727462
2023-08-18,1.4441824125717253,0.7317054982188235,0.7378098656992582,0.7272388975641483,0.7335665865579305,-1.0286595946016874,NTES,1.4113985614708553,-0.23439964825570173,-0.21394870982415495,-0.18458294176175466,-0.16518099508590084,-0.07376147058681379
2023-08-21,1.5038932714396123,0.7474130883445594,0.7518052295628157,0.7340132295846254,0.7387032085485566,-1.0419326329798804,NTES,-1.4473987932710248,0.03618261418187242,0.09858402115906706,0.04771872298256192,0.1106450259107364,-0.012978741110241266
2023-08-22,1.5452096780859568,0.7582818374294353,0.7609618091814222,0.7497208197103613,0.7600684663321237,-1.0741774599095122,NTES,-0.7326994545855547,0.150497911018134,0.06449939048858201,0.1106450259107364,0.07655999516711649,-0.03391634144074365
2023-08-23,1.5672827536687943,0.7640884239601038,0.7680339221516654,0.7538896394152702,0.7553040847276824,-1.0644751573993656,NTES,-0.018000115900084712,-0.033560534865773435,0.04981630642081443,0.029365367989268417,0.04090187686309054,0.012377250164530638
2023-08-24,1.4526720912680748,0.7339387701482066,0.7544852013148026,0.7202411872344152,0.730812155369525,-0.7439024261347479,NTES,0.6966992227853853,-0.17252233708321793,-0.09543784603825647,-0.23702132749866658,-0.21237562226374965,0.3554593361884852
2023-08-25,1.4574831466031295,0.7352043533836902,0.7384798302393005,0.7200923251574866,0.737884325135677,-0.9947917059138525,NTES,1.4113985614708553,0.04981670649394706,-0.11274260934898817,-0.0010485916825595711,0.00891482963085726,-0.27521621445121036
2023-08-28,1.5924689043335818,0.7707138939036521,0.7743616111454474,0.7470408479583746,0.7470408479583746,-0.8949193057257644,NTES,-1.4473987932710248,0.06449899041544715,0.25275300324899297,0.1898267003208185,0.250130923932894,0.11189055972015034
2023-08-29,1.6315213373091186,0.7809871378849045,0.7881337102915664,0.7747338515316323,0.7814337809115993,-0.9593368235068859,NTES,-0.7326994545855547,0.24226548613086454,0.09701133367179587,0.19507085895301646,0.07236522836374484,-0.06942269029018877
2023-08-30,1.6069011800620339,0.7745105300182848,0.7818059645018754,0.7701927914405385,0.7753294134311647,-1.1675576130647884,NTES,-0.018000115900084712,-0.04299946030134305,-0.04457294793488321,-0.0319874473053674,-0.04562153961744204,-0.2281265163694911
2023-08-31,1.5910540320739155,0.770341710313376,0.7798704735222586,0.7667683957120907,0.7667683957120907,-0.898706449828238,NTES,0.6966992227853853,-0.06030422361207624,-0.013633692238940523,-0.024121609430203823,-0.029365367989268417,0.2983785018273817
2023-09-01,1.618503933840332,0.777562685360548,0.8009379503560592,0.7747338515316323,0.7780093851831515,-0.7758587087518104,NTES,1.4113985614708553,0.07918207448321622,0.14840032757988075,0.05610905673557122,0.050864898103374,0.13724655099492225
2023-09-05,1.5321920520479932,0.7548574417009875,0.7609618091814222,0.7486786147841341,0.7588773993289676,-0.9269477244209693,NTES,-0.7326994545855547,-0.13476663534094172,-0.2815938753604157,-0.18353435007919433,-0.15993683645370435,-0.16507488343505045
2023-09-06,1.4987993306802962,0.7460731024685661,0.7533685369521567,0.7438397737432741,0.7477108692943255,-1.0911655063120365,NTES,-0.018000115900084712,-0.078657578605369,-0.05348737749260486,-0.03408503074361916,-0.06187731117248228,-0.1795640213063487
2023-09-07,1.4488735031202513,0.7290999859032553,0.7352787560242,0.726643335664616,0.7331943461717455,-1.041680156706382,NTES,0.6966992227853853,-0.10225509223085973,-0.12742529334362387,-0.12113254302886634,-0.1195594554684603,0.05628252234047006
2023-09-08,1.4619596804648027,0.7325243816317033,0.7346087914841577,0.7245589258121615,0.7346087914841577,-1.090876961999467,NTES,1.4113985614708553,0.00996342131341683,-0.004719262681218123,-0.014682683994634953,0.02412160943020457,-0.052624843637200165
2023-09-11,1.5475876071755068,0.7549319011374063,0.7636417809334088,0.7506885652001698,0.75954736386901,-1.0471624986452008,NTES,-1.4473987932710248,0.17566851220403076,0.20450978438858533,0.18405844588390818,0.15783965308858447,0.049913670528910395
2023-09-12,1.551854703441405,0.7560485087041435,0.7629717595974578,0.7544852013148026,0.75954736386901,-1.0965757121727129,NTES,-0.7326994545855547,0.0,-0.004719662754351492,0.026743688746302806,0.00786543780203095,-0.05286367558013365
2023-09-13,1.5393378580522137,0.7527730318485332,0.7544852013148026,0.7480830528846016,0.7498697385831988,-1.1168820181697854,NTES,-0.018000115900084712,-0.06816966141410645,-0.05977972773422903,-0.04509704373959631,-0.023072617674510885,-0.020740779255579603
2023-09-14,1.557544461888172,0.7575374134529744,0.7620040141076494,0.7518796889992345,0.7619295546712306,-1.0922114794451006,NTES,0.6966992227853853,0.08494992884699316,0.052962881614759136,0.02674368874630355,0.033560534865773435,0.028896459550763514
2023-09-15,1.5501480429903876,0.7556018656774486,0.7608873497450034,0.7518796889992345,0.7563462896539096,-1.0974774131494924,NTES,1.4113985614708553,-0.0393287893026845,-0.007865837875163574,0.0,-0.013634092312075382,-0.0041419592217022344
2023-09-18,1.5481567165616898,0.7550807632143349,0.7603662472818898,0.7505397031232411,0.7515819080494683,-1.052897316857518,NTES,-1.4473987932710248,-0.033560534865773435,-0.003670670998658552,-0.009438925435569616,-0.003670670998658552,0.05086899830064435
2023-09-19,1.5450271713606263,0.7542618798014551,0.7605895687952373,0.7533685369521567,0.7563462896539096,-1.2030846315498975,NTES,-0.7326994545855547,0.033560534865773435,0.0015730875604067862,0.019926442553699547,-0.005768254436911063,-0.16407975033949426
2023-09-20,1.459968131466928,0.7320032791685895,0.7459241835957287,0.7317054982188235,0.7443608762063876,-1.125790823820366,NTES,-0.018000115900084712,-0.08442583304228081,-0.10330368391341929,-0.15259549445638726,-0.15679066133289227,0.08697242700742318
2023-09-21,1.4164429483057295,0.7206134276206,0.7258244522517363,0.7160723675295062,0.7220278161371034,-1.09740527707135,NTES,0.6966992227853853,-0.157315157210738,-0.1415834814604116,-0.11012053003289067,-0.08023066616577504,0.032996407904455044
2023-09-22,1.559820231725372,0.7581329185565978,0.7763716183573919,0.7563462896539096,0.7730960847058728,-0.8867679288956785,NTES,1.4113985614708553,0.3597273581610723,0.356056687162413,0.2836914587986689,0.26428911204968325,0.2341327091782736
2023-09-25,1.5308036655204176,0.7505397031232411,0.7564207490903283,0.7372143037997259,0.7372887632361446,-1.0309679491022425,NTES,-1.4473987932710248,-0.25222850737114727,-0.14053488977785128,-0.13476663534094022,-0.05348697741947224,-0.1574720665850011
2023-09-26,1.5120279522982765,0.7456264594418711,0.7534429963885754,0.7452542190556862,0.7482319717574393,-1.2194234532491406,NTES,-0.7326994545855547,0.0770844910449637,-0.020975434309391743,0.05663355261341769,-0.03460912654833301,-0.20631319891489927
2023-09-27,1.4770369616688745,0.7364698798232647,0.7387032085485566,0.7293977668530216,0.7379587277761868,-1.127846702047423,NTES,-0.018000115900084712,-0.07236522836374633,-0.1038277797181324,-0.11169361759329598,-0.06449939048858126,0.10273533524103334
2023-09-28,1.4667954409785289,0.733789908071278,0.7361720988734985,0.7151790246802078,0.7172634345326623,-1.1059173342921476,NTES,0.6966992227853853,-0.14577864833691515,-0.01782925918857966,-0.10015750879260721,-0.018877850871139232,0.025871254940272672
2023-09-29,1.5120279522982765,0.7456264594418711,0.7558996466272148,0.7395220351655277,0.7558996466272148,-0.957533421553327,NTES,1.4113985614708553,0.2721553499979794,0.13896180221744525,0.17147334532752576,0.0833772413597205,0.16542872026107375
2023-10-02,1.498657331545222,0.7421276042770044,0.7473386289081407,0.7370654417227972,0.7444353356428064,-1.240342915910423,NTES,-1.4473987932710248,-0.08075516204362151,-0.06030422361207624,-0.017304363237599076,-0.024646105308051038,-0.31044392603389975
2023-10-03,1.473907639036988,0.735650996410385,0.7399687349881313,0.7254522118655514,0.7254522118655514,-1.1346274933928042,NTES,-0.7326994545855547,-0.13371804365837991,-0.0519138898590662,-0.08180415379931445,-0.04562153961744129,0.1183390221793545
2023-10-04,1.4838644937496532,0.7382565087259532,0.7395220351655277,0.7299188693161351,0.7299188693161351,-1.1159803171930058,NTES,-0.018000115900084712,0.031463351500652804,-0.003146575193945451,0.031463351500652804,0.018353354993293505,0.022248970472448115
2023-10-05,1.4855713767698477,0.7387032085485566,0.7388520706254854,0.7301421908294825,0.7320032791685895,-1.159298032117489,NTES,0.6966992227853853,0.014682683994634209,-0.004719262681218123,0.0015730875604060412,0.0031465751939447058,-0.04613657585417376
2023-10-06,1.5342172089916297,0.7514330459725396,0.7568673921170233,0.7421276042770044,0.7421276042770044,-0.9367221630092581,NTES,1.4113985614708553,0.0713162366080519,0.1269007974657774,0.08442583304228006,0.08966959160134391,0.24730827136343767
2023-10-09,1.6235437902895806,0.7748083109680509,0.7757015970214409,0.7567929894765132,0.7581329185565978,-0.9468572819882587,NTES,-1.4473987932710248,0.11274220927585629,0.1326690519026877,0.10330368391342004,0.1646564992080551,-0.0095156779377057
2023-10-10,1.6901115603696406,0.7922280705600566,0.7938658373858161,0.780838219012067,0.7861981625160406,-0.7177530978081448,NTES,-0.7326994545855547,0.19769293826911544,0.12794978922146885,0.16937576188927322,0.12270563058927311,0.2545130349752645
2023-10-11,1.757248662405061,0.8097967490248994,0.8179855263577884,0.8032457385177699,0.8042879434439971,-0.9102121542919432,NTES,-0.018000115900084712,0.12742529334362312,0.16990025776711895,0.15783965308858447,0.12375462234496382,-0.2107315898591688
2023-10-12,1.7128699264491773,0.7981835759635625,0.8094989680751331,0.7899203391942546,0.8094989680751331,-1.049831533536468,NTES,0.6966992227853853,0.036706709986584776,-0.05977972773422977,-0.09386475847784968,-0.08180375372618108,-0.15241679045957562
2023-10-13,1.6639394282497149,0.7853792791031607,0.7888781342680274,0.7773393638472005,0.7791260495457974,-1.1004349923533288,NTES,1.4113985614708553,-0.21394830975102158,-0.14525415245906867,-0.08862099991878435,-0.09019408747919112,-0.05417725126626783
2023-10-16,1.6821464772240275,0.790143660707602,0.7941636183355822,0.7729472226289439,0.777562685360548,-1.0723740579559533,NTES,-1.4473987932710248,-0.01101241306910828,0.03723120586443199,-0.030938455549675947,0.033560534865773435,0.032638159990054816
2023-10-17,1.6147244866417498,0.7725005228063404,0.7757015970214409,0.7636417809334088,0.7732450035787103,-1.0402013671044639,NTES,-0.7326994545855547,-0.030413959671827986,-0.13004737265972136,-0.06554798217114084,-0.12427911822281104,0.03717596690579107
2023-10-18,1.6226902374948946,0.7745849894547036,0.784560395690281,0.7716072367529506,0.7758505158942782,-0.9923030112179413,NTES,-0.018000115900084712,0.018353354993292013,0.06240180705032801,0.05610905673557197,0.014683084067766831,0.05453108809229115
2023-10-19,1.5857079204367948,0.7649073073729836,0.7757015970214409,0.7619295546712306,0.7652050883227498,-1.0149898077937114,NTES,0.6966992227853853,-0.07498690760671045,-0.06240180705032801,-0.06817006148723982,-0.06817006148723907,-0.023367930627847963
2023-10-20,1.5251139070736506,0.7490508551703191,0.7585051589427828,0.7474875477809781,0.7549319011374063,-1.1107865195667566,NTES,1.4113985614708553,-0.07236482829061147,-0.12113254302886634,-0.10173019627987989,-0.11169361759329523,-0.10405332201554443
2023-10-23,1.5322256599937545,0.7509119435094261,0.7589518019694778,0.7401175970650602,0.7474130883445594,-0.9053069009782633,NTES,-1.4473987932710248,-0.052962881614759136,0.0031461751208128274,-0.05191428993219882,0.013109596434228167,0.22844054787169216
2023-10-24,1.678163824366632,0.7891014557813748,0.8001935263795981,0.7509119435094261,0.7509119435094261,-0.9416634843620093,NTES,-0.7326994545855547,0.024646105308051038,0.2905087049912707,0.07603589936240339,0.26900877480403323,-0.038454148356479916
2023-10-25,1.647155264025448,0.7809871378849045,0.7886548127546799,0.7742872085049376,0.7771160423338529,-1.091490118663677,NTES,-0.018000115900084712,0.18458294176175316,-0.08127925784833462,0.1646564992080551,-0.05715764841813079,-0.16368169710127178
2023-10-26,1.6519916922467068,0.782252664324479,0.7858259221298558,0.775254953994746,0.7842626147405148,-1.1732202951989632,NTES,0.6966992227853853,0.050340802298660156,-0.01992684262683068,0.006816846119469889,0.0089144295577224,-0.08852924572486776
2023-10-27,1.7003528584908085,0.7949080423120433,0.8059257102697568,0.7889525937044461,0.8004168478929456,-1.0119961605508037,NTES,1.4113985614708553,0.11379120103154848,0.14158388153354423,0.09648683779394866,0.08914509572349893,0.179599415541794
2023-10-30,1.7307920868766322,0.802873498131585,0.8132211447533472,0.8011613286653155,0.8021290741551239,-0.9329710869458557,NTES,-1.4473987932710248,0.012061004751668596,0.05138939398121824,0.08599892060268685,0.05610905673557122,0.08888308255089108
2023-10-31,1.7043355113482033,0.7959502472382707,0.8115089752870779,0.7867937244155728,0.8027990386951662,-0.7626578064517597,NTES,-0.7326994545855547,0.004719262681218123,-0.012060604678533737,-0.10120610047516827,-0.04876771473825337,0.18963035714500048
2023-11-01,1.7450162604243726,0.806595674809799,0.8074145582226788,0.7932702754862838,0.7987791378630947,-1.0121404327070884,NTES,-0.018000115900084712,-0.02831637623357622,-0.02884127218455606,0.04562113954431016,0.0749869076067097,-0.2736638068221427
2023-11-02,1.785127900114359,0.8170922403043989,0.8185810882573209,0.805851250833338,0.8111367349008929,-1.0547007188110769,NTES,0.6966992227853853,0.08704751228524642,0.078657578605369,0.08862099991878435,0.07393831592415162,-0.04530066405390655
2023-11-03,1.8693336097825484,0.8391275194239168,0.8421052721256699,0.8198466146968955,0.8198466146968955,-0.8804199540191514,NTES,1.4113985614708553,0.06135281529463507,0.16570549096374879,0.09858402115906706,0.15521757377248474,0.19400894276544775
2023-11-06,1.836334168151021,0.8304920422684242,0.8379363956248522,0.82267550532172,0.8379363956248522,-1.0924639557185987,NTES,-1.4473987932710248,0.1274252933436246,-0.029365768062401786,0.01992684262683366,-0.06082871948992197,-0.2323458806946494
2023-11-07,1.8437305870488054,0.8324275900439498,0.8354798021821216,0.8250576961239404,0.830417639627914,-1.10353684371345,NTES,-0.7326994545855547,-0.05296248154162726,-0.017304363237600564,0.01678026743288523,0.013634092312073891,-0.010550616357084144
2023-11-08,1.8522647795806015,0.8346609187692419,0.8393508409372643,0.8287798728021544,0.8311620636043752,-1.172174322065899,NTES,-0.018000115900084712,0.005243758559065339,0.027267784551015906,0.026219192868456333,0.015731675750327894,-0.07407991317739178
2023-11-09,1.8764458078410071,0.8409886077630239,0.8545373285998865,0.836819788058115,0.8388297384741507,-1.0501922139271798,NTES,0.6966992227853853,0.05401147329731871,0.10697435491207785,0.05663355261341844,0.04457254786174835,0.1362912232231883
2023-11-10,1.9023332739832526,0.8477629397835007,0.8503685088949776,0.8361497667221638,0.8367453286216961,-1.1444740680592356,NTES,1.4113985614708553,-0.014682683994634209,-0.029365367989268417,-0.004719662754351492,0.047718722982560434,-0.10238149841501003
2023-11-13,1.9378929288604831,0.8570683814790357,0.8635449893456555,0.8509640139986013,0.8555795335261138,-1.0560713042957817,NTES,-1.4473987932710248,0.1326690519026877,0.09281576672215675,0.10435227559597961,0.06554798217114084,0.09923246674467553
2023-11-14,1.9137125683076095,0.8507406924852537,0.8572917597882921,0.8400952649137253,0.8507406924852537,-0.876055721291539,NTES,-0.7326994545855547,-0.03408503074361991,-0.044048051983902624,-0.07655999516711724,-0.04457254786174835,0.20033798925318516
2023-11-15,1.9364709343871458,0.8566961978887596,0.8660016395842948,0.849177385095913,0.8635449893456555,-0.6998994184679124,NTES,-0.018000115900084712,0.09019408747919112,0.06135281529463507,0.0639748946107348,0.041950868618782736,0.19607881960420462
2023-11-16,1.8588080908220548,0.8363730882355113,0.854016226136773,0.815156692528873,0.8278120705164373,-0.3578301359168733,NTES,0.6966992227853853,-0.2517044115664334,-0.08442583304227932,-0.23964340681476556,-0.1431569690939495,0.3791833091865449
2023-11-17,1.9950733987524156,0.8720315476283108,0.8767214697963333,0.8566961978887596,0.8654060776847625,-0.6160051595883556,NTES,1.4113985614708553,0.26481400800066157,0.15993683645370363,0.29260628842952396,0.25117991568858766,-0.28325688986330444
2023-11-20,2.0329090460360235,0.8819325512233782,0.8851336254384786,0.8587806077412142,0.8645871942718827,-0.9231605803184957,NTES,-1.4473987932710248,-0.005768254436911063,0.05925563192951667,0.014682683994634953,0.06974314904764586,-0.33731251961391706
2023-11-21,1.9762979080994516,0.8671183039469408,0.8688304734132103,0.8546117880363052,0.8579617243283344,-0.9923030112179413,NTES,-0.7326994545855547,-0.046670131300001604,-0.11484019278724142,-0.029365367989269163,-0.10435227559597887,-0.07463718771090325
2023-11-22,1.984263436383419,0.8692027137993954,0.8744881978669501,0.8630238868825418,0.8709893427020835,-1.0479559955047668,NTES,-0.018000115900084712,0.09176717503959717,0.039853285180530974,0.059255231856384045,0.014682683994634953,-0.059749996601382534
2023-11-24,1.9458586797136277,0.8591528481273991,0.8593017102043278,0.83644754767193,0.8374152931617383,-0.7896366996769998,NTES,1.4113985614708553,-0.23649723169395423,-0.10697435491207785,-0.1872050210778529,-0.07079174073020618,0.2867553472712853
2023-11-27,1.9142814551246152,0.8508896113580912,0.8568450599656885,0.8400208054773066,0.8412863887127902,-0.7822066836283375,NTES,-1.4473987932710248,0.027268184624150763,-0.01730476331073319,0.025170201112763396,-0.05820664017382448,0.009869514763729022
2023-11-28,1.9117210193097347,0.8502195900221402,0.8561006359892274,0.8437429821555206,0.8499218090723741,-0.9817711438091578,NTES,-0.7326994545855547,0.060828319416789345,-0.0052437585590645935,0.026219192868456333,-0.004719662754350747,-0.2185732386521516
2023-11-29,1.8949366325162909,0.8458274488038839,0.8530484238510557,0.8435941200785919,0.8439663604647769,-1.0797319379264734,NTES,-0.018000115900084712,-0.04195046854565011,-0.02149993018723821,-0.0010485916825595711,-0.030938455549673713,-0.10644164144487932
2023-11-30,1.9050800001994768,0.8447852438776566,0.8465718727803448,0.828258770339041,0.8439663604647769,-0.9028182062823521,NTES,0.6966992227853853,0.0,-0.045621139544308666,-0.10802294659463667,-0.007341341997317849,0.19691473140447183
2023-12-01,1.787932939455017,0.8142633496795744,0.8385319575243845,0.8122533992635388,0.833842035356362,-0.6480335782835605,NTES,1.4113985614708553,-0.0713162366080519,-0.05663355261341769,-0.11274260934898965,-0.21499770157984938,0.28285442553670503
2023-12-04,1.6393566626244052,0.775552734944512,0.794312480412511,0.77331940621922,0.794312480412511,-0.6395936571409051,NTES,-1.4473987932710248,-0.278448100312737,-0.3114841393006632,-0.2742529334362327,-0.27267944580269177,0.010984063830751963
2023-12-05,1.5979267456976722,0.764758445296055,0.7698950104907725,0.7495719576334325,0.7532196748752279,-0.4243035319250518,NTES,-0.7326994545855547,-0.28945971323558,-0.1719978412053722,-0.16727817845102072,-0.07603549928927002,0.2392675959513436
2023-12-06,1.5930691734045765,0.7634928620605715,0.7847093145631184,0.7626739786476918,0.7814337809115993,-0.8094380531270758,NTES,-0.018000115900084712,0.19874152995167502,0.1043526756691115,0.09229127084431177,-0.00891482963085577,-0.423371629717617
2023-12-07,1.6559289409919464,0.7798704735222586,0.7825504452742454,0.7754782755080935,0.780838219012067,-0.6287011093414098,NTES,0.6966992227853853,-0.004195166876505022,-0.015207179872479933,0.09019408747919112,0.1153646886650879,0.20113409572963012
2023-12-08,1.649642697150197,0.7782327066964989,0.7835926502004726,0.775180494558327,0.7801682544720245,-0.9609238172260176,NTES,1.4113985614708553,-0.004719262681218869,0.007341341997317104,-0.0020975834382540013,-0.01153650887382287,-0.3649772196703793
2023-12-11,1.6633574098512525,0.7818059645018754,0.7866448055427355,0.7784560282098464,0.7801682544720245,-0.7302687073658432,NTES,-1.4473987932710248,0.0,0.021499530114104843,0.023073017747644996,0.025170201112763396,0.2562246638996212
2023-12-12,1.7105020129726023,0.7940891588991636,0.7950569611848807,0.7824015264014078,0.7882081129320762,-1.0372437879006273,NTES,-0.7326994545855547,0.05663315254028432,0.05925563192951518,0.027792280428862375,0.08652341648053333,-0.3371134929948058
2023-12-13,1.7179307044010859,0.7960247066746893,0.8039157030578121,0.7843370741769335,0.8002679858160169,-0.9111138552687227,NTES,-0.018000115900084712,0.08495032892012729,0.06240140697719539,0.013634092312074637,0.013634092312073891,0.1408688354627468
2023-12-14,1.6467855766220656,0.7774882827200378,0.7832948692507063,0.7707138939036521,0.7830715477373588,-0.6804587454085482,NTES,0.6966992227853853,-0.12113254302886634,-0.14525415245906867,-0.09596234191610219,-0.13057146846443596,0.2562246638996212
2023-12-15,1.6024983165980242,0.7659495122992108,0.7800193355991872,0.7646095264232174,0.7800193355991872,-0.6720909603440353,NTES,1.4113985614708553,-0.021499930187237466,-0.023073017747644253,-0.04299946030134305,-0.08127965792146724,0.010904453183107468
2023-12-18,1.6030698742451572,0.7660984311720483,0.7670661766618568,0.7578351944027404,0.7636417809334088,-0.9726098618850788,NTES,-1.4473987932710248,-0.11536428859195527,-0.0912426791617507,-0.04771872298256192,0.0010489917556929399,-0.32998834003062344
2023-12-19,1.6119272372222937,0.7684061625378502,0.7806148974987195,0.7672150387387856,0.7695228269004963,-0.9385977010409593,NTES,-0.7326994545855547,0.0414263727409385,0.09543784603825572,0.06607207797585543,0.01625577155504025,0.03920603842072572
2023-12-20,1.5787831256255664,0.7597706853823576,0.7734683250920577,0.7593985017920815,0.7679595195111554,-0.8943782851396967,NTES,-0.018000115900084712,-0.011012012995976402,-0.050340802298660156,-0.05506006497987828,-0.06082871948992197,0.05047094506242187
2023-12-21,1.645928462720544,0.7772649612066904,0.7774138232836191,0.76438620490987,0.7713094558031844,-0.9379124082986069,NTES,0.6966992227853853,0.023597113552357354,0.027792280428862375,0.035133622426178734,0.12323052654025073,-0.04637540779710724
2023-12-22,1.1667690741008814,0.6524231236136828,0.6734161978069737,0.6052259505959652,0.6104369752271013,6.283558238454234,NTES,1.4113985614708553,-1.1331935477805335,-0.7325643127563713,-1.1211325430288648,-0.8793919528489801,7.971411943099174
2023-12-26,1.2970592898992637,0.6863693567443041,0.7031936112326859,0.6786272792340186,0.6863693567443041,1.555579336809047,NTES,-0.7326994545855547,0.5348713744872566,0.20975354294765067,0.5170425153718096,0.23911891093691984,-5.216211255183018
2023-12-27,1.1664830727081377,0.6523486641772641,0.6660463038869643,0.6484776254221214,0.6589741341208124,1.346132233922724,NTES,-0.018000115900084712,-0.1929732755147647,-0.2616674328067169,-0.21237562226374965,-0.2396434068147663,-0.22947989737944754
2023-12-28,1.2141992334766203,0.6647807774473896,0.6790739222607134,0.6636641130847437,0.6695451590518309,-0.14181864991959647,NTES,0.6966992227853853,0.07446281180199735,0.09176717503959717,0.10697435491207785,0.08757240823622552,-1.6404592109066682
2023-12-29,1.3244887153013745,0.6935159859468747,0.7007369609940465,0.6793717032104797,0.6845082684051971,0.4772892407371503,NTES,1.4113985614708553,0.10540086727853919,0.15259549445638576,0.11064502591073715,0.20241220095033358,0.6849280014652309
2024-01-02,1.3047737601513123,0.6883793639562485,0.6921015406344626,0.6804883675731256,0.684880508791382,-0.23862526678663454,NTES,-0.7326994545855547,0.002622079316098236,-0.060828319416788595,0.007865837875162828,-0.03618261418187242,-0.7884262544914524
2024-01-03,1.411634563800803,0.716221229606435,0.7186778798450744,0.6887515475465247,0.6969403816753227,-0.2187517772584162,NTES,-0.018000115900084712,0.08495032892012729,0.1872050210778529,0.058206240100690365,0.19611945063557604,0.023602351482404544
2024-01-04,1.401920309491321,0.7136901767272859,0.7171145724557334,0.6990992509641958,0.7036402542593808,-0.5962398741773508,NTES,0.6966992227853853,0.04719422710471396,-0.011012012995976402,0.0728897242415913,-0.017828859115445544,-0.41493290106730046
2024-01-05,1.268201192948498,0.6788506007473659,0.6976103462153649,0.6787761413109472,0.6975358867789462,-0.2232242141032421,NTES,1.4113985614708553,-0.04299946030134231,-0.13738871465703845,-0.14315696909395026,-0.24541166125167813,0.4133362770260336
2024-01-08,1.237343089371123,0.6708106854914055,0.6739373002700872,0.6556241978287832,0.6608352224599194,-0.339796116381285,NTES,-1.4473987932710248,-0.25852125768590556,-0.16675408264630762,-0.16308341164764906,-0.056633552613416946,-0.12698118853715923
2024-01-09,1.2181994692990168,0.6658229823736169,0.6682795758163474,0.6618030247456367,0.6675351518398864,-0.7811967785343445,NTES,-0.7326994545855547,0.04719462717784807,-0.039853285180530974,0.04352395617918953,-0.03513362242617948,-0.4854679348803237
2024-01-10,1.204484534028784,0.6622496677723315,0.671034007004753,0.6620263462589842,0.6677584733532339,-0.9068578266583238,NTES,-0.018000115900084712,0.0015730875604060412,0.0194023467489857,0.0015730875604060412,-0.025170601185896764,-0.1370121301403657
2024-01-11,1.2462002297790833,0.6731184168572076,0.6759473074820317,0.6655252014238507,0.6699918020785258,-0.7769768179630169,NTES,0.6966992227853853,0.015731675750327148,0.03460952662146563,0.02464610530805029,0.07655999516711724,0.1450085891402606
2024-01-12,1.2644865133804906,0.6778827984616488,0.6789250033878761,0.6683540352527663,0.6683540352527663,-0.9492377725669564,NTES,1.4113985614708553,-0.011536508873822127,0.020975034236259862,0.0199264425536988,0.033560534865773435,-0.18844060851870997
2024-01-16,1.2213425912198916,0.6666418657864966,0.6830194204522749,0.6645573991381335,0.6664929469136592,-0.31494523746124425,NTES,-0.7326994545855547,-0.013109596434228167,0.02884127218455457,-0.026743688746302806,-0.07918167441008285,0.7016860427943973
2024-01-17,1.187626921976031,0.6578575265540753,0.6580063886310039,0.6387255406998914,0.6402143886528135,-0.14722885578027298,NTES,-0.018000115900084712,-0.1851074376396004,-0.17619300808187724,-0.18196086244565493,-0.06187731117248228,0.18676437382979863
2024-01-18,1.2181994692990168,0.6658229823736169,0.6675351518398864,0.653911971566605,0.6591230529936499,-0.5203887880106663,NTES,0.6966992227853853,0.1331935477805342,0.06712106973154687,0.10697395483894448,0.05610905673557122,-0.4101562622086307
2024-01-19,1.2827730195510751,0.68264718006609,0.6835405229153885,0.6600163958429484,0.6658973850141269,-0.152134109093953,NTES,1.4113985614708553,0.047718722982561176,0.11274260934898891,0.04299986037447642,0.11851046371276736,0.4080819742814969
2024-01-22,1.2599151650493159,0.6766917314584928,0.6796694841602456,0.655698657265202,0.6561453002918969,-0.37211307938905924,NTES,-1.4473987932710248,-0.06869415729195291,-0.027267784551016652,-0.030414359744961355,-0.041950468545650856,-0.24110305193554393
2024-01-23,1.4639220729004596,0.7298444098797164,0.7328965652219795,0.717337893969081,0.7186034204086557,-0.04378571972413842,NTES,-0.7326994545855547,0.4399580243268466,0.37493413796042036,0.4341897698899356,0.3744100421557058,0.36401748081026847
2024-01-24,1.5262098377023425,0.7460731024685661,0.7643117454734514,0.7407131589645924,0.7567185300400945,-0.16558748766750186,NTES,-0.018000115900084712,0.2684846789993209,0.2212900518214728,0.1646564992080551,0.11431569690939496,-0.13275296049138519
2024-01-25,1.6199274862979098,0.7704905723903047,0.7714583178801131,0.7532941343116465,0.7593240423556625,-0.39443919557411755,NTES,0.6966992227853853,0.01835335499329276,0.050340802298658664,0.08862099991878435,0.1719978412053722,-0.25089516159581693
2024-01-26,1.5844978118201831,0.7612595901311884,0.7636417809334088,0.7520285510761632,0.7608128903085848,-0.8758032450180407,NTES,1.4113985614708553,0.010487517118129931,-0.05506006497987828,-0.00891482963085577,-0.06502348629329362,-0.5295722336753743
2024-01-29,1.4996375262017527,0.7391498515752516,0.7622273356209968,0.7314077172690573,0.7617062331578832,-0.5259793340666987,NTES,-1.4473987932710248,0.006292750314756788,-0.00996342131341534,-0.14525415245906942,-0.15574206965033272,0.3877414538083282
2024-01-30,1.4502071376302272,0.7262710952784313,0.7337154486348593,0.7171145724557334,0.7171145724557334,-0.8435584180884089,NTES,-0.7326994545855547,-0.3141058185436303,-0.20083911338992677,-0.10068160459732106,-0.09071858335703685,-0.3488162581985467
2024-01-31,1.4524931456495804,0.7268666571779635,0.734459929407229,0.720315646670834,0.7213578515970612,-0.8730260060095602,NTES,-0.018000115900084712,0.029889863867115632,0.005244158632197217,0.022548521869799273,0.0041951668765042765,-0.030851331506430567
2024-02-01,1.5456392365980152,0.7511352650227735,0.7575374134529744,0.7454775405690337,0.7465942049316796,-0.8959652788588285,NTES,0.6966992227853853,0.17776609564228327,0.16255891576980333,0.17724159976443607,0.17094924952281265,-0.0236465678946037
2024-02-02,1.4864943711478307,0.7357254558468036,0.7433931307165792,0.7309610742423623,0.7367676607730309,-0.9333317673365675,NTES,1.4113985614708553,-0.06921865316979939,-0.0996330129147615,-0.1022546921577271,-0.10854744247248463,-0.03956869742350286
2024-02-05,1.5390676590710537,0.7494230387605952,0.7536663179019226,0.7457008620823812,0.7475619504214882,-0.8856137516454008,NTES,-1.4473987932710248,0.07603549928927077,0.07236482829061072,0.10382777971813388,0.09648643772081679,0.05433206147317991
2024-02-06,1.7305027469462302,0.7993002403262085,0.8010868692288967,0.7762226994845544,0.78381597171382,-0.4562237465030431,NTES,-0.7326994545855547,0.25537508256509195,0.33403266117046243,0.21499730150671453,0.3513374244811949,0.47555199816020705
2024-02-07,1.7010730923483324,0.7916325086605241,0.7921536679195466,0.7734683250920577,0.77406388699159,-0.9865321249665531,NTES,-0.018000115900084712,-0.06869415729195291,-0.06292590285504185,-0.019401946675852332,-0.05401187337045282,-0.5835880581021647
2024-02-08,1.6539284892269819,0.7793493710591448,0.7893247772947223,0.776743801947668,0.7876870104689628,-0.9602024564445941,NTES,0.6966992227853853,0.09596194184296956,-0.01992684262683217,0.023072617674510885,-0.08652301640739996,0.030727504446586916
2024-02-09,1.7090735639931254,0.7937169753088875,0.7949825017484621,0.7754038728675834,0.7896225582444885,-1.1374768684794272,NTES,1.4113985614708553,0.013634092312073891,0.039853285180530974,-0.009438525362436246,0.10120610047516827,-0.19397354853000243
2024-02-12,1.7499317007035484,0.8043624028804157,0.8097222895884807,0.7989279999400235,0.7994491024031372,-0.8514933866840677,NTES,-1.4473987932710248,0.06921865316979939,0.1038277797181324,0.1657050908906147,0.07498690760670897,0.31728603064294947
2024-02-13,1.6513569249532405,0.7786793497231937,0.794312480412511,0.7757015970214409,0.7933447349227025,-0.9775151151987589,NTES,-0.7326994545855547,-0.04299946030134305,-0.10854744247248314,-0.16360790752549478,-0.18091267083622797,-0.13741018337858818
2024-02-14,1.7362169880024925,0.8007890882791305,0.8011613286653155,0.7882825723684951,0.79274917302317,-1.0888932198505523,NTES,-0.018000115900084712,-0.0041951668765057674,0.04824361893354102,0.08862099991878435,0.15574206965033197,-0.12124922190675554
2024-02-15,1.7425030092750653,0.8024268551048901,0.8050323674204581,0.7948335828756246,0.8008635477155491,-1.0244035659912885,NTES,0.6966992227853853,0.05715804849126416,0.02726778455101516,0.046145635422155135,0.011536508873822127,0.07284153705052518
2024-02-16,1.7416458953735436,0.8022035335915428,0.8181344452306261,0.8021290741551239,0.8159755759417529,-1.0805975708641817,NTES,1.4113985614708553,0.10644985903423212,0.09229167091744364,0.051389794054353094,-0.0015730875604052959,-0.06034707645871625
2024-02-20,1.7382172171982797,0.8013101907422442,0.8130722826764186,0.7950569611848807,0.8045857243937632,-0.7739110346419669,NTES,-0.7326994545855547,-0.08023066616577579,-0.03565811830402595,-0.04981630642081443,-0.006292750314758278,0.34013428651691974
2024-02-21,1.7167878116759976,0.7957269257249231,0.8131467421128373,0.7911858656338293,0.8131467421128373,-0.4464132398756831,NTES,-0.018000115900084712,0.06030422361207699,0.0005244958778464699,-0.02726818462414853,-0.0393287893026845,0.36310195836235676
2024-02-22,1.7725037763817408,0.8102433920515943,0.8146355900657595,0.7979602544502149,0.8022779362320527,-0.9389223133925999,NTES,0.6966992227853853,-0.07656039524024986,0.010487517118129187,0.0477191230556938,0.10225469215772635,-0.5418720787364489
2024-02-23,1.767075314149045,0.8088290035350909,0.815156692528873,0.8004168478929456,0.8093501059982046,-1.1000382439235459,NTES,1.4113985614708553,0.04981670649394706,0.003670670998658552,0.017304363237600564,-0.009963021240282716,-0.17614076345763538
2024-02-26,1.733645646297928,0.8001191237390882,0.8075634770955163,0.7966946712147316,0.8062234912195227,-0.9917980586709448,NTES,-1.4473987932710248,-0.022024025991952058,-0.05348697741947224,-0.026219192868456333,-0.061352815294635814,0.12112539484691186
2024-02-27,1.8953653007516404,0.8422541342025985,0.8523784593110134,0.8277376678759272,0.8330231519434822,-0.5928494785046602,NTES,-0.7326994545855547,0.18877810863825967,0.3156789061040356,0.21866837257850644,0.29680105523289635,0.4419563048542298
2024-02-28,1.8707929958776606,0.8358519857723977,0.846944056370621,0.8337675759199432,0.8460507703172313,-0.757824689216222,NTES,-0.018000115900084712,0.09176717503959717,-0.03828019762012493,0.04247496442349733,-0.04509704373959556,-0.1803999331066159
2024-02-29,1.746217243704718,0.8033946005946987,0.8449341059545853,0.7948335828756246,0.8118067562368438,-0.07541738998956031,NTES,0.6966992227853853,-0.24121649437517234,-0.014158188116787738,-0.2742529334362319,-0.22863139381878916,0.754786344773276
2024-03-01,1.8196486020722684,0.8225265864488823,0.8337675759199432,0.815231151965292,0.8188788692070871,-0.796417491022381,NTES,1.4113985614708553,0.04981630642081443,-0.078657578605369,0.14368146497179748,0.13476663534093875,-0.7940388051503894
2024-03-04,1.7736468916760069,0.8105411730013604,0.8332464734568296,0.8041390245711596,0.8330231519434822,-0.4230772185966318,NTES,-1.4473987932710248,0.09963301291476075,-0.003670670998658552,-0.07813348280065664,-0.08442583304228006,0.41369452494043385
2024-03-05,1.6896441650974527,0.7886548127546799,0.7990024593764422,0.7792004521863075,0.7935680564360499,-0.7739831707201091,NTES,-0.7326994545855547,-0.2779236044348905,-0.24121649437517234,-0.17566851220403001,-0.15416858201679257,-0.3855963774103038
2024-03-06,1.6222132717480853,0.771086134289837,0.7998213427893219,0.7605895687952373,0.7965458091378029,0.3037659047657195,NTES,-0.018000115900084712,0.020975434309391743,0.005768254436911063,-0.13109596434228168,-0.12375462234496457,1.1910924991889351
2024-03-07,1.6873581570781,0.7880592508551476,0.7918558869697805,0.7736171871689864,0.7742872085049376,-0.8704651752355066,NTES,0.6966992227853853,-0.1567906613328908,-0.05610905673556973,0.09176717503959717,0.1195594554684603,-1.2942325043007563
2024-03-08,1.6893583862738863,0.7885803533182613,0.7957269257249231,0.783369328687125,0.7900692012711832,-0.7865348483168786,NTES,1.4113985614708553,0.11116912171544802,0.02726778455101516,0.06869455736508553,0.003670670998658552,0.0942966065907168
2024-03-11,1.7345027601994496,0.8003424452524358,0.8105411730013604,0.7955036042115756,0.7973646925506827,-0.8638647240854813,NTES,-1.4473987932710248,0.05138979405435384,0.10435227559597812,0.08547442472483964,0.08285274548187477,-0.08367299621855351
2024-03-12,1.7747897844010945,0.8108389539511268,0.8118067562368438,0.8021290741551239,0.8056279293199905,-0.7584378458804321,NTES,-0.7326994545855547,0.05820664017382373,0.008914829630856514,0.046670131300001604,0.07393791585101751,0.11802057958877653
2024-03-13,1.8351042508776352,0.8183577667439734,0.8272165654128137,0.8121789398271201,0.8121789398271201,-0.8196453081842188,NTES,-0.018000115900084712,0.046145635422155135,0.10854744247248538,0.07079174073020543,0.05296288161475839,-0.06588001647000871
2024-03-14,1.7658436163222413,0.8004913073293644,0.8127000422902337,0.7960991661111079,0.8093501059982046,-0.9644945530940641,NTES,0.6966992227853853,-0.0199264425536988,-0.10225509223085973,-0.11326670515370275,-0.12585220578321707,-0.15818856241380158
2024-03-15,1.7485286246102758,0.7960247066746893,0.806967915195984,0.7941636183355822,0.8048835053435296,-0.7914040335914875,NTES,1.4113985614708553,-0.03146295142752018,-0.04037738098524482,-0.013634092312073891,-0.031462951427520924,0.19269536707931356
2024-03-18,1.7147639901474236,0.7873148268786867,0.7926003109462414,0.7780837878236614,0.789026996344956,-0.914035366433488,NTES,-1.4473987932710248,-0.11169401766643083,-0.10120610047516679,-0.11326710522683538,-0.06135281529463507,-0.13366848293929687
2024-03-19,1.7072609606137452,0.7853792791031607,0.7863470245929691,0.7712349963667657,0.7806893569351384,-1.083122333599164,NTES,-0.7326994545855547,-0.05873073597853534,-0.04404845205703674,-0.048243218860407645,-0.013634092312075382,-0.18493774002235217
2024-03-20,1.7623808850628608,0.7995980212759746,0.8012357313058253,0.7909625441204818,0.7939402968222349,-1.0273250771560538,NTES,-0.018000115900084712,0.09334026260000247,0.10487677147382533,0.13896180221744525,0.10015750879260721,0.06324845400936344
2024-03-21,1.7459310197427975,0.7953546853387382,0.805404607806643,0.789399236731141,0.7969924521644979,-1.030823676945958,NTES,0.6966992227853853,0.02149953011410559,0.029365768062401786,-0.011012012995975656,-0.029890263940248255,-0.0021914983544120883
2024-03-22,1.7078378599211315,0.7855281411800895,0.7952058232618094,0.7830715477373588,0.7952058232618094,-1.152120492342325,NTES,1.4113985614708553,-0.012585100556382442,-0.07184073248589762,-0.04457254786174984,-0.06921865316979939,-0.1321956859578737
2024-03-25,1.650120775742892,0.7706394344672334,0.780391575985372,0.7634928620605715,0.7739894275551713,-1.0102648946753872,NTES,-1.4473987932710248,-0.14944931933557443,-0.10435227559597961,-0.13791321053488417,-0.10487677147382533,0.15822395664924688
2024-03-26,1.6685904563463387,0.7754038728675834,0.7776371447969666,0.7634928620605715,0.7670661766618568,-0.9604188646790212,NTES,-0.7326994545855547,-0.048767714738254114,-0.019402346748984955,0.0,0.03356093493890681,0.05668057557869254
2024-03-27,1.6550268681166236,0.7719050177027167,0.7741382896320999,0.7657261907858635,0.7667683957120907,-1.0525366364668063,NTES,-0.018000115900084712,-0.002097583438252511,-0.024646105308051038,0.015731675750326402,-0.024646105308051038,-0.09999317898567515
2024-03-28,1.648678082336072,0.7702672508769572,0.775924975330697,0.7675872791249704,0.7721283392160643,-0.7328295381398966,NTES,0.6966992227853853,0.037755701742278464,0.01258550062951581,0.013109596434228167,-0.01153650887382138,0.3545040084167512
2024-04-01,1.5113112795475887,0.7348321129975052,0.7732450035787103,0.7320776818090996,0.7702672508769572,-0.2433141118658875,NTES,-1.4473987932710248,-0.013109596434228167,-0.018877850871138486,-0.2501313240060281,-0.24960682812818163,0.5419074729718942
2024-04-02,1.4576344936436472,0.7209856112108762,0.7264944167917786,0.7110846076158088,0.714732381653513,-0.7427843169235414,NTES,-0.7326994545855547,-0.39119030958859174,-0.32931339848924435,-0.1478762317751684,-0.09753542947650823,-0.5495545062341428
2024-04-03,1.4547484391224756,0.7202411872344152,0.7283555051308856,0.7125735123646397,0.7206878302611102,-0.9222588793417162,NTES,-0.018000115900084712,0.04195046854565011,0.013109596434228167,0.010487917191262556,-0.0052437585590645935,-0.19640167328315955
2024-04-04,1.4351247373350793,0.7151790246802078,0.7276855405908433,0.7148067842940229,0.725973314328665,-1.0288399347970432,NTES,0.6966992227853853,0.037231205864431245,-0.004719262681218123,0.01573127567719378,-0.03565811830402595,-0.11595511383839656
2024-04-05,1.45619157766765,0.7206134276206,0.7314077172690573,0.7138390388042144,0.7154023461935552,-0.9576416256705406,NTES,1.4113985614708553,-0.07446241172886398,0.026219192868456333,-0.0068168461194706344,0.03828019762012418,0.08024532728146329
2024-04-08,1.4610974474722047,0.7218789540601748,0.7232189399361683,0.716891250942386,0.7225489186002172,-0.9665504313211212,NTES,-1.4473987932710248,0.050340802298660906,-0.05768214429597726,0.021499930187237466,0.008914429557723891,-0.008162296927749271
2024-04-09,1.5664312039967039,0.7490508551703191,0.7500186006601275,0.7370654417227972,0.7486786147841341,-0.5758975001412071,NTES,-0.7326994545855547,0.18405884595704006,0.18877810863825895,0.1421079773382588,0.19140018795435865,0.43280108037511283
2024-04-10,1.5341094855098498,0.7407131589645924,0.7466686643680983,0.7308866148059437,0.7395964946019464,-0.9751346246200612,NTES,-0.018000115900084712,-0.0639748946107348,-0.0235971135523581,-0.04352395617919027,-0.05873113605167095,-0.43893551133211595
2024-04-11,1.4662919894996298,0.7232189399361683,0.73602323679657,0.7126479718010584,0.734162148457463,-0.7524866194336879,NTES,0.6966992227853853,-0.03827979754699082,-0.07498690760670897,-0.12847388502618268,-0.1232301264671181,0.24738788201108217
2024-04-12,1.3219990564848536,0.6859971731540279,0.7084790953002409,0.684880508791382,0.7084790953002409,-0.3979017273249505,NTES,1.4113985614708553,-0.18091267083622872,-0.1940222672704569,-0.19559535483086293,-0.26219192868456337,0.39299575655286495
2024-04-15,1.3225764009305943,0.6861460352309567,0.6958237173126766,0.6828705583753462,0.6925481836611574,-0.7626217384126885,NTES,-1.4473987932710248,-0.11221811347114319,-0.08914509572349893,-0.014158188116787738,0.0010485916825603164,-0.4008418164342247
2024-04-16,1.2720738966323404,0.6731184168572076,0.6827216395025087,0.6705873639780581,0.6816049751398628,-0.6873838089102141,NTES,-0.7326994545855547,-0.07708449104496222,-0.09229167091744364,-0.08652341648053333,-0.09176717503959717,0.08470352354955506
2024-04-17,1.2582218587489324,0.6695451590518309,0.6729695547802788,0.6639618940345099,0.6706617666185681,-0.957749829787754,NTES,-0.018000115900084712,-0.0770844910449637,-0.06869415729195291,-0.04667013130000086,-0.025170201112764138,-0.2967110893152242
2024-04-18,1.3320996908860108,0.6886026854695959,0.6903149117317743,0.6751284240691519,0.67773393638472,-0.5998466780844685,NTES,0.6966992227853853,0.04981670649394706,0.12218153478455852,0.07865757860536826,0.13424213946309374,0.39665784634451173
2024-04-19,1.3612466826288232,0.6961214982624429,0.6970892437522512,0.6859971731540279,0.6877838020567162,-0.7621528539047633,NTES,1.4113985614708553,0.07079174073020543,0.047718722982561176,0.07655999516711724,0.052962881614759885,-0.17745433914376954
2024-04-22,1.400782980995664,0.7063202260113675,0.709893540612653,0.6891237879327096,0.6969403816753227,-0.8145236466361117,NTES,-1.4473987932710248,0.06449939048858201,0.09019408747919112,0.022024025991951312,0.07184033241276351,-0.05612771213355797
2024-04-23,1.34854911106772,0.6928459646109236,0.6966426007255563,0.6864438161807228,0.69232486214781,-0.7308818640300531,NTES,-0.7326994545855547,-0.03251194318321461,-0.09334026260000396,-0.018877850871139232,-0.09491335016040851,0.09397816400013881
2024-04-24,1.3759645146116652,0.6999180775811668,0.7058735829846727,0.6953770742859817,0.7039380352091471,-1.0313286294929545,NTES,-0.018000115900084712,0.08180375372618183,0.06502348629329512,0.06292630292817522,0.04981630642081369,-0.32990872938297894
2024-04-25,1.3788505691328368,0.7006625583535366,0.7038636325686369,0.6902404522953556,0.6933670670740372,-1.160740753680336,NTES,0.6966992227853853,-0.07446241172886472,-0.014158188116788484,-0.03618261418187242,0.005244158632198707,-0.14115188381787946
2024-04-26,1.4328160272596484,0.7145834627806753,0.7229956184228209,0.7104146430757665,0.7115313074384124,-0.9280297655931046,NTES,1.4113985614708553,0.12794978922146885,0.13476663534094172,0.14210797733825734,0.09805952528121985,0.2584935673574893
2024-04-29,1.451285262724741,0.7193478443851166,0.7202411872344152,0.7095213002264681,0.7178589964321946,-0.934449876547774,NTES,-1.4473987932710248,0.04457254786174984,-0.019402346748986447,-0.006292750314756788,0.033560534865773435,-0.005415729584014166
2024-04-30,1.3600924388756972,0.6958237173126766,0.7126479718010584,0.6954514769264918,0.7075858092468509,-0.9440079069016358,NTES,-0.7326994545855547,-0.07236482829061222,-0.05348697741947224,-0.09910851703691427,-0.16570509089061394,-0.008878792756549733
2024-05-01,1.3759645146116652,0.6999180775811668,0.7112335264886464,0.6968659222389038,0.6979825866015499,-1.1136719626924507,NTES,-0.018000115900084712,-0.06764556560939186,-0.009963421313416085,0.00996342131341534,0.028840872111421948,-0.18557462520350812
2024-05-02,1.518237187204704,0.7366187419001936,0.7387032085485566,0.7139879576770519,0.7182312368183795,-0.5991974533811872,NTES,0.6966992227853853,0.14263247321610306,0.19349777139261043,0.12060844722415248,0.25852125768590556,0.5694527570568898
2024-05-03,1.6356913934137434,0.7669172577890193,0.77331940621922,0.7437653711027641,0.7462964239819134,-0.375539543100821,NTES,1.4113985614708553,0.19769253819598206,0.24383817361813648,0.20975354294765067,0.21342421394630848,0.2485024310781051
2024-05-06,1.6022156537429386,0.7582818374294353,0.7684061625378502,0.7454030811326148,0.7667683957120907,-0.40017401378643463,NTES,-1.4473987932710248,0.14420556077650984,-0.034609126548332265,0.011536108800688012,-0.060828319416789345,-0.02551741811424935
2024-05-07,1.4599432037190778,0.7215811731104086,0.7275366785139146,0.717337893969081,0.7260477737650837,-0.5672411707641247,NTES,-0.7326994545855547,-0.28683803399261365,-0.2878866256751732,-0.19769253819598134,-0.2585212576859048,-0.18270864188830627
2024-05-08,1.451285262724741,0.7193478443851166,0.7200923251574866,0.710637964589114,0.7152534841166265,-0.913025461339495,NTES,-0.018000115900084712,-0.07603549928927077,-0.05243838573691267,-0.04719462717784807,-0.015731675750327894,-0.3799440214275446
2024-05-09,1.5049624937670365,0.7331943461717455,0.7497208197103613,0.7254522118655514,0.7419786854041672,-0.9917259225928025,NTES,0.6966992227853853,0.18825361276041394,0.20870455119195774,0.10435227559597961,0.09753542947650823,-0.08518559852379894
2024-05-10,1.5061167375201632,0.7334921271215118,0.7421276042770044,0.7255266713019701,0.7340876890210442,-1.0794073255748329,NTES,1.4113985614708553,-0.05558456085772549,-0.05348697741947298,0.0005244958778457248,0.0020975834382532563,-0.09509712415553866
2024-05-13,1.533820813286979,0.7406386995281735,0.7535174558249941,0.734162148457463,0.7381821060854431,-0.4681622674356026,NTES,-1.4473987932710248,0.028841272184555317,0.08023066616577579,0.06082871948992346,0.050340802298659414,0.6762504408719809
2024-05-14,1.5092912416950277,0.7343110105343915,0.7420531448405858,0.7286532860806517,0.7419786854041672,-0.8502670733556478,NTES,-0.7326994545855547,0.02674328867317018,-0.08075516204362151,-0.03880469349797289,-0.04457254786174835,-0.42002798251654816
2024-05-15,1.5127544180927628,0.7352043533836902,0.7436909116663454,0.7277600000272622,0.7436909116663454,-0.888499194771095,NTES,-0.018000115900084712,0.012061004751667851,0.011536508873822127,-0.006292350241622674,0.006292750314758278,-0.040524025195236804
2024-05-16,1.6700333723223353,0.7757760564578595,0.7798704735222586,0.7509119435094261,0.7556018656774486,-0.748014182588862,NTES,0.6966992227853853,0.0839013371644336,0.25485058668724697,0.16308341164764906,0.28578904223692,0.15671135434400146
2024-05-17,1.6919657841851625,0.7814337809115993,0.7990768620169522,0.7742127490685187,0.7742127490685187,-0.7459222363227338,NTES,1.4113985614708553,0.13109596434228168,0.13529073114565257,0.1641320033302079,0.039853285180530974,0.003978326838036335
2024-05-20,1.6850396539588706,0.7796471520089111,0.7813593214751806,0.7699694699271911,0.7742127490685187,-0.8257408067872476,NTES,-1.4473987932710248,0.0,-0.12480321402752415,-0.029889863867114886,-0.012585100556381698,-0.08641956356228862
2024-05-21,1.5167944937978837,0.7362465583099174,0.7585796183792015,0.7332688056081643,0.7572396325032081,-0.5417049991017318,NTES,-0.7326994545855547,-0.11955945546845954,-0.16046133233155008,-0.2585212576859048,-0.30571588486375284,0.31513654315654804
2024-05-22,1.5012108677156084,0.7322266006819371,0.7481575123210205,0.7295466289299503,0.7295466289299503,-0.7722158368056216,NTES,-0.018000115900084712,-0.19507085895301646,-0.07341382004630441,-0.026219192868456333,-0.028316776306708844,-0.2527262064916403
2024-05-23,1.3967426827213656,0.7052780210851403,0.7298444098797164,0.7026725087695723,0.7072135688606661,-0.29597344890980537,NTES,0.6966992227853853,-0.157315157210738,-0.12899838090402915,-0.1893026045161054,-0.18982710039395262,0.5272591138053071
2024-05-24,1.2738054848312077,0.6735651166798111,0.6862949541037939,0.6699918020785258,0.6846571872780345,-0.17345032018501838,NTES,1.4113985614708553,-0.15888824477114405,-0.30676447654631317,-0.23020448137919594,-0.2233872351865912,0.13688830308052202
2024-05-28,1.294294980718038,0.6788506007473659,0.6797438868007558,0.6673862897629578,0.667684070712724,-0.09186441580601686,NTES,-0.7326994545855547,-0.11955945546845954,-0.046146035495287015,-0.01835335499329276,0.037231205864431245,0.09170926054227067
2024-05-29,1.2472554302483416,0.6667162684270066,0.6708106854914055,0.6633663321349775,0.6662696254003118,-0.7462829167134455,NTES,-0.018000115900084712,-0.009963421313416085,-0.0629259028550426,-0.028316776306708844,-0.08547482479797226,-0.7205581773745198
2024-05-30,1.27900024942781,0.6749051025558045,0.6778827984616488,0.6667907278634254,0.6667907278634254,-0.7360395936172314,NTES,0.6966992227853853,0.003670670998658552,0.04981630642081443,0.024121609430203823,0.05768254436911063,0.012974330021864358
2024-05-31,1.2319604763889367,0.6627707702354452,0.6683540352527663,0.6588997314803025,0.6625474487220977,-0.6503058647450445,NTES,1.4113985614708553,-0.029889863867114886,-0.06712106973154762,-0.05558456085772475,-0.08547482479797301,0.0962868727818292
2024-06-03,1.2111823082792361,0.6574108267314716,0.6714062473909378,0.6519020211505693,0.6699918020785258,-0.621812113878815,NTES,-1.4473987932710248,0.05243838573691267,0.021499930187237466,-0.04929221061610058,-0.037755701742278464,0.03311582387592179
2024-06-04,1.2218598419877795,0.6601652579198771,0.669842940001597,0.6562197597283156,0.6618030247456367,-0.5202084478153104,NTES,-0.7326994545855547,-0.05768214429597726,-0.011012012995974912,0.030414359744961355,0.0194023467489857,0.11380121526361825
2024-06-05,1.3797163632322704,0.700885879866884,0.7017047632797639,0.6708851449278245,0.674309540656272,-0.3157748023598813,NTES,-0.018000115900084712,0.08809650404093787,0.22443622694228563,0.10330368391342004,0.28683803399261365,0.22728619348084697
2024-06-06,1.3868238873380074,0.699024791527777,0.7023747278198061,0.6940370884099883,0.700885879866884,-0.8478505147378789,NTES,0.6966992227853853,0.18720502107785364,0.004719262681217378,0.16308341164764834,-0.013109596434228167,-0.5855385189694549
2024-06-07,1.3868238873380074,0.699024791527777,0.7043102755953319,0.6961959009029527,0.6985780917051734,-0.792522142802694,NTES,1.4113985614708553,-0.016256171628173617,0.013634092312074637,0.015206779799347309,0.0,0.06273098479967422
2024-06-10,1.394366979323588,0.7009603393033028,0.7052036184446304,0.6926971025339947,0.6947070529500307,-1.0056481856742767,NTES,-1.4473987932710248,-0.027267784551015906,0.006292750314757533,-0.02464570523491767,0.013634092312074637,-0.23354004040931683
2024-06-11,1.3517204992741032,0.690017130782008,0.6977592650882023,0.6869649186438364,0.696047038826024,-1.0650161779854335,NTES,-0.7326994545855547,0.009438925435569616,-0.05243838573691267,-0.040377781058376694,-0.0770844910449637,-0.06384994495507407
2024-06-12,1.3583931232075281,0.6917293002482777,0.696047038826024,0.6878582614931349,0.6938137101007322,-0.8942700810224832,NTES,-0.018000115900084712,-0.015731675750326402,-0.012061004751668596,0.006292750314757533,0.012060604678536717,0.19010802103086744
2024-06-13,1.3383754739764304,0.6865927350535602,0.696047038826024,0.6840616253785021,0.6878582614931349,-1.0177309787631208,NTES,0.6966992227853853,-0.041950468545650856,0.0,-0.026743688746302806,-0.0361822141087398,-0.13458400538720858
2024-06-14,1.3473688267208568,0.6889004664193621,0.6906870953220504,0.6776594769483013,0.6776594769483013,-0.8705733793527202,NTES,1.4113985614708553,-0.07184073248589837,-0.037755701742278464,-0.04509704373959556,0.01625577155504025,0.16407533925111734
2024-06-17,1.345338105547789,0.6883793639562485,0.6915059787349302,0.6839871659420833,0.6900915334225182,-0.8941258088661985,NTES,-1.4473987932710248,0.0875720081630929,0.005768254436911063,0.04457254786174835,-0.003670670998658552,-0.024323258399581913
2024-06-18,1.291957559218744,0.6746817242465482,0.6793717032104797,0.6655996608602694,0.6699918020785258,-0.9077955956741744,NTES,-0.7326994545855547,-0.1415834814604116,-0.08547442472483889,-0.1295224767087415,-0.09648683779394941,-0.013416599672285992
2024-06-20,1.3180675945382219,0.6813816536265154,0.6818282966532102,0.6730440142166976,0.6784039009247622,-0.9054151050954768,NTES,0.6966992227853853,0.05925523185638256,0.017304363237599076,0.05243838573691267,0.04719462717784882,0.004296769428614318
2024-06-21,1.2658477464684434,0.6679818516624901,0.6705873639780581,0.6627707702354452,0.6699918020785258,-0.7217566501450454,NTES,1.4113985614708553,-0.05925523185638256,-0.07918167441008285,-0.07236522836374484,-0.09438885428256279,0.2043583269592322
2024-06-24,1.3076235358965949,0.6787016818745286,0.6854016112544955,0.6641107561114385,0.6662696254003118,-0.7233797119032483,NTES,-1.4473987932710248,-0.026219192868456333,0.10435227559597961,0.009438925435569616,0.07551100341142429,-0.0001216215156551979
2024-06-25,1.3618743277086187,0.6926226430975762,0.6965681412891377,0.6699918020785258,0.6703640424647107,-0.5836521285415102,NTES,-0.7326994545855547,0.028841272184555317,0.078657578605369,0.04142637274093701,0.09805992535435396,0.15587544254373426
2024-06-26,1.469215435642576,0.7201667277979964,0.7204645087477627,0.7068413284744813,0.7146579222170942,-0.4579550123784596,NTES,-0.018000115900084712,0.312008235105377,0.16832717020671367,0.2595698493684651,0.19402186719732278,0.14039117157687983
2024-06-27,1.4494877940494124,0.7151045652437892,0.7215811731104086,0.711010204975299,0.7151045652437892,-0.7132085248851766,NTES,0.6966992227853853,0.0031461751208128274,0.007865837875163574,0.029365768062401786,-0.03565811830402446,-0.28003265863370236
2024-06-28,1.4355625309066955,0.7115313074384124,0.7170401130193148,0.7072135688606661,0.7094468975859579,-0.6529748996363116,NTES,1.4113985614708553,-0.039852885107399094,-0.0319874473053674,-0.02674368874630355,-0.025170201112764884,0.06814450883949993
2024-07-01,1.4610923283811283,0.718082317945542,0.720315646670834,0.7142112791903992,0.7178589964321946,-0.7721437007274792,NTES,-1.4473987932710248,0.059255231856384045,0.023073017747644996,0.04929221061609984,0.046145635422155884,-0.12984717185236108
2024-07-02,1.3885646008731414,0.6994714345544719,0.7157745865797401,0.6950048338997968,0.7157745865797401,-0.8873089494817461,NTES,-0.7326994545855547,-0.014682683994634209,-0.03198744730536814,-0.13529113121878594,-0.13109596434228168,-0.12542878090809156
2024-07-03,1.445426351703277,0.714062360317562,0.7192734417446068,0.7104891025121852,0.7115313074384124,-1.183391482217035,NTES,-0.018000115900084712,-0.029889863867115632,0.024646105308051038,0.10907193835032962,0.10277918803557357,-0.32509228520048694
2024-07-05,1.3305423743529166,0.6845827278416158,0.7009603393033028,0.6794461058509895,0.6938137101007322,-0.614454233908295,NTES,1.4113985614708553,-0.12480361410065602,-0.1289983809040299,-0.21866837257850644,-0.2076559595093989,0.6295587960284841
2024-07-08,1.3238699729886685,0.6828705583753462,0.6863693567443041,0.6745328621696196,0.6802649892638692,-0.7475452980809367,NTES,-1.4473987932710248,-0.09543784603825721,-0.10277958810870545,-0.03460912654833301,-0.012060604678535227,-0.14521202684774875
2024-07-09,1.376380051265558,0.6963448197757902,0.7005136394806991,0.6855504733314243,0.6882304450834111,-0.7201335883868425,NTES,-0.7326994545855547,0.05610905673557271,0.09963301291476,0.07760858684967606,0.09491335016040925,0.03192166416125435
2024-07-10,1.277452058230982,0.6709595475683342,0.6817538940127001,0.6706617666185681,0.6775106148713728,-0.6275108640520609,NTES,-0.018000115900084712,-0.07551100341142356,-0.13214455602484199,-0.10487677147382533,-0.17881508739797697,0.10388968963187853
2024-07-11,1.326480932006781,0.6835405229153885,0.691878219121115,0.67773393638472,0.6789250033878761,-0.9216096546384351,NTES,0.6966992227853853,0.009963021240282716,0.0713162366080519,0.04981670649394706,0.08862099991878583,-0.3229029923902633
2024-07-12,1.3572326475174388,0.6914315192985113,0.6962703603393715,0.6843594063282683,0.6896448903958232,-0.9111499233077939,NTES,1.4113985614708553,0.07551140348455618,0.0309384555496752,0.046670131300001604,0.05558456085772401,0.013213161964797845
2024-07-15,1.3821822071468273,0.6978336677287121,0.7023747278198061,0.6871882401571839,0.6876349399797875,-0.6183856501670533,NTES,-1.4473987932710248,-0.014158188116786994,0.04299946030134305,0.019926442553699547,0.04509704373959556,0.32476943152153204
2024-07-16,1.3598436065355508,0.6921015406344626,0.6935903885873848,0.6839127633015736,0.6917293002482777,-0.9225834916933568,NTES,-0.7326994545855547,0.028840872111421948,-0.06187731117248154,-0.023072617674510885,-0.04037738098524333,-0.33404848306049273
2024-07-17,1.3589733610525727,0.691878219121115,0.6986525511415921,0.6880071235700637,0.6951536959767254,-1.1275581577348537,NTES,-0.018000115900084712,0.024121609430202334,0.0356581183040252,0.028840872111421948,-0.0015730875604067862,-0.2245440372254888
2024-07-18,1.3479490645659018,0.689049328496291,0.6939626289735695,0.6864438161807228,0.6936648480238033,-0.9008344641334374,NTES,0.6966992227853853,-0.010487517118128441,-0.033036038987926966,-0.011012012995976402,-0.01992684262683068,0.2518858836029962
2024-07-19,1.312845676501997,0.6800416677505219,0.6839871659420833,0.6745328621696196,0.6793717032104797,-0.8575888852870966,NTES,1.4113985614708553,-0.10068160459731958,-0.07026764492549308,-0.0839013371644336,-0.06345039873288907,0.04939620131922118
2024-07-22,1.374639337730424,0.6958981767490954,0.703491392182452,0.6933670670740372,0.6933670670740372,-0.9310594808750834,NTES,-1.4473987932710248,0.09858402115906706,0.13738871465703995,0.1326690519026877,0.11169401766642933,-0.07941382656957299
2024-07-23,1.370867903022222,0.694930374463378,0.6951536959767254,0.6766172720220741,0.6801161271869407,-0.6595032147081946,NTES,-0.7326994545855547,-0.09334026260000321,-0.05873113605167095,-0.1179863679080535,-0.006817246192604003,0.3013639011140503
2024-07-24,1.402199856377925,0.7029702897193385,0.7159979080930876,0.6989503320913583,0.7103401836393479,-0.8247309016932547,NTES,-0.018000115900084712,0.2128997180684635,0.14682764009260957,0.157315157210738,0.05663355261341769,-0.18067857037337162
2024-07-25,1.4317910961984934,0.7105635051526953,0.721060070647295,0.7090746571997731,0.7102657809988379,-0.7496372443470649,NTES,0.6966992227853853,-0.0005240958047138464,0.03565811830402595,0.0713162366080519,0.05348697741947298,0.08454430225426605
2024-07-26,1.34881931004888,0.6892726500096382,0.6938881695371508,0.6790739222607134,0.6869649186438364,-0.6901610479186947,NTES,1.4113985614708553,-0.164132403403342,-0.19140018795435793,-0.21132663050805672,-0.14997381521342165,0.06730859703923273
2024-07-29,1.3079137661037064,0.6787761413109472,0.6810094700362392,0.6734906572433924,0.6755750670958468,-0.6705039666249034,NTES,-1.4473987932710248,-0.08023066616577504,-0.09071818328390423,-0.0393287893026845,-0.07393791585101751,0.023363519539471057
2024-07-30,1.3215490216084895,0.6822749964758139,0.6863693567443041,0.6688006782794611,0.6778083958211387,-0.5690445727176836,NTES,-0.7326994545855547,0.015731675750326402,0.037755301669145834,-0.03303643906106034,0.02464610530805029,0.11364199396832926
2024-07-31,1.334894046906163,0.6856993922042617,0.6977592650882023,0.6822005370393951,0.6932182049971086,-0.8734588224784143,NTES,-0.018000115900084712,0.10854744247248538,0.08023106623890766,0.09438925435569614,0.024121609430203823,-0.33428731500342623
2024-08-01,1.3055928147235272,0.678180579411415,0.6856993922042617,0.6760217101225419,0.6805627702136356,-0.9574973535142558,NTES,0.6966992227853853,-0.08914549579663156,-0.08495032892012654,-0.04352395617918878,-0.052962881614759136,-0.09107678644949162
2024-08-02,1.2728103780398021,0.6697684805651783,0.6711084664411717,0.6650040989607371,0.6687262756389512,-0.885866227918899,NTES,1.4113985614708553,-0.08337684128658787,-0.10277918803557283,-0.07760858684967681,-0.0592552318563833,0.08072299116733027
2024-08-05,1.2130476605536202,0.6544331308256274,0.6588252720438837,0.6449043108208361,0.6513809186874556,-0.5489186069159671,NTES,-1.4473987932710248,-0.12218153478455852,-0.08652341648053258,-0.14158388153354423,-0.10802294659463742,0.3735309532037857
2024-08-06,1.1770738044375604,0.6452020917706023,0.6509342756607608,0.6402888480892323,0.6427454415319629,-0.6119655392123837,NTES,-0.7326994545855547,-0.06082871948992271,-0.05558456085772475,-0.0325115431100805,-0.06502388636642774,-0.06791008798494336
2024-08-07,1.2075355123102847,0.6530186855132152,0.6600907984834583,0.6499664733750435,0.6516786996372218,-0.7724683130791198,NTES,-0.018000115900084712,0.06292630292817522,0.06449899041544789,0.06816966141410645,0.05506046505301165,-0.17546407295265715
2024-08-08,1.2623665419673527,0.6670885088131916,0.6679818516624901,0.6521253426639166,0.6542097525163711,-0.6949580971151612,NTES,0.6966992227853853,0.01782885911544629,0.05558496093085812,0.015207179872480677,0.09910851703691427,0.08721125895035667
2024-08-09,1.284124682164407,0.6726717738305126,0.6746073216060384,0.6640362966750198,0.6685029541256037,-0.9576776937096118,NTES,1.4113985614708553,0.10068200467045368,0.04667013130000235,0.0839013371644336,0.0393287893026845,-0.2882723606649077
2024-08-12,1.2606258284322187,0.6666418657864966,0.6735651166798111,0.6665674063500779,0.6734906572433924,-0.8283737736394435,NTES,-1.4473987932710248,0.03513362242617948,-0.007341341997317849,0.01782925918857966,-0.04247496442349658,0.14437170395910462
2024-08-13,1.2583048770520402,0.6660463038869643,0.6685773567661136,0.6625474487220977,0.6670140493767728,-0.9960540872813437,NTES,-0.7326994545855547,-0.04562153961744204,-0.03513402249931285,-0.028316776306708844,-0.004195166876505022,-0.18338533239328447
2024-08-14,1.20695527446524,0.6528697666403778,0.6569641837047767,0.6475842825728229,0.6479565229590077,-0.8315477610777071,NTES,-0.018000115900084712,-0.13424213946309374,-0.08180375372618108,-0.10540126735167181,-0.0928161667952901,0.18322170000961857
2024-08-15,1.2757115672650254,0.6705129045416394,0.6719273498540517,0.6591230529936499,0.660537498306062,-0.860330056256506,NTES,0.6966992227853853,0.08862099991878508,0.10540126735167256,0.08127965792146799,0.12427911822281104,-0.030095030353807856
2024-08-16,1.2710698870738453,0.6693218375384835,0.6730440142166976,0.6612074628461043,0.6618030247456367,-0.7079065231417137,NTES,1.4113985614708553,0.008914429557723145,0.007865837875162828,0.014682683994634209,-0.008389933679876675,0.16988691652916552
2024-08-19,1.3476590569279674,0.6889749258557808,0.6919526217616252,0.671480650031448,0.671480650031448,-0.7858495555745263,NTES,-1.4473987932710248,0.0681696614141072,0.13319314770740157,0.07236482829061222,0.13843730633959803,-0.08434968672353173
2024-08-20,1.2800632398182716,0.6716295689042854,0.6804883675731256,0.6688751377158798,0.67773393638472,-0.8259932830607458,NTES,-0.7326994545855547,0.044048452057035246,-0.08075476197048889,-0.018353354993293505,-0.12218153478455777,-0.04263370735781594
2024-08-21,1.34881931004888,0.6892726500096382,0.6899426713455894,0.6742350812198534,0.6764684099451455,-0.8404565667282877,NTES,-0.018000115900084712,-0.0089144295577224,0.06659657385370041,0.037755701742278464,0.12427871814967767,-0.014292316796375446
2024-08-22,1.0488448017895269,0.6122980635662083,0.6379810599275216,0.6017270954310986,0.6359711095114859,1.2582344227062665,NTES,0.6966992227853853,-0.28526494643220834,-0.3660201084758291,-0.510749765057052,-0.5422127164845729,2.317821995301484
2024-08-23,1.0439131139604132,0.6110325371266336,0.614308013982244,0.6002381906822677,0.6131914064155068,-0.12349608607143875,NTES,1.4113985614708553,-0.16046133233155008,-0.16675408264630762,-0.010487917191262556,-0.008914429557723145,-1.5232325322501483
2024-08-26,1.0558074333608856,0.6140846924688965,0.6148291164453576,0.6050770317231277,0.6066403391124685,-0.6827310318700324,NTES,-1.4473987932710248,-0.04614603549528851,0.003670670998658552,0.03408503074361991,0.021499530114104843,-0.6155119278076076
2024-08-27,1.085979133595676,0.6218268267750908,0.6278567348191068,0.6184768904830616,0.6226457101879707,-0.8787608242218773,NTES,-0.7326994545855547,0.11274260934898891,0.09176717503959717,0.09438925435569614,0.05453596917516518,-0.21467231691757133
2024-08-28,0.994304224908747,0.5983026997026507,0.6196679574862176,0.597781597239537,0.6152013568315425,-0.7064638015788666,NTES,-0.018000115900084712,-0.05243838573691267,-0.05768214429597726,-0.14577864833691587,-0.1657050908906147,0.1918196499552241
2024-08-29,0.9989459050999271,0.5994937667058067,0.6067147985488872,0.5990471236791117,0.6044070671830853,-0.6893314830200576,NTES,0.6966992227853853,-0.07603549928927002,-0.0912426791617507,0.008914429557723145,0.008389933679876675,0.020577146871913705
2024-08-30,0.9963349460818147,0.5988238021657644,0.6090225299146892,0.5968882543902385,0.6090225299146892,-0.6860492914645806,NTES,1.4113985614708553,0.0325115431100805,0.01625577155504025,-0.015207179872480677,-0.004719262681218123,0.005291902524170515
2024-09-03,0.9255479321089616,0.580659561801389,0.587359491181356,0.5774584875862886,0.587359491181356,-0.4420129391089995,NTES,-0.7326994545855547,-0.1525954944563865,-0.1525954944563865,-0.13686421877919275,-0.1279497892214696,0.27099243903767517
2024-09-04,0.9708051486073815,0.592272734862726,0.5971860353400047,0.587359491181356,0.5881039151578171,-0.8658123981953249,NTES,-0.018000115900084712,0.0052437585590645935,0.06921865316979939,0.06974314904764586,0.08180375372618108,-0.46604293685506676
2024-09-05,0.9420841542697913,0.5849028409427167,0.5948783039742028,0.5831906146805383,0.5947293851013654,-0.8637925880073389,NTES,0.6966992227853853,0.046670131300001604,-0.01625577155504025,-0.029365768062401786,-0.0519138898590662,0.003898716190391839
2024-09-06,0.9258933594720262,0.5775329470227073,0.5825951095769147,0.5746296537573731,0.5808084238783178,-0.9218981989510046,NTES,1.4113985614708553,-0.0980599253543547,-0.08652341648053258,-0.060303823538942876,-0.0519138898590662,-0.06245675862129539
2024-09-09,0.925309783089323,0.5773840281498699,0.5802873214152041,0.5738107703444933,0.5752996182974154,-1.0651965181807892,NTES,-1.4473987932710248,-0.03880429342483803,-0.016256171628173617,-0.005768254436911063,-0.0010489917556929399,-0.1564769334894449
2024-09-10,0.8920530514889153,0.5688974698672146,0.5752251588609967,0.564654190725887,0.573215208444961,-0.7033258821796742,NTES,-0.7326994545855547,-0.014682683994634209,-0.03565811830402595,-0.06449939048858126,-0.05977972773422977,0.40103643196495903
2024-09-11,0.9431050790857559,0.5819250882409637,0.5841584169662556,0.5694930317667469,0.5737363109080745,-0.8083199439158694,NTES,-0.018000115900084712,0.003670670998658552,0.06292630292817522,0.03408503074361991,0.09176717503959717,-0.11420367959021765
2024-09-12,0.9142242800789129,0.5745551943209544,0.5827439716538435,0.5729174274951948,0.5801384593382755,-0.989994656717386,NTES,0.6966992227853853,0.04509704373959556,-0.009963421313416085,0.024121609430203823,-0.0519138898590662,-0.19882979803631667
2024-09-13,0.9183084244811259,0.5755973992471816,0.5788729328987008,0.5730663463680322,0.5730663463680322,-0.9894536361313183,NTES,1.4113985614708553,-0.04981630642081369,-0.027267784551015906,0.0010489917556929399,0.007341341997317104,0.0022666979136796756
2024-09-16,0.9025552006857996,0.5715774416192014,0.5784262330760971,0.5702374557432079,0.5759696396333666,-0.8553887349037548,NTES,-1.4473987932710248,0.02045093843154527,-0.003146575193945451,-0.01992684262683217,-0.028316776306708844,0.14962600670364135
2024-09-17,0.9095565592939967,0.5733640705218896,0.5831162120400284,0.5731407490085422,0.5749274347071393,-1.0886046755379828,NTES,-0.7326994545855547,-0.007341341997317104,0.03303643906106034,0.02045093843154527,0.012585100556381698,-0.2557116057783089
2024-09-18,0.9002213402933416,0.5709818797196691,0.580659561801389,0.5705352366929741,0.5753740777338342,-1.1757450579339457,NTES,-0.018000115900084712,0.0031461751208120823,-0.01730476331073319,-0.01835335499329276,-0.016780267432886718,-0.09450004429820494
2024-09-19,0.9807377432797282,0.5915283108862649,0.5924960563760734,0.580659561801389,0.5872850317449373,-0.925468934819051,NTES,0.6966992227853853,0.0839013371644336,0.08337684128658712,0.0713162366080519,0.14473005665435631,0.27787876005892403
2024-09-20,0.964401165670876,0.587359491181356,0.59592050890043,0.5867639292818236,0.5930916182756057,-0.9352794414464111,NTES,1.4113985614708553,0.04090187686309054,0.02412200950333719,0.04299946030134305,-0.029365367989268417,-0.009157430023305468
2024-09-23,1.0107854724828003,0.5991959857560405,0.6078314629115332,0.5910816678595701,0.5942827420746705,-0.8061919296106699,NTES,-1.4473987932710248,0.008390333753010045,0.0839013371644336,0.030414359744961355,0.08337684128658712,0.14413287201617114
2024-09-24,1.2001157236488909,0.6475098799323129,0.6483287065492839,0.628824537104824,0.6397677456261187,-0.3642863149106139,NTES,-0.7326994545855547,0.3203985688583871,0.2852645463590742,0.2658625996832219,0.3403254114852192,0.4893644455265271
2024-09-25,1.1974900750650812,0.6468398585963618,0.6540608904394425,0.6390232648537488,0.6409588126292746,-0.709421380782703,NTES,-0.018000115900084712,0.008389933679876675,0.04037778105837744,0.071840332412765,-0.004719662754351492,-0.3792275255987441
2024-09-26,1.321181782466056,0.6784039009247622,0.7033425301055234,0.6648551800878996,0.7020769468700401,0.2757410384074153,NTES,0.6966992227853853,0.43051909889127776,0.34714225760468986,0.1819612625187883,0.22233864350403162,1.088912232937225
2024-09-27,1.3926547546431391,0.6966426007255563,0.7063946854477863,0.6891982473691282,0.6923993215842288,-0.15804926750162596,NTES,1.4113985614708553,-0.06816966141410645,0.021499530114104843,0.17147374540065838,0.12847428509931605,-0.4770690115538294
2024-09-30,1.3906126824420335,0.6961214982624429,0.7235167208859343,0.6954514769264918,0.723293399372587,-0.18607413385993019,NTES,-1.4473987932710248,0.2176193808228135,0.12060844722415175,0.044048051983904116,-0.0036706709986570616,-0.02925911855354065
2024-10-01,1.4819228002474785,0.7194223038215355,0.7197945442077203,0.6907615547584691,0.6971637031886699,-0.4838157963924932,NTES,-0.7326994545855547,-0.1840588459570408,-0.026219192868456333,-0.033036038987927716,0.1641320033302079,-0.32692333009631036
2024-10-02,1.7042179948226255,0.7761482968440445,0.7771905017702717,0.7478597313712543,0.7667683957120907,0.2718817582267994,NTES,-0.018000115900084712,0.4902988266255068,0.4042999060228214,0.4022023225845682,0.3995806433416033,0.8356707627800838
2024-10-03,1.6225346616400091,0.7553040847276824,0.7748083109680509,0.7541130177245263,0.7573884945801367,-0.4411473061712913,NTES,0.6966992227853853,-0.06607247804898805,-0.016780267432887463,0.044048452057035246,-0.14682764009260957,-0.7852418285856726
2024-10-04,1.647914892627342,0.7617806925943018,0.7690761270778926,0.7489019362974815,0.7667683957120907,-0.8388335049700848,NTES,1.4113985614708553,0.06607247804898805,-0.04037778105837595,-0.03670711005971814,0.04562153961744129,-0.4372238824077593
2024-10-07,1.5668151358274294,0.7410853993507772,0.7655028692725159,0.7284299645673044,0.7582073779930166,-0.2592201170962764,NTES,-1.4473987932710248,-0.06030422361207624,-0.025170201112764884,-0.14420556077650984,-0.14577864833691587,0.6413411718798695
2024-10-08,1.4174514092477697,0.7029702897193385,0.712201271978455,0.69232486214781,0.6964192792122088,-0.518477181939894,NTES,-0.7326994545855547,-0.43523836157249585,-0.37545903391139723,-0.2543260908093998,-0.2684846789993201,-0.28445104957797185
2024-10-09,1.261378112251264,0.6631430106216301,0.6720017524945615,0.6507109541474133,0.6616541058727992,-0.3128893592341872,NTES,-0.018000115900084712,-0.24488756544696277,-0.28316736299395584,-0.2931303842342378,-0.2805452836778561,0.2285599638431589
2024-10-10,1.2324970906752437,0.655773059905712,0.6652274204740846,0.6482543039087739,0.6608352224599194,-0.7186908668239954,NTES,0.6966992227853853,-0.005768254436911063,-0.047718722982561176,-0.01730476331073319,-0.05191428993219957,-0.44618008026776507
2024-10-11,1.240082025666144,0.6577086076812377,0.661728565309218,0.6443088057172125,0.647137639546128,-0.9043330639233415,NTES,1.4113985614708553,-0.09648643772081529,-0.02464610530805029,-0.027792280428862375,0.013634092312074637,-0.20320838365676394
2024-10-14,1.142645691257379,0.6328444947328042,0.6475842825728229,0.6309089469572785,0.6357477879981385,-0.6813604463853276,NTES,-1.4473987932710248,-0.08023066616577504,-0.09963301291476075,-0.09438925435569614,-0.1751440163261843,0.2477461299254824
2024-10-15,1.0562948598590243,0.6108092156132862,0.6294945016448663,0.608724748964923,0.6213057243119772,-0.6005680388658919,NTES,-0.7326994545855547,-0.10173059635301325,-0.12742529334362312,-0.15626656552817844,-0.1552175737724855,0.09083354341818123
2024-10-16,1.0507519970692307,0.6093947703008741,0.6207846218488636,0.6085758868879942,0.6178813285835294,-0.8224946832708417,NTES,-0.018000115900084712,-0.024121609430203823,-0.061352815294635814,-0.0010485916825595711,-0.009963421313416085,-0.2432525394219453
2024-10-17,0.98861446646198,0.5935383180982094,0.5991959857560405,0.5899650034969242,0.5955482685142451,-0.6592146703956252,NTES,0.6966992227853853,-0.157315157210738,-0.1520713986516734,-0.13109596434228168,-0.11169361759329598,0.18186831899966213
2024-10-18,1.067088574678083,0.613563590005783,0.629568961081285,0.6122980635662083,0.6268145298928796,-0.6991059216083465,NTES,1.4113985614708553,0.22024106006577987,0.2139487098241557,0.157315157210738,0.14105898558256438,-0.04235507009106021
2024-10-21,1.034123631269027,0.6051514911595464,0.6073847630889295,0.5988982048062743,0.5988982048062743,-0.9139271623162745,NTES,-1.4473987932710248,-0.1966439465134225,-0.15626656552817844,-0.09438925435569614,-0.0592552318563833,-0.23541089062896248
2024-10-22,1.0268304844694782,0.6032904028204394,0.6066403391124685,0.597781597239537,0.5992704451924592,-0.9734033587446448,NTES,-0.7326994545855547,0.002622079316098981,-0.0052437585590645935,-0.007865437802030206,-0.013109596434228167,-0.0639693609265408
2024-10-23,0.9979496854626352,0.59592050890043,0.6032904028204394,0.5934638586617907,0.6032904028204394,-0.8753343605101155,NTES,-0.018000115900084712,0.028316776306708844,-0.023597113552357354,-0.030414359744961355,-0.0519138898590662,0.10990029352903795
2024-10-24,0.9641093774795244,0.5872850317449373,0.5937616396115569,0.5827439716538435,0.5919749539129598,-1.0379290806429797,NTES,0.6966992227853853,-0.07970657036106195,-0.06712106973154687,-0.07551140348455693,-0.06082871948992271,-0.17777278173434755
2024-10-25,0.9889060320841544,0.5936127207387194,0.6001637880417577,0.5866894698454049,0.5927938373258396,-0.9398600824084504,NTES,1.4113985614708553,0.005768254436911063,0.04509704373959556,0.027792280428862375,0.04457254786174909,0.10990029352903795
2024-10-28,1.0279974146657072,0.6035881837702056,0.6078314629115332,0.5926449752489109,0.5948038445377841,-0.9498869972702376,NTES,-1.4473987932710248,0.014158588189921106,0.05401147329731871,0.041950868618783485,0.07026764492549233,-0.009396261966238955
2024-10-29,1.064171360472099,0.612819166029322,0.6193701765364514,0.6105858373040299,0.6184024310466429,-0.9133140056520644,NTES,-0.7326994545855547,0.16622958676846114,0.08127925784833462,0.12637630158793017,0.06502348629329437,0.04203221641210532
2024-10-30,1.0169116890861198,0.6007592931453812,0.6058959151360075,0.5956227279506638,0.5991215831155305,-1.0350797055563568,NTES,-0.018000115900084712,-0.1358152270234998,-0.09491335016040925,-0.10540086727853844,-0.08495032892012654,-0.13271315516756294
2024-10-31,1.0113690488655034,0.5993449046288779,0.6012059929679849,0.5942827420746705,0.5993449046288779,-0.9930965080775072,NTES,0.6966992227853853,0.0015730875604060412,-0.033036038987926966,-0.009438925435569616,-0.009963021240282716,0.0480030149854425
2024-11-01,0.9708191704655471,0.5889972580071157,0.5980793213933945,0.5888483391342781,0.5980793213933945,-1.021445986787452,NTES,1.4113985614708553,-0.008914829630856514,-0.02202442606508468,-0.03828019762012493,-0.07288932416845793,-0.029617366467940883
2024-11-04,0.968485310073089,0.5884016961075833,0.601950416944446,0.5880294557213983,0.5944316041515992,-0.8680125485786666,NTES,-1.4473987932710248,-0.025694696990609864,0.027268184624149275,-0.005768254436911063,-0.004195166876505022,0.17100146559618845
2024-11-05,1.0017420416734968,0.5968882543902385,0.6018014980716085,0.5924960563760734,0.5947293851013654,-0.9046576762749821,NTES,-0.7326994545855547,0.002097583438252511,-0.0010489917556929399,0.031462951427520924,0.05977972773422977,-0.0387725909470579
2024-11-06,0.9964909670750546,0.5955482685142451,0.6001637880417577,0.5820740071138012,0.5925705158124922,-0.9937096647417172,NTES,-0.018000115900084712,-0.015207179872480677,-0.011536108800688758,-0.07341341997317104,-0.009438925435569616,-0.09660972646078408
2024-11-07,1.0303312750581655,0.6041837456697379,0.6099158727639876,0.5988238021657644,0.6070870389350722,-0.6768158734623594,NTES,0.6966992227853853,0.10225509223085973,0.06869415729195291,0.1179863679080535,0.06082871948992271,0.3513991931586159
2024-11-08,0.9019718468722737,0.5714285795422727,0.5750018373476492,0.5671108409645264,0.5708330176427403,-0.4415801226401454,NTES,1.4113985614708553,-0.2553750825650927,-0.2459361571295231,-0.2233876352597253,-0.23072897725704242,0.2612799400250467
2024-11-11,0.9267685014769037,0.5777562685360548,0.5792451164889769,0.5732896678813797,0.5769373851231749,-0.9010508723678644,NTES,-1.4473987932710248,0.04299946030134305,0.029889863867114886,0.04352395617918953,0.04457254786174909,-0.5054104021152699
2024-11-12,0.9518569442728851,0.5841584169662556,0.5850517030196454,0.5730663463680322,0.5794684380023243,-0.7291505981546367,NTES,-0.7326994545855547,0.01782885911544629,0.04090187686309054,-0.0015730875604060412,0.04509704373959556,0.19138179139317937
2024-11-13,0.8879689070867023,0.5678552649409874,0.5774584875862886,0.5648775122392343,0.5758951801969477,-0.7585460499976456,NTES,-0.018000115900084712,-0.025170201112763396,-0.05348697741947224,-0.05768254436911063,-0.11484019278724142,-0.030771720858786072
2024-11-14,1.1195993206625041,0.626963448765717,0.6298667420310512,0.6021737384577934,0.6032159433840206,0.3544775676997939,NTES,0.6966992227853853,0.19244877963691748,0.36916628359664116,0.2627164245624098,0.4163609107744893,1.2300221058870937
2024-11-15,1.1566484084737731,0.6364177525381808,0.6460954346199007,0.6210824027986298,0.6399910671394661,-0.6215957056443879,NTES,1.4113985614708553,0.25904575356375126,0.11431569690939496,0.1331935477805342,0.06659657385370041,-1.0755420552213264
2024-11-18,1.2374565996515114,0.6570386431411954,0.6644085370612047,0.6480309823954266,0.6491475899621637,-0.6354458326477198,NTES,-1.4473987932710248,0.06449899041544789,0.12899838090402915,0.18982710039395187,0.1452545525322028,-0.013615626291397231
2024-11-19,1.162191271263567,0.6378321978505929,0.6455743321567872,0.6361944310248333,0.641182134142622,-0.8052180925557482,NTES,-0.7326994545855547,-0.05610905673557122,-0.1326690519026877,-0.0833772413597205,-0.1352911312187867,-0.18569404117497487
2024-11-20,1.2161605130663915,0.6516042402008031,0.6521998021003355,0.6390977242901675,0.6442343462807938,-0.7660842701635215,NTES,-0.018000115900084712,0.02149993018723821,0.046670131300001604,0.02045093843154527,0.09701093359866177,0.044858394403484915
2024-11-21,1.2485421026619217,0.6598674769701109,0.6614307843594518,0.6501897948883909,0.6513064592510369,-0.9150092034884098,NTES,0.6966992227853853,0.04981630642081369,0.06502348629329437,0.07813308272752253,0.05820664017382373,-0.16268656400571557
2024-11-22,1.1846540654757387,0.6435643249448426,0.6563686218052444,0.6428943604048003,0.6515297807643843,-0.6399182694925457,NTES,1.4113985614708553,0.0015730875604060412,-0.03565811830402595,-0.05138939398121973,-0.11484019278724142,0.3052648228486306
2024-11-25,1.1540229824591408,0.6357477879981385,0.6448299081803262,0.6354500070483723,0.6414055124518783,-0.7685729648594327,NTES,-1.4473987932710248,-0.07131583653491853,-0.08127925784833462,-0.05243838573691267,-0.05506006497987828,-0.14031597201761228
2024-11-26,1.1776527068675418,0.6417776960421544,0.6437877032540988,0.6325467137830381,0.6408099505523459,-0.9412667359322263,NTES,-0.7326994545855547,-0.004195166876505022,-0.007341341997317104,-0.02045093843154527,0.04247496442349658,-0.18891827240457695
2024-11-27,1.1878630678730744,0.6443832083577224,0.6525720424865203,0.6410332720656934,0.6480309823954266,-1.09679212040714,NTES,-0.018000115900084712,0.050865298176506625,0.06187731117248228,0.05977972773422977,0.01835335499329276,-0.16997093826518694
2024-11-29,1.214702017247988,0.651232056610527,0.6551030953656697,0.6397677456261187,0.6449787702572548,-1.1389195900422742,NTES,1.4113985614708553,-0.02149993018723821,0.01782885911544629,-0.008914429557723145,0.04824361893354102,-0.04482300016803958
2024-12-02,1.2552518956479444,0.6615797032322892,0.6628452296718639,0.6537631094896763,0.6588252720438837,-0.9115827397766479,NTES,-1.4473987932710248,0.09753542947650823,0.05453596917516518,0.09858402115906781,0.07288932416845793,0.2525625741079744
2024-12-03,1.26954640105569,0.6652274204740846,0.669917342642107,0.6590485935572311,0.6603141199968058,-0.9094547254714486,NTES,-0.7326994545855547,0.010487517118129187,0.04981630642081369,0.03723120586443199,0.025694696990609864,0.004018132161858583
2024-12-04,1.3112632096518755,0.675872848045613,0.6810838726767491,0.6713317879545192,0.6776594769483013,-0.5408393661640235,NTES,-0.018000115900084712,0.12218153478455852,0.07865757860536826,0.08652341648053258,0.07498690760671045,0.40848002751971935
2024-12-05,1.2987189882538848,0.6726717738305126,0.6802649892638692,0.6699918020785258,0.6784039009247622,-0.5549059014017823,NTES,0.6966992227853853,0.005243758559063848,-0.005768254436911063,-0.009438925435569616,-0.02254852186979778,-0.013854458234330718
2024-12-06,1.3258495032509727,0.679595024723827,0.6865182756171415,0.6791483816971322,0.6844338657646869,-0.9613205656558006,NTES,1.4113985614708553,0.042475364496629954,0.04404845205703674,0.06449939048858126,0.048767714738254114,-0.4468567707727433
2024-12-09,1.607948368040912,0.7515819080494683,0.7623017950574156,0.7369909822863784,0.7444353356428064,-0.24760620851535753,NTES,-1.4473987932710248,0.42265326101611417,0.5338227828046963,0.40744608114363273,0.5070790940583935,0.7893373658509871
2024-12-10,1.4772553020317394,0.7182312368183795,0.7256011307383888,0.713169074264172,0.7256011307383888,-0.8872728814426749,NTES,-0.7326994545855547,-0.1326690519026877,-0.2585212576859048,-0.16780267432886795,-0.23492374406041408,-0.7042777999312203
2024-12-11,1.4895077352383785,0.7213578515970612,0.7219534134965936,0.7105635051526953,0.7137645793677956,-1.020436081693459,NTES,-0.018000115900084712,-0.08337724135972124,-0.025694696990609864,-0.01835375506642464,0.022024025991951312,-0.14529163749539326
2024-12-12,1.4714206510505943,0.7167423320695486,0.7235167208859343,0.7135412578544482,0.714360141267328,-1.1033925715571653,NTES,0.6966992227853853,0.0041951668765057674,0.011012012995974912,0.020975434309390997,-0.03251194318321387,-0.08988262673482418
2024-12-13,1.4472073502594904,0.7105635051526953,0.7119034910286886,0.6981314486784784,0.6994714345544719,-0.8974080004216756,NTES,1.4113985614708553,-0.10487677147382533,-0.08180415379931445,-0.1085474424724839,-0.04352395617918878,0.22899782240520364
2024-12-16,1.3856531734657653,0.6948559150269593,0.7040869540819843,0.6918037596846964,0.6924737242247387,-0.9829253210594353,NTES,-1.4473987932710248,-0.04929221061610058,-0.05506006497987828,-0.04457254786174909,-0.11064502591073715,-0.09270880472620378
2024-12-17,1.3941132504615426,0.6970147843158324,0.7022258657428773,0.6896448903958232,0.6923993215842288,-0.8817184034257137,NTES,-0.7326994545855547,-0.0005240958047123559,-0.013109596434228167,-0.015207179872480677,0.015207179872479933,0.11336335670157352
2024-12-18,1.3290585056483084,0.6804139081367069,0.697461484138436,0.67773393638472,0.6956747984398393,-1.0132224738792237,NTES,-0.018000115900084712,0.023072617674510885,-0.033560534865773435,-0.0839013371644336,-0.11693737615235981,-0.14346059259956986
2024-12-19,1.3410191506635964,0.6834660634789699,0.6903893143722841,0.6824238585527427,0.6862949541037939,-1.0995332913765494,NTES,0.6966992227853853,-0.06607207797585543,-0.04981670649394706,0.033036038987927716,0.02149953011410559,-0.09358452185029324
2024-12-20,1.349187439468022,0.6855504733314243,0.691580438171349,0.6810838726767491,0.6833916608384597,-1.1263679124455048,NTES,1.4113985614708553,-0.02045093843154527,0.008390333753010789,-0.009438925435571106,0.014682683994633463,-0.02794554286740647
2024-12-23,1.357355950841626,0.6876349399797875,0.6944837314366832,0.6827960989389275,0.6903149117317743,-1.0697410911037575,NTES,-1.4473987932710248,0.048767714738254864,0.02045093843154527,0.012061004751669342,0.014683084067768323,0.06416397645727515
2024-12-24,1.352980018248061,0.6865182756171415,0.6936648480238033,0.6858482542811903,0.691878219121115,-1.2728762871526242,NTES,-0.7326994545855547,0.011012012995974912,-0.005768254436911063,0.021499530114104097,-0.00786583787516432,-0.22251396571055415
2024-12-26,1.3556054442626937,0.6871882401571839,0.6897193498322419,0.6809350105998204,0.6842105442513396,-1.2290896877202158,NTES,0.6966992227853853,-0.054011473297317966,-0.027792280428862375,-0.034609126548332265,0.004719262681218869,0.049993281176554896
2024-12-27,1.3313923660407665,0.6810094700362392,0.684806049354963,0.6774361554349538,0.6833172014020411,-1.1923363559066869,NTES,1.4113985614708553,-0.006292750314757533,-0.03460952662146712,-0.02464610530805029,-0.0435235561060569,0.04223124303121656
